<?xml version="1.0" encoding="UTF-8"?>
<gpx xmlns="http://www.topografix.com/GPX/1/1" xmlns:gpxtpx="http://www.garmin.com/xmlschemas/TrackPointExtension/v1" xmlns:xsi="http://www.w3.org/2001/XMLSchema-instance" xsi:schemaLocation="http://www.topografix.com/GPX/1/1 http://www.topografix.com/GPX/1/1/gpx.xsd" version="1.1" creator="gpx.py -- https://github.com/tkrajina/gpxpy">
  <trk>
    <name>gpx from keep</name>
    <type>Run</type>
    <trkseg>
      <trkpt lat="31.472939018870598" lon="120.25454249224559">
        <ele>5.705510372295976</ele>
        <time>2025-01-10T14:20:07Z</time>
        <extensions>
          <gpxtpx:TrackPointExtension>
            <gpxtpx:hr>97</gpxtpx:hr>
          </gpxtpx:TrackPointExtension>
        </extensions>
      </trkpt>
      <trkpt lat="31.472948862883616" lon="120.2545322005456">
        <ele>5.705715250223875</ele>
        <time>2025-01-10T14:20:08Z</time>
        <extensions>
          <gpxtpx:TrackPointExtension>
            <gpxtpx:hr>97</gpxtpx:hr>
          </gpxtpx:TrackPointExtension>
        </extensions>
      </trkpt>
      <trkpt lat="31.4729597361947" lon="120.25452221388787">
        <ele>5.724788870662451</ele>
        <time>2025-01-10T14:20:09Z</time>
        <extensions>
          <gpxtpx:TrackPointExtension>
            <gpxtpx:hr>97</gpxtpx:hr>
          </gpxtpx:TrackPointExtension>
        </extensions>
      </trkpt>
      <trkpt lat="31.47296990575289" lon="120.25451157989589">
        <ele>5.75462728086859</ele>
        <time>2025-01-10T14:20:10Z</time>
        <extensions>
          <gpxtpx:TrackPointExtension>
            <gpxtpx:hr>97</gpxtpx:hr>
          </gpxtpx:TrackPointExtension>
        </extensions>
      </trkpt>
      <trkpt lat="31.472980082205776" lon="120.25449943596763">
        <ele>5.790216138586402</ele>
        <time>2025-01-10T14:20:11Z</time>
        <extensions>
          <gpxtpx:TrackPointExtension>
            <gpxtpx:hr>97</gpxtpx:hr>
          </gpxtpx:TrackPointExtension>
        </extensions>
      </trkpt>
      <trkpt lat="31.47299317480839" lon="120.25448414208853">
        <ele>5.82804155535996</ele>
        <time>2025-01-10T14:20:12Z</time>
        <extensions>
          <gpxtpx:TrackPointExtension>
            <gpxtpx:hr>97</gpxtpx:hr>
          </gpxtpx:TrackPointExtension>
        </extensions>
      </trkpt>
      <trkpt lat="31.473009094681725" lon="120.25446551722015">
        <ele>5.866320760920644</ele>
        <time>2025-01-10T14:20:13Z</time>
        <extensions>
          <gpxtpx:TrackPointExtension>
            <gpxtpx:hr>97</gpxtpx:hr>
          </gpxtpx:TrackPointExtension>
        </extensions>
      </trkpt>
      <trkpt lat="31.47302533744902" lon="120.25444549371247">
        <ele>5.901947928592563</ele>
        <time>2025-01-10T14:20:14Z</time>
        <extensions>
          <gpxtpx:TrackPointExtension>
            <gpxtpx:hr>97</gpxtpx:hr>
          </gpxtpx:TrackPointExtension>
        </extensions>
      </trkpt>
      <trkpt lat="31.473041132563544" lon="120.25442341314543">
        <ele>5.936329090967774</ele>
        <time>2025-01-10T14:20:15Z</time>
        <extensions>
          <gpxtpx:TrackPointExtension>
            <gpxtpx:hr>98</gpxtpx:hr>
          </gpxtpx:TrackPointExtension>
        </extensions>
      </trkpt>
      <trkpt lat="31.473053872417736" lon="120.25439751798854">
        <ele>5.968821228481829</ele>
        <time>2025-01-10T14:20:16Z</time>
        <extensions>
          <gpxtpx:TrackPointExtension>
            <gpxtpx:hr>98</gpxtpx:hr>
          </gpxtpx:TrackPointExtension>
        </extensions>
      </trkpt>
      <trkpt lat="31.47306428431557" lon="120.25436915920325">
        <ele>5.998984634876251</ele>
        <time>2025-01-10T14:20:17Z</time>
        <extensions>
          <gpxtpx:TrackPointExtension>
            <gpxtpx:hr>98</gpxtpx:hr>
          </gpxtpx:TrackPointExtension>
        </extensions>
      </trkpt>
      <trkpt lat="31.473073935049083" lon="120.25434010601381">
        <ele>6.030953134410083</ele>
        <time>2025-01-10T14:20:18Z</time>
        <extensions>
          <gpxtpx:TrackPointExtension>
            <gpxtpx:hr>98</gpxtpx:hr>
          </gpxtpx:TrackPointExtension>
        </extensions>
      </trkpt>
      <trkpt lat="31.47308243418475" lon="120.2543090206303">
        <ele>6.06343415658921</ele>
        <time>2025-01-10T14:20:19Z</time>
        <extensions>
          <gpxtpx:TrackPointExtension>
            <gpxtpx:hr>98</gpxtpx:hr>
          </gpxtpx:TrackPointExtension>
        </extensions>
      </trkpt>
      <trkpt lat="31.473090745765955" lon="120.25427623770817">
        <ele>6.092807301320136</ele>
        <time>2025-01-10T14:20:20Z</time>
        <extensions>
          <gpxtpx:TrackPointExtension>
            <gpxtpx:hr>107</gpxtpx:hr>
          </gpxtpx:TrackPointExtension>
        </extensions>
      </trkpt>
      <trkpt lat="31.473096284021693" lon="120.25424288513514">
        <ele>6.12504901830107</ele>
        <time>2025-01-10T14:20:21Z</time>
        <extensions>
          <gpxtpx:TrackPointExtension>
            <gpxtpx:hr>107</gpxtpx:hr>
          </gpxtpx:TrackPointExtension>
        </extensions>
      </trkpt>
      <trkpt lat="31.473097516670432" lon="120.25420876125816">
        <ele>6.160400424152613</ele>
        <time>2025-01-10T14:20:22Z</time>
        <extensions>
          <gpxtpx:TrackPointExtension>
            <gpxtpx:hr>107</gpxtpx:hr>
          </gpxtpx:TrackPointExtension>
        </extensions>
      </trkpt>
      <trkpt lat="31.473095385357635" lon="120.25417440104958">
        <ele>6.194139555096626</ele>
        <time>2025-01-10T14:20:23Z</time>
        <extensions>
          <gpxtpx:TrackPointExtension>
            <gpxtpx:hr>107</gpxtpx:hr>
          </gpxtpx:TrackPointExtension>
        </extensions>
      </trkpt>
      <trkpt lat="31.47309028486432" lon="120.25414066993967">
        <ele>6.222349297255278</ele>
        <time>2025-01-10T14:20:24Z</time>
        <extensions>
          <gpxtpx:TrackPointExtension>
            <gpxtpx:hr>107</gpxtpx:hr>
          </gpxtpx:TrackPointExtension>
        </extensions>
      </trkpt>
      <trkpt lat="31.47308234644612" lon="120.25410795766288">
        <ele>6.244205880910158</ele>
        <time>2025-01-10T14:20:25Z</time>
        <extensions>
          <gpxtpx:TrackPointExtension>
            <gpxtpx:hr>114</gpxtpx:hr>
          </gpxtpx:TrackPointExtension>
        </extensions>
      </trkpt>
      <trkpt lat="31.473072931174244" lon="120.25407604150435">
        <ele>6.263402475044131</ele>
        <time>2025-01-10T14:20:26Z</time>
        <extensions>
          <gpxtpx:TrackPointExtension>
            <gpxtpx:hr>114</gpxtpx:hr>
          </gpxtpx:TrackPointExtension>
        </extensions>
      </trkpt>
      <trkpt lat="31.473062086070726" lon="120.25404493117315">
        <ele>6.277116841636598</ele>
        <time>2025-01-10T14:20:27Z</time>
        <extensions>
          <gpxtpx:TrackPointExtension>
            <gpxtpx:hr>114</gpxtpx:hr>
          </gpxtpx:TrackPointExtension>
        </extensions>
      </trkpt>
      <trkpt lat="31.473049391875417" lon="120.25401441462229">
        <ele>6.283631466329098</ele>
        <time>2025-01-10T14:20:28Z</time>
        <extensions>
          <gpxtpx:TrackPointExtension>
            <gpxtpx:hr>114</gpxtpx:hr>
          </gpxtpx:TrackPointExtension>
        </extensions>
      </trkpt>
      <trkpt lat="31.473034484631825" lon="120.25398402748839">
        <ele>6.281031463295221</ele>
        <time>2025-01-10T14:20:29Z</time>
        <extensions>
          <gpxtpx:TrackPointExtension>
            <gpxtpx:hr>114</gpxtpx:hr>
          </gpxtpx:TrackPointExtension>
        </extensions>
      </trkpt>
      <trkpt lat="31.47301601469395" lon="120.25395574541638">
        <ele>6.290618744678795</ele>
        <time>2025-01-10T14:20:30Z</time>
        <extensions>
          <gpxtpx:TrackPointExtension>
            <gpxtpx:hr>114</gpxtpx:hr>
          </gpxtpx:TrackPointExtension>
        </extensions>
      </trkpt>
      <trkpt lat="31.47299616372906" lon="120.25392814987211">
        <ele>6.279654852114618</ele>
        <time>2025-01-10T14:20:31Z</time>
        <extensions>
          <gpxtpx:TrackPointExtension>
            <gpxtpx:hr>132</gpxtpx:hr>
          </gpxtpx:TrackPointExtension>
        </extensions>
      </trkpt>
      <trkpt lat="31.472975717070856" lon="120.25390144782692">
        <ele>6.260255427099764</ele>
        <time>2025-01-10T14:20:32Z</time>
        <extensions>
          <gpxtpx:TrackPointExtension>
            <gpxtpx:hr>132</gpxtpx:hr>
          </gpxtpx:TrackPointExtension>
        </extensions>
      </trkpt>
      <trkpt lat="31.4729553410632" lon="120.25387481325893">
        <ele>6.249235166236758</ele>
        <time>2025-01-10T14:20:33Z</time>
        <extensions>
          <gpxtpx:TrackPointExtension>
            <gpxtpx:hr>132</gpxtpx:hr>
          </gpxtpx:TrackPointExtension>
        </extensions>
      </trkpt>
      <trkpt lat="31.47293313421667" lon="120.25385083027636">
        <ele>6.233683987520635</ele>
        <time>2025-01-10T14:20:33Z</time>
        <extensions>
          <gpxtpx:TrackPointExtension>
            <gpxtpx:hr>132</gpxtpx:hr>
          </gpxtpx:TrackPointExtension>
        </extensions>
      </trkpt>
      <trkpt lat="31.472908684489408" lon="120.25382936878925">
        <ele>6.23158208373934</ele>
        <time>2025-01-10T14:20:34Z</time>
        <extensions>
          <gpxtpx:TrackPointExtension>
            <gpxtpx:hr>132</gpxtpx:hr>
          </gpxtpx:TrackPointExtension>
        </extensions>
      </trkpt>
      <trkpt lat="31.472883103121838" lon="120.25381043655183">
        <ele>6.246694804169238</ele>
        <time>2025-01-10T14:20:35Z</time>
        <extensions>
          <gpxtpx:TrackPointExtension>
            <gpxtpx:hr>136</gpxtpx:hr>
          </gpxtpx:TrackPointExtension>
        </extensions>
      </trkpt>
      <trkpt lat="31.47285565304817" lon="120.25379566685685">
        <ele>6.269553543999791</ele>
        <time>2025-01-10T14:20:36Z</time>
        <extensions>
          <gpxtpx:TrackPointExtension>
            <gpxtpx:hr>136</gpxtpx:hr>
          </gpxtpx:TrackPointExtension>
        </extensions>
      </trkpt>
      <trkpt lat="31.472827197490975" lon="120.25378343308938">
        <ele>6.289382359944284</ele>
        <time>2025-01-10T14:20:37Z</time>
        <extensions>
          <gpxtpx:TrackPointExtension>
            <gpxtpx:hr>136</gpxtpx:hr>
          </gpxtpx:TrackPointExtension>
        </extensions>
      </trkpt>
      <trkpt lat="31.472798186816743" lon="120.25377274731707">
        <ele>6.340877226553857</ele>
        <time>2025-01-10T14:20:38Z</time>
        <extensions>
          <gpxtpx:TrackPointExtension>
            <gpxtpx:hr>136</gpxtpx:hr>
          </gpxtpx:TrackPointExtension>
        </extensions>
      </trkpt>
      <trkpt lat="31.472765501063794" lon="120.25376958863447">
        <ele>6.399850515648723</ele>
        <time>2025-01-10T14:20:39Z</time>
        <extensions>
          <gpxtpx:TrackPointExtension>
            <gpxtpx:hr>136</gpxtpx:hr>
          </gpxtpx:TrackPointExtension>
        </extensions>
      </trkpt>
      <trkpt lat="31.47272783129789" lon="120.25377323695157">
        <ele>6.4608417227864265</ele>
        <time>2025-01-10T14:20:40Z</time>
        <extensions>
          <gpxtpx:TrackPointExtension>
            <gpxtpx:hr>136</gpxtpx:hr>
          </gpxtpx:TrackPointExtension>
        </extensions>
      </trkpt>
      <trkpt lat="31.472689323729906" lon="120.25377624195285">
        <ele>6.5526656694710255</ele>
        <time>2025-01-10T14:20:41Z</time>
        <extensions>
          <gpxtpx:TrackPointExtension>
            <gpxtpx:hr>136</gpxtpx:hr>
          </gpxtpx:TrackPointExtension>
        </extensions>
      </trkpt>
      <trkpt lat="31.472652378552095" lon="120.25377707088255">
        <ele>6.607724132947624</ele>
        <time>2025-01-10T14:20:42Z</time>
        <extensions>
          <gpxtpx:TrackPointExtension>
            <gpxtpx:hr>136</gpxtpx:hr>
          </gpxtpx:TrackPointExtension>
        </extensions>
      </trkpt>
      <trkpt lat="31.472618942120537" lon="120.25377706144643">
        <ele>6.664772796444595</ele>
        <time>2025-01-10T14:20:43Z</time>
        <extensions>
          <gpxtpx:TrackPointExtension>
            <gpxtpx:hr>136</gpxtpx:hr>
          </gpxtpx:TrackPointExtension>
        </extensions>
      </trkpt>
      <trkpt lat="31.472587115079442" lon="120.2537751083963">
        <ele>6.736194988712668</ele>
        <time>2025-01-10T14:20:44Z</time>
        <extensions>
          <gpxtpx:TrackPointExtension>
            <gpxtpx:hr>136</gpxtpx:hr>
          </gpxtpx:TrackPointExtension>
        </extensions>
      </trkpt>
      <trkpt lat="31.472555435001773" lon="120.253769568465">
        <ele>6.817478618584573</ele>
        <time>2025-01-10T14:20:45Z</time>
        <extensions>
          <gpxtpx:TrackPointExtension>
            <gpxtpx:hr>139</gpxtpx:hr>
          </gpxtpx:TrackPointExtension>
        </extensions>
      </trkpt>
      <trkpt lat="31.472526012653187" lon="120.25376325119306">
        <ele>6.891575952991843</ele>
        <time>2025-01-10T14:20:46Z</time>
        <extensions>
          <gpxtpx:TrackPointExtension>
            <gpxtpx:hr>139</gpxtpx:hr>
          </gpxtpx:TrackPointExtension>
        </extensions>
      </trkpt>
      <trkpt lat="31.472498028020983" lon="120.25375680926322">
        <ele>6.969064821489155</ele>
        <time>2025-01-10T14:20:47Z</time>
        <extensions>
          <gpxtpx:TrackPointExtension>
            <gpxtpx:hr>139</gpxtpx:hr>
          </gpxtpx:TrackPointExtension>
        </extensions>
      </trkpt>
      <trkpt lat="31.4724707996922" lon="120.25375128033104">
        <ele>7.040475118905306</ele>
        <time>2025-01-10T14:20:48Z</time>
        <extensions>
          <gpxtpx:TrackPointExtension>
            <gpxtpx:hr>139</gpxtpx:hr>
          </gpxtpx:TrackPointExtension>
        </extensions>
      </trkpt>
      <trkpt lat="31.472442220093523" lon="120.25374548294027">
        <ele>7.082128632813692</ele>
        <time>2025-01-10T14:20:49Z</time>
        <extensions>
          <gpxtpx:TrackPointExtension>
            <gpxtpx:hr>139</gpxtpx:hr>
          </gpxtpx:TrackPointExtension>
        </extensions>
      </trkpt>
      <trkpt lat="31.472411647602847" lon="120.25373720011595">
        <ele>7.120468951761723</ele>
        <time>2025-01-10T14:20:50Z</time>
        <extensions>
          <gpxtpx:TrackPointExtension>
            <gpxtpx:hr>139</gpxtpx:hr>
          </gpxtpx:TrackPointExtension>
        </extensions>
      </trkpt>
      <trkpt lat="31.472380082801095" lon="120.25372826383993">
        <ele>7.125765210017562</ele>
        <time>2025-01-10T14:20:51Z</time>
        <extensions>
          <gpxtpx:TrackPointExtension>
            <gpxtpx:hr>146</gpxtpx:hr>
          </gpxtpx:TrackPointExtension>
        </extensions>
      </trkpt>
      <trkpt lat="31.472347200073653" lon="120.25372244532781">
        <ele>7.123491174541414</ele>
        <time>2025-01-10T14:20:52Z</time>
        <extensions>
          <gpxtpx:TrackPointExtension>
            <gpxtpx:hr>146</gpxtpx:hr>
          </gpxtpx:TrackPointExtension>
        </extensions>
      </trkpt>
      <trkpt lat="31.472315526001623" lon="120.25371928174617">
        <ele>7.094920359551907</ele>
        <time>2025-01-10T14:20:53Z</time>
        <extensions>
          <gpxtpx:TrackPointExtension>
            <gpxtpx:hr>146</gpxtpx:hr>
          </gpxtpx:TrackPointExtension>
        </extensions>
      </trkpt>
      <trkpt lat="31.472285132921602" lon="120.2537142830504">
        <ele>7.071656540967524</ele>
        <time>2025-01-10T14:20:54Z</time>
        <extensions>
          <gpxtpx:TrackPointExtension>
            <gpxtpx:hr>146</gpxtpx:hr>
          </gpxtpx:TrackPointExtension>
        </extensions>
      </trkpt>
      <trkpt lat="31.47225390271265" lon="120.25370647327058">
        <ele>7.024986678734422</ele>
        <time>2025-01-10T14:20:55Z</time>
        <extensions>
          <gpxtpx:TrackPointExtension>
            <gpxtpx:hr>149</gpxtpx:hr>
          </gpxtpx:TrackPointExtension>
        </extensions>
      </trkpt>
      <trkpt lat="31.472221874011154" lon="120.25369910636337">
        <ele>6.968547037802637</ele>
        <time>2025-01-10T14:20:56Z</time>
        <extensions>
          <gpxtpx:TrackPointExtension>
            <gpxtpx:hr>149</gpxtpx:hr>
          </gpxtpx:TrackPointExtension>
        </extensions>
      </trkpt>
      <trkpt lat="31.472188755114505" lon="120.25369229506182">
        <ele>6.896820295602083</ele>
        <time>2025-01-10T14:20:57Z</time>
        <extensions>
          <gpxtpx:TrackPointExtension>
            <gpxtpx:hr>149</gpxtpx:hr>
          </gpxtpx:TrackPointExtension>
        </extensions>
      </trkpt>
      <trkpt lat="31.472156002337936" lon="120.25368544464982">
        <ele>6.808343751356006</ele>
        <time>2025-01-10T14:20:58Z</time>
        <extensions>
          <gpxtpx:TrackPointExtension>
            <gpxtpx:hr>149</gpxtpx:hr>
          </gpxtpx:TrackPointExtension>
        </extensions>
      </trkpt>
      <trkpt lat="31.472122861589494" lon="120.25368083096048">
        <ele>6.718907323665917</ele>
        <time>2025-01-10T14:20:59Z</time>
        <extensions>
          <gpxtpx:TrackPointExtension>
            <gpxtpx:hr>150</gpxtpx:hr>
          </gpxtpx:TrackPointExtension>
        </extensions>
      </trkpt>
      <trkpt lat="31.472091331237877" lon="120.25368016547095">
        <ele>6.642818568274379</ele>
        <time>2025-01-10T14:21:00Z</time>
        <extensions>
          <gpxtpx:TrackPointExtension>
            <gpxtpx:hr>150</gpxtpx:hr>
          </gpxtpx:TrackPointExtension>
        </extensions>
      </trkpt>
      <trkpt lat="31.472061360163938" lon="120.2536832256552">
        <ele>6.566475504077971</ele>
        <time>2025-01-10T14:21:01Z</time>
        <extensions>
          <gpxtpx:TrackPointExtension>
            <gpxtpx:hr>150</gpxtpx:hr>
          </gpxtpx:TrackPointExtension>
        </extensions>
      </trkpt>
      <trkpt lat="31.472029145311414" lon="120.2536895922985">
        <ele>6.506635593250394</ele>
        <time>2025-01-10T14:21:02Z</time>
        <extensions>
          <gpxtpx:TrackPointExtension>
            <gpxtpx:hr>150</gpxtpx:hr>
          </gpxtpx:TrackPointExtension>
        </extensions>
      </trkpt>
      <trkpt lat="31.471998918491984" lon="120.25369909699434">
        <ele>6.46505569294095</ele>
        <time>2025-01-10T14:21:03Z</time>
        <extensions>
          <gpxtpx:TrackPointExtension>
            <gpxtpx:hr>150</gpxtpx:hr>
          </gpxtpx:TrackPointExtension>
        </extensions>
      </trkpt>
      <trkpt lat="31.47197044248984" lon="120.25370910704213">
        <ele>6.422373873181641</ele>
        <time>2025-01-10T14:21:04Z</time>
        <extensions>
          <gpxtpx:TrackPointExtension>
            <gpxtpx:hr>150</gpxtpx:hr>
          </gpxtpx:TrackPointExtension>
        </extensions>
      </trkpt>
      <trkpt lat="31.471940011903325" lon="120.25371782247377">
        <ele>6.387304853647947</ele>
        <time>2025-01-10T14:21:05Z</time>
        <extensions>
          <gpxtpx:TrackPointExtension>
            <gpxtpx:hr>150</gpxtpx:hr>
          </gpxtpx:TrackPointExtension>
        </extensions>
      </trkpt>
      <trkpt lat="31.471909100513592" lon="120.25372816148119">
        <ele>6.360840231180191</ele>
        <time>2025-01-10T14:21:06Z</time>
        <extensions>
          <gpxtpx:TrackPointExtension>
            <gpxtpx:hr>154</gpxtpx:hr>
          </gpxtpx:TrackPointExtension>
        </extensions>
      </trkpt>
      <trkpt lat="31.47187873286215" lon="120.25374303485269">
        <ele>6.34716859832406</ele>
        <time>2025-01-10T14:21:07Z</time>
        <extensions>
          <gpxtpx:TrackPointExtension>
            <gpxtpx:hr>154</gpxtpx:hr>
          </gpxtpx:TrackPointExtension>
        </extensions>
      </trkpt>
      <trkpt lat="31.47185150364873" lon="120.25376269424684">
        <ele>6.339341669343412</ele>
        <time>2025-01-10T14:21:08Z</time>
        <extensions>
          <gpxtpx:TrackPointExtension>
            <gpxtpx:hr>154</gpxtpx:hr>
          </gpxtpx:TrackPointExtension>
        </extensions>
      </trkpt>
      <trkpt lat="31.47182748570959" lon="120.25378603242343">
        <ele>6.37127978540957</ele>
        <time>2025-01-10T14:21:09Z</time>
        <extensions>
          <gpxtpx:TrackPointExtension>
            <gpxtpx:hr>154</gpxtpx:hr>
          </gpxtpx:TrackPointExtension>
        </extensions>
      </trkpt>
      <trkpt lat="31.47180344269102" lon="120.25381071833627">
        <ele>6.398160183802247</ele>
        <time>2025-01-10T14:21:10Z</time>
        <extensions>
          <gpxtpx:TrackPointExtension>
            <gpxtpx:hr>154</gpxtpx:hr>
          </gpxtpx:TrackPointExtension>
        </extensions>
      </trkpt>
      <trkpt lat="31.471781019585624" lon="120.25383502597212">
        <ele>6.437822548672557</ele>
        <time>2025-01-10T14:21:11Z</time>
        <extensions>
          <gpxtpx:TrackPointExtension>
            <gpxtpx:hr>154</gpxtpx:hr>
          </gpxtpx:TrackPointExtension>
        </extensions>
      </trkpt>
      <trkpt lat="31.471760618494617" lon="120.25385924786325">
        <ele>6.49865832272917</ele>
        <time>2025-01-10T14:21:12Z</time>
        <extensions>
          <gpxtpx:TrackPointExtension>
            <gpxtpx:hr>158</gpxtpx:hr>
          </gpxtpx:TrackPointExtension>
        </extensions>
      </trkpt>
      <trkpt lat="31.471741061160156" lon="120.2538844977972">
        <ele>6.525853460654616</ele>
        <time>2025-01-10T14:21:13Z</time>
        <extensions>
          <gpxtpx:TrackPointExtension>
            <gpxtpx:hr>158</gpxtpx:hr>
          </gpxtpx:TrackPointExtension>
        </extensions>
      </trkpt>
      <trkpt lat="31.471724411764832" lon="120.25391152016797">
        <ele>6.5734595553949475</ele>
        <time>2025-01-10T14:21:14Z</time>
        <extensions>
          <gpxtpx:TrackPointExtension>
            <gpxtpx:hr>158</gpxtpx:hr>
          </gpxtpx:TrackPointExtension>
        </extensions>
      </trkpt>
      <trkpt lat="31.471711108991652" lon="120.25393963067658">
        <ele>6.618303815834224</ele>
        <time>2025-01-10T14:21:15Z</time>
        <extensions>
          <gpxtpx:TrackPointExtension>
            <gpxtpx:hr>159</gpxtpx:hr>
          </gpxtpx:TrackPointExtension>
        </extensions>
      </trkpt>
      <trkpt lat="31.47170168823953" lon="120.2539676920152">
        <ele>6.666621875949204</ele>
        <time>2025-01-10T14:21:16Z</time>
        <extensions>
          <gpxtpx:TrackPointExtension>
            <gpxtpx:hr>159</gpxtpx:hr>
          </gpxtpx:TrackPointExtension>
        </extensions>
      </trkpt>
      <trkpt lat="31.47169784179877" lon="120.25399633237794">
        <ele>6.726050556637347</ele>
        <time>2025-01-10T14:21:17Z</time>
        <extensions>
          <gpxtpx:TrackPointExtension>
            <gpxtpx:hr>159</gpxtpx:hr>
          </gpxtpx:TrackPointExtension>
        </extensions>
      </trkpt>
      <trkpt lat="31.47169581016433" lon="120.25402869283249">
        <ele>6.791128547862172</ele>
        <time>2025-01-10T14:21:18Z</time>
        <extensions>
          <gpxtpx:TrackPointExtension>
            <gpxtpx:hr>159</gpxtpx:hr>
          </gpxtpx:TrackPointExtension>
        </extensions>
      </trkpt>
      <trkpt lat="31.471692288986397" lon="120.25406244851078">
        <ele>6.8425168031826615</ele>
        <time>2025-01-10T14:21:19Z</time>
        <extensions>
          <gpxtpx:TrackPointExtension>
            <gpxtpx:hr>159</gpxtpx:hr>
          </gpxtpx:TrackPointExtension>
        </extensions>
      </trkpt>
      <trkpt lat="31.471688834209115" lon="120.25409490112193">
        <ele>6.862139564938843</ele>
        <time>2025-01-10T14:21:20Z</time>
        <extensions>
          <gpxtpx:TrackPointExtension>
            <gpxtpx:hr>159</gpxtpx:hr>
          </gpxtpx:TrackPointExtension>
        </extensions>
      </trkpt>
      <trkpt lat="31.471687449333675" lon="120.25412805247053">
        <ele>6.890403515659273</ele>
        <time>2025-01-10T14:21:21Z</time>
        <extensions>
          <gpxtpx:TrackPointExtension>
            <gpxtpx:hr>162</gpxtpx:hr>
          </gpxtpx:TrackPointExtension>
        </extensions>
      </trkpt>
      <trkpt lat="31.471688784213725" lon="120.254161719246">
        <ele>6.89683813136071</ele>
        <time>2025-01-10T14:21:22Z</time>
        <extensions>
          <gpxtpx:TrackPointExtension>
            <gpxtpx:hr>162</gpxtpx:hr>
          </gpxtpx:TrackPointExtension>
        </extensions>
      </trkpt>
      <trkpt lat="31.47169317343009" lon="120.25419696038267">
        <ele>6.909381083212793</ele>
        <time>2025-01-10T14:21:23Z</time>
        <extensions>
          <gpxtpx:TrackPointExtension>
            <gpxtpx:hr>162</gpxtpx:hr>
          </gpxtpx:TrackPointExtension>
        </extensions>
      </trkpt>
      <trkpt lat="31.471701615482825" lon="120.2542335549499">
        <ele>6.881807626225054</ele>
        <time>2025-01-10T14:21:24Z</time>
        <extensions>
          <gpxtpx:TrackPointExtension>
            <gpxtpx:hr>162</gpxtpx:hr>
          </gpxtpx:TrackPointExtension>
        </extensions>
      </trkpt>
      <trkpt lat="31.47171360750838" lon="120.2542679389381">
        <ele>6.8365411488339305</ele>
        <time>2025-01-10T14:21:25Z</time>
        <extensions>
          <gpxtpx:TrackPointExtension>
            <gpxtpx:hr>162</gpxtpx:hr>
          </gpxtpx:TrackPointExtension>
        </extensions>
      </trkpt>
      <trkpt lat="31.47172921349984" lon="120.25430110255314">
        <ele>6.801745627075434</ele>
        <time>2025-01-10T14:21:26Z</time>
        <extensions>
          <gpxtpx:TrackPointExtension>
            <gpxtpx:hr>162</gpxtpx:hr>
          </gpxtpx:TrackPointExtension>
        </extensions>
      </trkpt>
      <trkpt lat="31.4717476277792" lon="120.25433500958434">
        <ele>6.7433290323242545</ele>
        <time>2025-01-10T14:21:27Z</time>
        <extensions>
          <gpxtpx:TrackPointExtension>
            <gpxtpx:hr>162</gpxtpx:hr>
          </gpxtpx:TrackPointExtension>
        </extensions>
      </trkpt>
      <trkpt lat="31.47176702653743" lon="120.25436624323052">
        <ele>6.674008309841156</ele>
        <time>2025-01-10T14:21:28Z</time>
        <extensions>
          <gpxtpx:TrackPointExtension>
            <gpxtpx:hr>162</gpxtpx:hr>
          </gpxtpx:TrackPointExtension>
        </extensions>
      </trkpt>
      <trkpt lat="31.471788033873736" lon="120.25439434966859">
        <ele>6.618198185227811</ele>
        <time>2025-01-10T14:21:29Z</time>
        <extensions>
          <gpxtpx:TrackPointExtension>
            <gpxtpx:hr>162</gpxtpx:hr>
          </gpxtpx:TrackPointExtension>
        </extensions>
      </trkpt>
      <trkpt lat="31.47181204144051" lon="120.25441999903099">
        <ele>6.550058010034263</ele>
        <time>2025-01-10T14:21:30Z</time>
        <extensions>
          <gpxtpx:TrackPointExtension>
            <gpxtpx:hr>161</gpxtpx:hr>
          </gpxtpx:TrackPointExtension>
        </extensions>
      </trkpt>
      <trkpt lat="31.47183988956221" lon="120.2544430549712">
        <ele>6.476677339524031</ele>
        <time>2025-01-10T14:21:31Z</time>
        <extensions>
          <gpxtpx:TrackPointExtension>
            <gpxtpx:hr>161</gpxtpx:hr>
          </gpxtpx:TrackPointExtension>
        </extensions>
      </trkpt>
      <trkpt lat="31.47186857710133" lon="120.25446429545484">
        <ele>6.395576459355652</ele>
        <time>2025-01-10T14:21:32Z</time>
        <extensions>
          <gpxtpx:TrackPointExtension>
            <gpxtpx:hr>161</gpxtpx:hr>
          </gpxtpx:TrackPointExtension>
        </extensions>
      </trkpt>
      <trkpt lat="31.47189574936404" lon="120.2544828194287">
        <ele>6.30578083358705</ele>
        <time>2025-01-10T14:21:33Z</time>
        <extensions>
          <gpxtpx:TrackPointExtension>
            <gpxtpx:hr>161</gpxtpx:hr>
          </gpxtpx:TrackPointExtension>
        </extensions>
      </trkpt>
      <trkpt lat="31.471922503466082" lon="120.25449873238784">
        <ele>6.218261788599193</ele>
        <time>2025-01-10T14:21:34Z</time>
        <extensions>
          <gpxtpx:TrackPointExtension>
            <gpxtpx:hr>161</gpxtpx:hr>
          </gpxtpx:TrackPointExtension>
        </extensions>
      </trkpt>
      <trkpt lat="31.47194769472988" lon="120.2545106782931">
        <ele>6.124773156829178</ele>
        <time>2025-01-10T14:21:35Z</time>
        <extensions>
          <gpxtpx:TrackPointExtension>
            <gpxtpx:hr>162</gpxtpx:hr>
          </gpxtpx:TrackPointExtension>
        </extensions>
      </trkpt>
      <trkpt lat="31.471973055003986" lon="120.25451813914627">
        <ele>6.043383684009314</ele>
        <time>2025-01-10T14:21:36Z</time>
        <extensions>
          <gpxtpx:TrackPointExtension>
            <gpxtpx:hr>162</gpxtpx:hr>
          </gpxtpx:TrackPointExtension>
        </extensions>
      </trkpt>
      <trkpt lat="31.47200160266283" lon="120.25452246424655">
        <ele>5.963866567239165</ele>
        <time>2025-01-10T14:21:37Z</time>
        <extensions>
          <gpxtpx:TrackPointExtension>
            <gpxtpx:hr>162</gpxtpx:hr>
          </gpxtpx:TrackPointExtension>
        </extensions>
      </trkpt>
      <trkpt lat="31.4720302197023" lon="120.25452280970727">
        <ele>5.898445271886885</ele>
        <time>2025-01-10T14:21:38Z</time>
        <extensions>
          <gpxtpx:TrackPointExtension>
            <gpxtpx:hr>162</gpxtpx:hr>
          </gpxtpx:TrackPointExtension>
        </extensions>
      </trkpt>
      <trkpt lat="31.47205926420525" lon="120.25452131544286">
        <ele>5.835754580795765</ele>
        <time>2025-01-10T14:21:39Z</time>
        <extensions>
          <gpxtpx:TrackPointExtension>
            <gpxtpx:hr>162</gpxtpx:hr>
          </gpxtpx:TrackPointExtension>
        </extensions>
      </trkpt>
      <trkpt lat="31.47208994986715" lon="120.25452219938781">
        <ele>5.7527052238583565</ele>
        <time>2025-01-10T14:21:40Z</time>
        <extensions>
          <gpxtpx:TrackPointExtension>
            <gpxtpx:hr>159</gpxtpx:hr>
          </gpxtpx:TrackPointExtension>
        </extensions>
      </trkpt>
      <trkpt lat="31.472119913435932" lon="120.2545256190883">
        <ele>5.687040936201811</ele>
        <time>2025-01-10T14:21:41Z</time>
        <extensions>
          <gpxtpx:TrackPointExtension>
            <gpxtpx:hr>159</gpxtpx:hr>
          </gpxtpx:TrackPointExtension>
        </extensions>
      </trkpt>
      <trkpt lat="31.472149434877522" lon="120.25453047658593">
        <ele>5.607937819324434</ele>
        <time>2025-01-10T14:21:42Z</time>
        <extensions>
          <gpxtpx:TrackPointExtension>
            <gpxtpx:hr>159</gpxtpx:hr>
          </gpxtpx:TrackPointExtension>
        </extensions>
      </trkpt>
      <trkpt lat="31.472178401470444" lon="120.2545365973965">
        <ele>5.540207338519394</ele>
        <time>2025-01-10T14:21:43Z</time>
        <extensions>
          <gpxtpx:TrackPointExtension>
            <gpxtpx:hr>159</gpxtpx:hr>
          </gpxtpx:TrackPointExtension>
        </extensions>
      </trkpt>
      <trkpt lat="31.472207235995146" lon="120.25454296561553">
        <ele>5.4751100782305</ele>
        <time>2025-01-10T14:21:44Z</time>
        <extensions>
          <gpxtpx:TrackPointExtension>
            <gpxtpx:hr>159</gpxtpx:hr>
          </gpxtpx:TrackPointExtension>
        </extensions>
      </trkpt>
      <trkpt lat="31.472237394321223" lon="120.25454998886208">
        <ele>5.405240423977375</ele>
        <time>2025-01-10T14:21:45Z</time>
        <extensions>
          <gpxtpx:TrackPointExtension>
            <gpxtpx:hr>159</gpxtpx:hr>
          </gpxtpx:TrackPointExtension>
        </extensions>
      </trkpt>
      <trkpt lat="31.472266560593756" lon="120.25455721120336">
        <ele>5.348193966783583</ele>
        <time>2025-01-10T14:21:46Z</time>
        <extensions>
          <gpxtpx:TrackPointExtension>
            <gpxtpx:hr>160</gpxtpx:hr>
          </gpxtpx:TrackPointExtension>
        </extensions>
      </trkpt>
      <trkpt lat="31.472296658469915" lon="120.25456316362087">
        <ele>5.29989298991859</ele>
        <time>2025-01-10T14:21:47Z</time>
        <extensions>
          <gpxtpx:TrackPointExtension>
            <gpxtpx:hr>160</gpxtpx:hr>
          </gpxtpx:TrackPointExtension>
        </extensions>
      </trkpt>
      <trkpt lat="31.472329369699267" lon="120.25456948974555">
        <ele>5.276101383380592</ele>
        <time>2025-01-10T14:21:48Z</time>
        <extensions>
          <gpxtpx:TrackPointExtension>
            <gpxtpx:hr>160</gpxtpx:hr>
          </gpxtpx:TrackPointExtension>
        </extensions>
      </trkpt>
      <trkpt lat="31.47235917880404" lon="120.25457682959691">
        <ele>5.269237780943513</ele>
        <time>2025-01-10T14:21:49Z</time>
        <extensions>
          <gpxtpx:TrackPointExtension>
            <gpxtpx:hr>160</gpxtpx:hr>
          </gpxtpx:TrackPointExtension>
        </extensions>
      </trkpt>
      <trkpt lat="31.47238680516478" lon="120.2545841109556">
        <ele>5.260820371098816</ele>
        <time>2025-01-10T14:21:50Z</time>
        <extensions>
          <gpxtpx:TrackPointExtension>
            <gpxtpx:hr>160</gpxtpx:hr>
          </gpxtpx:TrackPointExtension>
        </extensions>
      </trkpt>
      <trkpt lat="31.472415018530153" lon="120.25459107550688">
        <ele>5.252047393471003</ele>
        <time>2025-01-10T14:21:51Z</time>
        <extensions>
          <gpxtpx:TrackPointExtension>
            <gpxtpx:hr>160</gpxtpx:hr>
          </gpxtpx:TrackPointExtension>
        </extensions>
      </trkpt>
      <trkpt lat="31.472444026138184" lon="120.25459766659858">
        <ele>5.239096632227302</ele>
        <time>2025-01-10T14:21:52Z</time>
        <extensions>
          <gpxtpx:TrackPointExtension>
            <gpxtpx:hr>161</gpxtpx:hr>
          </gpxtpx:TrackPointExtension>
        </extensions>
      </trkpt>
      <trkpt lat="31.472475047857625" lon="120.25460507668258">
        <ele>5.253752086311579</ele>
        <time>2025-01-10T14:21:53Z</time>
        <extensions>
          <gpxtpx:TrackPointExtension>
            <gpxtpx:hr>161</gpxtpx:hr>
          </gpxtpx:TrackPointExtension>
        </extensions>
      </trkpt>
      <trkpt lat="31.472505860523654" lon="120.25461241260724">
        <ele>5.271895513869822</ele>
        <time>2025-01-10T14:21:54Z</time>
        <extensions>
          <gpxtpx:TrackPointExtension>
            <gpxtpx:hr>161</gpxtpx:hr>
          </gpxtpx:TrackPointExtension>
        </extensions>
      </trkpt>
      <trkpt lat="31.47253586399082" lon="120.25461829988863">
        <ele>5.299369063228369</ele>
        <time>2025-01-10T14:21:55Z</time>
        <extensions>
          <gpxtpx:TrackPointExtension>
            <gpxtpx:hr>161</gpxtpx:hr>
          </gpxtpx:TrackPointExtension>
        </extensions>
      </trkpt>
      <trkpt lat="31.47256878525087" lon="120.25462441696581">
        <ele>5.3643504390493035</ele>
        <time>2025-01-10T14:21:56Z</time>
        <extensions>
          <gpxtpx:TrackPointExtension>
            <gpxtpx:hr>161</gpxtpx:hr>
          </gpxtpx:TrackPointExtension>
        </extensions>
      </trkpt>
      <trkpt lat="31.472603675081423" lon="120.25463156403092">
        <ele>5.426793019287288</ele>
        <time>2025-01-10T14:21:57Z</time>
        <extensions>
          <gpxtpx:TrackPointExtension>
            <gpxtpx:hr>161</gpxtpx:hr>
          </gpxtpx:TrackPointExtension>
        </extensions>
      </trkpt>
      <trkpt lat="31.472635708625983" lon="120.25463672096414">
        <ele>5.501494377851486</ele>
        <time>2025-01-10T14:21:58Z</time>
        <extensions>
          <gpxtpx:TrackPointExtension>
            <gpxtpx:hr>161</gpxtpx:hr>
          </gpxtpx:TrackPointExtension>
        </extensions>
      </trkpt>
      <trkpt lat="31.472663016343216" lon="120.25463936132245">
        <ele>5.564932034350932</ele>
        <time>2025-01-10T14:21:59Z</time>
        <extensions>
          <gpxtpx:TrackPointExtension>
            <gpxtpx:hr>161</gpxtpx:hr>
          </gpxtpx:TrackPointExtension>
        </extensions>
      </trkpt>
      <trkpt lat="31.472686623743048" lon="120.25464152265592">
        <ele>5.629666635766625</ele>
        <time>2025-01-10T14:22:00Z</time>
        <extensions>
          <gpxtpx:TrackPointExtension>
            <gpxtpx:hr>167</gpxtpx:hr>
          </gpxtpx:TrackPointExtension>
        </extensions>
      </trkpt>
      <trkpt lat="31.47271138658906" lon="120.25464385966947">
        <ele>5.689825229346752</ele>
        <time>2025-01-10T14:22:01Z</time>
        <extensions>
          <gpxtpx:TrackPointExtension>
            <gpxtpx:hr>167</gpxtpx:hr>
          </gpxtpx:TrackPointExtension>
        </extensions>
      </trkpt>
      <trkpt lat="31.472740280662503" lon="120.25464623153348">
        <ele>5.743437913246453</ele>
        <time>2025-01-10T14:22:02Z</time>
        <extensions>
          <gpxtpx:TrackPointExtension>
            <gpxtpx:hr>167</gpxtpx:hr>
          </gpxtpx:TrackPointExtension>
        </extensions>
      </trkpt>
      <trkpt lat="31.47277186572713" lon="120.254646662216">
        <ele>5.824681385420263</ele>
        <time>2025-01-10T14:22:03Z</time>
        <extensions>
          <gpxtpx:TrackPointExtension>
            <gpxtpx:hr>167</gpxtpx:hr>
          </gpxtpx:TrackPointExtension>
        </extensions>
      </trkpt>
      <trkpt lat="31.472804977052487" lon="120.25464448955826">
        <ele>5.886449763551354</ele>
        <time>2025-01-10T14:22:04Z</time>
        <extensions>
          <gpxtpx:TrackPointExtension>
            <gpxtpx:hr>167</gpxtpx:hr>
          </gpxtpx:TrackPointExtension>
        </extensions>
      </trkpt>
      <trkpt lat="31.4728354257186" lon="120.25464030807089">
        <ele>5.931666188873351</ele>
        <time>2025-01-10T14:22:05Z</time>
        <extensions>
          <gpxtpx:TrackPointExtension>
            <gpxtpx:hr>167</gpxtpx:hr>
          </gpxtpx:TrackPointExtension>
        </extensions>
      </trkpt>
      <trkpt lat="31.4728625737596" lon="120.25463274565408">
        <ele>5.999787212349474</ele>
        <time>2025-01-10T14:22:06Z</time>
        <extensions>
          <gpxtpx:TrackPointExtension>
            <gpxtpx:hr>167</gpxtpx:hr>
          </gpxtpx:TrackPointExtension>
        </extensions>
      </trkpt>
      <trkpt lat="31.472889791636703" lon="120.25462175539107">
        <ele>6.0497783198952675</ele>
        <time>2025-01-10T14:22:07Z</time>
        <extensions>
          <gpxtpx:TrackPointExtension>
            <gpxtpx:hr>167</gpxtpx:hr>
          </gpxtpx:TrackPointExtension>
        </extensions>
      </trkpt>
      <trkpt lat="31.47291550661196" lon="120.2546096114914">
        <ele>6.109633778221905</ele>
        <time>2025-01-10T14:22:08Z</time>
        <extensions>
          <gpxtpx:TrackPointExtension>
            <gpxtpx:hr>167</gpxtpx:hr>
          </gpxtpx:TrackPointExtension>
        </extensions>
      </trkpt>
      <trkpt lat="31.472938818101515" lon="120.25459626008698">
        <ele>6.162831835448742</ele>
        <time>2025-01-10T14:22:09Z</time>
        <extensions>
          <gpxtpx:TrackPointExtension>
            <gpxtpx:hr>167</gpxtpx:hr>
          </gpxtpx:TrackPointExtension>
        </extensions>
      </trkpt>
      <trkpt lat="31.472962016523713" lon="120.25457948701484">
        <ele>6.218144797720015</ele>
        <time>2025-01-10T14:22:10Z</time>
        <extensions>
          <gpxtpx:TrackPointExtension>
            <gpxtpx:hr>167</gpxtpx:hr>
          </gpxtpx:TrackPointExtension>
        </extensions>
      </trkpt>
      <trkpt lat="31.472983654168992" lon="120.25455874712448">
        <ele>6.27163072489202</ele>
        <time>2025-01-10T14:22:11Z</time>
        <extensions>
          <gpxtpx:TrackPointExtension>
            <gpxtpx:hr>167</gpxtpx:hr>
          </gpxtpx:TrackPointExtension>
        </extensions>
      </trkpt>
      <trkpt lat="31.473001181580187" lon="120.25453438508788">
        <ele>6.319311165250838</ele>
        <time>2025-01-10T14:22:12Z</time>
        <extensions>
          <gpxtpx:TrackPointExtension>
            <gpxtpx:hr>167</gpxtpx:hr>
          </gpxtpx:TrackPointExtension>
        </extensions>
      </trkpt>
      <trkpt lat="31.4730168609264" lon="120.25450689478221">
        <ele>6.365519229322672</ele>
        <time>2025-01-10T14:22:13Z</time>
        <extensions>
          <gpxtpx:TrackPointExtension>
            <gpxtpx:hr>170</gpxtpx:hr>
          </gpxtpx:TrackPointExtension>
        </extensions>
      </trkpt>
      <trkpt lat="31.473032707146984" lon="120.25447767321069">
        <ele>6.4152363948524</ele>
        <time>2025-01-10T14:22:14Z</time>
        <extensions>
          <gpxtpx:TrackPointExtension>
            <gpxtpx:hr>170</gpxtpx:hr>
          </gpxtpx:TrackPointExtension>
        </extensions>
      </trkpt>
      <trkpt lat="31.473049027871664" lon="120.25444685269143">
        <ele>6.46211351826787</ele>
        <time>2025-01-10T14:22:15Z</time>
        <extensions>
          <gpxtpx:TrackPointExtension>
            <gpxtpx:hr>170</gpxtpx:hr>
          </gpxtpx:TrackPointExtension>
        </extensions>
      </trkpt>
      <trkpt lat="31.47306522451159" lon="120.25441531049617">
        <ele>6.528260855935514</ele>
        <time>2025-01-10T14:22:16Z</time>
        <extensions>
          <gpxtpx:TrackPointExtension>
            <gpxtpx:hr>170</gpxtpx:hr>
          </gpxtpx:TrackPointExtension>
        </extensions>
      </trkpt>
      <trkpt lat="31.47308015110063" lon="120.25438428616143">
        <ele>6.598637538030744</ele>
        <time>2025-01-10T14:22:17Z</time>
        <extensions>
          <gpxtpx:TrackPointExtension>
            <gpxtpx:hr>174</gpxtpx:hr>
          </gpxtpx:TrackPointExtension>
        </extensions>
      </trkpt>
      <trkpt lat="31.473092110871963" lon="120.25435208620915">
        <ele>6.659364206716418</ele>
        <time>2025-01-10T14:22:18Z</time>
        <extensions>
          <gpxtpx:TrackPointExtension>
            <gpxtpx:hr>174</gpxtpx:hr>
          </gpxtpx:TrackPointExtension>
        </extensions>
      </trkpt>
      <trkpt lat="31.473099866632403" lon="120.25432071553865">
        <ele>6.712399002164602</ele>
        <time>2025-01-10T14:22:19Z</time>
        <extensions>
          <gpxtpx:TrackPointExtension>
            <gpxtpx:hr>174</gpxtpx:hr>
          </gpxtpx:TrackPointExtension>
        </extensions>
      </trkpt>
      <trkpt lat="31.473103562312506" lon="120.25429166346115">
        <ele>6.7751711485907435</ele>
        <time>2025-01-10T14:22:20Z</time>
        <extensions>
          <gpxtpx:TrackPointExtension>
            <gpxtpx:hr>171</gpxtpx:hr>
          </gpxtpx:TrackPointExtension>
        </extensions>
      </trkpt>
      <trkpt lat="31.473104110000854" lon="120.25426273493704">
        <ele>6.821614262647927</ele>
        <time>2025-01-10T14:22:21Z</time>
        <extensions>
          <gpxtpx:TrackPointExtension>
            <gpxtpx:hr>171</gpxtpx:hr>
          </gpxtpx:TrackPointExtension>
        </extensions>
      </trkpt>
      <trkpt lat="31.473103545895615" lon="120.25423550313316">
        <ele>6.883119150064886</ele>
        <time>2025-01-10T14:22:22Z</time>
        <extensions>
          <gpxtpx:TrackPointExtension>
            <gpxtpx:hr>171</gpxtpx:hr>
          </gpxtpx:TrackPointExtension>
        </extensions>
      </trkpt>
      <trkpt lat="31.473102561105012" lon="120.25420999848616">
        <ele>6.918420657515526</ele>
        <time>2025-01-10T14:22:23Z</time>
        <extensions>
          <gpxtpx:TrackPointExtension>
            <gpxtpx:hr>171</gpxtpx:hr>
          </gpxtpx:TrackPointExtension>
        </extensions>
      </trkpt>
      <trkpt lat="31.473101651533646" lon="120.25418277073962">
        <ele>6.951441754586995</ele>
        <time>2025-01-10T14:22:24Z</time>
        <extensions>
          <gpxtpx:TrackPointExtension>
            <gpxtpx:hr>171</gpxtpx:hr>
          </gpxtpx:TrackPointExtension>
        </extensions>
      </trkpt>
      <trkpt lat="31.473098798724703" lon="120.25415377090793">
        <ele>6.987142038531601</ele>
        <time>2025-01-10T14:22:25Z</time>
        <extensions>
          <gpxtpx:TrackPointExtension>
            <gpxtpx:hr>171</gpxtpx:hr>
          </gpxtpx:TrackPointExtension>
        </extensions>
      </trkpt>
      <trkpt lat="31.473090406182695" lon="120.25412572595023">
        <ele>7.014928880147636</ele>
        <time>2025-01-10T14:22:26Z</time>
        <extensions>
          <gpxtpx:TrackPointExtension>
            <gpxtpx:hr>171</gpxtpx:hr>
          </gpxtpx:TrackPointExtension>
        </extensions>
      </trkpt>
      <trkpt lat="31.47307729052538" lon="120.25409882727158">
        <ele>7.039325134828687</ele>
        <time>2025-01-10T14:22:27Z</time>
        <extensions>
          <gpxtpx:TrackPointExtension>
            <gpxtpx:hr>178</gpxtpx:hr>
          </gpxtpx:TrackPointExtension>
        </extensions>
      </trkpt>
      <trkpt lat="31.47306406730805" lon="120.25407124454192">
        <ele>7.059781783260405</ele>
        <time>2025-01-10T14:22:28Z</time>
        <extensions>
          <gpxtpx:TrackPointExtension>
            <gpxtpx:hr>178</gpxtpx:hr>
          </gpxtpx:TrackPointExtension>
        </extensions>
      </trkpt>
      <trkpt lat="31.47305298850633" lon="120.2540440955095">
        <ele>7.069140310399234</ele>
        <time>2025-01-10T14:22:29Z</time>
        <extensions>
          <gpxtpx:TrackPointExtension>
            <gpxtpx:hr>178</gpxtpx:hr>
          </gpxtpx:TrackPointExtension>
        </extensions>
      </trkpt>
      <trkpt lat="31.47304189107936" lon="120.25401755524959">
        <ele>7.07930114865303</ele>
        <time>2025-01-10T14:22:30Z</time>
        <extensions>
          <gpxtpx:TrackPointExtension>
            <gpxtpx:hr>178</gpxtpx:hr>
          </gpxtpx:TrackPointExtension>
        </extensions>
      </trkpt>
      <trkpt lat="31.473028725974782" lon="120.2539910362059">
        <ele>7.086344280280173</ele>
        <time>2025-01-10T14:22:31Z</time>
        <extensions>
          <gpxtpx:TrackPointExtension>
            <gpxtpx:hr>178</gpxtpx:hr>
          </gpxtpx:TrackPointExtension>
        </extensions>
      </trkpt>
      <trkpt lat="31.473013151341757" lon="120.25396785455864">
        <ele>7.098033392801881</ele>
        <time>2025-01-10T14:22:32Z</time>
        <extensions>
          <gpxtpx:TrackPointExtension>
            <gpxtpx:hr>178</gpxtpx:hr>
          </gpxtpx:TrackPointExtension>
        </extensions>
      </trkpt>
      <trkpt lat="31.472994723994056" lon="120.25394689568338">
        <ele>7.0942677250131965</ele>
        <time>2025-01-10T14:22:33Z</time>
        <extensions>
          <gpxtpx:TrackPointExtension>
            <gpxtpx:hr>178</gpxtpx:hr>
          </gpxtpx:TrackPointExtension>
        </extensions>
      </trkpt>
      <trkpt lat="31.47297464002807" lon="120.25392389757076">
        <ele>7.088267048820853</ele>
        <time>2025-01-10T14:22:34Z</time>
        <extensions>
          <gpxtpx:TrackPointExtension>
            <gpxtpx:hr>178</gpxtpx:hr>
          </gpxtpx:TrackPointExtension>
        </extensions>
      </trkpt>
      <trkpt lat="31.472953449597632" lon="120.2539003721648">
        <ele>7.081067418679595</ele>
        <time>2025-01-10T14:22:35Z</time>
        <extensions>
          <gpxtpx:TrackPointExtension>
            <gpxtpx:hr>178</gpxtpx:hr>
          </gpxtpx:TrackPointExtension>
        </extensions>
      </trkpt>
      <trkpt lat="31.47292936566322" lon="120.25388178579415">
        <ele>7.0743872513994575</ele>
        <time>2025-01-10T14:22:36Z</time>
        <extensions>
          <gpxtpx:TrackPointExtension>
            <gpxtpx:hr>177</gpxtpx:hr>
          </gpxtpx:TrackPointExtension>
        </extensions>
      </trkpt>
      <trkpt lat="31.47290293160718" lon="120.25386910583755">
        <ele>7.0503040393814445</ele>
        <time>2025-01-10T14:22:37Z</time>
        <extensions>
          <gpxtpx:TrackPointExtension>
            <gpxtpx:hr>177</gpxtpx:hr>
          </gpxtpx:TrackPointExtension>
        </extensions>
      </trkpt>
      <trkpt lat="31.472875569796297" lon="120.25385878085197">
        <ele>7.016997644677758</ele>
        <time>2025-01-10T14:22:38Z</time>
        <extensions>
          <gpxtpx:TrackPointExtension>
            <gpxtpx:hr>177</gpxtpx:hr>
          </gpxtpx:TrackPointExtension>
        </extensions>
      </trkpt>
      <trkpt lat="31.472848159444414" lon="120.25384730029897">
        <ele>6.976256630383432</ele>
        <time>2025-01-10T14:22:39Z</time>
        <extensions>
          <gpxtpx:TrackPointExtension>
            <gpxtpx:hr>177</gpxtpx:hr>
          </gpxtpx:TrackPointExtension>
        </extensions>
      </trkpt>
      <trkpt lat="31.472824654833452" lon="120.25383624315855">
        <ele>6.94752246234566</ele>
        <time>2025-01-10T14:22:40Z</time>
        <extensions>
          <gpxtpx:TrackPointExtension>
            <gpxtpx:hr>177</gpxtpx:hr>
          </gpxtpx:TrackPointExtension>
        </extensions>
      </trkpt>
      <trkpt lat="31.472804806271178" lon="120.25382753192613">
        <ele>6.907048266381025</ele>
        <time>2025-01-10T14:22:41Z</time>
        <extensions>
          <gpxtpx:TrackPointExtension>
            <gpxtpx:hr>175</gpxtpx:hr>
          </gpxtpx:TrackPointExtension>
        </extensions>
      </trkpt>
      <trkpt lat="31.47278346512833" lon="120.25381883266195">
        <ele>6.863504750654101</ele>
        <time>2025-01-10T14:22:42Z</time>
        <extensions>
          <gpxtpx:TrackPointExtension>
            <gpxtpx:hr>175</gpxtpx:hr>
          </gpxtpx:TrackPointExtension>
        </extensions>
      </trkpt>
      <trkpt lat="31.472761205336596" lon="120.25380993787212">
        <ele>6.831249135546386</ele>
        <time>2025-01-10T14:22:43Z</time>
        <extensions>
          <gpxtpx:TrackPointExtension>
            <gpxtpx:hr>175</gpxtpx:hr>
          </gpxtpx:TrackPointExtension>
        </extensions>
      </trkpt>
      <trkpt lat="31.47273912327945" lon="120.2538021710487">
        <ele>6.7845789566636086</ele>
        <time>2025-01-10T14:22:44Z</time>
        <extensions>
          <gpxtpx:TrackPointExtension>
            <gpxtpx:hr>175</gpxtpx:hr>
          </gpxtpx:TrackPointExtension>
        </extensions>
      </trkpt>
      <trkpt lat="31.472714415778274" lon="120.25379650895691">
        <ele>6.729525566101074</ele>
        <time>2025-01-10T14:22:45Z</time>
        <extensions>
          <gpxtpx:TrackPointExtension>
            <gpxtpx:hr>175</gpxtpx:hr>
          </gpxtpx:TrackPointExtension>
        </extensions>
      </trkpt>
      <trkpt lat="31.472688055155192" lon="120.2537933532294">
        <ele>6.682795803062618</ele>
        <time>2025-01-10T14:22:46Z</time>
        <extensions>
          <gpxtpx:TrackPointExtension>
            <gpxtpx:hr>175</gpxtpx:hr>
          </gpxtpx:TrackPointExtension>
        </extensions>
      </trkpt>
      <trkpt lat="31.472661914632315" lon="120.25379056256315">
        <ele>6.630112413316965</ele>
        <time>2025-01-10T14:22:47Z</time>
        <extensions>
          <gpxtpx:TrackPointExtension>
            <gpxtpx:hr>175</gpxtpx:hr>
          </gpxtpx:TrackPointExtension>
        </extensions>
      </trkpt>
      <trkpt lat="31.47263556107923" lon="120.25378530315875">
        <ele>6.59216520935297</ele>
        <time>2025-01-10T14:22:48Z</time>
        <extensions>
          <gpxtpx:TrackPointExtension>
            <gpxtpx:hr>173</gpxtpx:hr>
          </gpxtpx:TrackPointExtension>
        </extensions>
      </trkpt>
      <trkpt lat="31.47260988730872" lon="120.25377930677766">
        <ele>6.55934230517596</ele>
        <time>2025-01-10T14:22:49Z</time>
        <extensions>
          <gpxtpx:TrackPointExtension>
            <gpxtpx:hr>173</gpxtpx:hr>
          </gpxtpx:TrackPointExtension>
        </extensions>
      </trkpt>
      <trkpt lat="31.47258459622352" lon="120.25377497980438">
        <ele>6.53749765176326</ele>
        <time>2025-01-10T14:22:50Z</time>
        <extensions>
          <gpxtpx:TrackPointExtension>
            <gpxtpx:hr>173</gpxtpx:hr>
          </gpxtpx:TrackPointExtension>
        </extensions>
      </trkpt>
      <trkpt lat="31.472559088883248" lon="120.2537706343883">
        <ele>6.525332638062537</ele>
        <time>2025-01-10T14:22:51Z</time>
        <extensions>
          <gpxtpx:TrackPointExtension>
            <gpxtpx:hr>173</gpxtpx:hr>
          </gpxtpx:TrackPointExtension>
        </extensions>
      </trkpt>
      <trkpt lat="31.47253387372809" lon="120.25376583845265">
        <ele>6.509060841985047</ele>
        <time>2025-01-10T14:22:52Z</time>
        <extensions>
          <gpxtpx:TrackPointExtension>
            <gpxtpx:hr>173</gpxtpx:hr>
          </gpxtpx:TrackPointExtension>
        </extensions>
      </trkpt>
      <trkpt lat="31.47250747232783" lon="120.2537614532766">
        <ele>6.493132706731558</ele>
        <time>2025-01-10T14:22:53Z</time>
        <extensions>
          <gpxtpx:TrackPointExtension>
            <gpxtpx:hr>173</gpxtpx:hr>
          </gpxtpx:TrackPointExtension>
        </extensions>
      </trkpt>
      <trkpt lat="31.472479128800455" lon="120.25375690076245">
        <ele>6.479501702822745</ele>
        <time>2025-01-10T14:22:54Z</time>
        <extensions>
          <gpxtpx:TrackPointExtension>
            <gpxtpx:hr>172</gpxtpx:hr>
          </gpxtpx:TrackPointExtension>
        </extensions>
      </trkpt>
      <trkpt lat="31.472450561147344" lon="120.25375361315916">
        <ele>6.455664075911045</ele>
        <time>2025-01-10T14:22:55Z</time>
        <extensions>
          <gpxtpx:TrackPointExtension>
            <gpxtpx:hr>172</gpxtpx:hr>
          </gpxtpx:TrackPointExtension>
        </extensions>
      </trkpt>
      <trkpt lat="31.472421915323185" lon="120.25375140010622">
        <ele>6.4541429448872805</ele>
        <time>2025-01-10T14:22:56Z</time>
        <extensions>
          <gpxtpx:TrackPointExtension>
            <gpxtpx:hr>172</gpxtpx:hr>
          </gpxtpx:TrackPointExtension>
        </extensions>
      </trkpt>
      <trkpt lat="31.47239360804948" lon="120.25374723027238">
        <ele>6.431879688985646</ele>
        <time>2025-01-10T14:22:57Z</time>
        <extensions>
          <gpxtpx:TrackPointExtension>
            <gpxtpx:hr>173</gpxtpx:hr>
          </gpxtpx:TrackPointExtension>
        </extensions>
      </trkpt>
      <trkpt lat="31.472367327830337" lon="120.25374084651955">
        <ele>6.387343333102763</ele>
        <time>2025-01-10T14:22:58Z</time>
        <extensions>
          <gpxtpx:TrackPointExtension>
            <gpxtpx:hr>173</gpxtpx:hr>
          </gpxtpx:TrackPointExtension>
        </extensions>
      </trkpt>
      <trkpt lat="31.472341084761286" lon="120.25373344948189">
        <ele>6.328784548677504</ele>
        <time>2025-01-10T14:22:59Z</time>
        <extensions>
          <gpxtpx:TrackPointExtension>
            <gpxtpx:hr>173</gpxtpx:hr>
          </gpxtpx:TrackPointExtension>
        </extensions>
      </trkpt>
      <trkpt lat="31.47231470214609" lon="120.25372662498172">
        <ele>6.2507414957508445</ele>
        <time>2025-01-10T14:23:00Z</time>
        <extensions>
          <gpxtpx:TrackPointExtension>
            <gpxtpx:hr>175</gpxtpx:hr>
          </gpxtpx:TrackPointExtension>
        </extensions>
      </trkpt>
      <trkpt lat="31.472290678819558" lon="120.2537210479587">
        <ele>6.164472336880863</ele>
        <time>2025-01-10T14:23:01Z</time>
        <extensions>
          <gpxtpx:TrackPointExtension>
            <gpxtpx:hr>175</gpxtpx:hr>
          </gpxtpx:TrackPointExtension>
        </extensions>
      </trkpt>
      <trkpt lat="31.47226630414616" lon="120.25371476073859">
        <ele>6.066774968989193</ele>
        <time>2025-01-10T14:23:02Z</time>
        <extensions>
          <gpxtpx:TrackPointExtension>
            <gpxtpx:hr>175</gpxtpx:hr>
          </gpxtpx:TrackPointExtension>
        </extensions>
      </trkpt>
      <trkpt lat="31.47224055964704" lon="120.25370835553089">
        <ele>5.934472625143826</ele>
        <time>2025-01-10T14:23:03Z</time>
        <extensions>
          <gpxtpx:TrackPointExtension>
            <gpxtpx:hr>175</gpxtpx:hr>
          </gpxtpx:TrackPointExtension>
        </extensions>
      </trkpt>
      <trkpt lat="31.472216397587346" lon="120.25370378216896">
        <ele>5.802502325735986</ele>
        <time>2025-01-10T14:23:04Z</time>
        <extensions>
          <gpxtpx:TrackPointExtension>
            <gpxtpx:hr>175</gpxtpx:hr>
          </gpxtpx:TrackPointExtension>
        </extensions>
      </trkpt>
      <trkpt lat="31.472192732100414" lon="120.25369999810671">
        <ele>5.650468618609011</ele>
        <time>2025-01-10T14:23:05Z</time>
        <extensions>
          <gpxtpx:TrackPointExtension>
            <gpxtpx:hr>175</gpxtpx:hr>
          </gpxtpx:TrackPointExtension>
        </extensions>
      </trkpt>
      <trkpt lat="31.472168046190866" lon="120.25369549332295">
        <ele>5.489559912122786</ele>
        <time>2025-01-10T14:23:06Z</time>
        <extensions>
          <gpxtpx:TrackPointExtension>
            <gpxtpx:hr>176</gpxtpx:hr>
          </gpxtpx:TrackPointExtension>
        </extensions>
      </trkpt>
      <trkpt lat="31.472143702724303" lon="120.25369042162478">
        <ele>5.327465420588851</ele>
        <time>2025-01-10T14:23:07Z</time>
        <extensions>
          <gpxtpx:TrackPointExtension>
            <gpxtpx:hr>176</gpxtpx:hr>
          </gpxtpx:TrackPointExtension>
        </extensions>
      </trkpt>
      <trkpt lat="31.47211815812471" lon="120.25368565133259">
        <ele>5.173466402105987</ele>
        <time>2025-01-10T14:23:08Z</time>
        <extensions>
          <gpxtpx:TrackPointExtension>
            <gpxtpx:hr>176</gpxtpx:hr>
          </gpxtpx:TrackPointExtension>
        </extensions>
      </trkpt>
      <trkpt lat="31.472090809047696" lon="120.25368190924243">
        <ele>5.024677995592356</ele>
        <time>2025-01-10T14:23:09Z</time>
        <extensions>
          <gpxtpx:TrackPointExtension>
            <gpxtpx:hr>176</gpxtpx:hr>
          </gpxtpx:TrackPointExtension>
        </extensions>
      </trkpt>
      <trkpt lat="31.47206325161934" lon="120.25368007862167">
        <ele>4.8880315609276295</ele>
        <time>2025-01-10T14:23:10Z</time>
        <extensions>
          <gpxtpx:TrackPointExtension>
            <gpxtpx:hr>176</gpxtpx:hr>
          </gpxtpx:TrackPointExtension>
        </extensions>
      </trkpt>
      <trkpt lat="31.47203498412095" lon="120.25368214718468">
        <ele>4.777447417378426</ele>
        <time>2025-01-10T14:23:11Z</time>
        <extensions>
          <gpxtpx:TrackPointExtension>
            <gpxtpx:hr>176</gpxtpx:hr>
          </gpxtpx:TrackPointExtension>
        </extensions>
      </trkpt>
      <trkpt lat="31.47200648498704" lon="120.25368695344878">
        <ele>4.6955929370597005</ele>
        <time>2025-01-10T14:23:12Z</time>
        <extensions>
          <gpxtpx:TrackPointExtension>
            <gpxtpx:hr>176</gpxtpx:hr>
          </gpxtpx:TrackPointExtension>
        </extensions>
      </trkpt>
      <trkpt lat="31.4719790738226" lon="120.25369164300328">
        <ele>4.64662803709507</ele>
        <time>2025-01-10T14:23:13Z</time>
        <extensions>
          <gpxtpx:TrackPointExtension>
            <gpxtpx:hr>176</gpxtpx:hr>
          </gpxtpx:TrackPointExtension>
        </extensions>
      </trkpt>
      <trkpt lat="31.47195246499481" lon="120.25369716949079">
        <ele>4.624859605915844</ele>
        <time>2025-01-10T14:23:14Z</time>
        <extensions>
          <gpxtpx:TrackPointExtension>
            <gpxtpx:hr>176</gpxtpx:hr>
          </gpxtpx:TrackPointExtension>
        </extensions>
      </trkpt>
      <trkpt lat="31.471926969729783" lon="120.25370610576645">
        <ele>4.624178479425609</ele>
        <time>2025-01-10T14:23:15Z</time>
        <extensions>
          <gpxtpx:TrackPointExtension>
            <gpxtpx:hr>176</gpxtpx:hr>
          </gpxtpx:TrackPointExtension>
        </extensions>
      </trkpt>
      <trkpt lat="31.471905031814163" lon="120.25372032810229">
        <ele>4.6479740450158715</ele>
        <time>2025-01-10T14:23:16Z</time>
        <extensions>
          <gpxtpx:TrackPointExtension>
            <gpxtpx:hr>172</gpxtpx:hr>
          </gpxtpx:TrackPointExtension>
        </extensions>
      </trkpt>
      <trkpt lat="31.471884950853614" lon="120.2537377456357">
        <ele>4.711137579753995</ele>
        <time>2025-01-10T14:23:17Z</time>
        <extensions>
          <gpxtpx:TrackPointExtension>
            <gpxtpx:hr>172</gpxtpx:hr>
          </gpxtpx:TrackPointExtension>
        </extensions>
      </trkpt>
      <trkpt lat="31.471863118386917" lon="120.25375472877069">
        <ele>4.805090825073421</ele>
        <time>2025-01-10T14:23:18Z</time>
        <extensions>
          <gpxtpx:TrackPointExtension>
            <gpxtpx:hr>172</gpxtpx:hr>
          </gpxtpx:TrackPointExtension>
        </extensions>
      </trkpt>
      <trkpt lat="31.471841332182642" lon="120.25377183950988">
        <ele>4.921085341833532</ele>
        <time>2025-01-10T14:23:19Z</time>
        <extensions>
          <gpxtpx:TrackPointExtension>
            <gpxtpx:hr>172</gpxtpx:hr>
          </gpxtpx:TrackPointExtension>
        </extensions>
      </trkpt>
      <trkpt lat="31.47182152457564" lon="120.25379236371252">
        <ele>5.0773950750008225</ele>
        <time>2025-01-10T14:23:20Z</time>
        <extensions>
          <gpxtpx:TrackPointExtension>
            <gpxtpx:hr>172</gpxtpx:hr>
          </gpxtpx:TrackPointExtension>
        </extensions>
      </trkpt>
      <trkpt lat="31.47180254450207" lon="120.25381483055543">
        <ele>5.229386819526553</ele>
        <time>2025-01-10T14:23:21Z</time>
        <extensions>
          <gpxtpx:TrackPointExtension>
            <gpxtpx:hr>172</gpxtpx:hr>
          </gpxtpx:TrackPointExtension>
        </extensions>
      </trkpt>
      <trkpt lat="31.47178462180934" lon="120.25383757035938">
        <ele>5.379043305292726</ele>
        <time>2025-01-10T14:23:22Z</time>
        <extensions>
          <gpxtpx:TrackPointExtension>
            <gpxtpx:hr>172</gpxtpx:hr>
          </gpxtpx:TrackPointExtension>
        </extensions>
      </trkpt>
      <trkpt lat="31.47176736492519" lon="120.25386181267417">
        <ele>5.5550115099176764</ele>
        <time>2025-01-10T14:23:23Z</time>
        <extensions>
          <gpxtpx:TrackPointExtension>
            <gpxtpx:hr>173</gpxtpx:hr>
          </gpxtpx:TrackPointExtension>
        </extensions>
      </trkpt>
      <trkpt lat="31.47174992251992" lon="120.25388598886785">
        <ele>5.715715798549354</ele>
        <time>2025-01-10T14:23:24Z</time>
        <extensions>
          <gpxtpx:TrackPointExtension>
            <gpxtpx:hr>173</gpxtpx:hr>
          </gpxtpx:TrackPointExtension>
        </extensions>
      </trkpt>
      <trkpt lat="31.47173371050142" lon="120.25391099224741">
        <ele>5.874002490192652</ele>
        <time>2025-01-10T14:23:25Z</time>
        <extensions>
          <gpxtpx:TrackPointExtension>
            <gpxtpx:hr>173</gpxtpx:hr>
          </gpxtpx:TrackPointExtension>
        </extensions>
      </trkpt>
      <trkpt lat="31.471719519356782" lon="120.25393998738396">
        <ele>6.020737629383802</ele>
        <time>2025-01-10T14:23:26Z</time>
        <extensions>
          <gpxtpx:TrackPointExtension>
            <gpxtpx:hr>173</gpxtpx:hr>
          </gpxtpx:TrackPointExtension>
        </extensions>
      </trkpt>
      <trkpt lat="31.471707915675232" lon="120.2539717906861">
        <ele>6.145012081600726</ele>
        <time>2025-01-10T14:23:27Z</time>
        <extensions>
          <gpxtpx:TrackPointExtension>
            <gpxtpx:hr>175</gpxtpx:hr>
          </gpxtpx:TrackPointExtension>
        </extensions>
      </trkpt>
      <trkpt lat="31.47169896350121" lon="120.25400453999627">
        <ele>6.259007564745843</ele>
        <time>2025-01-10T14:23:28Z</time>
        <extensions>
          <gpxtpx:TrackPointExtension>
            <gpxtpx:hr>175</gpxtpx:hr>
          </gpxtpx:TrackPointExtension>
        </extensions>
      </trkpt>
      <trkpt lat="31.471692306662092" lon="120.25403848948334">
        <ele>6.3520296877250075</ele>
        <time>2025-01-10T14:23:29Z</time>
        <extensions>
          <gpxtpx:TrackPointExtension>
            <gpxtpx:hr>175</gpxtpx:hr>
          </gpxtpx:TrackPointExtension>
        </extensions>
      </trkpt>
      <trkpt lat="31.471687326892113" lon="120.2540719572685">
        <ele>6.415642394684255</ele>
        <time>2025-01-10T14:23:30Z</time>
        <extensions>
          <gpxtpx:TrackPointExtension>
            <gpxtpx:hr>175</gpxtpx:hr>
          </gpxtpx:TrackPointExtension>
        </extensions>
      </trkpt>
      <trkpt lat="31.471682882728548" lon="120.25410336849559">
        <ele>6.451355566270649</ele>
        <time>2025-01-10T14:23:31Z</time>
        <extensions>
          <gpxtpx:TrackPointExtension>
            <gpxtpx:hr>175</gpxtpx:hr>
          </gpxtpx:TrackPointExtension>
        </extensions>
      </trkpt>
      <trkpt lat="31.47168000133467" lon="120.25413370356625">
        <ele>6.454213883727789</ele>
        <time>2025-01-10T14:23:32Z</time>
        <extensions>
          <gpxtpx:TrackPointExtension>
            <gpxtpx:hr>174</gpxtpx:hr>
          </gpxtpx:TrackPointExtension>
        </extensions>
      </trkpt>
      <trkpt lat="31.471679098493507" lon="120.25416284798995">
        <ele>6.438176986761391</ele>
        <time>2025-01-10T14:23:33Z</time>
        <extensions>
          <gpxtpx:TrackPointExtension>
            <gpxtpx:hr>174</gpxtpx:hr>
          </gpxtpx:TrackPointExtension>
        </extensions>
      </trkpt>
      <trkpt lat="31.47168113129148" lon="120.25419059023233">
        <ele>6.403142257593572</ele>
        <time>2025-01-10T14:23:34Z</time>
        <extensions>
          <gpxtpx:TrackPointExtension>
            <gpxtpx:hr>174</gpxtpx:hr>
          </gpxtpx:TrackPointExtension>
        </extensions>
      </trkpt>
      <trkpt lat="31.471687785081674" lon="120.25421911750333">
        <ele>6.355071477591991</ele>
        <time>2025-01-10T14:23:35Z</time>
        <extensions>
          <gpxtpx:TrackPointExtension>
            <gpxtpx:hr>174</gpxtpx:hr>
          </gpxtpx:TrackPointExtension>
        </extensions>
      </trkpt>
      <trkpt lat="31.47169674615796" lon="120.25424902585003">
        <ele>6.283842557109892</ele>
        <time>2025-01-10T14:23:36Z</time>
        <extensions>
          <gpxtpx:TrackPointExtension>
            <gpxtpx:hr>174</gpxtpx:hr>
          </gpxtpx:TrackPointExtension>
        </extensions>
      </trkpt>
      <trkpt lat="31.47170749750955" lon="120.25427854577543">
        <ele>6.206595130264759</ele>
        <time>2025-01-10T14:23:37Z</time>
        <extensions>
          <gpxtpx:TrackPointExtension>
            <gpxtpx:hr>174</gpxtpx:hr>
          </gpxtpx:TrackPointExtension>
        </extensions>
      </trkpt>
      <trkpt lat="31.471721958685265" lon="120.25430661911543">
        <ele>6.135668974369764</ele>
        <time>2025-01-10T14:23:38Z</time>
        <extensions>
          <gpxtpx:TrackPointExtension>
            <gpxtpx:hr>171</gpxtpx:hr>
          </gpxtpx:TrackPointExtension>
        </extensions>
      </trkpt>
      <trkpt lat="31.47173805733459" lon="120.2543324851108">
        <ele>6.0665145721286535</ele>
        <time>2025-01-10T14:23:39Z</time>
        <extensions>
          <gpxtpx:TrackPointExtension>
            <gpxtpx:hr>171</gpxtpx:hr>
          </gpxtpx:TrackPointExtension>
        </extensions>
      </trkpt>
      <trkpt lat="31.471754074578516" lon="120.25435597169263">
        <ele>5.98222616687417</ele>
        <time>2025-01-10T14:23:40Z</time>
        <extensions>
          <gpxtpx:TrackPointExtension>
            <gpxtpx:hr>171</gpxtpx:hr>
          </gpxtpx:TrackPointExtension>
        </extensions>
      </trkpt>
      <trkpt lat="31.471770854460022" lon="120.25437907321744">
        <ele>5.905142699368298</ele>
        <time>2025-01-10T14:23:41Z</time>
        <extensions>
          <gpxtpx:TrackPointExtension>
            <gpxtpx:hr>171</gpxtpx:hr>
          </gpxtpx:TrackPointExtension>
        </extensions>
      </trkpt>
      <trkpt lat="31.471787700644796" lon="120.25440239272874">
        <ele>5.83143147919327</ele>
        <time>2025-01-10T14:23:42Z</time>
        <extensions>
          <gpxtpx:TrackPointExtension>
            <gpxtpx:hr>171</gpxtpx:hr>
          </gpxtpx:TrackPointExtension>
        </extensions>
      </trkpt>
      <trkpt lat="31.47180594109102" lon="120.25442292517101">
        <ele>5.775097332894802</ele>
        <time>2025-01-10T14:23:43Z</time>
        <extensions>
          <gpxtpx:TrackPointExtension>
            <gpxtpx:hr>171</gpxtpx:hr>
          </gpxtpx:TrackPointExtension>
        </extensions>
      </trkpt>
      <trkpt lat="31.47182791212012" lon="120.25443973180151">
        <ele>5.7399081429466605</ele>
        <time>2025-01-10T14:23:44Z</time>
        <extensions>
          <gpxtpx:TrackPointExtension>
            <gpxtpx:hr>171</gpxtpx:hr>
          </gpxtpx:TrackPointExtension>
        </extensions>
      </trkpt>
      <trkpt lat="31.47185113716393" lon="120.25445489822413">
        <ele>5.697121370583773</ele>
        <time>2025-01-10T14:23:45Z</time>
        <extensions>
          <gpxtpx:TrackPointExtension>
            <gpxtpx:hr>171</gpxtpx:hr>
          </gpxtpx:TrackPointExtension>
        </extensions>
      </trkpt>
      <trkpt lat="31.4718741795669" lon="120.2544687632688">
        <ele>5.6738698510453105</ele>
        <time>2025-01-10T14:23:46Z</time>
        <extensions>
          <gpxtpx:TrackPointExtension>
            <gpxtpx:hr>171</gpxtpx:hr>
          </gpxtpx:TrackPointExtension>
        </extensions>
      </trkpt>
      <trkpt lat="31.471899042537306" lon="120.25448082650306">
        <ele>5.673824990168214</ele>
        <time>2025-01-10T14:23:47Z</time>
        <extensions>
          <gpxtpx:TrackPointExtension>
            <gpxtpx:hr>172</gpxtpx:hr>
          </gpxtpx:TrackPointExtension>
        </extensions>
      </trkpt>
      <trkpt lat="31.47192529493813" lon="120.25449183494298">
        <ele>5.667259827256203</ele>
        <time>2025-01-10T14:23:48Z</time>
        <extensions>
          <gpxtpx:TrackPointExtension>
            <gpxtpx:hr>172</gpxtpx:hr>
          </gpxtpx:TrackPointExtension>
        </extensions>
      </trkpt>
      <trkpt lat="31.47195074657002" lon="120.25450158573908">
        <ele>5.684607801027596</ele>
        <time>2025-01-10T14:23:49Z</time>
        <extensions>
          <gpxtpx:TrackPointExtension>
            <gpxtpx:hr>172</gpxtpx:hr>
          </gpxtpx:TrackPointExtension>
        </extensions>
      </trkpt>
      <trkpt lat="31.47197580401004" lon="120.25450896312876">
        <ele>5.713334866799414</ele>
        <time>2025-01-10T14:23:50Z</time>
        <extensions>
          <gpxtpx:TrackPointExtension>
            <gpxtpx:hr>172</gpxtpx:hr>
          </gpxtpx:TrackPointExtension>
        </extensions>
      </trkpt>
      <trkpt lat="31.47200178101377" lon="120.254515400484">
        <ele>5.762258560396731</ele>
        <time>2025-01-10T14:23:51Z</time>
        <extensions>
          <gpxtpx:TrackPointExtension>
            <gpxtpx:hr>172</gpxtpx:hr>
          </gpxtpx:TrackPointExtension>
        </extensions>
      </trkpt>
      <trkpt lat="31.472029513682884" lon="120.25452186419936">
        <ele>5.8103389367461205</ele>
        <time>2025-01-10T14:23:52Z</time>
        <extensions>
          <gpxtpx:TrackPointExtension>
            <gpxtpx:hr>173</gpxtpx:hr>
          </gpxtpx:TrackPointExtension>
        </extensions>
      </trkpt>
      <trkpt lat="31.47205912141657" lon="120.25452685407981">
        <ele>5.859710975550115</ele>
        <time>2025-01-10T14:23:53Z</time>
        <extensions>
          <gpxtpx:TrackPointExtension>
            <gpxtpx:hr>173</gpxtpx:hr>
          </gpxtpx:TrackPointExtension>
        </extensions>
      </trkpt>
      <trkpt lat="31.472088819664883" lon="120.25453188355745">
        <ele>5.919983330182731</ele>
        <time>2025-01-10T14:23:54Z</time>
        <extensions>
          <gpxtpx:TrackPointExtension>
            <gpxtpx:hr>173</gpxtpx:hr>
          </gpxtpx:TrackPointExtension>
        </extensions>
      </trkpt>
      <trkpt lat="31.472117000673286" lon="120.25453807656994">
        <ele>5.983791425824165</ele>
        <time>2025-01-10T14:23:55Z</time>
        <extensions>
          <gpxtpx:TrackPointExtension>
            <gpxtpx:hr>173</gpxtpx:hr>
          </gpxtpx:TrackPointExtension>
        </extensions>
      </trkpt>
      <trkpt lat="31.472144430991122" lon="120.25454343868512">
        <ele>6.0522075686603785</ele>
        <time>2025-01-10T14:23:56Z</time>
        <extensions>
          <gpxtpx:TrackPointExtension>
            <gpxtpx:hr>174</gpxtpx:hr>
          </gpxtpx:TrackPointExtension>
        </extensions>
      </trkpt>
      <trkpt lat="31.472172263967664" lon="120.25454797257555">
        <ele>6.132771810516715</ele>
        <time>2025-01-10T14:23:57Z</time>
        <extensions>
          <gpxtpx:TrackPointExtension>
            <gpxtpx:hr>174</gpxtpx:hr>
          </gpxtpx:TrackPointExtension>
        </extensions>
      </trkpt>
      <trkpt lat="31.47220032711496" lon="120.25455148205066">
        <ele>6.1999008832499385</ele>
        <time>2025-01-10T14:23:58Z</time>
        <extensions>
          <gpxtpx:TrackPointExtension>
            <gpxtpx:hr>174</gpxtpx:hr>
          </gpxtpx:TrackPointExtension>
        </extensions>
      </trkpt>
      <trkpt lat="31.47222844839163" lon="120.25455425815531">
        <ele>6.241958864964545</ele>
        <time>2025-01-10T14:23:59Z</time>
        <extensions>
          <gpxtpx:TrackPointExtension>
            <gpxtpx:hr>174</gpxtpx:hr>
          </gpxtpx:TrackPointExtension>
        </extensions>
      </trkpt>
      <trkpt lat="31.472256368224173" lon="120.25455876593887">
        <ele>6.286196767352521</ele>
        <time>2025-01-10T14:24:00Z</time>
        <extensions>
          <gpxtpx:TrackPointExtension>
            <gpxtpx:hr>174</gpxtpx:hr>
          </gpxtpx:TrackPointExtension>
        </extensions>
      </trkpt>
      <trkpt lat="31.47228324350259" lon="120.25456421839132">
        <ele>6.302436989732087</ele>
        <time>2025-01-10T14:24:01Z</time>
        <extensions>
          <gpxtpx:TrackPointExtension>
            <gpxtpx:hr>174</gpxtpx:hr>
          </gpxtpx:TrackPointExtension>
        </extensions>
      </trkpt>
      <trkpt lat="31.472309417070775" lon="120.25456774314009">
        <ele>6.308115486986935</ele>
        <time>2025-01-10T14:24:02Z</time>
        <extensions>
          <gpxtpx:TrackPointExtension>
            <gpxtpx:hr>174</gpxtpx:hr>
          </gpxtpx:TrackPointExtension>
        </extensions>
      </trkpt>
      <trkpt lat="31.472336152921848" lon="120.25456987861132">
        <ele>6.301668682135642</ele>
        <time>2025-01-10T14:24:03Z</time>
        <extensions>
          <gpxtpx:TrackPointExtension>
            <gpxtpx:hr>174</gpxtpx:hr>
          </gpxtpx:TrackPointExtension>
        </extensions>
      </trkpt>
      <trkpt lat="31.472363890251675" lon="120.25457196635038">
        <ele>6.280412243679166</ele>
        <time>2025-01-10T14:24:04Z</time>
        <extensions>
          <gpxtpx:TrackPointExtension>
            <gpxtpx:hr>174</gpxtpx:hr>
          </gpxtpx:TrackPointExtension>
        </extensions>
      </trkpt>
      <trkpt lat="31.47239173557815" lon="120.25457539199536">
        <ele>6.2849148428067565</ele>
        <time>2025-01-10T14:24:05Z</time>
        <extensions>
          <gpxtpx:TrackPointExtension>
            <gpxtpx:hr>174</gpxtpx:hr>
          </gpxtpx:TrackPointExtension>
        </extensions>
      </trkpt>
      <trkpt lat="31.472419995405193" lon="120.25458227385134">
        <ele>6.264740358106792</ele>
        <time>2025-01-10T14:24:06Z</time>
        <extensions>
          <gpxtpx:TrackPointExtension>
            <gpxtpx:hr>174</gpxtpx:hr>
          </gpxtpx:TrackPointExtension>
        </extensions>
      </trkpt>
      <trkpt lat="31.472449972378822" lon="120.25459017195983">
        <ele>6.247491460293531</ele>
        <time>2025-01-10T14:24:07Z</time>
        <extensions>
          <gpxtpx:TrackPointExtension>
            <gpxtpx:hr>174</gpxtpx:hr>
          </gpxtpx:TrackPointExtension>
        </extensions>
      </trkpt>
      <trkpt lat="31.47247948499022" lon="120.25459664868058">
        <ele>6.240742824040353</ele>
        <time>2025-01-10T14:24:08Z</time>
        <extensions>
          <gpxtpx:TrackPointExtension>
            <gpxtpx:hr>174</gpxtpx:hr>
          </gpxtpx:TrackPointExtension>
        </extensions>
      </trkpt>
      <trkpt lat="31.472505820331644" lon="120.25460203449694">
        <ele>6.2027060724794865</ele>
        <time>2025-01-10T14:24:09Z</time>
        <extensions>
          <gpxtpx:TrackPointExtension>
            <gpxtpx:hr>174</gpxtpx:hr>
          </gpxtpx:TrackPointExtension>
        </extensions>
      </trkpt>
      <trkpt lat="31.47253051653127" lon="120.25460661331041">
        <ele>6.1765928799286485</ele>
        <time>2025-01-10T14:24:10Z</time>
        <extensions>
          <gpxtpx:TrackPointExtension>
            <gpxtpx:hr>174</gpxtpx:hr>
          </gpxtpx:TrackPointExtension>
        </extensions>
      </trkpt>
      <trkpt lat="31.47255551136243" lon="120.25461241122105">
        <ele>6.151467630639672</ele>
        <time>2025-01-10T14:24:11Z</time>
        <extensions>
          <gpxtpx:TrackPointExtension>
            <gpxtpx:hr>176</gpxtpx:hr>
          </gpxtpx:TrackPointExtension>
        </extensions>
      </trkpt>
      <trkpt lat="31.472580843079175" lon="120.25461945418897">
        <ele>6.124742195010185</ele>
        <time>2025-01-10T14:24:12Z</time>
        <extensions>
          <gpxtpx:TrackPointExtension>
            <gpxtpx:hr>176</gpxtpx:hr>
          </gpxtpx:TrackPointExtension>
        </extensions>
      </trkpt>
      <trkpt lat="31.472608134832956" lon="120.25462495692996">
        <ele>6.124345410615206</ele>
        <time>2025-01-10T14:24:13Z</time>
        <extensions>
          <gpxtpx:TrackPointExtension>
            <gpxtpx:hr>176</gpxtpx:hr>
          </gpxtpx:TrackPointExtension>
        </extensions>
      </trkpt>
      <trkpt lat="31.47263671429593" lon="120.25462956681571">
        <ele>6.1374973598867655</ele>
        <time>2025-01-10T14:24:14Z</time>
        <extensions>
          <gpxtpx:TrackPointExtension>
            <gpxtpx:hr>176</gpxtpx:hr>
          </gpxtpx:TrackPointExtension>
        </extensions>
      </trkpt>
      <trkpt lat="31.472662969843768" lon="120.25463420695068">
        <ele>6.15070360712707</ele>
        <time>2025-01-10T14:24:15Z</time>
        <extensions>
          <gpxtpx:TrackPointExtension>
            <gpxtpx:hr>176</gpxtpx:hr>
          </gpxtpx:TrackPointExtension>
        </extensions>
      </trkpt>
      <trkpt lat="31.472687973902985" lon="120.2546373673553">
        <ele>6.19150079973042</ele>
        <time>2025-01-10T14:24:16Z</time>
        <extensions>
          <gpxtpx:TrackPointExtension>
            <gpxtpx:hr>176</gpxtpx:hr>
          </gpxtpx:TrackPointExtension>
        </extensions>
      </trkpt>
      <trkpt lat="31.47271491812194" lon="120.25463975721937">
        <ele>6.222189641557634</ele>
        <time>2025-01-10T14:24:17Z</time>
        <extensions>
          <gpxtpx:TrackPointExtension>
            <gpxtpx:hr>177</gpxtpx:hr>
          </gpxtpx:TrackPointExtension>
        </extensions>
      </trkpt>
      <trkpt lat="31.47274320088809" lon="120.25464085300491">
        <ele>6.247320337221026</ele>
        <time>2025-01-10T14:24:18Z</time>
        <extensions>
          <gpxtpx:TrackPointExtension>
            <gpxtpx:hr>177</gpxtpx:hr>
          </gpxtpx:TrackPointExtension>
        </extensions>
      </trkpt>
      <trkpt lat="31.472771480112513" lon="120.25463829763191">
        <ele>6.272950823418796</ele>
        <time>2025-01-10T14:24:19Z</time>
        <extensions>
          <gpxtpx:TrackPointExtension>
            <gpxtpx:hr>177</gpxtpx:hr>
          </gpxtpx:TrackPointExtension>
        </extensions>
      </trkpt>
      <trkpt lat="31.472798536737876" lon="120.25463379517423">
        <ele>6.292723719961941</ele>
        <time>2025-01-10T14:24:20Z</time>
        <extensions>
          <gpxtpx:TrackPointExtension>
            <gpxtpx:hr>177</gpxtpx:hr>
          </gpxtpx:TrackPointExtension>
        </extensions>
      </trkpt>
      <trkpt lat="31.472822889433736" lon="120.2546279126545">
        <ele>6.323543298058212</ele>
        <time>2025-01-10T14:24:21Z</time>
        <extensions>
          <gpxtpx:TrackPointExtension>
            <gpxtpx:hr>177</gpxtpx:hr>
          </gpxtpx:TrackPointExtension>
        </extensions>
      </trkpt>
      <trkpt lat="31.47284635568525" lon="120.25461937947895">
        <ele>6.348686276003718</ele>
        <time>2025-01-10T14:24:22Z</time>
        <extensions>
          <gpxtpx:TrackPointExtension>
            <gpxtpx:hr>178</gpxtpx:hr>
          </gpxtpx:TrackPointExtension>
        </extensions>
      </trkpt>
      <trkpt lat="31.472870542700992" lon="120.25460931893733">
        <ele>6.3685504561290145</ele>
        <time>2025-01-10T14:24:23Z</time>
        <extensions>
          <gpxtpx:TrackPointExtension>
            <gpxtpx:hr>178</gpxtpx:hr>
          </gpxtpx:TrackPointExtension>
        </extensions>
      </trkpt>
      <trkpt lat="31.472894353007963" lon="120.25459833134214">
        <ele>6.387025283649564</ele>
        <time>2025-01-10T14:24:24Z</time>
        <extensions>
          <gpxtpx:TrackPointExtension>
            <gpxtpx:hr>178</gpxtpx:hr>
          </gpxtpx:TrackPointExtension>
        </extensions>
      </trkpt>
      <trkpt lat="31.47291754247933" lon="120.2545859140053">
        <ele>6.387992815114558</ele>
        <time>2025-01-10T14:24:25Z</time>
        <extensions>
          <gpxtpx:TrackPointExtension>
            <gpxtpx:hr>178</gpxtpx:hr>
          </gpxtpx:TrackPointExtension>
        </extensions>
      </trkpt>
      <trkpt lat="31.472939517230788" lon="120.25457010096382">
        <ele>6.366155163384974</ele>
        <time>2025-01-10T14:24:26Z</time>
        <extensions>
          <gpxtpx:TrackPointExtension>
            <gpxtpx:hr>178</gpxtpx:hr>
          </gpxtpx:TrackPointExtension>
        </extensions>
      </trkpt>
      <trkpt lat="31.472958911324007" lon="120.25455054586001">
        <ele>6.362052011303604</ele>
        <time>2025-01-10T14:24:27Z</time>
        <extensions>
          <gpxtpx:TrackPointExtension>
            <gpxtpx:hr>174</gpxtpx:hr>
          </gpxtpx:TrackPointExtension>
        </extensions>
      </trkpt>
      <trkpt lat="31.472977025750108" lon="120.25452942881445">
        <ele>6.345561711117625</ele>
        <time>2025-01-10T14:24:28Z</time>
        <extensions>
          <gpxtpx:TrackPointExtension>
            <gpxtpx:hr>174</gpxtpx:hr>
          </gpxtpx:TrackPointExtension>
        </extensions>
      </trkpt>
      <trkpt lat="31.472996195744773" lon="120.25450778242188">
        <ele>6.292823907919228</ele>
        <time>2025-01-10T14:24:29Z</time>
        <extensions>
          <gpxtpx:TrackPointExtension>
            <gpxtpx:hr>174</gpxtpx:hr>
          </gpxtpx:TrackPointExtension>
        </extensions>
      </trkpt>
      <trkpt lat="31.473016505285152" lon="120.25448586401106">
        <ele>6.240800367668271</ele>
        <time>2025-01-10T14:24:30Z</time>
        <extensions>
          <gpxtpx:TrackPointExtension>
            <gpxtpx:hr>174</gpxtpx:hr>
          </gpxtpx:TrackPointExtension>
        </extensions>
      </trkpt>
      <trkpt lat="31.473034991831167" lon="120.25446289755257">
        <ele>6.19149618037045</ele>
        <time>2025-01-10T14:24:31Z</time>
        <extensions>
          <gpxtpx:TrackPointExtension>
            <gpxtpx:hr>174</gpxtpx:hr>
          </gpxtpx:TrackPointExtension>
        </extensions>
      </trkpt>
      <trkpt lat="31.473050393953187" lon="120.25443923882038">
        <ele>6.157842157408595</ele>
        <time>2025-01-10T14:24:32Z</time>
        <extensions>
          <gpxtpx:TrackPointExtension>
            <gpxtpx:hr>173</gpxtpx:hr>
          </gpxtpx:TrackPointExtension>
        </extensions>
      </trkpt>
      <trkpt lat="31.473063925091566" lon="120.25441573296563">
        <ele>6.140314892865717</ele>
        <time>2025-01-10T14:24:33Z</time>
        <extensions>
          <gpxtpx:TrackPointExtension>
            <gpxtpx:hr>173</gpxtpx:hr>
          </gpxtpx:TrackPointExtension>
        </extensions>
      </trkpt>
      <trkpt lat="31.473075216323224" lon="120.2543910738887">
        <ele>6.111613234505057</ele>
        <time>2025-01-10T14:24:34Z</time>
        <extensions>
          <gpxtpx:TrackPointExtension>
            <gpxtpx:hr>173</gpxtpx:hr>
          </gpxtpx:TrackPointExtension>
        </extensions>
      </trkpt>
      <trkpt lat="31.473084356171956" lon="120.25436346257892">
        <ele>6.120357915759087</ele>
        <time>2025-01-10T14:24:35Z</time>
        <extensions>
          <gpxtpx:TrackPointExtension>
            <gpxtpx:hr>173</gpxtpx:hr>
          </gpxtpx:TrackPointExtension>
        </extensions>
      </trkpt>
      <trkpt lat="31.47309291492566" lon="120.25433368837368">
        <ele>6.140313574112952</ele>
        <time>2025-01-10T14:24:36Z</time>
        <extensions>
          <gpxtpx:TrackPointExtension>
            <gpxtpx:hr>173</gpxtpx:hr>
          </gpxtpx:TrackPointExtension>
        </extensions>
      </trkpt>
      <trkpt lat="31.473099796600035" lon="120.25430412866272">
        <ele>6.155272181145847</ele>
        <time>2025-01-10T14:24:37Z</time>
        <extensions>
          <gpxtpx:TrackPointExtension>
            <gpxtpx:hr>172</gpxtpx:hr>
          </gpxtpx:TrackPointExtension>
        </extensions>
      </trkpt>
      <trkpt lat="31.473103753214662" lon="120.25427662604542">
        <ele>6.189131959341466</ele>
        <time>2025-01-10T14:24:38Z</time>
        <extensions>
          <gpxtpx:TrackPointExtension>
            <gpxtpx:hr>172</gpxtpx:hr>
          </gpxtpx:TrackPointExtension>
        </extensions>
      </trkpt>
      <trkpt lat="31.473106668813788" lon="120.25425420027193">
        <ele>6.235228284262121</ele>
        <time>2025-01-10T14:24:39Z</time>
        <extensions>
          <gpxtpx:TrackPointExtension>
            <gpxtpx:hr>172</gpxtpx:hr>
          </gpxtpx:TrackPointExtension>
        </extensions>
      </trkpt>
      <trkpt lat="31.473107210441388" lon="120.25423298091714">
        <ele>6.288851035758853</ele>
        <time>2025-01-10T14:24:40Z</time>
        <extensions>
          <gpxtpx:TrackPointExtension>
            <gpxtpx:hr>172</gpxtpx:hr>
          </gpxtpx:TrackPointExtension>
        </extensions>
      </trkpt>
      <trkpt lat="31.473104103547623" lon="120.25420655994144">
        <ele>6.361415143124759</ele>
        <time>2025-01-10T14:24:41Z</time>
        <extensions>
          <gpxtpx:TrackPointExtension>
            <gpxtpx:hr>172</gpxtpx:hr>
          </gpxtpx:TrackPointExtension>
        </extensions>
      </trkpt>
      <trkpt lat="31.47310006705234" lon="120.25417681616592">
        <ele>6.445064795203507</ele>
        <time>2025-01-10T14:24:42Z</time>
        <extensions>
          <gpxtpx:TrackPointExtension>
            <gpxtpx:hr>172</gpxtpx:hr>
          </gpxtpx:TrackPointExtension>
        </extensions>
      </trkpt>
      <trkpt lat="31.473095234658143" lon="120.2541473568426">
        <ele>6.546255907975137</ele>
        <time>2025-01-10T14:24:43Z</time>
        <extensions>
          <gpxtpx:TrackPointExtension>
            <gpxtpx:hr>172</gpxtpx:hr>
          </gpxtpx:TrackPointExtension>
        </extensions>
      </trkpt>
      <trkpt lat="31.473087091368583" lon="120.25411805819395">
        <ele>6.641103830188513</ele>
        <time>2025-01-10T14:24:44Z</time>
        <extensions>
          <gpxtpx:TrackPointExtension>
            <gpxtpx:hr>172</gpxtpx:hr>
          </gpxtpx:TrackPointExtension>
        </extensions>
      </trkpt>
      <trkpt lat="31.473076612974545" lon="120.25408885799713">
        <ele>6.712051753886044</ele>
        <time>2025-01-10T14:24:45Z</time>
        <extensions>
          <gpxtpx:TrackPointExtension>
            <gpxtpx:hr>172</gpxtpx:hr>
          </gpxtpx:TrackPointExtension>
        </extensions>
      </trkpt>
      <trkpt lat="31.473066657441155" lon="120.25406096962485">
        <ele>6.78741839248687</ele>
        <time>2025-01-10T14:24:46Z</time>
        <extensions>
          <gpxtpx:TrackPointExtension>
            <gpxtpx:hr>172</gpxtpx:hr>
          </gpxtpx:TrackPointExtension>
        </extensions>
      </trkpt>
      <trkpt lat="31.473056371111046" lon="120.25403527995017">
        <ele>6.840939189307392</ele>
        <time>2025-01-10T14:24:47Z</time>
        <extensions>
          <gpxtpx:TrackPointExtension>
            <gpxtpx:hr>172</gpxtpx:hr>
          </gpxtpx:TrackPointExtension>
        </extensions>
      </trkpt>
      <trkpt lat="31.47304451303446" lon="120.25401229903484">
        <ele>6.890251507051289</ele>
        <time>2025-01-10T14:24:48Z</time>
        <extensions>
          <gpxtpx:TrackPointExtension>
            <gpxtpx:hr>172</gpxtpx:hr>
          </gpxtpx:TrackPointExtension>
        </extensions>
      </trkpt>
      <trkpt lat="31.473030429195116" lon="120.25399142179383">
        <ele>6.947184220887721</ele>
        <time>2025-01-10T14:24:49Z</time>
        <extensions>
          <gpxtpx:TrackPointExtension>
            <gpxtpx:hr>172</gpxtpx:hr>
          </gpxtpx:TrackPointExtension>
        </extensions>
      </trkpt>
      <trkpt lat="31.473012325780516" lon="120.25397120154496">
        <ele>6.995725527405739</ele>
        <time>2025-01-10T14:24:50Z</time>
        <extensions>
          <gpxtpx:TrackPointExtension>
            <gpxtpx:hr>172</gpxtpx:hr>
          </gpxtpx:TrackPointExtension>
        </extensions>
      </trkpt>
      <trkpt lat="31.472992185669654" lon="120.25395070689449">
        <ele>7.029343130998313</ele>
        <time>2025-01-10T14:24:51Z</time>
        <extensions>
          <gpxtpx:TrackPointExtension>
            <gpxtpx:hr>174</gpxtpx:hr>
          </gpxtpx:TrackPointExtension>
        </extensions>
      </trkpt>
      <trkpt lat="31.472973390997353" lon="120.25393004209415">
        <ele>7.034387637861073</ele>
        <time>2025-01-10T14:24:52Z</time>
        <extensions>
          <gpxtpx:TrackPointExtension>
            <gpxtpx:hr>174</gpxtpx:hr>
          </gpxtpx:TrackPointExtension>
        </extensions>
      </trkpt>
      <trkpt lat="31.472955075135648" lon="120.25391015415907">
        <ele>7.030910005792975</ele>
        <time>2025-01-10T14:24:53Z</time>
        <extensions>
          <gpxtpx:TrackPointExtension>
            <gpxtpx:hr>174</gpxtpx:hr>
          </gpxtpx:TrackPointExtension>
        </extensions>
      </trkpt>
      <trkpt lat="31.472935981416214" lon="120.25389249937746">
        <ele>6.992648433893919</ele>
        <time>2025-01-10T14:24:54Z</time>
        <extensions>
          <gpxtpx:TrackPointExtension>
            <gpxtpx:hr>174</gpxtpx:hr>
          </gpxtpx:TrackPointExtension>
        </extensions>
      </trkpt>
      <trkpt lat="31.47291743380539" lon="120.25387744819102">
        <ele>6.951127350330353</ele>
        <time>2025-01-10T14:24:55Z</time>
        <extensions>
          <gpxtpx:TrackPointExtension>
            <gpxtpx:hr>174</gpxtpx:hr>
          </gpxtpx:TrackPointExtension>
        </extensions>
      </trkpt>
      <trkpt lat="31.472898558971917" lon="120.25386435942325">
        <ele>6.897530971094966</ele>
        <time>2025-01-10T14:24:56Z</time>
        <extensions>
          <gpxtpx:TrackPointExtension>
            <gpxtpx:hr>171</gpxtpx:hr>
          </gpxtpx:TrackPointExtension>
        </extensions>
      </trkpt>
      <trkpt lat="31.47287726280703" lon="120.25385266553164">
        <ele>6.832616997882724</ele>
        <time>2025-01-10T14:24:57Z</time>
        <extensions>
          <gpxtpx:TrackPointExtension>
            <gpxtpx:hr>171</gpxtpx:hr>
          </gpxtpx:TrackPointExtension>
        </extensions>
      </trkpt>
      <trkpt lat="31.47285542049301" lon="120.25384176507823">
        <ele>6.766347590833902</ele>
        <time>2025-01-10T14:24:58Z</time>
        <extensions>
          <gpxtpx:TrackPointExtension>
            <gpxtpx:hr>171</gpxtpx:hr>
          </gpxtpx:TrackPointExtension>
        </extensions>
      </trkpt>
      <trkpt lat="31.472833798259668" lon="120.25383341076224">
        <ele>6.684059286490083</ele>
        <time>2025-01-10T14:24:59Z</time>
        <extensions>
          <gpxtpx:TrackPointExtension>
            <gpxtpx:hr>171</gpxtpx:hr>
          </gpxtpx:TrackPointExtension>
        </extensions>
      </trkpt>
      <trkpt lat="31.472810450890368" lon="120.25382949842194">
        <ele>6.596020858734846</ele>
        <time>2025-01-10T14:25:00Z</time>
        <extensions>
          <gpxtpx:TrackPointExtension>
            <gpxtpx:hr>171</gpxtpx:hr>
          </gpxtpx:TrackPointExtension>
        </extensions>
      </trkpt>
      <trkpt lat="31.472787353008357" lon="120.25382731953397">
        <ele>6.537904680706561</ele>
        <time>2025-01-10T14:25:01Z</time>
        <extensions>
          <gpxtpx:TrackPointExtension>
            <gpxtpx:hr>171</gpxtpx:hr>
          </gpxtpx:TrackPointExtension>
        </extensions>
      </trkpt>
      <trkpt lat="31.472766220494247" lon="120.25382465772599">
        <ele>6.462089014239609</ele>
        <time>2025-01-10T14:25:02Z</time>
        <extensions>
          <gpxtpx:TrackPointExtension>
            <gpxtpx:hr>171</gpxtpx:hr>
          </gpxtpx:TrackPointExtension>
        </extensions>
      </trkpt>
      <trkpt lat="31.472745111628317" lon="120.25382268649501">
        <ele>6.392118336632848</ele>
        <time>2025-01-10T14:25:03Z</time>
        <extensions>
          <gpxtpx:TrackPointExtension>
            <gpxtpx:hr>171</gpxtpx:hr>
          </gpxtpx:TrackPointExtension>
        </extensions>
      </trkpt>
      <trkpt lat="31.47272378568772" lon="120.25382108497269">
        <ele>6.336214641109109</ele>
        <time>2025-01-10T14:25:04Z</time>
        <extensions>
          <gpxtpx:TrackPointExtension>
            <gpxtpx:hr>171</gpxtpx:hr>
          </gpxtpx:TrackPointExtension>
        </extensions>
      </trkpt>
      <trkpt lat="31.47270273015773" lon="120.25381811001037">
        <ele>6.269760270603001</ele>
        <time>2025-01-10T14:25:05Z</time>
        <extensions>
          <gpxtpx:TrackPointExtension>
            <gpxtpx:hr>171</gpxtpx:hr>
          </gpxtpx:TrackPointExtension>
        </extensions>
      </trkpt>
      <trkpt lat="31.472680167796614" lon="120.25381448485861">
        <ele>6.191760850138962</ele>
        <time>2025-01-10T14:25:06Z</time>
        <extensions>
          <gpxtpx:TrackPointExtension>
            <gpxtpx:hr>171</gpxtpx:hr>
          </gpxtpx:TrackPointExtension>
        </extensions>
      </trkpt>
      <trkpt lat="31.47265624330064" lon="120.25381011691455">
        <ele>6.125721238553524</ele>
        <time>2025-01-10T14:25:07Z</time>
        <extensions>
          <gpxtpx:TrackPointExtension>
            <gpxtpx:hr>170</gpxtpx:hr>
          </gpxtpx:TrackPointExtension>
        </extensions>
      </trkpt>
      <trkpt lat="31.47263347268595" lon="120.25380473566653">
        <ele>6.067013831809163</ele>
        <time>2025-01-10T14:25:08Z</time>
        <extensions>
          <gpxtpx:TrackPointExtension>
            <gpxtpx:hr>170</gpxtpx:hr>
          </gpxtpx:TrackPointExtension>
        </extensions>
      </trkpt>
      <trkpt lat="31.472610990821302" lon="120.25380068819528">
        <ele>6.028403138741851</ele>
        <time>2025-01-10T14:25:09Z</time>
        <extensions>
          <gpxtpx:TrackPointExtension>
            <gpxtpx:hr>170</gpxtpx:hr>
          </gpxtpx:TrackPointExtension>
        </extensions>
      </trkpt>
      <trkpt lat="31.47258670152996" lon="120.25379768551218">
        <ele>5.988391992636025</ele>
        <time>2025-01-10T14:25:10Z</time>
        <extensions>
          <gpxtpx:TrackPointExtension>
            <gpxtpx:hr>170</gpxtpx:hr>
          </gpxtpx:TrackPointExtension>
        </extensions>
      </trkpt>
      <trkpt lat="31.472563105727218" lon="120.2537941391318">
        <ele>5.961084178648889</ele>
        <time>2025-01-10T14:25:11Z</time>
        <extensions>
          <gpxtpx:TrackPointExtension>
            <gpxtpx:hr>170</gpxtpx:hr>
          </gpxtpx:TrackPointExtension>
        </extensions>
      </trkpt>
      <trkpt lat="31.472541610271406" lon="120.2537905147145">
        <ele>5.957139885984361</ele>
        <time>2025-01-10T14:25:12Z</time>
        <extensions>
          <gpxtpx:TrackPointExtension>
            <gpxtpx:hr>170</gpxtpx:hr>
          </gpxtpx:TrackPointExtension>
        </extensions>
      </trkpt>
      <trkpt lat="31.472519931565014" lon="120.25378767668232">
        <ele>5.9606502978131175</ele>
        <time>2025-01-10T14:25:13Z</time>
        <extensions>
          <gpxtpx:TrackPointExtension>
            <gpxtpx:hr>170</gpxtpx:hr>
          </gpxtpx:TrackPointExtension>
        </extensions>
      </trkpt>
      <trkpt lat="31.47249688202579" lon="120.2537847466094">
        <ele>5.974362164735794</ele>
        <time>2025-01-10T14:25:14Z</time>
        <extensions>
          <gpxtpx:TrackPointExtension>
            <gpxtpx:hr>170</gpxtpx:hr>
          </gpxtpx:TrackPointExtension>
        </extensions>
      </trkpt>
      <trkpt lat="31.472473703148605" lon="120.25377972558319">
        <ele>6.002112288028002</ele>
        <time>2025-01-10T14:25:15Z</time>
        <extensions>
          <gpxtpx:TrackPointExtension>
            <gpxtpx:hr>170</gpxtpx:hr>
          </gpxtpx:TrackPointExtension>
        </extensions>
      </trkpt>
      <trkpt lat="31.47245024897022" lon="120.25377289689021">
        <ele>6.0335907293483615</ele>
        <time>2025-01-10T14:25:16Z</time>
        <extensions>
          <gpxtpx:TrackPointExtension>
            <gpxtpx:hr>171</gpxtpx:hr>
          </gpxtpx:TrackPointExtension>
        </extensions>
      </trkpt>
      <trkpt lat="31.47242552227252" lon="120.25376396858013">
        <ele>6.069292490370572</ele>
        <time>2025-01-10T14:25:17Z</time>
        <extensions>
          <gpxtpx:TrackPointExtension>
            <gpxtpx:hr>171</gpxtpx:hr>
          </gpxtpx:TrackPointExtension>
        </extensions>
      </trkpt>
      <trkpt lat="31.472400898601173" lon="120.25375313290284">
        <ele>6.110362194478512</ele>
        <time>2025-01-10T14:25:18Z</time>
        <extensions>
          <gpxtpx:TrackPointExtension>
            <gpxtpx:hr>171</gpxtpx:hr>
          </gpxtpx:TrackPointExtension>
        </extensions>
      </trkpt>
      <trkpt lat="31.47237636404479" lon="120.25374630958815">
        <ele>6.1621262608096</ele>
        <time>2025-01-10T14:25:19Z</time>
        <extensions>
          <gpxtpx:TrackPointExtension>
            <gpxtpx:hr>171</gpxtpx:hr>
          </gpxtpx:TrackPointExtension>
        </extensions>
      </trkpt>
      <trkpt lat="31.472351349369834" lon="120.25374544717754">
        <ele>6.211541469208896</ele>
        <time>2025-01-10T14:25:20Z</time>
        <extensions>
          <gpxtpx:TrackPointExtension>
            <gpxtpx:hr>171</gpxtpx:hr>
          </gpxtpx:TrackPointExtension>
        </extensions>
      </trkpt>
      <trkpt lat="31.472327500349152" lon="120.25374570570732">
        <ele>6.2618708200752735</ele>
        <time>2025-01-10T14:25:21Z</time>
        <extensions>
          <gpxtpx:TrackPointExtension>
            <gpxtpx:hr>171</gpxtpx:hr>
          </gpxtpx:TrackPointExtension>
        </extensions>
      </trkpt>
      <trkpt lat="31.472304403590424" lon="120.25374476638483">
        <ele>6.3112001325935125</ele>
        <time>2025-01-10T14:25:22Z</time>
        <extensions>
          <gpxtpx:TrackPointExtension>
            <gpxtpx:hr>171</gpxtpx:hr>
          </gpxtpx:TrackPointExtension>
        </extensions>
      </trkpt>
      <trkpt lat="31.472280688978795" lon="120.25374129940232">
        <ele>6.364512438885868</ele>
        <time>2025-01-10T14:25:23Z</time>
        <extensions>
          <gpxtpx:TrackPointExtension>
            <gpxtpx:hr>170</gpxtpx:hr>
          </gpxtpx:TrackPointExtension>
        </extensions>
      </trkpt>
      <trkpt lat="31.472256944474996" lon="120.25373540356115">
        <ele>6.4287979090586305</ele>
        <time>2025-01-10T14:25:24Z</time>
        <extensions>
          <gpxtpx:TrackPointExtension>
            <gpxtpx:hr>170</gpxtpx:hr>
          </gpxtpx:TrackPointExtension>
        </extensions>
      </trkpt>
      <trkpt lat="31.472233763349333" lon="120.25373125120447">
        <ele>6.478969631716609</ele>
        <time>2025-01-10T14:25:25Z</time>
        <extensions>
          <gpxtpx:TrackPointExtension>
            <gpxtpx:hr>170</gpxtpx:hr>
          </gpxtpx:TrackPointExtension>
        </extensions>
      </trkpt>
      <trkpt lat="31.472211380117283" lon="120.25373043940907">
        <ele>6.515974839217961</ele>
        <time>2025-01-10T14:25:26Z</time>
        <extensions>
          <gpxtpx:TrackPointExtension>
            <gpxtpx:hr>170</gpxtpx:hr>
          </gpxtpx:TrackPointExtension>
        </extensions>
      </trkpt>
      <trkpt lat="31.47218916718098" lon="120.25372915080811">
        <ele>6.556216338649392</ele>
        <time>2025-01-10T14:25:27Z</time>
        <extensions>
          <gpxtpx:TrackPointExtension>
            <gpxtpx:hr>170</gpxtpx:hr>
          </gpxtpx:TrackPointExtension>
        </extensions>
      </trkpt>
      <trkpt lat="31.472166013733375" lon="120.25372485271365">
        <ele>6.572708829306066</ele>
        <time>2025-01-10T14:25:28Z</time>
        <extensions>
          <gpxtpx:TrackPointExtension>
            <gpxtpx:hr>170</gpxtpx:hr>
          </gpxtpx:TrackPointExtension>
        </extensions>
      </trkpt>
      <trkpt lat="31.472141221565707" lon="120.2537183751638">
        <ele>6.597281298600137</ele>
        <time>2025-01-10T14:25:29Z</time>
        <extensions>
          <gpxtpx:TrackPointExtension>
            <gpxtpx:hr>170</gpxtpx:hr>
          </gpxtpx:TrackPointExtension>
        </extensions>
      </trkpt>
      <trkpt lat="31.47211570448284" lon="120.25370882642045">
        <ele>6.599121127277613</ele>
        <time>2025-01-10T14:25:30Z</time>
        <extensions>
          <gpxtpx:TrackPointExtension>
            <gpxtpx:hr>170</gpxtpx:hr>
          </gpxtpx:TrackPointExtension>
        </extensions>
      </trkpt>
      <trkpt lat="31.472091320077187" lon="120.25369958932863">
        <ele>6.589071565307677</ele>
        <time>2025-01-10T14:25:31Z</time>
        <extensions>
          <gpxtpx:TrackPointExtension>
            <gpxtpx:hr>170</gpxtpx:hr>
          </gpxtpx:TrackPointExtension>
        </extensions>
      </trkpt>
      <trkpt lat="31.472067637120702" lon="120.25369625374344">
        <ele>6.57717920653522</ele>
        <time>2025-01-10T14:25:32Z</time>
        <extensions>
          <gpxtpx:TrackPointExtension>
            <gpxtpx:hr>170</gpxtpx:hr>
          </gpxtpx:TrackPointExtension>
        </extensions>
      </trkpt>
      <trkpt lat="31.472044018055094" lon="120.25369678701033">
        <ele>6.543404454365373</ele>
        <time>2025-01-10T14:25:33Z</time>
        <extensions>
          <gpxtpx:TrackPointExtension>
            <gpxtpx:hr>170</gpxtpx:hr>
          </gpxtpx:TrackPointExtension>
        </extensions>
      </trkpt>
      <trkpt lat="31.472020965668605" lon="120.25369783725336">
        <ele>6.497045461088419</ele>
        <time>2025-01-10T14:25:34Z</time>
        <extensions>
          <gpxtpx:TrackPointExtension>
            <gpxtpx:hr>170</gpxtpx:hr>
          </gpxtpx:TrackPointExtension>
        </extensions>
      </trkpt>
      <trkpt lat="31.47199780062966" lon="120.2536990283007">
        <ele>6.460390826687217</ele>
        <time>2025-01-10T14:25:35Z</time>
        <extensions>
          <gpxtpx:TrackPointExtension>
            <gpxtpx:hr>170</gpxtpx:hr>
          </gpxtpx:TrackPointExtension>
        </extensions>
      </trkpt>
      <trkpt lat="31.471973670045433" lon="120.2537013525567">
        <ele>6.417271069251001</ele>
        <time>2025-01-10T14:25:36Z</time>
        <extensions>
          <gpxtpx:TrackPointExtension>
            <gpxtpx:hr>170</gpxtpx:hr>
          </gpxtpx:TrackPointExtension>
        </extensions>
      </trkpt>
      <trkpt lat="31.471948469369572" lon="120.25370489686453">
        <ele>6.378825834020972</ele>
        <time>2025-01-10T14:25:37Z</time>
        <extensions>
          <gpxtpx:TrackPointExtension>
            <gpxtpx:hr>169</gpxtpx:hr>
          </gpxtpx:TrackPointExtension>
        </extensions>
      </trkpt>
      <trkpt lat="31.47192241758013" lon="120.25371100005272">
        <ele>6.34208660107106</ele>
        <time>2025-01-10T14:25:38Z</time>
        <extensions>
          <gpxtpx:TrackPointExtension>
            <gpxtpx:hr>169</gpxtpx:hr>
          </gpxtpx:TrackPointExtension>
        </extensions>
      </trkpt>
      <trkpt lat="31.47189666926439" lon="120.2537213030183">
        <ele>6.304663764312863</ele>
        <time>2025-01-10T14:25:39Z</time>
        <extensions>
          <gpxtpx:TrackPointExtension>
            <gpxtpx:hr>169</gpxtpx:hr>
          </gpxtpx:TrackPointExtension>
        </extensions>
      </trkpt>
      <trkpt lat="31.47187405078724" lon="120.25373534189002">
        <ele>6.273500233888626</ele>
        <time>2025-01-10T14:25:40Z</time>
        <extensions>
          <gpxtpx:TrackPointExtension>
            <gpxtpx:hr>169</gpxtpx:hr>
          </gpxtpx:TrackPointExtension>
        </extensions>
      </trkpt>
      <trkpt lat="31.471854223055583" lon="120.25375192866852">
        <ele>6.243098189122975</ele>
        <time>2025-01-10T14:25:41Z</time>
        <extensions>
          <gpxtpx:TrackPointExtension>
            <gpxtpx:hr>169</gpxtpx:hr>
          </gpxtpx:TrackPointExtension>
        </extensions>
      </trkpt>
      <trkpt lat="31.47183481477067" lon="120.25376953356263">
        <ele>6.232113528065383</ele>
        <time>2025-01-10T14:25:42Z</time>
        <extensions>
          <gpxtpx:TrackPointExtension>
            <gpxtpx:hr>170</gpxtpx:hr>
          </gpxtpx:TrackPointExtension>
        </extensions>
      </trkpt>
      <trkpt lat="31.471815120685" lon="120.25378790218937">
        <ele>6.238613241352141</ele>
        <time>2025-01-10T14:25:43Z</time>
        <extensions>
          <gpxtpx:TrackPointExtension>
            <gpxtpx:hr>170</gpxtpx:hr>
          </gpxtpx:TrackPointExtension>
        </extensions>
      </trkpt>
      <trkpt lat="31.471796131062877" lon="120.25380968441227">
        <ele>6.2432409301400185</ele>
        <time>2025-01-10T14:25:44Z</time>
        <extensions>
          <gpxtpx:TrackPointExtension>
            <gpxtpx:hr>170</gpxtpx:hr>
          </gpxtpx:TrackPointExtension>
        </extensions>
      </trkpt>
      <trkpt lat="31.471778411166493" lon="120.25383639493876">
        <ele>6.257372479885817</ele>
        <time>2025-01-10T14:25:45Z</time>
        <extensions>
          <gpxtpx:TrackPointExtension>
            <gpxtpx:hr>170</gpxtpx:hr>
          </gpxtpx:TrackPointExtension>
        </extensions>
      </trkpt>
      <trkpt lat="31.47176091577964" lon="120.25386558579466">
        <ele>6.296281048096716</ele>
        <time>2025-01-10T14:25:46Z</time>
        <extensions>
          <gpxtpx:TrackPointExtension>
            <gpxtpx:hr>170</gpxtpx:hr>
          </gpxtpx:TrackPointExtension>
        </extensions>
      </trkpt>
      <trkpt lat="31.471744740539915" lon="120.25389510182032">
        <ele>6.336545508354902</ele>
        <time>2025-01-10T14:25:47Z</time>
        <extensions>
          <gpxtpx:TrackPointExtension>
            <gpxtpx:hr>171</gpxtpx:hr>
          </gpxtpx:TrackPointExtension>
        </extensions>
      </trkpt>
      <trkpt lat="31.471730563930933" lon="120.25392429497973">
        <ele>6.3859927682206035</ele>
        <time>2025-01-10T14:25:48Z</time>
        <extensions>
          <gpxtpx:TrackPointExtension>
            <gpxtpx:hr>171</gpxtpx:hr>
          </gpxtpx:TrackPointExtension>
        </extensions>
      </trkpt>
      <trkpt lat="31.4717175719568" lon="120.25395333978776">
        <ele>6.4335861233994365</ele>
        <time>2025-01-10T14:25:49Z</time>
        <extensions>
          <gpxtpx:TrackPointExtension>
            <gpxtpx:hr>171</gpxtpx:hr>
          </gpxtpx:TrackPointExtension>
        </extensions>
      </trkpt>
      <trkpt lat="31.47170662516734" lon="120.25398401812646">
        <ele>6.467965587042272</ele>
        <time>2025-01-10T14:25:50Z</time>
        <extensions>
          <gpxtpx:TrackPointExtension>
            <gpxtpx:hr>174</gpxtpx:hr>
          </gpxtpx:TrackPointExtension>
        </extensions>
      </trkpt>
      <trkpt lat="31.471698904732783" lon="120.25401674376165">
        <ele>6.516222850419581</ele>
        <time>2025-01-10T14:25:51Z</time>
        <extensions>
          <gpxtpx:TrackPointExtension>
            <gpxtpx:hr>174</gpxtpx:hr>
          </gpxtpx:TrackPointExtension>
        </extensions>
      </trkpt>
      <trkpt lat="31.471692942919738" lon="120.25404936311803">
        <ele>6.540059994906187</ele>
        <time>2025-01-10T14:25:52Z</time>
        <extensions>
          <gpxtpx:TrackPointExtension>
            <gpxtpx:hr>174</gpxtpx:hr>
          </gpxtpx:TrackPointExtension>
        </extensions>
      </trkpt>
      <trkpt lat="31.471688060631514" lon="120.2540823865341">
        <ele>6.544668283313513</ele>
        <time>2025-01-10T14:25:53Z</time>
        <extensions>
          <gpxtpx:TrackPointExtension>
            <gpxtpx:hr>174</gpxtpx:hr>
          </gpxtpx:TrackPointExtension>
        </extensions>
      </trkpt>
      <trkpt lat="31.47168518919677" lon="120.2541171576992">
        <ele>6.553701937198639</ele>
        <time>2025-01-10T14:25:54Z</time>
        <extensions>
          <gpxtpx:TrackPointExtension>
            <gpxtpx:hr>174</gpxtpx:hr>
          </gpxtpx:TrackPointExtension>
        </extensions>
      </trkpt>
      <trkpt lat="31.471684848009783" lon="120.25415161252218">
        <ele>6.561022412031889</ele>
        <time>2025-01-10T14:25:55Z</time>
        <extensions>
          <gpxtpx:TrackPointExtension>
            <gpxtpx:hr>174</gpxtpx:hr>
          </gpxtpx:TrackPointExtension>
        </extensions>
      </trkpt>
      <trkpt lat="31.471688763365062" lon="120.25418418689652">
        <ele>6.549400859512389</ele>
        <time>2025-01-10T14:25:56Z</time>
        <extensions>
          <gpxtpx:TrackPointExtension>
            <gpxtpx:hr>177</gpxtpx:hr>
          </gpxtpx:TrackPointExtension>
        </extensions>
      </trkpt>
      <trkpt lat="31.47169665998493" lon="120.25421536785103">
        <ele>6.5398367792367935</ele>
        <time>2025-01-10T14:25:57Z</time>
        <extensions>
          <gpxtpx:TrackPointExtension>
            <gpxtpx:hr>177</gpxtpx:hr>
          </gpxtpx:TrackPointExtension>
        </extensions>
      </trkpt>
      <trkpt lat="31.471706314186694" lon="120.25424512471083">
        <ele>6.52241238206625</ele>
        <time>2025-01-10T14:25:58Z</time>
        <extensions>
          <gpxtpx:TrackPointExtension>
            <gpxtpx:hr>177</gpxtpx:hr>
          </gpxtpx:TrackPointExtension>
        </extensions>
      </trkpt>
      <trkpt lat="31.471718091496708" lon="120.25427377143409">
        <ele>6.500298581086099</ele>
        <time>2025-01-10T14:25:59Z</time>
        <extensions>
          <gpxtpx:TrackPointExtension>
            <gpxtpx:hr>177</gpxtpx:hr>
          </gpxtpx:TrackPointExtension>
        </extensions>
      </trkpt>
      <trkpt lat="31.471731583104162" lon="120.25430136469194">
        <ele>6.463578977622092</ele>
        <time>2025-01-10T14:26:00Z</time>
        <extensions>
          <gpxtpx:TrackPointExtension>
            <gpxtpx:hr>177</gpxtpx:hr>
          </gpxtpx:TrackPointExtension>
        </extensions>
      </trkpt>
      <trkpt lat="31.471746449981364" lon="120.25432728280536">
        <ele>6.3981419410556555</ele>
        <time>2025-01-10T14:26:01Z</time>
        <extensions>
          <gpxtpx:TrackPointExtension>
            <gpxtpx:hr>177</gpxtpx:hr>
          </gpxtpx:TrackPointExtension>
        </extensions>
      </trkpt>
      <trkpt lat="31.471764794563498" lon="120.25435202721064">
        <ele>6.328208416700363</ele>
        <time>2025-01-10T14:26:02Z</time>
        <extensions>
          <gpxtpx:TrackPointExtension>
            <gpxtpx:hr>177</gpxtpx:hr>
          </gpxtpx:TrackPointExtension>
        </extensions>
      </trkpt>
      <trkpt lat="31.471785837584367" lon="120.25437627908207">
        <ele>6.242832124233246</ele>
        <time>2025-01-10T14:26:03Z</time>
        <extensions>
          <gpxtpx:TrackPointExtension>
            <gpxtpx:hr>177</gpxtpx:hr>
          </gpxtpx:TrackPointExtension>
        </extensions>
      </trkpt>
      <trkpt lat="31.471806769480335" lon="120.25439878510404">
        <ele>6.14392277225852</ele>
        <time>2025-01-10T14:26:04Z</time>
        <extensions>
          <gpxtpx:TrackPointExtension>
            <gpxtpx:hr>177</gpxtpx:hr>
          </gpxtpx:TrackPointExtension>
        </extensions>
      </trkpt>
      <trkpt lat="31.47182789512335" lon="120.25441949789526">
        <ele>6.053149557672441</ele>
        <time>2025-01-10T14:26:05Z</time>
        <extensions>
          <gpxtpx:TrackPointExtension>
            <gpxtpx:hr>177</gpxtpx:hr>
          </gpxtpx:TrackPointExtension>
        </extensions>
      </trkpt>
      <trkpt lat="31.471851598074533" lon="120.25443887841455">
        <ele>5.959793611429632</ele>
        <time>2025-01-10T14:26:06Z</time>
        <extensions>
          <gpxtpx:TrackPointExtension>
            <gpxtpx:hr>177</gpxtpx:hr>
          </gpxtpx:TrackPointExtension>
        </extensions>
      </trkpt>
      <trkpt lat="31.471877748798956" lon="120.25445580247818">
        <ele>5.852951742708683</ele>
        <time>2025-01-10T14:26:07Z</time>
        <extensions>
          <gpxtpx:TrackPointExtension>
            <gpxtpx:hr>177</gpxtpx:hr>
          </gpxtpx:TrackPointExtension>
        </extensions>
      </trkpt>
      <trkpt lat="31.471903349109148" lon="120.25447023609924">
        <ele>5.737953636795282</ele>
        <time>2025-01-10T14:26:08Z</time>
        <extensions>
          <gpxtpx:TrackPointExtension>
            <gpxtpx:hr>177</gpxtpx:hr>
          </gpxtpx:TrackPointExtension>
        </extensions>
      </trkpt>
      <trkpt lat="31.471928727133655" lon="120.25448340805892">
        <ele>5.640221050940454</ele>
        <time>2025-01-10T14:26:09Z</time>
        <extensions>
          <gpxtpx:TrackPointExtension>
            <gpxtpx:hr>177</gpxtpx:hr>
          </gpxtpx:TrackPointExtension>
        </extensions>
      </trkpt>
      <trkpt lat="31.471954666817794" lon="120.25449517731325">
        <ele>5.537637427449226</ele>
        <time>2025-01-10T14:26:10Z</time>
        <extensions>
          <gpxtpx:TrackPointExtension>
            <gpxtpx:hr>177</gpxtpx:hr>
          </gpxtpx:TrackPointExtension>
        </extensions>
      </trkpt>
      <trkpt lat="31.47198038144866" lon="120.25450446571749">
        <ele>5.44484078977257</ele>
        <time>2025-01-10T14:26:11Z</time>
        <extensions>
          <gpxtpx:TrackPointExtension>
            <gpxtpx:hr>177</gpxtpx:hr>
          </gpxtpx:TrackPointExtension>
        </extensions>
      </trkpt>
      <trkpt lat="31.47200809188435" lon="120.25451061593662">
        <ele>5.323650083504617</ele>
        <time>2025-01-10T14:26:12Z</time>
        <extensions>
          <gpxtpx:TrackPointExtension>
            <gpxtpx:hr>177</gpxtpx:hr>
          </gpxtpx:TrackPointExtension>
        </extensions>
      </trkpt>
      <trkpt lat="31.472038260463727" lon="120.25451373237348">
        <ele>5.21342353336513</ele>
        <time>2025-01-10T14:26:13Z</time>
        <extensions>
          <gpxtpx:TrackPointExtension>
            <gpxtpx:hr>177</gpxtpx:hr>
          </gpxtpx:TrackPointExtension>
        </extensions>
      </trkpt>
      <trkpt lat="31.47206772275975" lon="120.25451680293307">
        <ele>5.11654228810221</ele>
        <time>2025-01-10T14:26:14Z</time>
        <extensions>
          <gpxtpx:TrackPointExtension>
            <gpxtpx:hr>177</gpxtpx:hr>
          </gpxtpx:TrackPointExtension>
        </extensions>
      </trkpt>
      <trkpt lat="31.472096116665426" lon="120.25452220788522">
        <ele>5.005119100213051</ele>
        <time>2025-01-10T14:26:15Z</time>
        <extensions>
          <gpxtpx:TrackPointExtension>
            <gpxtpx:hr>177</gpxtpx:hr>
          </gpxtpx:TrackPointExtension>
        </extensions>
      </trkpt>
      <trkpt lat="31.47212413533633" lon="120.25452889000275">
        <ele>4.914783631451428</ele>
        <time>2025-01-10T14:26:16Z</time>
        <extensions>
          <gpxtpx:TrackPointExtension>
            <gpxtpx:hr>177</gpxtpx:hr>
          </gpxtpx:TrackPointExtension>
        </extensions>
      </trkpt>
      <trkpt lat="31.472149593425566" lon="120.25453640001383">
        <ele>4.835387283936143</ele>
        <time>2025-01-10T14:26:17Z</time>
        <extensions>
          <gpxtpx:TrackPointExtension>
            <gpxtpx:hr>177</gpxtpx:hr>
          </gpxtpx:TrackPointExtension>
        </extensions>
      </trkpt>
      <trkpt lat="31.472174104417743" lon="120.2545431383909">
        <ele>4.764757581055164</ele>
        <time>2025-01-10T14:26:18Z</time>
        <extensions>
          <gpxtpx:TrackPointExtension>
            <gpxtpx:hr>178</gpxtpx:hr>
          </gpxtpx:TrackPointExtension>
        </extensions>
      </trkpt>
      <trkpt lat="31.47220011502026" lon="120.25454768891673">
        <ele>4.721670719794929</ele>
        <time>2025-01-10T14:26:19Z</time>
        <extensions>
          <gpxtpx:TrackPointExtension>
            <gpxtpx:hr>178</gpxtpx:hr>
          </gpxtpx:TrackPointExtension>
        </extensions>
      </trkpt>
      <trkpt lat="31.47222568897482" lon="120.25455051930847">
        <ele>4.680445357225835</ele>
        <time>2025-01-10T14:26:20Z</time>
        <extensions>
          <gpxtpx:TrackPointExtension>
            <gpxtpx:hr>178</gpxtpx:hr>
          </gpxtpx:TrackPointExtension>
        </extensions>
      </trkpt>
      <trkpt lat="31.472250839020457" lon="120.25455280858479">
        <ele>4.65708096884191</ele>
        <time>2025-01-10T14:26:21Z</time>
        <extensions>
          <gpxtpx:TrackPointExtension>
            <gpxtpx:hr>178</gpxtpx:hr>
          </gpxtpx:TrackPointExtension>
        </extensions>
      </trkpt>
      <trkpt lat="31.472277044884358" lon="120.25455728306908">
        <ele>4.65888533834368</ele>
        <time>2025-01-10T14:26:22Z</time>
        <extensions>
          <gpxtpx:TrackPointExtension>
            <gpxtpx:hr>178</gpxtpx:hr>
          </gpxtpx:TrackPointExtension>
        </extensions>
      </trkpt>
      <trkpt lat="31.472302412823623" lon="120.2545648645238">
        <ele>4.64831156283617</ele>
        <time>2025-01-10T14:26:23Z</time>
        <extensions>
          <gpxtpx:TrackPointExtension>
            <gpxtpx:hr>178</gpxtpx:hr>
          </gpxtpx:TrackPointExtension>
        </extensions>
      </trkpt>
      <trkpt lat="31.472327744774685" lon="120.25457341314801">
        <ele>4.642271317541599</ele>
        <time>2025-01-10T14:26:24Z</time>
        <extensions>
          <gpxtpx:TrackPointExtension>
            <gpxtpx:hr>178</gpxtpx:hr>
          </gpxtpx:TrackPointExtension>
        </extensions>
      </trkpt>
      <trkpt lat="31.472355657756022" lon="120.25458083703985">
        <ele>4.644234549254179</ele>
        <time>2025-01-10T14:26:25Z</time>
        <extensions>
          <gpxtpx:TrackPointExtension>
            <gpxtpx:hr>178</gpxtpx:hr>
          </gpxtpx:TrackPointExtension>
        </extensions>
      </trkpt>
      <trkpt lat="31.472384144269107" lon="120.25458740651976">
        <ele>4.648201329633594</ele>
        <time>2025-01-10T14:26:26Z</time>
        <extensions>
          <gpxtpx:TrackPointExtension>
            <gpxtpx:hr>178</gpxtpx:hr>
          </gpxtpx:TrackPointExtension>
        </extensions>
      </trkpt>
      <trkpt lat="31.472411700550673" lon="120.25459296389369">
        <ele>4.677091591991484</ele>
        <time>2025-01-10T14:26:27Z</time>
        <extensions>
          <gpxtpx:TrackPointExtension>
            <gpxtpx:hr>176</gpxtpx:hr>
          </gpxtpx:TrackPointExtension>
        </extensions>
      </trkpt>
      <trkpt lat="31.472439316240866" lon="120.25459672833655">
        <ele>4.698948063887656</ele>
        <time>2025-01-10T14:26:28Z</time>
        <extensions>
          <gpxtpx:TrackPointExtension>
            <gpxtpx:hr>176</gpxtpx:hr>
          </gpxtpx:TrackPointExtension>
        </extensions>
      </trkpt>
      <trkpt lat="31.47246625850522" lon="120.25460005665096">
        <ele>4.7249650582671165</ele>
        <time>2025-01-10T14:26:29Z</time>
        <extensions>
          <gpxtpx:TrackPointExtension>
            <gpxtpx:hr>176</gpxtpx:hr>
          </gpxtpx:TrackPointExtension>
        </extensions>
      </trkpt>
      <trkpt lat="31.472491092396915" lon="120.25460390051627">
        <ele>4.760657141916454</ele>
        <time>2025-01-10T14:26:30Z</time>
        <extensions>
          <gpxtpx:TrackPointExtension>
            <gpxtpx:hr>176</gpxtpx:hr>
          </gpxtpx:TrackPointExtension>
        </extensions>
      </trkpt>
      <trkpt lat="31.47251607807142" lon="120.25460818331945">
        <ele>4.796232535503805</ele>
        <time>2025-01-10T14:26:31Z</time>
        <extensions>
          <gpxtpx:TrackPointExtension>
            <gpxtpx:hr>176</gpxtpx:hr>
          </gpxtpx:TrackPointExtension>
        </extensions>
      </trkpt>
      <trkpt lat="31.472542116543934" lon="120.25461464183073">
        <ele>4.820393763482571</ele>
        <time>2025-01-10T14:26:32Z</time>
        <extensions>
          <gpxtpx:TrackPointExtension>
            <gpxtpx:hr>176</gpxtpx:hr>
          </gpxtpx:TrackPointExtension>
        </extensions>
      </trkpt>
      <trkpt lat="31.472567899338625" lon="120.25462218666837">
        <ele>4.841789831407368</ele>
        <time>2025-01-10T14:26:33Z</time>
        <extensions>
          <gpxtpx:TrackPointExtension>
            <gpxtpx:hr>178</gpxtpx:hr>
          </gpxtpx:TrackPointExtension>
        </extensions>
      </trkpt>
      <trkpt lat="31.472593761581244" lon="120.25462784019777">
        <ele>4.866725352592766</ele>
        <time>2025-01-10T14:26:34Z</time>
        <extensions>
          <gpxtpx:TrackPointExtension>
            <gpxtpx:hr>178</gpxtpx:hr>
          </gpxtpx:TrackPointExtension>
        </extensions>
      </trkpt>
      <trkpt lat="31.47261946351706" lon="120.25463258897705">
        <ele>4.892858347855508</ele>
        <time>2025-01-10T14:26:35Z</time>
        <extensions>
          <gpxtpx:TrackPointExtension>
            <gpxtpx:hr>178</gpxtpx:hr>
          </gpxtpx:TrackPointExtension>
        </extensions>
      </trkpt>
      <trkpt lat="31.47264570634767" lon="120.25463572358039">
        <ele>4.941339679993689</ele>
        <time>2025-01-10T14:26:36Z</time>
        <extensions>
          <gpxtpx:TrackPointExtension>
            <gpxtpx:hr>178</gpxtpx:hr>
          </gpxtpx:TrackPointExtension>
        </extensions>
      </trkpt>
      <trkpt lat="31.47267315711625" lon="120.25463725440919">
        <ele>4.998497294262052</ele>
        <time>2025-01-10T14:26:37Z</time>
        <extensions>
          <gpxtpx:TrackPointExtension>
            <gpxtpx:hr>178</gpxtpx:hr>
          </gpxtpx:TrackPointExtension>
        </extensions>
      </trkpt>
      <trkpt lat="31.47269965133897" lon="120.25464007179313">
        <ele>5.0739509435370564</ele>
        <time>2025-01-10T14:26:38Z</time>
        <extensions>
          <gpxtpx:TrackPointExtension>
            <gpxtpx:hr>179</gpxtpx:hr>
          </gpxtpx:TrackPointExtension>
        </extensions>
      </trkpt>
      <trkpt lat="31.47272504125495" lon="120.25464411485353">
        <ele>5.17550338152796</ele>
        <time>2025-01-10T14:26:39Z</time>
        <extensions>
          <gpxtpx:TrackPointExtension>
            <gpxtpx:hr>179</gpxtpx:hr>
          </gpxtpx:TrackPointExtension>
        </extensions>
      </trkpt>
      <trkpt lat="31.472751763324677" lon="120.25464603332121">
        <ele>5.288521422073245</ele>
        <time>2025-01-10T14:26:40Z</time>
        <extensions>
          <gpxtpx:TrackPointExtension>
            <gpxtpx:hr>179</gpxtpx:hr>
          </gpxtpx:TrackPointExtension>
        </extensions>
      </trkpt>
      <trkpt lat="31.472779134952383" lon="120.25464449261746">
        <ele>5.418067112565041</ele>
        <time>2025-01-10T14:26:41Z</time>
        <extensions>
          <gpxtpx:TrackPointExtension>
            <gpxtpx:hr>179</gpxtpx:hr>
          </gpxtpx:TrackPointExtension>
        </extensions>
      </trkpt>
      <trkpt lat="31.472804945014982" lon="120.25464069285233">
        <ele>5.538880961947143</ele>
        <time>2025-01-10T14:26:42Z</time>
        <extensions>
          <gpxtpx:TrackPointExtension>
            <gpxtpx:hr>179</gpxtpx:hr>
          </gpxtpx:TrackPointExtension>
        </extensions>
      </trkpt>
      <trkpt lat="31.472830508403256" lon="120.25463372008636">
        <ele>5.657920100726187</ele>
        <time>2025-01-10T14:26:43Z</time>
        <extensions>
          <gpxtpx:TrackPointExtension>
            <gpxtpx:hr>179</gpxtpx:hr>
          </gpxtpx:TrackPointExtension>
        </extensions>
      </trkpt>
      <trkpt lat="31.472857408390453" lon="120.25462511931148">
        <ele>5.79898208193481</ele>
        <time>2025-01-10T14:26:44Z</time>
        <extensions>
          <gpxtpx:TrackPointExtension>
            <gpxtpx:hr>179</gpxtpx:hr>
          </gpxtpx:TrackPointExtension>
        </extensions>
      </trkpt>
      <trkpt lat="31.472883234646282" lon="120.2546160611624">
        <ele>5.916756499558687</ele>
        <time>2025-01-10T14:26:45Z</time>
        <extensions>
          <gpxtpx:TrackPointExtension>
            <gpxtpx:hr>179</gpxtpx:hr>
          </gpxtpx:TrackPointExtension>
        </extensions>
      </trkpt>
      <trkpt lat="31.472907465941407" lon="120.254603187029">
        <ele>6.0346610732376575</ele>
        <time>2025-01-10T14:26:46Z</time>
        <extensions>
          <gpxtpx:TrackPointExtension>
            <gpxtpx:hr>180</gpxtpx:hr>
          </gpxtpx:TrackPointExtension>
        </extensions>
      </trkpt>
      <trkpt lat="31.472931034623567" lon="120.25458714303605">
        <ele>6.166317536495626</ele>
        <time>2025-01-10T14:26:47Z</time>
        <extensions>
          <gpxtpx:TrackPointExtension>
            <gpxtpx:hr>180</gpxtpx:hr>
          </gpxtpx:TrackPointExtension>
        </extensions>
      </trkpt>
      <trkpt lat="31.472952796007505" lon="120.25457087155036">
        <ele>6.308521514758468</ele>
        <time>2025-01-10T14:26:48Z</time>
        <extensions>
          <gpxtpx:TrackPointExtension>
            <gpxtpx:hr>180</gpxtpx:hr>
          </gpxtpx:TrackPointExtension>
        </extensions>
      </trkpt>
      <trkpt lat="31.472972934343964" lon="120.25455208528528">
        <ele>6.45923581905663</ele>
        <time>2025-01-10T14:26:49Z</time>
        <extensions>
          <gpxtpx:TrackPointExtension>
            <gpxtpx:hr>180</gpxtpx:hr>
          </gpxtpx:TrackPointExtension>
        </extensions>
      </trkpt>
      <trkpt lat="31.47299190263117" lon="120.25453010464159">
        <ele>6.596835874952376</ele>
        <time>2025-01-10T14:26:50Z</time>
        <extensions>
          <gpxtpx:TrackPointExtension>
            <gpxtpx:hr>179</gpxtpx:hr>
          </gpxtpx:TrackPointExtension>
        </extensions>
      </trkpt>
      <trkpt lat="31.47300902299166" lon="120.2545081668243">
        <ele>6.722321002744138</ele>
        <time>2025-01-10T14:26:51Z</time>
        <extensions>
          <gpxtpx:TrackPointExtension>
            <gpxtpx:hr>179</gpxtpx:hr>
          </gpxtpx:TrackPointExtension>
        </extensions>
      </trkpt>
      <trkpt lat="31.47302404920309" lon="120.25448768411238">
        <ele>6.845310249365866</ele>
        <time>2025-01-10T14:26:52Z</time>
        <extensions>
          <gpxtpx:TrackPointExtension>
            <gpxtpx:hr>179</gpxtpx:hr>
          </gpxtpx:TrackPointExtension>
        </extensions>
      </trkpt>
      <trkpt lat="31.473036824144504" lon="120.25446689428802">
        <ele>6.938617071136832</ele>
        <time>2025-01-10T14:26:53Z</time>
        <extensions>
          <gpxtpx:TrackPointExtension>
            <gpxtpx:hr>179</gpxtpx:hr>
          </gpxtpx:TrackPointExtension>
        </extensions>
      </trkpt>
      <trkpt lat="31.47304832312006" lon="120.25444478348707">
        <ele>7.03163708280772</ele>
        <time>2025-01-10T14:26:54Z</time>
        <extensions>
          <gpxtpx:TrackPointExtension>
            <gpxtpx:hr>179</gpxtpx:hr>
          </gpxtpx:TrackPointExtension>
        </extensions>
      </trkpt>
      <trkpt lat="31.473060619101346" lon="120.25442202510278">
        <ele>7.108250506222248</ele>
        <time>2025-01-10T14:26:55Z</time>
        <extensions>
          <gpxtpx:TrackPointExtension>
            <gpxtpx:hr>179</gpxtpx:hr>
          </gpxtpx:TrackPointExtension>
        </extensions>
      </trkpt>
      <trkpt lat="31.473073471185995" lon="120.25439769676743">
        <ele>7.172662544064224</ele>
        <time>2025-01-10T14:26:56Z</time>
        <extensions>
          <gpxtpx:TrackPointExtension>
            <gpxtpx:hr>181</gpxtpx:hr>
          </gpxtpx:TrackPointExtension>
        </extensions>
      </trkpt>
      <trkpt lat="31.473084465617095" lon="120.25437220715419">
        <ele>7.238149108365178</ele>
        <time>2025-01-10T14:26:57Z</time>
        <extensions>
          <gpxtpx:TrackPointExtension>
            <gpxtpx:hr>181</gpxtpx:hr>
          </gpxtpx:TrackPointExtension>
        </extensions>
      </trkpt>
      <trkpt lat="31.47309228506849" lon="120.25434584759974">
        <ele>7.299599056132138</ele>
        <time>2025-01-10T14:26:58Z</time>
        <extensions>
          <gpxtpx:TrackPointExtension>
            <gpxtpx:hr>181</gpxtpx:hr>
          </gpxtpx:TrackPointExtension>
        </extensions>
      </trkpt>
      <trkpt lat="31.473097075571175" lon="120.25431654093056">
        <ele>7.344388200901449</ele>
        <time>2025-01-10T14:26:59Z</time>
        <extensions>
          <gpxtpx:TrackPointExtension>
            <gpxtpx:hr>181</gpxtpx:hr>
          </gpxtpx:TrackPointExtension>
        </extensions>
      </trkpt>
      <trkpt lat="31.473100780397804" lon="120.25428658298647">
        <ele>7.380924924276769</ele>
        <time>2025-01-10T14:27:00Z</time>
        <extensions>
          <gpxtpx:TrackPointExtension>
            <gpxtpx:hr>181</gpxtpx:hr>
          </gpxtpx:TrackPointExtension>
        </extensions>
      </trkpt>
      <trkpt lat="31.473104271688523" lon="120.2542584379057">
        <ele>7.4001565631479025</ele>
        <time>2025-01-10T14:27:01Z</time>
        <extensions>
          <gpxtpx:TrackPointExtension>
            <gpxtpx:hr>181</gpxtpx:hr>
          </gpxtpx:TrackPointExtension>
        </extensions>
      </trkpt>
      <trkpt lat="31.473106336373604" lon="120.25423092934192">
        <ele>7.415681403130293</ele>
        <time>2025-01-10T14:27:02Z</time>
        <extensions>
          <gpxtpx:TrackPointExtension>
            <gpxtpx:hr>180</gpxtpx:hr>
          </gpxtpx:TrackPointExtension>
        </extensions>
      </trkpt>
      <trkpt lat="31.473107268621067" lon="120.25420363416117">
        <ele>7.432035849429667</ele>
        <time>2025-01-10T14:27:03Z</time>
        <extensions>
          <gpxtpx:TrackPointExtension>
            <gpxtpx:hr>180</gpxtpx:hr>
          </gpxtpx:TrackPointExtension>
        </extensions>
      </trkpt>
      <trkpt lat="31.47310633783732" lon="120.25417708914146">
        <ele>7.43976566195488</ele>
        <time>2025-01-10T14:27:04Z</time>
        <extensions>
          <gpxtpx:TrackPointExtension>
            <gpxtpx:hr>180</gpxtpx:hr>
          </gpxtpx:TrackPointExtension>
        </extensions>
      </trkpt>
      <trkpt lat="31.47310222741776" lon="120.25414980566894">
        <ele>7.430327317677438</ele>
        <time>2025-01-10T14:27:05Z</time>
        <extensions>
          <gpxtpx:TrackPointExtension>
            <gpxtpx:hr>180</gpxtpx:hr>
          </gpxtpx:TrackPointExtension>
        </extensions>
      </trkpt>
      <trkpt lat="31.473094860903394" lon="120.25412174987918">
        <ele>7.403682207688689</ele>
        <time>2025-01-10T14:27:06Z</time>
        <extensions>
          <gpxtpx:TrackPointExtension>
            <gpxtpx:hr>178</gpxtpx:hr>
          </gpxtpx:TrackPointExtension>
        </extensions>
      </trkpt>
      <trkpt lat="31.473086828139255" lon="120.25409342308946">
        <ele>7.387150226160884</ele>
        <time>2025-01-10T14:27:07Z</time>
        <extensions>
          <gpxtpx:TrackPointExtension>
            <gpxtpx:hr>178</gpxtpx:hr>
          </gpxtpx:TrackPointExtension>
        </extensions>
      </trkpt>
      <trkpt lat="31.473078847174516" lon="120.25406626512047">
        <ele>7.3581941751763225</ele>
        <time>2025-01-10T14:27:08Z</time>
        <extensions>
          <gpxtpx:TrackPointExtension>
            <gpxtpx:hr>178</gpxtpx:hr>
          </gpxtpx:TrackPointExtension>
        </extensions>
      </trkpt>
      <trkpt lat="31.473068663416548" lon="120.25404180744708">
        <ele>7.312906509265304</ele>
        <time>2025-01-10T14:27:09Z</time>
        <extensions>
          <gpxtpx:TrackPointExtension>
            <gpxtpx:hr>178</gpxtpx:hr>
          </gpxtpx:TrackPointExtension>
        </extensions>
      </trkpt>
      <trkpt lat="31.473056444971384" lon="120.25401916821434">
        <ele>7.267041465267539</ele>
        <time>2025-01-10T14:27:10Z</time>
        <extensions>
          <gpxtpx:TrackPointExtension>
            <gpxtpx:hr>178</gpxtpx:hr>
          </gpxtpx:TrackPointExtension>
        </extensions>
      </trkpt>
      <trkpt lat="31.47304154051971" lon="120.25399754355944">
        <ele>7.225052748806775</ele>
        <time>2025-01-10T14:27:11Z</time>
        <extensions>
          <gpxtpx:TrackPointExtension>
            <gpxtpx:hr>178</gpxtpx:hr>
          </gpxtpx:TrackPointExtension>
        </extensions>
      </trkpt>
      <trkpt lat="31.473022821290336" lon="120.25397567180694">
        <ele>7.1647144462913275</ele>
        <time>2025-01-10T14:27:12Z</time>
        <extensions>
          <gpxtpx:TrackPointExtension>
            <gpxtpx:hr>178</gpxtpx:hr>
          </gpxtpx:TrackPointExtension>
        </extensions>
      </trkpt>
      <trkpt lat="31.47300339175142" lon="120.2539530383678">
        <ele>7.121492565609515</ele>
        <time>2025-01-10T14:27:13Z</time>
        <extensions>
          <gpxtpx:TrackPointExtension>
            <gpxtpx:hr>178</gpxtpx:hr>
          </gpxtpx:TrackPointExtension>
        </extensions>
      </trkpt>
      <trkpt lat="31.47298457310812" lon="120.253930861687">
        <ele>7.065968826413155</ele>
        <time>2025-01-10T14:27:14Z</time>
        <extensions>
          <gpxtpx:TrackPointExtension>
            <gpxtpx:hr>178</gpxtpx:hr>
          </gpxtpx:TrackPointExtension>
        </extensions>
      </trkpt>
      <trkpt lat="31.472964270105415" lon="120.25391153712353">
        <ele>7.002237850800157</ele>
        <time>2025-01-10T14:27:15Z</time>
        <extensions>
          <gpxtpx:TrackPointExtension>
            <gpxtpx:hr>177</gpxtpx:hr>
          </gpxtpx:TrackPointExtension>
        </extensions>
      </trkpt>
      <trkpt lat="31.47294272795696" lon="120.25389664513307">
        <ele>6.939089915715158</ele>
        <time>2025-01-10T14:27:16Z</time>
        <extensions>
          <gpxtpx:TrackPointExtension>
            <gpxtpx:hr>177</gpxtpx:hr>
          </gpxtpx:TrackPointExtension>
        </extensions>
      </trkpt>
      <trkpt lat="31.472920286902937" lon="120.25388598258256">
        <ele>6.861332289874554</ele>
        <time>2025-01-10T14:27:17Z</time>
        <extensions>
          <gpxtpx:TrackPointExtension>
            <gpxtpx:hr>177</gpxtpx:hr>
          </gpxtpx:TrackPointExtension>
        </extensions>
      </trkpt>
      <trkpt lat="31.472896606030275" lon="120.25387746050079">
        <ele>6.780277227051556</ele>
        <time>2025-01-10T14:27:18Z</time>
        <extensions>
          <gpxtpx:TrackPointExtension>
            <gpxtpx:hr>177</gpxtpx:hr>
          </gpxtpx:TrackPointExtension>
        </extensions>
      </trkpt>
      <trkpt lat="31.472872672499566" lon="120.25386874561617">
        <ele>6.6998044569045305</ele>
        <time>2025-01-10T14:27:19Z</time>
        <extensions>
          <gpxtpx:TrackPointExtension>
            <gpxtpx:hr>177</gpxtpx:hr>
          </gpxtpx:TrackPointExtension>
        </extensions>
      </trkpt>
      <trkpt lat="31.472849452323597" lon="120.25385860153693">
        <ele>6.618741127662361</ele>
        <time>2025-01-10T14:27:20Z</time>
        <extensions>
          <gpxtpx:TrackPointExtension>
            <gpxtpx:hr>177</gpxtpx:hr>
          </gpxtpx:TrackPointExtension>
        </extensions>
      </trkpt>
      <trkpt lat="31.472826729527355" lon="120.25384793182818">
        <ele>6.5497673861682415</ele>
        <time>2025-01-10T14:27:21Z</time>
        <extensions>
          <gpxtpx:TrackPointExtension>
            <gpxtpx:hr>177</gpxtpx:hr>
          </gpxtpx:TrackPointExtension>
        </extensions>
      </trkpt>
      <trkpt lat="31.472803309006817" lon="120.25383895975872">
        <ele>6.4726038835942745</ele>
        <time>2025-01-10T14:27:22Z</time>
        <extensions>
          <gpxtpx:TrackPointExtension>
            <gpxtpx:hr>178</gpxtpx:hr>
          </gpxtpx:TrackPointExtension>
        </extensions>
      </trkpt>
      <trkpt lat="31.472779138932225" lon="120.25383155335471">
        <ele>6.375668451189995</ele>
        <time>2025-01-10T14:27:23Z</time>
        <extensions>
          <gpxtpx:TrackPointExtension>
            <gpxtpx:hr>178</gpxtpx:hr>
          </gpxtpx:TrackPointExtension>
        </extensions>
      </trkpt>
      <trkpt lat="31.47275447433168" lon="120.2538238104011">
        <ele>6.2687036991119385</ele>
        <time>2025-01-10T14:27:24Z</time>
        <extensions>
          <gpxtpx:TrackPointExtension>
            <gpxtpx:hr>178</gpxtpx:hr>
          </gpxtpx:TrackPointExtension>
        </extensions>
      </trkpt>
      <trkpt lat="31.47272859984763" lon="120.25381543479048">
        <ele>6.160671707242727</ele>
        <time>2025-01-10T14:27:25Z</time>
        <extensions>
          <gpxtpx:TrackPointExtension>
            <gpxtpx:hr>178</gpxtpx:hr>
          </gpxtpx:TrackPointExtension>
        </extensions>
      </trkpt>
      <trkpt lat="31.47270349929861" lon="120.25380692543487">
        <ele>6.057835225015879</ele>
        <time>2025-01-10T14:27:26Z</time>
        <extensions>
          <gpxtpx:TrackPointExtension>
            <gpxtpx:hr>178</gpxtpx:hr>
          </gpxtpx:TrackPointExtension>
        </extensions>
      </trkpt>
      <trkpt lat="31.472680513604708" lon="120.25380076197014">
        <ele>5.970345652662218</ele>
        <time>2025-01-10T14:27:27Z</time>
        <extensions>
          <gpxtpx:TrackPointExtension>
            <gpxtpx:hr>178</gpxtpx:hr>
          </gpxtpx:TrackPointExtension>
        </extensions>
      </trkpt>
      <trkpt lat="31.472656727612996" lon="120.2537994056583">
        <ele>5.860848819836974</ele>
        <time>2025-01-10T14:27:28Z</time>
        <extensions>
          <gpxtpx:TrackPointExtension>
            <gpxtpx:hr>178</gpxtpx:hr>
          </gpxtpx:TrackPointExtension>
        </extensions>
      </trkpt>
      <trkpt lat="31.472631844612053" lon="120.25380011735378">
        <ele>5.751536561176181</ele>
        <time>2025-01-10T14:27:29Z</time>
        <extensions>
          <gpxtpx:TrackPointExtension>
            <gpxtpx:hr>178</gpxtpx:hr>
          </gpxtpx:TrackPointExtension>
        </extensions>
      </trkpt>
      <trkpt lat="31.472606570709875" lon="120.25379970538526">
        <ele>5.652149585075676</ele>
        <time>2025-01-10T14:27:30Z</time>
        <extensions>
          <gpxtpx:TrackPointExtension>
            <gpxtpx:hr>178</gpxtpx:hr>
          </gpxtpx:TrackPointExtension>
        </extensions>
      </trkpt>
      <trkpt lat="31.47257939202243" lon="120.25379755232747">
        <ele>5.551698551513255</ele>
        <time>2025-01-10T14:27:31Z</time>
        <extensions>
          <gpxtpx:TrackPointExtension>
            <gpxtpx:hr>178</gpxtpx:hr>
          </gpxtpx:TrackPointExtension>
        </extensions>
      </trkpt>
      <trkpt lat="31.472550940291327" lon="120.25379173011076">
        <ele>5.452078512869775</ele>
        <time>2025-01-10T14:27:32Z</time>
        <extensions>
          <gpxtpx:TrackPointExtension>
            <gpxtpx:hr>175</gpxtpx:hr>
          </gpxtpx:TrackPointExtension>
        </extensions>
      </trkpt>
      <trkpt lat="31.472523644905205" lon="120.2537841305099">
        <ele>5.36025523673743</ele>
        <time>2025-01-10T14:27:33Z</time>
        <extensions>
          <gpxtpx:TrackPointExtension>
            <gpxtpx:hr>175</gpxtpx:hr>
          </gpxtpx:TrackPointExtension>
        </extensions>
      </trkpt>
      <trkpt lat="31.472498297176426" lon="120.25377836372394">
        <ele>5.274031586945057</ele>
        <time>2025-01-10T14:27:34Z</time>
        <extensions>
          <gpxtpx:TrackPointExtension>
            <gpxtpx:hr>175</gpxtpx:hr>
          </gpxtpx:TrackPointExtension>
        </extensions>
      </trkpt>
      <trkpt lat="31.472473621797302" lon="120.25377326768262">
        <ele>5.187983061186969</ele>
        <time>2025-01-10T14:27:35Z</time>
        <extensions>
          <gpxtpx:TrackPointExtension>
            <gpxtpx:hr>175</gpxtpx:hr>
          </gpxtpx:TrackPointExtension>
        </extensions>
      </trkpt>
      <trkpt lat="31.472448728527457" lon="120.25376631832044">
        <ele>5.114993500523269</ele>
        <time>2025-01-10T14:27:36Z</time>
        <extensions>
          <gpxtpx:TrackPointExtension>
            <gpxtpx:hr>175</gpxtpx:hr>
          </gpxtpx:TrackPointExtension>
        </extensions>
      </trkpt>
      <trkpt lat="31.47242355235563" lon="120.2537581080723">
        <ele>5.049764211289585</ele>
        <time>2025-01-10T14:27:37Z</time>
        <extensions>
          <gpxtpx:TrackPointExtension>
            <gpxtpx:hr>175</gpxtpx:hr>
          </gpxtpx:TrackPointExtension>
        </extensions>
      </trkpt>
      <trkpt lat="31.47239818138793" lon="120.25375080757065">
        <ele>4.991405651904643</ele>
        <time>2025-01-10T14:27:38Z</time>
        <extensions>
          <gpxtpx:TrackPointExtension>
            <gpxtpx:hr>175</gpxtpx:hr>
          </gpxtpx:TrackPointExtension>
        </extensions>
      </trkpt>
      <trkpt lat="31.472374166773907" lon="120.25374497761271">
        <ele>4.935864480212331</ele>
        <time>2025-01-10T14:27:39Z</time>
        <extensions>
          <gpxtpx:TrackPointExtension>
            <gpxtpx:hr>175</gpxtpx:hr>
          </gpxtpx:TrackPointExtension>
        </extensions>
      </trkpt>
      <trkpt lat="31.472351756266747" lon="120.253740697275">
        <ele>4.880686153657734</ele>
        <time>2025-01-10T14:27:40Z</time>
        <extensions>
          <gpxtpx:TrackPointExtension>
            <gpxtpx:hr>175</gpxtpx:hr>
          </gpxtpx:TrackPointExtension>
        </extensions>
      </trkpt>
      <trkpt lat="31.47232925296477" lon="120.25373786862303">
        <ele>4.854055010713637</ele>
        <time>2025-01-10T14:27:41Z</time>
        <extensions>
          <gpxtpx:TrackPointExtension>
            <gpxtpx:hr>175</gpxtpx:hr>
          </gpxtpx:TrackPointExtension>
        </extensions>
      </trkpt>
      <trkpt lat="31.472305963172317" lon="120.25373524655177">
        <ele>4.836746119894087</ele>
        <time>2025-01-10T14:27:42Z</time>
        <extensions>
          <gpxtpx:TrackPointExtension>
            <gpxtpx:hr>175</gpxtpx:hr>
          </gpxtpx:TrackPointExtension>
        </extensions>
      </trkpt>
      <trkpt lat="31.4722830150583" lon="120.25373349173438">
        <ele>4.840569537132978</ele>
        <time>2025-01-10T14:27:43Z</time>
        <extensions>
          <gpxtpx:TrackPointExtension>
            <gpxtpx:hr>175</gpxtpx:hr>
          </gpxtpx:TrackPointExtension>
        </extensions>
      </trkpt>
      <trkpt lat="31.472260156455402" lon="120.25373401278635">
        <ele>4.863124377094209</ele>
        <time>2025-01-10T14:27:44Z</time>
        <extensions>
          <gpxtpx:TrackPointExtension>
            <gpxtpx:hr>175</gpxtpx:hr>
          </gpxtpx:TrackPointExtension>
        </extensions>
      </trkpt>
      <trkpt lat="31.472236024373206" lon="120.25373461193371">
        <ele>4.894304580055177</ele>
        <time>2025-01-10T14:27:45Z</time>
        <extensions>
          <gpxtpx:TrackPointExtension>
            <gpxtpx:hr>175</gpxtpx:hr>
          </gpxtpx:TrackPointExtension>
        </extensions>
      </trkpt>
      <trkpt lat="31.472211344215008" lon="120.25373292441672">
        <ele>4.9222471341490746</ele>
        <time>2025-01-10T14:27:46Z</time>
        <extensions>
          <gpxtpx:TrackPointExtension>
            <gpxtpx:hr>175</gpxtpx:hr>
          </gpxtpx:TrackPointExtension>
        </extensions>
      </trkpt>
      <trkpt lat="31.472187731267322" lon="120.25372963938943">
        <ele>4.969333947636187</ele>
        <time>2025-01-10T14:27:47Z</time>
        <extensions>
          <gpxtpx:TrackPointExtension>
            <gpxtpx:hr>172</gpxtpx:hr>
          </gpxtpx:TrackPointExtension>
        </extensions>
      </trkpt>
      <trkpt lat="31.47216519081674" lon="120.25372537266227">
        <ele>5.0266429195180535</ele>
        <time>2025-01-10T14:27:48Z</time>
        <extensions>
          <gpxtpx:TrackPointExtension>
            <gpxtpx:hr>172</gpxtpx:hr>
          </gpxtpx:TrackPointExtension>
        </extensions>
      </trkpt>
      <trkpt lat="31.47214352261806" lon="120.25371933861531">
        <ele>5.099118149839342</ele>
        <time>2025-01-10T14:27:49Z</time>
        <extensions>
          <gpxtpx:TrackPointExtension>
            <gpxtpx:hr>172</gpxtpx:hr>
          </gpxtpx:TrackPointExtension>
        </extensions>
      </trkpt>
      <trkpt lat="31.472122462107418" lon="120.25371347146306">
        <ele>5.196292136795819</ele>
        <time>2025-01-10T14:27:50Z</time>
        <extensions>
          <gpxtpx:TrackPointExtension>
            <gpxtpx:hr>172</gpxtpx:hr>
          </gpxtpx:TrackPointExtension>
        </extensions>
      </trkpt>
      <trkpt lat="31.472100787768433" lon="120.25370890972479">
        <ele>5.2975477539002895</ele>
        <time>2025-01-10T14:27:51Z</time>
        <extensions>
          <gpxtpx:TrackPointExtension>
            <gpxtpx:hr>172</gpxtpx:hr>
          </gpxtpx:TrackPointExtension>
        </extensions>
      </trkpt>
      <trkpt lat="31.472078912654975" lon="120.25370349529577">
        <ele>5.412299524061382</ele>
        <time>2025-01-10T14:27:52Z</time>
        <extensions>
          <gpxtpx:TrackPointExtension>
            <gpxtpx:hr>172</gpxtpx:hr>
          </gpxtpx:TrackPointExtension>
        </extensions>
      </trkpt>
      <trkpt lat="31.472057161019087" lon="120.253698221825">
        <ele>5.512637892737985</ele>
        <time>2025-01-10T14:27:53Z</time>
        <extensions>
          <gpxtpx:TrackPointExtension>
            <gpxtpx:hr>172</gpxtpx:hr>
          </gpxtpx:TrackPointExtension>
        </extensions>
      </trkpt>
      <trkpt lat="31.472034215965756" lon="120.25369718331623">
        <ele>5.5875094356015325</ele>
        <time>2025-01-10T14:27:54Z</time>
        <extensions>
          <gpxtpx:TrackPointExtension>
            <gpxtpx:hr>173</gpxtpx:hr>
          </gpxtpx:TrackPointExtension>
        </extensions>
      </trkpt>
      <trkpt lat="31.47201005397456" lon="120.25369942502614">
        <ele>5.690223101526499</ele>
        <time>2025-01-10T14:27:55Z</time>
        <extensions>
          <gpxtpx:TrackPointExtension>
            <gpxtpx:hr>173</gpxtpx:hr>
          </gpxtpx:TrackPointExtension>
        </extensions>
      </trkpt>
      <trkpt lat="31.47198532537991" lon="120.25370302703575">
        <ele>5.79217154532671</ele>
        <time>2025-01-10T14:27:56Z</time>
        <extensions>
          <gpxtpx:TrackPointExtension>
            <gpxtpx:hr>173</gpxtpx:hr>
          </gpxtpx:TrackPointExtension>
        </extensions>
      </trkpt>
      <trkpt lat="31.47196080357199" lon="120.25370987627736">
        <ele>5.901520196348429</ele>
        <time>2025-01-10T14:27:57Z</time>
        <extensions>
          <gpxtpx:TrackPointExtension>
            <gpxtpx:hr>173</gpxtpx:hr>
          </gpxtpx:TrackPointExtension>
        </extensions>
      </trkpt>
      <trkpt lat="31.47193715088273" lon="120.25372015419684">
        <ele>6.001868418417871</ele>
        <time>2025-01-10T14:27:58Z</time>
        <extensions>
          <gpxtpx:TrackPointExtension>
            <gpxtpx:hr>173</gpxtpx:hr>
          </gpxtpx:TrackPointExtension>
        </extensions>
      </trkpt>
      <trkpt lat="31.471914477292778" lon="120.25373178494661">
        <ele>6.110410057939589</ele>
        <time>2025-01-10T14:27:59Z</time>
        <extensions>
          <gpxtpx:TrackPointExtension>
            <gpxtpx:hr>173</gpxtpx:hr>
          </gpxtpx:TrackPointExtension>
        </extensions>
      </trkpt>
      <trkpt lat="31.47189231823604" lon="120.25374437376786">
        <ele>6.218582312576473</ele>
        <time>2025-01-10T14:28:00Z</time>
        <extensions>
          <gpxtpx:TrackPointExtension>
            <gpxtpx:hr>173</gpxtpx:hr>
          </gpxtpx:TrackPointExtension>
        </extensions>
      </trkpt>
      <trkpt lat="31.471869885197695" lon="120.25376049845194">
        <ele>6.299166493117809</ele>
        <time>2025-01-10T14:28:01Z</time>
        <extensions>
          <gpxtpx:TrackPointExtension>
            <gpxtpx:hr>174</gpxtpx:hr>
          </gpxtpx:TrackPointExtension>
        </extensions>
      </trkpt>
      <trkpt lat="31.47184829831688" lon="120.25377887576448">
        <ele>6.38130434975028</ele>
        <time>2025-01-10T14:28:02Z</time>
        <extensions>
          <gpxtpx:TrackPointExtension>
            <gpxtpx:hr>174</gpxtpx:hr>
          </gpxtpx:TrackPointExtension>
        </extensions>
      </trkpt>
      <trkpt lat="31.471829068829134" lon="120.25379568046594">
        <ele>6.461181937716901</ele>
        <time>2025-01-10T14:28:03Z</time>
        <extensions>
          <gpxtpx:TrackPointExtension>
            <gpxtpx:hr>174</gpxtpx:hr>
          </gpxtpx:TrackPointExtension>
        </extensions>
      </trkpt>
      <trkpt lat="31.471812225380077" lon="120.25381084674176">
        <ele>6.515709207393229</ele>
        <time>2025-01-10T14:28:04Z</time>
        <extensions>
          <gpxtpx:TrackPointExtension>
            <gpxtpx:hr>174</gpxtpx:hr>
          </gpxtpx:TrackPointExtension>
        </extensions>
      </trkpt>
      <trkpt lat="31.471796091928336" lon="120.25382813941503">
        <ele>6.546150170266628</ele>
        <time>2025-01-10T14:28:05Z</time>
        <extensions>
          <gpxtpx:TrackPointExtension>
            <gpxtpx:hr>174</gpxtpx:hr>
          </gpxtpx:TrackPointExtension>
        </extensions>
      </trkpt>
      <trkpt lat="31.47177898732461" lon="120.25385053108307">
        <ele>6.565520443022251</ele>
        <time>2025-01-10T14:28:06Z</time>
        <extensions>
          <gpxtpx:TrackPointExtension>
            <gpxtpx:hr>174</gpxtpx:hr>
          </gpxtpx:TrackPointExtension>
        </extensions>
      </trkpt>
      <trkpt lat="31.471761922698867" lon="120.25387607810289">
        <ele>6.586191400885582</ele>
        <time>2025-01-10T14:28:07Z</time>
        <extensions>
          <gpxtpx:TrackPointExtension>
            <gpxtpx:hr>174</gpxtpx:hr>
          </gpxtpx:TrackPointExtension>
        </extensions>
      </trkpt>
      <trkpt lat="31.47174691067218" lon="120.25390162200095">
        <ele>6.609115274623036</ele>
        <time>2025-01-10T14:28:08Z</time>
        <extensions>
          <gpxtpx:TrackPointExtension>
            <gpxtpx:hr>174</gpxtpx:hr>
          </gpxtpx:TrackPointExtension>
        </extensions>
      </trkpt>
      <trkpt lat="31.471733619590932" lon="120.25392547818815">
        <ele>6.611498259007931</ele>
        <time>2025-01-10T14:28:09Z</time>
        <extensions>
          <gpxtpx:TrackPointExtension>
            <gpxtpx:hr>174</gpxtpx:hr>
          </gpxtpx:TrackPointExtension>
        </extensions>
      </trkpt>
      <trkpt lat="31.471721752979658" lon="120.25394940712796">
        <ele>6.6011479729786515</ele>
        <time>2025-01-10T14:28:10Z</time>
        <extensions>
          <gpxtpx:TrackPointExtension>
            <gpxtpx:hr>174</gpxtpx:hr>
          </gpxtpx:TrackPointExtension>
        </extensions>
      </trkpt>
      <trkpt lat="31.47171163823961" lon="120.25397550638667">
        <ele>6.576501428149641</ele>
        <time>2025-01-10T14:28:11Z</time>
        <extensions>
          <gpxtpx:TrackPointExtension>
            <gpxtpx:hr>174</gpxtpx:hr>
          </gpxtpx:TrackPointExtension>
        </extensions>
      </trkpt>
      <trkpt lat="31.471702240800283" lon="120.254002602445">
        <ele>6.539059077389538</ele>
        <time>2025-01-10T14:28:12Z</time>
        <extensions>
          <gpxtpx:TrackPointExtension>
            <gpxtpx:hr>174</gpxtpx:hr>
          </gpxtpx:TrackPointExtension>
        </extensions>
      </trkpt>
      <trkpt lat="31.471694520027214" lon="120.25403030972939">
        <ele>6.501281604170799</ele>
        <time>2025-01-10T14:28:13Z</time>
        <extensions>
          <gpxtpx:TrackPointExtension>
            <gpxtpx:hr>174</gpxtpx:hr>
          </gpxtpx:TrackPointExtension>
        </extensions>
      </trkpt>
      <trkpt lat="31.471692446706992" lon="120.25405870333462">
        <ele>6.465962693095207</ele>
        <time>2025-01-10T14:28:14Z</time>
        <extensions>
          <gpxtpx:TrackPointExtension>
            <gpxtpx:hr>175</gpxtpx:hr>
          </gpxtpx:TrackPointExtension>
        </extensions>
      </trkpt>
      <trkpt lat="31.471695382783366" lon="120.25408656074411">
        <ele>6.419573029503226</ele>
        <time>2025-01-10T14:28:15Z</time>
        <extensions>
          <gpxtpx:TrackPointExtension>
            <gpxtpx:hr>175</gpxtpx:hr>
          </gpxtpx:TrackPointExtension>
        </extensions>
      </trkpt>
      <trkpt lat="31.471699080086417" lon="120.25411420411027">
        <ele>6.366230412386358</ele>
        <time>2025-01-10T14:28:16Z</time>
        <extensions>
          <gpxtpx:TrackPointExtension>
            <gpxtpx:hr>175</gpxtpx:hr>
          </gpxtpx:TrackPointExtension>
        </extensions>
      </trkpt>
      <trkpt lat="31.471702982722" lon="120.25414265395996">
        <ele>6.317669534124434</ele>
        <time>2025-01-10T14:28:17Z</time>
        <extensions>
          <gpxtpx:TrackPointExtension>
            <gpxtpx:hr>175</gpxtpx:hr>
          </gpxtpx:TrackPointExtension>
        </extensions>
      </trkpt>
      <trkpt lat="31.471708355034497" lon="120.2541714462237">
        <ele>6.265886479988694</ele>
        <time>2025-01-10T14:28:18Z</time>
        <extensions>
          <gpxtpx:TrackPointExtension>
            <gpxtpx:hr>175</gpxtpx:hr>
          </gpxtpx:TrackPointExtension>
        </extensions>
      </trkpt>
      <trkpt lat="31.471713782369086" lon="120.25420066043756">
        <ele>6.1946727046743035</ele>
        <time>2025-01-10T14:28:19Z</time>
        <extensions>
          <gpxtpx:TrackPointExtension>
            <gpxtpx:hr>175</gpxtpx:hr>
          </gpxtpx:TrackPointExtension>
        </extensions>
      </trkpt>
      <trkpt lat="31.471719273816085" lon="120.2542307593354">
        <ele>6.146010383032262</ele>
        <time>2025-01-10T14:28:20Z</time>
        <extensions>
          <gpxtpx:TrackPointExtension>
            <gpxtpx:hr>175</gpxtpx:hr>
          </gpxtpx:TrackPointExtension>
        </extensions>
      </trkpt>
      <trkpt lat="31.471728371132773" lon="120.25426005193725">
        <ele>6.062995303422213</ele>
        <time>2025-01-10T14:28:21Z</time>
        <extensions>
          <gpxtpx:TrackPointExtension>
            <gpxtpx:hr>175</gpxtpx:hr>
          </gpxtpx:TrackPointExtension>
        </extensions>
      </trkpt>
      <trkpt lat="31.471741533262986" lon="120.25428837884883">
        <ele>5.975376203656197</ele>
        <time>2025-01-10T14:28:22Z</time>
        <extensions>
          <gpxtpx:TrackPointExtension>
            <gpxtpx:hr>176</gpxtpx:hr>
          </gpxtpx:TrackPointExtension>
        </extensions>
      </trkpt>
      <trkpt lat="31.47175680668628" lon="120.25431625297999">
        <ele>5.881479931995273</ele>
        <time>2025-01-10T14:28:23Z</time>
        <extensions>
          <gpxtpx:TrackPointExtension>
            <gpxtpx:hr>176</gpxtpx:hr>
          </gpxtpx:TrackPointExtension>
        </extensions>
      </trkpt>
      <trkpt lat="31.471773286933416" lon="120.25434139036942">
        <ele>5.780328464694321</ele>
        <time>2025-01-10T14:28:24Z</time>
        <extensions>
          <gpxtpx:TrackPointExtension>
            <gpxtpx:hr>176</gpxtpx:hr>
          </gpxtpx:TrackPointExtension>
        </extensions>
      </trkpt>
      <trkpt lat="31.47179137121798" lon="120.25436535850667">
        <ele>5.660537490621209</ele>
        <time>2025-01-10T14:28:25Z</time>
        <extensions>
          <gpxtpx:TrackPointExtension>
            <gpxtpx:hr>176</gpxtpx:hr>
          </gpxtpx:TrackPointExtension>
        </extensions>
      </trkpt>
      <trkpt lat="31.471810145036482" lon="120.25439017986442">
        <ele>5.557474742643535</ele>
        <time>2025-01-10T14:28:26Z</time>
        <extensions>
          <gpxtpx:TrackPointExtension>
            <gpxtpx:hr>176</gpxtpx:hr>
          </gpxtpx:TrackPointExtension>
        </extensions>
      </trkpt>
      <trkpt lat="31.47182704144923" lon="120.25441216169745">
        <ele>5.445352616719902</ele>
        <time>2025-01-10T14:28:27Z</time>
        <extensions>
          <gpxtpx:TrackPointExtension>
            <gpxtpx:hr>176</gpxtpx:hr>
          </gpxtpx:TrackPointExtension>
        </extensions>
      </trkpt>
      <trkpt lat="31.471844292006175" lon="120.25442958744068">
        <ele>5.324073929339647</ele>
        <time>2025-01-10T14:28:28Z</time>
        <extensions>
          <gpxtpx:TrackPointExtension>
            <gpxtpx:hr>174</gpxtpx:hr>
          </gpxtpx:TrackPointExtension>
        </extensions>
      </trkpt>
      <trkpt lat="31.47186433991499" lon="120.25444616372728">
        <ele>5.215715663507581</ele>
        <time>2025-01-10T14:28:29Z</time>
        <extensions>
          <gpxtpx:TrackPointExtension>
            <gpxtpx:hr>174</gpxtpx:hr>
          </gpxtpx:TrackPointExtension>
        </extensions>
      </trkpt>
      <trkpt lat="31.471886466283948" lon="120.25446121268506">
        <ele>5.0975049855187535</ele>
        <time>2025-01-10T14:28:30Z</time>
        <extensions>
          <gpxtpx:TrackPointExtension>
            <gpxtpx:hr>174</gpxtpx:hr>
          </gpxtpx:TrackPointExtension>
        </extensions>
      </trkpt>
      <trkpt lat="31.471910904535378" lon="120.25447314821825">
        <ele>5.002815869636834</ele>
        <time>2025-01-10T14:28:31Z</time>
        <extensions>
          <gpxtpx:TrackPointExtension>
            <gpxtpx:hr>174</gpxtpx:hr>
          </gpxtpx:TrackPointExtension>
        </extensions>
      </trkpt>
      <trkpt lat="31.471938237186663" lon="120.25448339077317">
        <ele>4.914330980740488</ele>
        <time>2025-01-10T14:28:32Z</time>
        <extensions>
          <gpxtpx:TrackPointExtension>
            <gpxtpx:hr>174</gpxtpx:hr>
          </gpxtpx:TrackPointExtension>
        </extensions>
      </trkpt>
      <trkpt lat="31.471966770828676" lon="120.25449119698801">
        <ele>4.83415811508894</ele>
        <time>2025-01-10T14:28:33Z</time>
        <extensions>
          <gpxtpx:TrackPointExtension>
            <gpxtpx:hr>174</gpxtpx:hr>
          </gpxtpx:TrackPointExtension>
        </extensions>
      </trkpt>
      <trkpt lat="31.471993263518034" lon="120.25449748511143">
        <ele>4.771563805639744</ele>
        <time>2025-01-10T14:28:34Z</time>
        <extensions>
          <gpxtpx:TrackPointExtension>
            <gpxtpx:hr>174</gpxtpx:hr>
          </gpxtpx:TrackPointExtension>
        </extensions>
      </trkpt>
      <trkpt lat="31.472019128718035" lon="120.25450290650532">
        <ele>4.722980562597513</ele>
        <time>2025-01-10T14:28:35Z</time>
        <extensions>
          <gpxtpx:TrackPointExtension>
            <gpxtpx:hr>174</gpxtpx:hr>
          </gpxtpx:TrackPointExtension>
        </extensions>
      </trkpt>
      <trkpt lat="31.47204650743548" lon="120.2545070930448">
        <ele>4.679959060624242</ele>
        <time>2025-01-10T14:28:36Z</time>
        <extensions>
          <gpxtpx:TrackPointExtension>
            <gpxtpx:hr>175</gpxtpx:hr>
          </gpxtpx:TrackPointExtension>
        </extensions>
      </trkpt>
      <trkpt lat="31.472073740321612" lon="120.25451131441388">
        <ele>4.651837755925953</ele>
        <time>2025-01-10T14:28:37Z</time>
        <extensions>
          <gpxtpx:TrackPointExtension>
            <gpxtpx:hr>175</gpxtpx:hr>
          </gpxtpx:TrackPointExtension>
        </extensions>
      </trkpt>
      <trkpt lat="31.4721007572433" lon="120.25451565333516">
        <ele>4.644853879697621</ele>
        <time>2025-01-10T14:28:38Z</time>
        <extensions>
          <gpxtpx:TrackPointExtension>
            <gpxtpx:hr>175</gpxtpx:hr>
          </gpxtpx:TrackPointExtension>
        </extensions>
      </trkpt>
      <trkpt lat="31.47212935316656" lon="120.25452053268438">
        <ele>4.613289861008525</ele>
        <time>2025-01-10T14:28:39Z</time>
        <extensions>
          <gpxtpx:TrackPointExtension>
            <gpxtpx:hr>175</gpxtpx:hr>
          </gpxtpx:TrackPointExtension>
        </extensions>
      </trkpt>
      <trkpt lat="31.47215759742874" lon="120.25452829452463">
        <ele>4.598211085423827</ele>
        <time>2025-01-10T14:28:40Z</time>
        <extensions>
          <gpxtpx:TrackPointExtension>
            <gpxtpx:hr>175</gpxtpx:hr>
          </gpxtpx:TrackPointExtension>
        </extensions>
      </trkpt>
      <trkpt lat="31.472184342089285" lon="120.2545363935278">
        <ele>4.608007460832596</ele>
        <time>2025-01-10T14:28:41Z</time>
        <extensions>
          <gpxtpx:TrackPointExtension>
            <gpxtpx:hr>175</gpxtpx:hr>
          </gpxtpx:TrackPointExtension>
        </extensions>
      </trkpt>
      <trkpt lat="31.472211986737072" lon="120.25454246849559">
        <ele>4.611276526004076</ele>
        <time>2025-01-10T14:28:42Z</time>
        <extensions>
          <gpxtpx:TrackPointExtension>
            <gpxtpx:hr>175</gpxtpx:hr>
          </gpxtpx:TrackPointExtension>
        </extensions>
      </trkpt>
      <trkpt lat="31.472240105766904" lon="120.25454820554367">
        <ele>4.614932018332183</ele>
        <time>2025-01-10T14:28:43Z</time>
        <extensions>
          <gpxtpx:TrackPointExtension>
            <gpxtpx:hr>179</gpxtpx:hr>
          </gpxtpx:TrackPointExtension>
        </extensions>
      </trkpt>
      <trkpt lat="31.472266093866672" lon="120.2545531534322">
        <ele>4.632782148197293</ele>
        <time>2025-01-10T14:28:44Z</time>
        <extensions>
          <gpxtpx:TrackPointExtension>
            <gpxtpx:hr>179</gpxtpx:hr>
          </gpxtpx:TrackPointExtension>
        </extensions>
      </trkpt>
      <trkpt lat="31.47229091766975" lon="120.25455752005537">
        <ele>4.664597378112376</ele>
        <time>2025-01-10T14:28:45Z</time>
        <extensions>
          <gpxtpx:TrackPointExtension>
            <gpxtpx:hr>179</gpxtpx:hr>
          </gpxtpx:TrackPointExtension>
        </extensions>
      </trkpt>
      <trkpt lat="31.472315657341362" lon="120.25456340602366">
        <ele>4.705000150948763</ele>
        <time>2025-01-10T14:28:46Z</time>
        <extensions>
          <gpxtpx:TrackPointExtension>
            <gpxtpx:hr>179</gpxtpx:hr>
          </gpxtpx:TrackPointExtension>
        </extensions>
      </trkpt>
      <trkpt lat="31.47233996002814" lon="120.25457103598299">
        <ele>4.7441005958244205</ele>
        <time>2025-01-10T14:28:47Z</time>
        <extensions>
          <gpxtpx:TrackPointExtension>
            <gpxtpx:hr>179</gpxtpx:hr>
          </gpxtpx:TrackPointExtension>
        </extensions>
      </trkpt>
      <trkpt lat="31.472364948151107" lon="120.25457746126104">
        <ele>4.777595122344792</ele>
        <time>2025-01-10T14:28:48Z</time>
        <extensions>
          <gpxtpx:TrackPointExtension>
            <gpxtpx:hr>179</gpxtpx:hr>
          </gpxtpx:TrackPointExtension>
        </extensions>
      </trkpt>
      <trkpt lat="31.47239221248875" lon="120.25458068695924">
        <ele>4.8163846377283335</ele>
        <time>2025-01-10T14:28:49Z</time>
        <extensions>
          <gpxtpx:TrackPointExtension>
            <gpxtpx:hr>179</gpxtpx:hr>
          </gpxtpx:TrackPointExtension>
        </extensions>
      </trkpt>
      <trkpt lat="31.472420193803444" lon="120.254583447953">
        <ele>4.839167328551412</ele>
        <time>2025-01-10T14:28:50Z</time>
        <extensions>
          <gpxtpx:TrackPointExtension>
            <gpxtpx:hr>179</gpxtpx:hr>
          </gpxtpx:TrackPointExtension>
        </extensions>
      </trkpt>
      <trkpt lat="31.472447192991183" lon="120.25458801886396">
        <ele>4.856652862392366</ele>
        <time>2025-01-10T14:28:51Z</time>
        <extensions>
          <gpxtpx:TrackPointExtension>
            <gpxtpx:hr>179</gpxtpx:hr>
          </gpxtpx:TrackPointExtension>
        </extensions>
      </trkpt>
      <trkpt lat="31.472474724882627" lon="120.25459327874937">
        <ele>4.930849713273346</ele>
        <time>2025-01-10T14:28:52Z</time>
        <extensions>
          <gpxtpx:TrackPointExtension>
            <gpxtpx:hr>179</gpxtpx:hr>
          </gpxtpx:TrackPointExtension>
        </extensions>
      </trkpt>
      <trkpt lat="31.472503000345295" lon="120.25459952405507">
        <ele>5.002617111429572</ele>
        <time>2025-01-10T14:28:53Z</time>
        <extensions>
          <gpxtpx:TrackPointExtension>
            <gpxtpx:hr>179</gpxtpx:hr>
          </gpxtpx:TrackPointExtension>
        </extensions>
      </trkpt>
      <trkpt lat="31.472531026345386" lon="120.25460547806334">
        <ele>5.0600693533197045</ele>
        <time>2025-01-10T14:28:54Z</time>
        <extensions>
          <gpxtpx:TrackPointExtension>
            <gpxtpx:hr>179</gpxtpx:hr>
          </gpxtpx:TrackPointExtension>
        </extensions>
      </trkpt>
      <trkpt lat="31.472559814234693" lon="120.25460959814083">
        <ele>5.146852544508874</ele>
        <time>2025-01-10T14:28:55Z</time>
        <extensions>
          <gpxtpx:TrackPointExtension>
            <gpxtpx:hr>179</gpxtpx:hr>
          </gpxtpx:TrackPointExtension>
        </extensions>
      </trkpt>
      <trkpt lat="31.472589772331236" lon="120.25461329556774">
        <ele>5.222765668295324</ele>
        <time>2025-01-10T14:28:56Z</time>
        <extensions>
          <gpxtpx:TrackPointExtension>
            <gpxtpx:hr>179</gpxtpx:hr>
          </gpxtpx:TrackPointExtension>
        </extensions>
      </trkpt>
      <trkpt lat="31.47261893012164" lon="120.25461772627065">
        <ele>5.288639480248094</ele>
        <time>2025-01-10T14:28:57Z</time>
        <extensions>
          <gpxtpx:TrackPointExtension>
            <gpxtpx:hr>179</gpxtpx:hr>
          </gpxtpx:TrackPointExtension>
        </extensions>
      </trkpt>
      <trkpt lat="31.47264738173905" lon="120.25462291477848">
        <ele>5.365291320718825</ele>
        <time>2025-01-10T14:28:58Z</time>
        <extensions>
          <gpxtpx:TrackPointExtension>
            <gpxtpx:hr>179</gpxtpx:hr>
          </gpxtpx:TrackPointExtension>
        </extensions>
      </trkpt>
      <trkpt lat="31.4726759306454" lon="120.2546280741312">
        <ele>5.45138633903116</ele>
        <time>2025-01-10T14:28:59Z</time>
        <extensions>
          <gpxtpx:TrackPointExtension>
            <gpxtpx:hr>179</gpxtpx:hr>
          </gpxtpx:TrackPointExtension>
        </extensions>
      </trkpt>
      <trkpt lat="31.472703674517067" lon="120.25463334048645">
        <ele>5.546102890744805</ele>
        <time>2025-01-10T14:29:00Z</time>
        <extensions>
          <gpxtpx:TrackPointExtension>
            <gpxtpx:hr>179</gpxtpx:hr>
          </gpxtpx:TrackPointExtension>
        </extensions>
      </trkpt>
      <trkpt lat="31.472731093610363" lon="120.25463837189486">
        <ele>5.642461620271206</ele>
        <time>2025-01-10T14:29:01Z</time>
        <extensions>
          <gpxtpx:TrackPointExtension>
            <gpxtpx:hr>179</gpxtpx:hr>
          </gpxtpx:TrackPointExtension>
        </extensions>
      </trkpt>
      <trkpt lat="31.472760548073463" lon="120.25464013847716">
        <ele>5.736609101295471</ele>
        <time>2025-01-10T14:29:02Z</time>
        <extensions>
          <gpxtpx:TrackPointExtension>
            <gpxtpx:hr>179</gpxtpx:hr>
          </gpxtpx:TrackPointExtension>
        </extensions>
      </trkpt>
      <trkpt lat="31.4727918070007" lon="120.25463746911798">
        <ele>5.831744601950049</ele>
        <time>2025-01-10T14:29:03Z</time>
        <extensions>
          <gpxtpx:TrackPointExtension>
            <gpxtpx:hr>179</gpxtpx:hr>
          </gpxtpx:TrackPointExtension>
        </extensions>
      </trkpt>
      <trkpt lat="31.472821564935437" lon="120.2546319126808">
        <ele>5.928721329197288</ele>
        <time>2025-01-10T14:29:04Z</time>
        <extensions>
          <gpxtpx:TrackPointExtension>
            <gpxtpx:hr>179</gpxtpx:hr>
          </gpxtpx:TrackPointExtension>
        </extensions>
      </trkpt>
      <trkpt lat="31.472848563783067" lon="120.25462364475449">
        <ele>6.0157881351187825</ele>
        <time>2025-01-10T14:29:05Z</time>
        <extensions>
          <gpxtpx:TrackPointExtension>
            <gpxtpx:hr>179</gpxtpx:hr>
          </gpxtpx:TrackPointExtension>
        </extensions>
      </trkpt>
      <trkpt lat="31.47287321216801" lon="120.25461372945354">
        <ele>6.111783468164504</ele>
        <time>2025-01-10T14:29:06Z</time>
        <extensions>
          <gpxtpx:TrackPointExtension>
            <gpxtpx:hr>179</gpxtpx:hr>
          </gpxtpx:TrackPointExtension>
        </extensions>
      </trkpt>
      <trkpt lat="31.47289654092446" lon="120.25460343890595">
        <ele>6.192820235155523</ele>
        <time>2025-01-10T14:29:07Z</time>
        <extensions>
          <gpxtpx:TrackPointExtension>
            <gpxtpx:hr>179</gpxtpx:hr>
          </gpxtpx:TrackPointExtension>
        </extensions>
      </trkpt>
      <trkpt lat="31.472919215207796" lon="120.25459040296617">
        <ele>6.264353913255036</ele>
        <time>2025-01-10T14:29:08Z</time>
        <extensions>
          <gpxtpx:TrackPointExtension>
            <gpxtpx:hr>179</gpxtpx:hr>
          </gpxtpx:TrackPointExtension>
        </extensions>
      </trkpt>
      <trkpt lat="31.472941444595794" lon="120.2545731039542">
        <ele>6.334134862758219</ele>
        <time>2025-01-10T14:29:09Z</time>
        <extensions>
          <gpxtpx:TrackPointExtension>
            <gpxtpx:hr>179</gpxtpx:hr>
          </gpxtpx:TrackPointExtension>
        </extensions>
      </trkpt>
      <trkpt lat="31.472962885121017" lon="120.2545552662069">
        <ele>6.421503221616149</ele>
        <time>2025-01-10T14:29:10Z</time>
        <extensions>
          <gpxtpx:TrackPointExtension>
            <gpxtpx:hr>179</gpxtpx:hr>
          </gpxtpx:TrackPointExtension>
        </extensions>
      </trkpt>
      <trkpt lat="31.47298276374298" lon="120.25453904476018">
        <ele>6.486801127903163</ele>
        <time>2025-01-10T14:29:11Z</time>
        <extensions>
          <gpxtpx:TrackPointExtension>
            <gpxtpx:hr>179</gpxtpx:hr>
          </gpxtpx:TrackPointExtension>
        </extensions>
      </trkpt>
      <trkpt lat="31.47300151567955" lon="120.25452202779181">
        <ele>6.524832114577293</ele>
        <time>2025-01-10T14:29:12Z</time>
        <extensions>
          <gpxtpx:TrackPointExtension>
            <gpxtpx:hr>179</gpxtpx:hr>
          </gpxtpx:TrackPointExtension>
        </extensions>
      </trkpt>
      <trkpt lat="31.47301853602545" lon="120.25450194521032">
        <ele>6.576063391752541</ele>
        <time>2025-01-10T14:29:13Z</time>
        <extensions>
          <gpxtpx:TrackPointExtension>
            <gpxtpx:hr>177</gpxtpx:hr>
          </gpxtpx:TrackPointExtension>
        </extensions>
      </trkpt>
      <trkpt lat="31.47303264484179" lon="120.25447858230412">
        <ele>6.636899922043085</ele>
        <time>2025-01-10T14:29:14Z</time>
        <extensions>
          <gpxtpx:TrackPointExtension>
            <gpxtpx:hr>177</gpxtpx:hr>
          </gpxtpx:TrackPointExtension>
        </extensions>
      </trkpt>
      <trkpt lat="31.47304452547962" lon="120.25445259949404">
        <ele>6.69586562179029</ele>
        <time>2025-01-10T14:29:15Z</time>
        <extensions>
          <gpxtpx:TrackPointExtension>
            <gpxtpx:hr>177</gpxtpx:hr>
          </gpxtpx:TrackPointExtension>
        </extensions>
      </trkpt>
      <trkpt lat="31.473054756846985" lon="120.25442662138701">
        <ele>6.763407861813903</ele>
        <time>2025-01-10T14:29:16Z</time>
        <extensions>
          <gpxtpx:TrackPointExtension>
            <gpxtpx:hr>177</gpxtpx:hr>
          </gpxtpx:TrackPointExtension>
        </extensions>
      </trkpt>
      <trkpt lat="31.473063789756473" lon="120.25440377427725">
        <ele>6.824592306278646</ele>
        <time>2025-01-10T14:29:17Z</time>
        <extensions>
          <gpxtpx:TrackPointExtension>
            <gpxtpx:hr>177</gpxtpx:hr>
          </gpxtpx:TrackPointExtension>
        </extensions>
      </trkpt>
      <trkpt lat="31.473072168815786" lon="120.25438186263463">
        <ele>6.875987442210317</ele>
        <time>2025-01-10T14:29:18Z</time>
        <extensions>
          <gpxtpx:TrackPointExtension>
            <gpxtpx:hr>177</gpxtpx:hr>
          </gpxtpx:TrackPointExtension>
        </extensions>
      </trkpt>
      <trkpt lat="31.473080423077057" lon="120.25435715305095">
        <ele>6.912884444929659</ele>
        <time>2025-01-10T14:29:19Z</time>
        <extensions>
          <gpxtpx:TrackPointExtension>
            <gpxtpx:hr>177</gpxtpx:hr>
          </gpxtpx:TrackPointExtension>
        </extensions>
      </trkpt>
      <trkpt lat="31.47308760238981" lon="120.25432974050837">
        <ele>6.951919579878449</ele>
        <time>2025-01-10T14:29:20Z</time>
        <extensions>
          <gpxtpx:TrackPointExtension>
            <gpxtpx:hr>177</gpxtpx:hr>
          </gpxtpx:TrackPointExtension>
        </extensions>
      </trkpt>
      <trkpt lat="31.473092657388396" lon="120.25430020101615">
        <ele>7.010928493924439</ele>
        <time>2025-01-10T14:29:21Z</time>
        <extensions>
          <gpxtpx:TrackPointExtension>
            <gpxtpx:hr>177</gpxtpx:hr>
          </gpxtpx:TrackPointExtension>
        </extensions>
      </trkpt>
      <trkpt lat="31.473096090053563" lon="120.25426866480723">
        <ele>7.060444840230048</ele>
        <time>2025-01-10T14:29:22Z</time>
        <extensions>
          <gpxtpx:TrackPointExtension>
            <gpxtpx:hr>177</gpxtpx:hr>
          </gpxtpx:TrackPointExtension>
        </extensions>
      </trkpt>
      <trkpt lat="31.47309853198159" lon="120.2542370381481">
        <ele>7.123654098249972</ele>
        <time>2025-01-10T14:29:23Z</time>
        <extensions>
          <gpxtpx:TrackPointExtension>
            <gpxtpx:hr>176</gpxtpx:hr>
          </gpxtpx:TrackPointExtension>
        </extensions>
      </trkpt>
      <trkpt lat="31.4730989528646" lon="120.25420686675129">
        <ele>7.201064513064921</ele>
        <time>2025-01-10T14:29:24Z</time>
        <extensions>
          <gpxtpx:TrackPointExtension>
            <gpxtpx:hr>176</gpxtpx:hr>
          </gpxtpx:TrackPointExtension>
        </extensions>
      </trkpt>
      <trkpt lat="31.473095683130055" lon="120.25417659139104">
        <ele>7.257691618055105</ele>
        <time>2025-01-10T14:29:25Z</time>
        <extensions>
          <gpxtpx:TrackPointExtension>
            <gpxtpx:hr>176</gpxtpx:hr>
          </gpxtpx:TrackPointExtension>
        </extensions>
      </trkpt>
      <trkpt lat="31.473090060603553" lon="120.25414544592066">
        <ele>7.318546921946108</ele>
        <time>2025-01-10T14:29:26Z</time>
        <extensions>
          <gpxtpx:TrackPointExtension>
            <gpxtpx:hr>176</gpxtpx:hr>
          </gpxtpx:TrackPointExtension>
        </extensions>
      </trkpt>
      <trkpt lat="31.47308345275374" lon="120.25411747580604">
        <ele>7.372972973622382</ele>
        <time>2025-01-10T14:29:27Z</time>
        <extensions>
          <gpxtpx:TrackPointExtension>
            <gpxtpx:hr>175</gpxtpx:hr>
          </gpxtpx:TrackPointExtension>
        </extensions>
      </trkpt>
      <trkpt lat="31.4730761174343" lon="120.25409117935124">
        <ele>7.405758837237954</ele>
        <time>2025-01-10T14:29:28Z</time>
        <extensions>
          <gpxtpx:TrackPointExtension>
            <gpxtpx:hr>175</gpxtpx:hr>
          </gpxtpx:TrackPointExtension>
        </extensions>
      </trkpt>
      <trkpt lat="31.4730679169154" lon="120.2540644209068">
        <ele>7.439471391029656</ele>
        <time>2025-01-10T14:29:29Z</time>
        <extensions>
          <gpxtpx:TrackPointExtension>
            <gpxtpx:hr>175</gpxtpx:hr>
          </gpxtpx:TrackPointExtension>
        </extensions>
      </trkpt>
      <trkpt lat="31.473059064926968" lon="120.25404032647388">
        <ele>7.468750948086381</ele>
        <time>2025-01-10T14:29:30Z</time>
        <extensions>
          <gpxtpx:TrackPointExtension>
            <gpxtpx:hr>175</gpxtpx:hr>
          </gpxtpx:TrackPointExtension>
        </extensions>
      </trkpt>
      <trkpt lat="31.473049250211712" lon="120.25401782331217">
        <ele>7.499211762100458</ele>
        <time>2025-01-10T14:29:31Z</time>
        <extensions>
          <gpxtpx:TrackPointExtension>
            <gpxtpx:hr>175</gpxtpx:hr>
          </gpxtpx:TrackPointExtension>
        </extensions>
      </trkpt>
      <trkpt lat="31.473036448920237" lon="120.25399524708114">
        <ele>7.523604399524629</ele>
        <time>2025-01-10T14:29:32Z</time>
        <extensions>
          <gpxtpx:TrackPointExtension>
            <gpxtpx:hr>175</gpxtpx:hr>
          </gpxtpx:TrackPointExtension>
        </extensions>
      </trkpt>
      <trkpt lat="31.47302124785969" lon="120.25397343461971">
        <ele>7.515024363063276</ele>
        <time>2025-01-10T14:29:33Z</time>
        <extensions>
          <gpxtpx:TrackPointExtension>
            <gpxtpx:hr>175</gpxtpx:hr>
          </gpxtpx:TrackPointExtension>
        </extensions>
      </trkpt>
      <trkpt lat="31.473004109399717" lon="120.25395301161902">
        <ele>7.4831609055399895</ele>
        <time>2025-01-10T14:29:34Z</time>
        <extensions>
          <gpxtpx:TrackPointExtension>
            <gpxtpx:hr>175</gpxtpx:hr>
          </gpxtpx:TrackPointExtension>
        </extensions>
      </trkpt>
      <trkpt lat="31.472984932186783" lon="120.25393367551817">
        <ele>7.4206309812143445</ele>
        <time>2025-01-10T14:29:35Z</time>
        <extensions>
          <gpxtpx:TrackPointExtension>
            <gpxtpx:hr>175</gpxtpx:hr>
          </gpxtpx:TrackPointExtension>
        </extensions>
      </trkpt>
      <trkpt lat="31.47296561579757" lon="120.25391480065738">
        <ele>7.349419392645359</ele>
        <time>2025-01-10T14:29:36Z</time>
        <extensions>
          <gpxtpx:TrackPointExtension>
            <gpxtpx:hr>175</gpxtpx:hr>
          </gpxtpx:TrackPointExtension>
        </extensions>
      </trkpt>
      <trkpt lat="31.47294597115328" lon="120.25389771888013">
        <ele>7.246778504922986</ele>
        <time>2025-01-10T14:29:37Z</time>
        <extensions>
          <gpxtpx:TrackPointExtension>
            <gpxtpx:hr>178</gpxtpx:hr>
          </gpxtpx:TrackPointExtension>
        </extensions>
      </trkpt>
      <trkpt lat="31.47292476779459" lon="120.2538829790317">
        <ele>7.130708174780011</ele>
        <time>2025-01-10T14:29:38Z</time>
        <extensions>
          <gpxtpx:TrackPointExtension>
            <gpxtpx:hr>178</gpxtpx:hr>
          </gpxtpx:TrackPointExtension>
        </extensions>
      </trkpt>
      <trkpt lat="31.4729030922215" lon="120.25386993948109">
        <ele>7.021020570769906</ele>
        <time>2025-01-10T14:29:39Z</time>
        <extensions>
          <gpxtpx:TrackPointExtension>
            <gpxtpx:hr>178</gpxtpx:hr>
          </gpxtpx:TrackPointExtension>
        </extensions>
      </trkpt>
      <trkpt lat="31.472882287979548" lon="120.25385833432877">
        <ele>6.891868096776307</ele>
        <time>2025-01-10T14:29:40Z</time>
        <extensions>
          <gpxtpx:TrackPointExtension>
            <gpxtpx:hr>178</gpxtpx:hr>
          </gpxtpx:TrackPointExtension>
        </extensions>
      </trkpt>
      <trkpt lat="31.472860918202887" lon="120.25384643416935">
        <ele>6.752765079960227</ele>
        <time>2025-01-10T14:29:41Z</time>
        <extensions>
          <gpxtpx:TrackPointExtension>
            <gpxtpx:hr>178</gpxtpx:hr>
          </gpxtpx:TrackPointExtension>
        </extensions>
      </trkpt>
      <trkpt lat="31.47283749849442" lon="120.25383496674796">
        <ele>6.600163648836315</ele>
        <time>2025-01-10T14:29:42Z</time>
        <extensions>
          <gpxtpx:TrackPointExtension>
            <gpxtpx:hr>178</gpxtpx:hr>
          </gpxtpx:TrackPointExtension>
        </extensions>
      </trkpt>
      <trkpt lat="31.47281302232925" lon="120.25382770114575">
        <ele>6.438518553040922</ele>
        <time>2025-01-10T14:29:43Z</time>
        <extensions>
          <gpxtpx:TrackPointExtension>
            <gpxtpx:hr>178</gpxtpx:hr>
          </gpxtpx:TrackPointExtension>
        </extensions>
      </trkpt>
      <trkpt lat="31.47278747941756" lon="120.2538250905292">
        <ele>6.280852377414703</ele>
        <time>2025-01-10T14:29:44Z</time>
        <extensions>
          <gpxtpx:TrackPointExtension>
            <gpxtpx:hr>178</gpxtpx:hr>
          </gpxtpx:TrackPointExtension>
        </extensions>
      </trkpt>
      <trkpt lat="31.472760165690968" lon="120.2538241841267">
        <ele>6.113408099859953</ele>
        <time>2025-01-10T14:29:45Z</time>
        <extensions>
          <gpxtpx:TrackPointExtension>
            <gpxtpx:hr>178</gpxtpx:hr>
          </gpxtpx:TrackPointExtension>
        </extensions>
      </trkpt>
      <trkpt lat="31.472733421728112" lon="120.25382161874704">
        <ele>5.961669512093067</ele>
        <time>2025-01-10T14:29:46Z</time>
        <extensions>
          <gpxtpx:TrackPointExtension>
            <gpxtpx:hr>178</gpxtpx:hr>
          </gpxtpx:TrackPointExtension>
        </extensions>
      </trkpt>
      <trkpt lat="31.47270841685598" lon="120.25381587546099">
        <ele>5.844258560799062</ele>
        <time>2025-01-10T14:29:47Z</time>
        <extensions>
          <gpxtpx:TrackPointExtension>
            <gpxtpx:hr>178</gpxtpx:hr>
          </gpxtpx:TrackPointExtension>
        </extensions>
      </trkpt>
      <trkpt lat="31.472682912413283" lon="120.25380925845275">
        <ele>5.721902454271913</ele>
        <time>2025-01-10T14:29:48Z</time>
        <extensions>
          <gpxtpx:TrackPointExtension>
            <gpxtpx:hr>178</gpxtpx:hr>
          </gpxtpx:TrackPointExtension>
        </extensions>
      </trkpt>
      <trkpt lat="31.47265712352223" lon="120.25380376925858">
        <ele>5.603087019175291</ele>
        <time>2025-01-10T14:29:49Z</time>
        <extensions>
          <gpxtpx:TrackPointExtension>
            <gpxtpx:hr>178</gpxtpx:hr>
          </gpxtpx:TrackPointExtension>
        </extensions>
      </trkpt>
      <trkpt lat="31.472631714721295" lon="120.25379941194895">
        <ele>5.505131880752742</ele>
        <time>2025-01-10T14:29:50Z</time>
        <extensions>
          <gpxtpx:TrackPointExtension>
            <gpxtpx:hr>178</gpxtpx:hr>
          </gpxtpx:TrackPointExtension>
        </extensions>
      </trkpt>
      <trkpt lat="31.472605643642048" lon="120.25379537544784">
        <ele>5.42495131585747</ele>
        <time>2025-01-10T14:29:51Z</time>
        <extensions>
          <gpxtpx:TrackPointExtension>
            <gpxtpx:hr>178</gpxtpx:hr>
          </gpxtpx:TrackPointExtension>
        </extensions>
      </trkpt>
      <trkpt lat="31.472579422013826" lon="120.25379042650971">
        <ele>5.367815684527159</ele>
        <time>2025-01-10T14:29:52Z</time>
        <extensions>
          <gpxtpx:TrackPointExtension>
            <gpxtpx:hr>177</gpxtpx:hr>
          </gpxtpx:TrackPointExtension>
        </extensions>
      </trkpt>
      <trkpt lat="31.472553677166424" lon="120.25378490138677">
        <ele>5.328320692293346</ele>
        <time>2025-01-10T14:29:53Z</time>
        <extensions>
          <gpxtpx:TrackPointExtension>
            <gpxtpx:hr>177</gpxtpx:hr>
          </gpxtpx:TrackPointExtension>
        </extensions>
      </trkpt>
      <trkpt lat="31.47252717887272" lon="120.25377928096403">
        <ele>5.281016645953059</ele>
        <time>2025-01-10T14:29:54Z</time>
        <extensions>
          <gpxtpx:TrackPointExtension>
            <gpxtpx:hr>177</gpxtpx:hr>
          </gpxtpx:TrackPointExtension>
        </extensions>
      </trkpt>
      <trkpt lat="31.472499963715467" lon="120.25377352073521">
        <ele>5.254234771244228</ele>
        <time>2025-01-10T14:29:55Z</time>
        <extensions>
          <gpxtpx:TrackPointExtension>
            <gpxtpx:hr>177</gpxtpx:hr>
          </gpxtpx:TrackPointExtension>
        </extensions>
      </trkpt>
      <trkpt lat="31.472474386732557" lon="120.25376825446669">
        <ele>5.2378788804635406</ele>
        <time>2025-01-10T14:29:56Z</time>
        <extensions>
          <gpxtpx:TrackPointExtension>
            <gpxtpx:hr>177</gpxtpx:hr>
          </gpxtpx:TrackPointExtension>
        </extensions>
      </trkpt>
      <trkpt lat="31.472450222942786" lon="120.2537637837043">
        <ele>5.24262077268213</ele>
        <time>2025-01-10T14:29:57Z</time>
        <extensions>
          <gpxtpx:TrackPointExtension>
            <gpxtpx:hr>176</gpxtpx:hr>
          </gpxtpx:TrackPointExtension>
        </extensions>
      </trkpt>
      <trkpt lat="31.472425487420647" lon="120.25375966887869">
        <ele>5.25255810841918</ele>
        <time>2025-01-10T14:29:58Z</time>
        <extensions>
          <gpxtpx:TrackPointExtension>
            <gpxtpx:hr>176</gpxtpx:hr>
          </gpxtpx:TrackPointExtension>
        </extensions>
      </trkpt>
      <trkpt lat="31.472400420067466" lon="120.25375548764725">
        <ele>5.253481757827103</ele>
        <time>2025-01-10T14:29:59Z</time>
        <extensions>
          <gpxtpx:TrackPointExtension>
            <gpxtpx:hr>176</gpxtpx:hr>
          </gpxtpx:TrackPointExtension>
        </extensions>
      </trkpt>
      <trkpt lat="31.472375258614512" lon="120.25375085878086">
        <ele>5.252084876410663</ele>
        <time>2025-01-10T14:30:00Z</time>
        <extensions>
          <gpxtpx:TrackPointExtension>
            <gpxtpx:hr>176</gpxtpx:hr>
          </gpxtpx:TrackPointExtension>
        </extensions>
      </trkpt>
      <trkpt lat="31.472349223998297" lon="120.25374498947151">
        <ele>5.244678672403097</ele>
        <time>2025-01-10T14:30:01Z</time>
        <extensions>
          <gpxtpx:TrackPointExtension>
            <gpxtpx:hr>176</gpxtpx:hr>
          </gpxtpx:TrackPointExtension>
        </extensions>
      </trkpt>
      <trkpt lat="31.472323419652064" lon="120.25373870286798">
        <ele>5.237258547917008</ele>
        <time>2025-01-10T14:30:02Z</time>
        <extensions>
          <gpxtpx:TrackPointExtension>
            <gpxtpx:hr>174</gpxtpx:hr>
          </gpxtpx:TrackPointExtension>
        </extensions>
      </trkpt>
      <trkpt lat="31.47229797198203" lon="120.25373375063862">
        <ele>5.23545581381768</ele>
        <time>2025-01-10T14:30:03Z</time>
        <extensions>
          <gpxtpx:TrackPointExtension>
            <gpxtpx:hr>174</gpxtpx:hr>
          </gpxtpx:TrackPointExtension>
        </extensions>
      </trkpt>
      <trkpt lat="31.47227127133717" lon="120.25373087924096">
        <ele>5.224874651990831</ele>
        <time>2025-01-10T14:30:04Z</time>
        <extensions>
          <gpxtpx:TrackPointExtension>
            <gpxtpx:hr>174</gpxtpx:hr>
          </gpxtpx:TrackPointExtension>
        </extensions>
      </trkpt>
      <trkpt lat="31.472244471547313" lon="120.25372806010057">
        <ele>5.222320900298655</ele>
        <time>2025-01-10T14:30:05Z</time>
        <extensions>
          <gpxtpx:TrackPointExtension>
            <gpxtpx:hr>174</gpxtpx:hr>
          </gpxtpx:TrackPointExtension>
        </extensions>
      </trkpt>
      <trkpt lat="31.472219274165944" lon="120.2537232716715">
        <ele>5.205412523820996</ele>
        <time>2025-01-10T14:30:06Z</time>
        <extensions>
          <gpxtpx:TrackPointExtension>
            <gpxtpx:hr>174</gpxtpx:hr>
          </gpxtpx:TrackPointExtension>
        </extensions>
      </trkpt>
      <trkpt lat="31.472194123586043" lon="120.25371749914892">
        <ele>5.1783579317852855</ele>
        <time>2025-01-10T14:30:07Z</time>
        <extensions>
          <gpxtpx:TrackPointExtension>
            <gpxtpx:hr>175</gpxtpx:hr>
          </gpxtpx:TrackPointExtension>
        </extensions>
      </trkpt>
      <trkpt lat="31.472169156736562" lon="120.25371154982035">
        <ele>5.154699683189392</ele>
        <time>2025-01-10T14:30:08Z</time>
        <extensions>
          <gpxtpx:TrackPointExtension>
            <gpxtpx:hr>175</gpxtpx:hr>
          </gpxtpx:TrackPointExtension>
        </extensions>
      </trkpt>
      <trkpt lat="31.472146526439825" lon="120.25370686303492">
        <ele>5.1415678123012185</ele>
        <time>2025-01-10T14:30:09Z</time>
        <extensions>
          <gpxtpx:TrackPointExtension>
            <gpxtpx:hr>175</gpxtpx:hr>
          </gpxtpx:TrackPointExtension>
        </extensions>
      </trkpt>
      <trkpt lat="31.47212530492098" lon="120.25370423515204">
        <ele>5.120168476365507</ele>
        <time>2025-01-10T14:30:10Z</time>
        <extensions>
          <gpxtpx:TrackPointExtension>
            <gpxtpx:hr>175</gpxtpx:hr>
          </gpxtpx:TrackPointExtension>
        </extensions>
      </trkpt>
      <trkpt lat="31.47210396157588" lon="120.25370283114061">
        <ele>5.10445899143815</ele>
        <time>2025-01-10T14:30:11Z</time>
        <extensions>
          <gpxtpx:TrackPointExtension>
            <gpxtpx:hr>175</gpxtpx:hr>
          </gpxtpx:TrackPointExtension>
        </extensions>
      </trkpt>
      <trkpt lat="31.472081912649724" lon="120.25370191626331">
        <ele>5.102033746428788</ele>
        <time>2025-01-10T14:30:12Z</time>
        <extensions>
          <gpxtpx:TrackPointExtension>
            <gpxtpx:hr>173</gpxtpx:hr>
          </gpxtpx:TrackPointExtension>
        </extensions>
      </trkpt>
      <trkpt lat="31.47205716024789" lon="120.25370139677315">
        <ele>5.117675197310746</ele>
        <time>2025-01-10T14:30:13Z</time>
        <extensions>
          <gpxtpx:TrackPointExtension>
            <gpxtpx:hr>173</gpxtpx:hr>
          </gpxtpx:TrackPointExtension>
        </extensions>
      </trkpt>
      <trkpt lat="31.472030858580084" lon="120.25370206438255">
        <ele>5.128348990343511</ele>
        <time>2025-01-10T14:30:14Z</time>
        <extensions>
          <gpxtpx:TrackPointExtension>
            <gpxtpx:hr>173</gpxtpx:hr>
          </gpxtpx:TrackPointExtension>
        </extensions>
      </trkpt>
      <trkpt lat="31.472006481516242" lon="120.25370432396154">
        <ele>5.137562776915729</ele>
        <time>2025-01-10T14:30:15Z</time>
        <extensions>
          <gpxtpx:TrackPointExtension>
            <gpxtpx:hr>173</gpxtpx:hr>
          </gpxtpx:TrackPointExtension>
        </extensions>
      </trkpt>
      <trkpt lat="31.471983624600607" lon="120.25370835809103">
        <ele>5.161056637763977</ele>
        <time>2025-01-10T14:30:16Z</time>
        <extensions>
          <gpxtpx:TrackPointExtension>
            <gpxtpx:hr>173</gpxtpx:hr>
          </gpxtpx:TrackPointExtension>
        </extensions>
      </trkpt>
      <trkpt lat="31.47196005770429" lon="120.25371314720972">
        <ele>5.191488906741142</ele>
        <time>2025-01-10T14:30:17Z</time>
        <extensions>
          <gpxtpx:TrackPointExtension>
            <gpxtpx:hr>173</gpxtpx:hr>
          </gpxtpx:TrackPointExtension>
        </extensions>
      </trkpt>
      <trkpt lat="31.47193665613909" lon="120.25371979837753">
        <ele>5.215323615819216</ele>
        <time>2025-01-10T14:30:18Z</time>
        <extensions>
          <gpxtpx:TrackPointExtension>
            <gpxtpx:hr>173</gpxtpx:hr>
          </gpxtpx:TrackPointExtension>
        </extensions>
      </trkpt>
      <trkpt lat="31.471914927164246" lon="120.25372935470641">
        <ele>5.266314408741891</ele>
        <time>2025-01-10T14:30:19Z</time>
        <extensions>
          <gpxtpx:TrackPointExtension>
            <gpxtpx:hr>173</gpxtpx:hr>
          </gpxtpx:TrackPointExtension>
        </extensions>
      </trkpt>
      <trkpt lat="31.47189381688705" lon="120.25374171211635">
        <ele>5.323038057424128</ele>
        <time>2025-01-10T14:30:20Z</time>
        <extensions>
          <gpxtpx:TrackPointExtension>
            <gpxtpx:hr>173</gpxtpx:hr>
          </gpxtpx:TrackPointExtension>
        </extensions>
      </trkpt>
      <trkpt lat="31.471872384551443" lon="120.2537566696449">
        <ele>5.383848654106259</ele>
        <time>2025-01-10T14:30:21Z</time>
        <extensions>
          <gpxtpx:TrackPointExtension>
            <gpxtpx:hr>173</gpxtpx:hr>
          </gpxtpx:TrackPointExtension>
        </extensions>
      </trkpt>
      <trkpt lat="31.471851779366663" lon="120.25377266465689">
        <ele>5.458998682908714</ele>
        <time>2025-01-10T14:30:22Z</time>
        <extensions>
          <gpxtpx:TrackPointExtension>
            <gpxtpx:hr>173</gpxtpx:hr>
          </gpxtpx:TrackPointExtension>
        </extensions>
      </trkpt>
      <trkpt lat="31.47183308307442" lon="120.25379025389636">
        <ele>5.536987609229982</ele>
        <time>2025-01-10T14:30:23Z</time>
        <extensions>
          <gpxtpx:TrackPointExtension>
            <gpxtpx:hr>173</gpxtpx:hr>
          </gpxtpx:TrackPointExtension>
        </extensions>
      </trkpt>
      <trkpt lat="31.47181530954086" lon="120.25380995359912">
        <ele>5.6142381355166435</ele>
        <time>2025-01-10T14:30:24Z</time>
        <extensions>
          <gpxtpx:TrackPointExtension>
            <gpxtpx:hr>173</gpxtpx:hr>
          </gpxtpx:TrackPointExtension>
        </extensions>
      </trkpt>
      <trkpt lat="31.47179815737182" lon="120.25382992779006">
        <ele>5.702435304410756</ele>
        <time>2025-01-10T14:30:25Z</time>
        <extensions>
          <gpxtpx:TrackPointExtension>
            <gpxtpx:hr>173</gpxtpx:hr>
          </gpxtpx:TrackPointExtension>
        </extensions>
      </trkpt>
      <trkpt lat="31.47178250189031" lon="120.25384936773727">
        <ele>5.787605016492307</ele>
        <time>2025-01-10T14:30:26Z</time>
        <extensions>
          <gpxtpx:TrackPointExtension>
            <gpxtpx:hr>173</gpxtpx:hr>
          </gpxtpx:TrackPointExtension>
        </extensions>
      </trkpt>
      <trkpt lat="31.471767725754482" lon="120.25387067395492">
        <ele>5.876488405279815</ele>
        <time>2025-01-10T14:30:27Z</time>
        <extensions>
          <gpxtpx:TrackPointExtension>
            <gpxtpx:hr>173</gpxtpx:hr>
          </gpxtpx:TrackPointExtension>
        </extensions>
      </trkpt>
      <trkpt lat="31.47175347064764" lon="120.25389462983978">
        <ele>5.9715240728110075</ele>
        <time>2025-01-10T14:30:28Z</time>
        <extensions>
          <gpxtpx:TrackPointExtension>
            <gpxtpx:hr>172</gpxtpx:hr>
          </gpxtpx:TrackPointExtension>
        </extensions>
      </trkpt>
      <trkpt lat="31.47174047585085" lon="120.2539184969422">
        <ele>6.084392176009715</ele>
        <time>2025-01-10T14:30:29Z</time>
        <extensions>
          <gpxtpx:TrackPointExtension>
            <gpxtpx:hr>172</gpxtpx:hr>
          </gpxtpx:TrackPointExtension>
        </extensions>
      </trkpt>
      <trkpt lat="31.47172899920082" lon="120.25394159711293">
        <ele>6.176896474324167</ele>
        <time>2025-01-10T14:30:30Z</time>
        <extensions>
          <gpxtpx:TrackPointExtension>
            <gpxtpx:hr>172</gpxtpx:hr>
          </gpxtpx:TrackPointExtension>
        </extensions>
      </trkpt>
      <trkpt lat="31.47171945319057" lon="120.25396671728271">
        <ele>6.269176045432687</ele>
        <time>2025-01-10T14:30:31Z</time>
        <extensions>
          <gpxtpx:TrackPointExtension>
            <gpxtpx:hr>172</gpxtpx:hr>
          </gpxtpx:TrackPointExtension>
        </extensions>
      </trkpt>
      <trkpt lat="31.47171093595782" lon="120.2539932850072">
        <ele>6.357613421045244</ele>
        <time>2025-01-10T14:30:32Z</time>
        <extensions>
          <gpxtpx:TrackPointExtension>
            <gpxtpx:hr>171</gpxtpx:hr>
          </gpxtpx:TrackPointExtension>
        </extensions>
      </trkpt>
      <trkpt lat="31.471702316336895" lon="120.25401787836164">
        <ele>6.417055738158524</ele>
        <time>2025-01-10T14:30:33Z</time>
        <extensions>
          <gpxtpx:TrackPointExtension>
            <gpxtpx:hr>171</gpxtpx:hr>
          </gpxtpx:TrackPointExtension>
        </extensions>
      </trkpt>
      <trkpt lat="31.471695009336045" lon="120.25404215479368">
        <ele>6.451890179887414</ele>
        <time>2025-01-10T14:30:34Z</time>
        <extensions>
          <gpxtpx:TrackPointExtension>
            <gpxtpx:hr>171</gpxtpx:hr>
          </gpxtpx:TrackPointExtension>
        </extensions>
      </trkpt>
      <trkpt lat="31.471690504301385" lon="120.25406889443472">
        <ele>6.48963768966496</ele>
        <time>2025-01-10T14:30:35Z</time>
        <extensions>
          <gpxtpx:TrackPointExtension>
            <gpxtpx:hr>171</gpxtpx:hr>
          </gpxtpx:TrackPointExtension>
        </extensions>
      </trkpt>
      <trkpt lat="31.471688411155107" lon="120.25409581264506">
        <ele>6.509304588660598</ele>
        <time>2025-01-10T14:30:36Z</time>
        <extensions>
          <gpxtpx:TrackPointExtension>
            <gpxtpx:hr>171</gpxtpx:hr>
          </gpxtpx:TrackPointExtension>
        </extensions>
      </trkpt>
      <trkpt lat="31.47168857692764" lon="120.25412128868238">
        <ele>6.513811558485031</ele>
        <time>2025-01-10T14:30:37Z</time>
        <extensions>
          <gpxtpx:TrackPointExtension>
            <gpxtpx:hr>174</gpxtpx:hr>
          </gpxtpx:TrackPointExtension>
        </extensions>
      </trkpt>
      <trkpt lat="31.471690399115154" lon="120.25414734854968">
        <ele>6.508710294030607</ele>
        <time>2025-01-10T14:30:38Z</time>
        <extensions>
          <gpxtpx:TrackPointExtension>
            <gpxtpx:hr>174</gpxtpx:hr>
          </gpxtpx:TrackPointExtension>
        </extensions>
      </trkpt>
      <trkpt lat="31.471692910194857" lon="120.25417403013856">
        <ele>6.479526865296066</ele>
        <time>2025-01-10T14:30:39Z</time>
        <extensions>
          <gpxtpx:TrackPointExtension>
            <gpxtpx:hr>174</gpxtpx:hr>
          </gpxtpx:TrackPointExtension>
        </extensions>
      </trkpt>
      <trkpt lat="31.47169721375364" lon="120.25420109283202">
        <ele>6.426506916061044</ele>
        <time>2025-01-10T14:30:40Z</time>
        <extensions>
          <gpxtpx:TrackPointExtension>
            <gpxtpx:hr>174</gpxtpx:hr>
          </gpxtpx:TrackPointExtension>
        </extensions>
      </trkpt>
      <trkpt lat="31.471704943538384" lon="120.2542298034945">
        <ele>6.383353869430721</ele>
        <time>2025-01-10T14:30:41Z</time>
        <extensions>
          <gpxtpx:TrackPointExtension>
            <gpxtpx:hr>174</gpxtpx:hr>
          </gpxtpx:TrackPointExtension>
        </extensions>
      </trkpt>
      <trkpt lat="31.471713587908177" lon="120.25425794127949">
        <ele>6.3188836658373475</ele>
        <time>2025-01-10T14:30:42Z</time>
        <extensions>
          <gpxtpx:TrackPointExtension>
            <gpxtpx:hr>174</gpxtpx:hr>
          </gpxtpx:TrackPointExtension>
        </extensions>
      </trkpt>
      <trkpt lat="31.47172043858774" lon="120.25428318879221">
        <ele>6.249141177162528</ele>
        <time>2025-01-10T14:30:43Z</time>
        <extensions>
          <gpxtpx:TrackPointExtension>
            <gpxtpx:hr>174</gpxtpx:hr>
          </gpxtpx:TrackPointExtension>
        </extensions>
      </trkpt>
      <trkpt lat="31.471728632574564" lon="120.25430774874596">
        <ele>6.184141390025616</ele>
        <time>2025-01-10T14:30:44Z</time>
        <extensions>
          <gpxtpx:TrackPointExtension>
            <gpxtpx:hr>174</gpxtpx:hr>
          </gpxtpx:TrackPointExtension>
        </extensions>
      </trkpt>
      <trkpt lat="31.471741417342972" lon="120.25433159283456">
        <ele>6.111490699462593</ele>
        <time>2025-01-10T14:30:45Z</time>
        <extensions>
          <gpxtpx:TrackPointExtension>
            <gpxtpx:hr>174</gpxtpx:hr>
          </gpxtpx:TrackPointExtension>
        </extensions>
      </trkpt>
      <trkpt lat="31.471757138940767" lon="120.2543525815228">
        <ele>6.049267441034317</ele>
        <time>2025-01-10T14:30:46Z</time>
        <extensions>
          <gpxtpx:TrackPointExtension>
            <gpxtpx:hr>174</gpxtpx:hr>
          </gpxtpx:TrackPointExtension>
        </extensions>
      </trkpt>
      <trkpt lat="31.471774743709627" lon="120.25437221810577">
        <ele>5.992355397902429</ele>
        <time>2025-01-10T14:30:48Z</time>
        <extensions>
          <gpxtpx:TrackPointExtension>
            <gpxtpx:hr>174</gpxtpx:hr>
          </gpxtpx:TrackPointExtension>
        </extensions>
      </trkpt>
      <trkpt lat="31.471794787061288" lon="120.25439367090547">
        <ele>5.92923428863287</ele>
        <time>2025-01-10T14:30:49Z</time>
        <extensions>
          <gpxtpx:TrackPointExtension>
            <gpxtpx:hr>174</gpxtpx:hr>
          </gpxtpx:TrackPointExtension>
        </extensions>
      </trkpt>
      <trkpt lat="31.47181436124754" lon="120.2544164981739">
        <ele>5.867873546667397</ele>
        <time>2025-01-10T14:30:50Z</time>
        <extensions>
          <gpxtpx:TrackPointExtension>
            <gpxtpx:hr>174</gpxtpx:hr>
          </gpxtpx:TrackPointExtension>
        </extensions>
      </trkpt>
      <trkpt lat="31.471831994097453" lon="120.25443702774295">
        <ele>5.8036136999726295</ele>
        <time>2025-01-10T14:30:51Z</time>
        <extensions>
          <gpxtpx:TrackPointExtension>
            <gpxtpx:hr>172</gpxtpx:hr>
          </gpxtpx:TrackPointExtension>
        </extensions>
      </trkpt>
      <trkpt lat="31.47185092635274" lon="120.25445480754927">
        <ele>5.728890281170607</ele>
        <time>2025-01-10T14:30:52Z</time>
        <extensions>
          <gpxtpx:TrackPointExtension>
            <gpxtpx:hr>172</gpxtpx:hr>
          </gpxtpx:TrackPointExtension>
        </extensions>
      </trkpt>
      <trkpt lat="31.471873106255806" lon="120.25446961579415">
        <ele>5.670134373940527</ele>
        <time>2025-01-10T14:30:53Z</time>
        <extensions>
          <gpxtpx:TrackPointExtension>
            <gpxtpx:hr>172</gpxtpx:hr>
          </gpxtpx:TrackPointExtension>
        </extensions>
      </trkpt>
      <trkpt lat="31.471895848604625" lon="120.25448172788435">
        <ele>5.617666446603835</ele>
        <time>2025-01-10T14:30:54Z</time>
        <extensions>
          <gpxtpx:TrackPointExtension>
            <gpxtpx:hr>172</gpxtpx:hr>
          </gpxtpx:TrackPointExtension>
        </extensions>
      </trkpt>
      <trkpt lat="31.471918763250017" lon="120.25449241690036">
        <ele>5.563050729222596</ele>
        <time>2025-01-10T14:30:55Z</time>
        <extensions>
          <gpxtpx:TrackPointExtension>
            <gpxtpx:hr>172</gpxtpx:hr>
          </gpxtpx:TrackPointExtension>
        </extensions>
      </trkpt>
      <trkpt lat="31.471944334793704" lon="120.2545026102568">
        <ele>5.50153842754662</ele>
        <time>2025-01-10T14:30:56Z</time>
        <extensions>
          <gpxtpx:TrackPointExtension>
            <gpxtpx:hr>172</gpxtpx:hr>
          </gpxtpx:TrackPointExtension>
        </extensions>
      </trkpt>
      <trkpt lat="31.47197060956636" lon="120.25451184283116">
        <ele>5.4615963799878955</ele>
        <time>2025-01-10T14:30:57Z</time>
        <extensions>
          <gpxtpx:TrackPointExtension>
            <gpxtpx:hr>172</gpxtpx:hr>
          </gpxtpx:TrackPointExtension>
        </extensions>
      </trkpt>
      <trkpt lat="31.471995290845996" lon="120.25451710819742">
        <ele>5.419489100575447</ele>
        <time>2025-01-10T14:30:58Z</time>
        <extensions>
          <gpxtpx:TrackPointExtension>
            <gpxtpx:hr>172</gpxtpx:hr>
          </gpxtpx:TrackPointExtension>
        </extensions>
      </trkpt>
      <trkpt lat="31.472019730248462" lon="120.25451914710642">
        <ele>5.377810258418322</ele>
        <time>2025-01-10T14:30:59Z</time>
        <extensions>
          <gpxtpx:TrackPointExtension>
            <gpxtpx:hr>172</gpxtpx:hr>
          </gpxtpx:TrackPointExtension>
        </extensions>
      </trkpt>
      <trkpt lat="31.4720449833414" lon="120.25452149555265">
        <ele>5.338362161070108</ele>
        <time>2025-01-10T14:31:00Z</time>
        <extensions>
          <gpxtpx:TrackPointExtension>
            <gpxtpx:hr>172</gpxtpx:hr>
          </gpxtpx:TrackPointExtension>
        </extensions>
      </trkpt>
      <trkpt lat="31.472070118508363" lon="120.25452467124731">
        <ele>5.295409796759486</ele>
        <time>2025-01-10T14:31:01Z</time>
        <extensions>
          <gpxtpx:TrackPointExtension>
            <gpxtpx:hr>174</gpxtpx:hr>
          </gpxtpx:TrackPointExtension>
        </extensions>
      </trkpt>
      <trkpt lat="31.47209534466319" lon="120.25452833587129">
        <ele>5.256844371557236</ele>
        <time>2025-01-10T14:31:02Z</time>
        <extensions>
          <gpxtpx:TrackPointExtension>
            <gpxtpx:hr>174</gpxtpx:hr>
          </gpxtpx:TrackPointExtension>
        </extensions>
      </trkpt>
      <trkpt lat="31.472122072847238" lon="120.25453212592184">
        <ele>5.235509838908911</ele>
        <time>2025-01-10T14:31:03Z</time>
        <extensions>
          <gpxtpx:TrackPointExtension>
            <gpxtpx:hr>174</gpxtpx:hr>
          </gpxtpx:TrackPointExtension>
        </extensions>
      </trkpt>
      <trkpt lat="31.47214853004745" lon="120.25453652186599">
        <ele>5.210265823639929</ele>
        <time>2025-01-10T14:31:04Z</time>
        <extensions>
          <gpxtpx:TrackPointExtension>
            <gpxtpx:hr>174</gpxtpx:hr>
          </gpxtpx:TrackPointExtension>
        </extensions>
      </trkpt>
      <trkpt lat="31.472172506402472" lon="120.25454198744605">
        <ele>5.195252819918096</ele>
        <time>2025-01-10T14:31:05Z</time>
        <extensions>
          <gpxtpx:TrackPointExtension>
            <gpxtpx:hr>174</gpxtpx:hr>
          </gpxtpx:TrackPointExtension>
        </extensions>
      </trkpt>
      <trkpt lat="31.472196254439716" lon="120.2545476906778">
        <ele>5.207352032884955</ele>
        <time>2025-01-10T14:31:06Z</time>
        <extensions>
          <gpxtpx:TrackPointExtension>
            <gpxtpx:hr>174</gpxtpx:hr>
          </gpxtpx:TrackPointExtension>
        </extensions>
      </trkpt>
      <trkpt lat="31.472221202007365" lon="120.25455329891346">
        <ele>5.195505862124264</ele>
        <time>2025-01-10T14:31:07Z</time>
        <extensions>
          <gpxtpx:TrackPointExtension>
            <gpxtpx:hr>174</gpxtpx:hr>
          </gpxtpx:TrackPointExtension>
        </extensions>
      </trkpt>
      <trkpt lat="31.47224561316211" lon="120.25455858634564">
        <ele>5.186499864794314</ele>
        <time>2025-01-10T14:31:08Z</time>
        <extensions>
          <gpxtpx:TrackPointExtension>
            <gpxtpx:hr>172</gpxtpx:hr>
          </gpxtpx:TrackPointExtension>
        </extensions>
      </trkpt>
      <trkpt lat="31.472270656716145" lon="120.25456360004885">
        <ele>5.200984205119312</ele>
        <time>2025-01-10T14:31:09Z</time>
        <extensions>
          <gpxtpx:TrackPointExtension>
            <gpxtpx:hr>172</gpxtpx:hr>
          </gpxtpx:TrackPointExtension>
        </extensions>
      </trkpt>
      <trkpt lat="31.472297218689018" lon="120.25456829153708">
        <ele>5.217797613702714</ele>
        <time>2025-01-10T14:31:10Z</time>
        <extensions>
          <gpxtpx:TrackPointExtension>
            <gpxtpx:hr>172</gpxtpx:hr>
          </gpxtpx:TrackPointExtension>
        </extensions>
      </trkpt>
      <trkpt lat="31.47232298784568" lon="120.25457341818702">
        <ele>5.237032746896148</ele>
        <time>2025-01-10T14:31:11Z</time>
        <extensions>
          <gpxtpx:TrackPointExtension>
            <gpxtpx:hr>172</gpxtpx:hr>
          </gpxtpx:TrackPointExtension>
        </extensions>
      </trkpt>
      <trkpt lat="31.472347508443185" lon="120.25457836151958">
        <ele>5.276689665392041</ele>
        <time>2025-01-10T14:31:12Z</time>
        <extensions>
          <gpxtpx:TrackPointExtension>
            <gpxtpx:hr>172</gpxtpx:hr>
          </gpxtpx:TrackPointExtension>
        </extensions>
      </trkpt>
      <trkpt lat="31.472372540953206" lon="120.25458171077115">
        <ele>5.309270728379488</ele>
        <time>2025-01-10T14:31:13Z</time>
        <extensions>
          <gpxtpx:TrackPointExtension>
            <gpxtpx:hr>174</gpxtpx:hr>
          </gpxtpx:TrackPointExtension>
        </extensions>
      </trkpt>
      <trkpt lat="31.472397719105608" lon="120.25458451888433">
        <ele>5.351820242591202</ele>
        <time>2025-01-10T14:31:14Z</time>
        <extensions>
          <gpxtpx:TrackPointExtension>
            <gpxtpx:hr>174</gpxtpx:hr>
          </gpxtpx:TrackPointExtension>
        </extensions>
      </trkpt>
      <trkpt lat="31.47242074802737" lon="120.2545889152504">
        <ele>5.4017028119415045</ele>
        <time>2025-01-10T14:31:15Z</time>
        <extensions>
          <gpxtpx:TrackPointExtension>
            <gpxtpx:hr>174</gpxtpx:hr>
          </gpxtpx:TrackPointExtension>
        </extensions>
      </trkpt>
      <trkpt lat="31.472442552513634" lon="120.2545948222484">
        <ele>5.443881871178746</ele>
        <time>2025-01-10T14:31:16Z</time>
        <extensions>
          <gpxtpx:TrackPointExtension>
            <gpxtpx:hr>174</gpxtpx:hr>
          </gpxtpx:TrackPointExtension>
        </extensions>
      </trkpt>
      <trkpt lat="31.47246647371983" lon="120.25460113408938">
        <ele>5.488325194455683</ele>
        <time>2025-01-10T14:31:17Z</time>
        <extensions>
          <gpxtpx:TrackPointExtension>
            <gpxtpx:hr>175</gpxtpx:hr>
          </gpxtpx:TrackPointExtension>
        </extensions>
      </trkpt>
      <trkpt lat="31.472492593819563" lon="120.25460618379452">
        <ele>5.5413171742111444</ele>
        <time>2025-01-10T14:31:18Z</time>
        <extensions>
          <gpxtpx:TrackPointExtension>
            <gpxtpx:hr>175</gpxtpx:hr>
          </gpxtpx:TrackPointExtension>
        </extensions>
      </trkpt>
      <trkpt lat="31.47251897982498" lon="120.25460823292688">
        <ele>5.593509745784104</ele>
        <time>2025-01-10T14:31:19Z</time>
        <extensions>
          <gpxtpx:TrackPointExtension>
            <gpxtpx:hr>175</gpxtpx:hr>
          </gpxtpx:TrackPointExtension>
        </extensions>
      </trkpt>
      <trkpt lat="31.47254567378407" lon="120.25460846469363">
        <ele>5.623790544457734</ele>
        <time>2025-01-10T14:31:20Z</time>
        <extensions>
          <gpxtpx:TrackPointExtension>
            <gpxtpx:hr>175</gpxtpx:hr>
          </gpxtpx:TrackPointExtension>
        </extensions>
      </trkpt>
      <trkpt lat="31.472572541332998" lon="120.25461066592189">
        <ele>5.661418151110411</ele>
        <time>2025-01-10T14:31:21Z</time>
        <extensions>
          <gpxtpx:TrackPointExtension>
            <gpxtpx:hr>174</gpxtpx:hr>
          </gpxtpx:TrackPointExtension>
        </extensions>
      </trkpt>
      <trkpt lat="31.47259931193873" lon="120.25461558590128">
        <ele>5.723442759364843</ele>
        <time>2025-01-10T14:31:22Z</time>
        <extensions>
          <gpxtpx:TrackPointExtension>
            <gpxtpx:hr>174</gpxtpx:hr>
          </gpxtpx:TrackPointExtension>
        </extensions>
      </trkpt>
      <trkpt lat="31.47262673547667" lon="120.25462016187028">
        <ele>5.794701314531267</ele>
        <time>2025-01-10T14:31:23Z</time>
        <extensions>
          <gpxtpx:TrackPointExtension>
            <gpxtpx:hr>174</gpxtpx:hr>
          </gpxtpx:TrackPointExtension>
        </extensions>
      </trkpt>
      <trkpt lat="31.472654464290258" lon="120.25462324166963">
        <ele>5.872477295808494</ele>
        <time>2025-01-10T14:31:24Z</time>
        <extensions>
          <gpxtpx:TrackPointExtension>
            <gpxtpx:hr>174</gpxtpx:hr>
          </gpxtpx:TrackPointExtension>
        </extensions>
      </trkpt>
      <trkpt lat="31.47268107678723" lon="120.25462611473927">
        <ele>5.939769764430821</ele>
        <time>2025-01-10T14:31:25Z</time>
        <extensions>
          <gpxtpx:TrackPointExtension>
            <gpxtpx:hr>174</gpxtpx:hr>
          </gpxtpx:TrackPointExtension>
        </extensions>
      </trkpt>
      <trkpt lat="31.472706975589666" lon="120.25462939994533">
        <ele>5.996441421099007</ele>
        <time>2025-01-10T14:31:26Z</time>
        <extensions>
          <gpxtpx:TrackPointExtension>
            <gpxtpx:hr>174</gpxtpx:hr>
          </gpxtpx:TrackPointExtension>
        </extensions>
      </trkpt>
      <trkpt lat="31.47273378656508" lon="120.2546323206796">
        <ele>6.072916157543659</ele>
        <time>2025-01-10T14:31:27Z</time>
        <extensions>
          <gpxtpx:TrackPointExtension>
            <gpxtpx:hr>174</gpxtpx:hr>
          </gpxtpx:TrackPointExtension>
        </extensions>
      </trkpt>
      <trkpt lat="31.472759579867667" lon="120.25463513821396">
        <ele>6.131795382127166</ele>
        <time>2025-01-10T14:31:28Z</time>
        <extensions>
          <gpxtpx:TrackPointExtension>
            <gpxtpx:hr>174</gpxtpx:hr>
          </gpxtpx:TrackPointExtension>
        </extensions>
      </trkpt>
      <trkpt lat="31.47278387221432" lon="120.25463741047051">
        <ele>6.192757450975478</ele>
        <time>2025-01-10T14:31:29Z</time>
        <extensions>
          <gpxtpx:TrackPointExtension>
            <gpxtpx:hr>174</gpxtpx:hr>
          </gpxtpx:TrackPointExtension>
        </extensions>
      </trkpt>
      <trkpt lat="31.472809500102272" lon="120.25463570129276">
        <ele>6.270252052694559</ele>
        <time>2025-01-10T14:31:30Z</time>
        <extensions>
          <gpxtpx:TrackPointExtension>
            <gpxtpx:hr>174</gpxtpx:hr>
          </gpxtpx:TrackPointExtension>
        </extensions>
      </trkpt>
      <trkpt lat="31.472835643015724" lon="120.25462873509977">
        <ele>6.349598967470229</ele>
        <time>2025-01-10T14:31:31Z</time>
        <extensions>
          <gpxtpx:TrackPointExtension>
            <gpxtpx:hr>174</gpxtpx:hr>
          </gpxtpx:TrackPointExtension>
        </extensions>
      </trkpt>
      <trkpt lat="31.472859977556027" lon="120.25461948188249">
        <ele>6.4157604882493615</ele>
        <time>2025-01-10T14:31:32Z</time>
        <extensions>
          <gpxtpx:TrackPointExtension>
            <gpxtpx:hr>174</gpxtpx:hr>
          </gpxtpx:TrackPointExtension>
        </extensions>
      </trkpt>
      <trkpt lat="31.472884188529605" lon="120.25460978114748">
        <ele>6.487008732743561</ele>
        <time>2025-01-10T14:31:33Z</time>
        <extensions>
          <gpxtpx:TrackPointExtension>
            <gpxtpx:hr>174</gpxtpx:hr>
          </gpxtpx:TrackPointExtension>
        </extensions>
      </trkpt>
      <trkpt lat="31.472908977229817" lon="120.25459866720499">
        <ele>6.529421369545162</ele>
        <time>2025-01-10T14:31:34Z</time>
        <extensions>
          <gpxtpx:TrackPointExtension>
            <gpxtpx:hr>174</gpxtpx:hr>
          </gpxtpx:TrackPointExtension>
        </extensions>
      </trkpt>
      <trkpt lat="31.472931923251092" lon="120.25458605286445">
        <ele>6.582506746053696</ele>
        <time>2025-01-10T14:31:35Z</time>
        <extensions>
          <gpxtpx:TrackPointExtension>
            <gpxtpx:hr>174</gpxtpx:hr>
          </gpxtpx:TrackPointExtension>
        </extensions>
      </trkpt>
      <trkpt lat="31.47295288092921" lon="120.25457147426329">
        <ele>6.624545093625784</ele>
        <time>2025-01-10T14:31:36Z</time>
        <extensions>
          <gpxtpx:TrackPointExtension>
            <gpxtpx:hr>174</gpxtpx:hr>
          </gpxtpx:TrackPointExtension>
        </extensions>
      </trkpt>
      <trkpt lat="31.472973850288348" lon="120.25455410964848">
        <ele>6.660385217517614</ele>
        <time>2025-01-10T14:31:37Z</time>
        <extensions>
          <gpxtpx:TrackPointExtension>
            <gpxtpx:hr>174</gpxtpx:hr>
          </gpxtpx:TrackPointExtension>
        </extensions>
      </trkpt>
      <trkpt lat="31.472994301729546" lon="120.25453585727705">
        <ele>6.687999491579831</ele>
        <time>2025-01-10T14:31:38Z</time>
        <extensions>
          <gpxtpx:TrackPointExtension>
            <gpxtpx:hr>175</gpxtpx:hr>
          </gpxtpx:TrackPointExtension>
        </extensions>
      </trkpt>
      <trkpt lat="31.473012368908247" lon="120.25451671150644">
        <ele>6.700170326046646</ele>
        <time>2025-01-10T14:31:39Z</time>
        <extensions>
          <gpxtpx:TrackPointExtension>
            <gpxtpx:hr>175</gpxtpx:hr>
          </gpxtpx:TrackPointExtension>
        </extensions>
      </trkpt>
      <trkpt lat="31.473027897007274" lon="120.25449343388979">
        <ele>6.701782901771367</ele>
        <time>2025-01-10T14:31:40Z</time>
        <extensions>
          <gpxtpx:TrackPointExtension>
            <gpxtpx:hr>175</gpxtpx:hr>
          </gpxtpx:TrackPointExtension>
        </extensions>
      </trkpt>
      <trkpt lat="31.47304242509874" lon="120.25446734678685">
        <ele>6.706652699038386</ele>
        <time>2025-01-10T14:31:41Z</time>
        <extensions>
          <gpxtpx:TrackPointExtension>
            <gpxtpx:hr>175</gpxtpx:hr>
          </gpxtpx:TrackPointExtension>
        </extensions>
      </trkpt>
      <trkpt lat="31.473056155368237" lon="120.25444263779616">
        <ele>6.700386217795312</ele>
        <time>2025-01-10T14:31:42Z</time>
        <extensions>
          <gpxtpx:TrackPointExtension>
            <gpxtpx:hr>175</gpxtpx:hr>
          </gpxtpx:TrackPointExtension>
        </extensions>
      </trkpt>
      <trkpt lat="31.473067703006272" lon="120.25441874404414">
        <ele>6.704037748277187</ele>
        <time>2025-01-10T14:31:43Z</time>
        <extensions>
          <gpxtpx:TrackPointExtension>
            <gpxtpx:hr>176</gpxtpx:hr>
          </gpxtpx:TrackPointExtension>
        </extensions>
      </trkpt>
      <trkpt lat="31.47307755574527" lon="120.25439344881532">
        <ele>6.700484815984964</ele>
        <time>2025-01-10T14:31:44Z</time>
        <extensions>
          <gpxtpx:TrackPointExtension>
            <gpxtpx:hr>176</gpxtpx:hr>
          </gpxtpx:TrackPointExtension>
        </extensions>
      </trkpt>
      <trkpt lat="31.473085884004156" lon="120.25436787768656">
        <ele>6.684793722815812</ele>
        <time>2025-01-10T14:31:45Z</time>
        <extensions>
          <gpxtpx:TrackPointExtension>
            <gpxtpx:hr>176</gpxtpx:hr>
          </gpxtpx:TrackPointExtension>
        </extensions>
      </trkpt>
      <trkpt lat="31.473093439213603" lon="120.25434316037604">
        <ele>6.66854297183454</ele>
        <time>2025-01-10T14:31:46Z</time>
        <extensions>
          <gpxtpx:TrackPointExtension>
            <gpxtpx:hr>176</gpxtpx:hr>
          </gpxtpx:TrackPointExtension>
        </extensions>
      </trkpt>
      <trkpt lat="31.473099655358293" lon="120.25431772938327">
        <ele>6.652867928147316</ele>
        <time>2025-01-10T14:31:47Z</time>
        <extensions>
          <gpxtpx:TrackPointExtension>
            <gpxtpx:hr>176</gpxtpx:hr>
          </gpxtpx:TrackPointExtension>
        </extensions>
      </trkpt>
      <trkpt lat="31.473104130530608" lon="120.25429163825434">
        <ele>6.648264262825251</ele>
        <time>2025-01-10T14:31:48Z</time>
        <extensions>
          <gpxtpx:TrackPointExtension>
            <gpxtpx:hr>176</gpxtpx:hr>
          </gpxtpx:TrackPointExtension>
        </extensions>
      </trkpt>
      <trkpt lat="31.473107122704036" lon="120.25426562013101">
        <ele>6.639296151697636</ele>
        <time>2025-01-10T14:31:49Z</time>
        <extensions>
          <gpxtpx:TrackPointExtension>
            <gpxtpx:hr>176</gpxtpx:hr>
          </gpxtpx:TrackPointExtension>
        </extensions>
      </trkpt>
      <trkpt lat="31.47310801969185" lon="120.25423689497475">
        <ele>6.6472988640889525</ele>
        <time>2025-01-10T14:31:50Z</time>
        <extensions>
          <gpxtpx:TrackPointExtension>
            <gpxtpx:hr>176</gpxtpx:hr>
          </gpxtpx:TrackPointExtension>
        </extensions>
      </trkpt>
      <trkpt lat="31.47310711071594" lon="120.25420677340239">
        <ele>6.691075679846108</ele>
        <time>2025-01-10T14:31:51Z</time>
        <extensions>
          <gpxtpx:TrackPointExtension>
            <gpxtpx:hr>176</gpxtpx:hr>
          </gpxtpx:TrackPointExtension>
        </extensions>
      </trkpt>
      <trkpt lat="31.473104410745027" lon="120.2541792059772">
        <ele>6.732722384855151</ele>
        <time>2025-01-10T14:31:52Z</time>
        <extensions>
          <gpxtpx:TrackPointExtension>
            <gpxtpx:hr>176</gpxtpx:hr>
          </gpxtpx:TrackPointExtension>
        </extensions>
      </trkpt>
      <trkpt lat="31.473099537385515" lon="120.25415289700793">
        <ele>6.797607222571969</ele>
        <time>2025-01-10T14:31:53Z</time>
        <extensions>
          <gpxtpx:TrackPointExtension>
            <gpxtpx:hr>175</gpxtpx:hr>
          </gpxtpx:TrackPointExtension>
        </extensions>
      </trkpt>
      <trkpt lat="31.473092268989877" lon="120.25412616617055">
        <ele>6.893560807220638</ele>
        <time>2025-01-10T14:31:54Z</time>
        <extensions>
          <gpxtpx:TrackPointExtension>
            <gpxtpx:hr>175</gpxtpx:hr>
          </gpxtpx:TrackPointExtension>
        </extensions>
      </trkpt>
      <trkpt lat="31.47308348706081" lon="120.25409961750438">
        <ele>6.984697310253978</ele>
        <time>2025-01-10T14:31:55Z</time>
        <extensions>
          <gpxtpx:TrackPointExtension>
            <gpxtpx:hr>175</gpxtpx:hr>
          </gpxtpx:TrackPointExtension>
        </extensions>
      </trkpt>
      <trkpt lat="31.473073530396398" lon="120.25407348365022">
        <ele>7.067810143344104</ele>
        <time>2025-01-10T14:31:56Z</time>
        <extensions>
          <gpxtpx:TrackPointExtension>
            <gpxtpx:hr>175</gpxtpx:hr>
          </gpxtpx:TrackPointExtension>
        </extensions>
      </trkpt>
      <trkpt lat="31.473062488176694" lon="120.25404813141921">
        <ele>7.168437876738608</ele>
        <time>2025-01-10T14:31:57Z</time>
        <extensions>
          <gpxtpx:TrackPointExtension>
            <gpxtpx:hr>175</gpxtpx:hr>
          </gpxtpx:TrackPointExtension>
        </extensions>
      </trkpt>
      <trkpt lat="31.47305066328611" lon="120.25402484936843">
        <ele>7.255180352367461</ele>
        <time>2025-01-10T14:31:58Z</time>
        <extensions>
          <gpxtpx:TrackPointExtension>
            <gpxtpx:hr>173</gpxtpx:hr>
          </gpxtpx:TrackPointExtension>
        </extensions>
      </trkpt>
      <trkpt lat="31.47303770876816" lon="120.25400432107287">
        <ele>7.328854258172214</ele>
        <time>2025-01-10T14:31:59Z</time>
        <extensions>
          <gpxtpx:TrackPointExtension>
            <gpxtpx:hr>173</gpxtpx:hr>
          </gpxtpx:TrackPointExtension>
        </extensions>
      </trkpt>
      <trkpt lat="31.473022232501116" lon="120.2539839429069">
        <ele>7.403795967809856</ele>
        <time>2025-01-10T14:32:00Z</time>
        <extensions>
          <gpxtpx:TrackPointExtension>
            <gpxtpx:hr>173</gpxtpx:hr>
          </gpxtpx:TrackPointExtension>
        </extensions>
      </trkpt>
      <trkpt lat="31.473003596045643" lon="120.2539626158074">
        <ele>7.469728169962764</ele>
        <time>2025-01-10T14:32:01Z</time>
        <extensions>
          <gpxtpx:TrackPointExtension>
            <gpxtpx:hr>173</gpxtpx:hr>
          </gpxtpx:TrackPointExtension>
        </extensions>
      </trkpt>
      <trkpt lat="31.472983703237578" lon="120.25394097851292">
        <ele>7.522396964021027</ele>
        <time>2025-01-10T14:32:02Z</time>
        <extensions>
          <gpxtpx:TrackPointExtension>
            <gpxtpx:hr>173</gpxtpx:hr>
          </gpxtpx:TrackPointExtension>
        </extensions>
      </trkpt>
      <trkpt lat="31.472963480584365" lon="120.2539188017285">
        <ele>7.56499167252332</ele>
        <time>2025-01-10T14:32:03Z</time>
        <extensions>
          <gpxtpx:TrackPointExtension>
            <gpxtpx:hr>173</gpxtpx:hr>
          </gpxtpx:TrackPointExtension>
        </extensions>
      </trkpt>
      <trkpt lat="31.472941946941443" lon="120.25389703689017">
        <ele>7.582304935902357</ele>
        <time>2025-01-10T14:32:04Z</time>
        <extensions>
          <gpxtpx:TrackPointExtension>
            <gpxtpx:hr>173</gpxtpx:hr>
          </gpxtpx:TrackPointExtension>
        </extensions>
      </trkpt>
      <trkpt lat="31.47292040032987" lon="120.25387850396942">
        <ele>7.597611531615257</ele>
        <time>2025-01-10T14:32:05Z</time>
        <extensions>
          <gpxtpx:TrackPointExtension>
            <gpxtpx:hr>173</gpxtpx:hr>
          </gpxtpx:TrackPointExtension>
        </extensions>
      </trkpt>
      <trkpt lat="31.472898566220266" lon="120.2538648655884">
        <ele>7.607787726446986</ele>
        <time>2025-01-10T14:32:06Z</time>
        <extensions>
          <gpxtpx:TrackPointExtension>
            <gpxtpx:hr>173</gpxtpx:hr>
          </gpxtpx:TrackPointExtension>
        </extensions>
      </trkpt>
      <trkpt lat="31.472874064834926" lon="120.25385482626963">
        <ele>7.61536740232259</ele>
        <time>2025-01-10T14:32:07Z</time>
        <extensions>
          <gpxtpx:TrackPointExtension>
            <gpxtpx:hr>174</gpxtpx:hr>
          </gpxtpx:TrackPointExtension>
        </extensions>
      </trkpt>
      <trkpt lat="31.472847812232633" lon="120.25384625212129">
        <ele>7.607555728405714</ele>
        <time>2025-01-10T14:32:08Z</time>
        <extensions>
          <gpxtpx:TrackPointExtension>
            <gpxtpx:hr>174</gpxtpx:hr>
          </gpxtpx:TrackPointExtension>
        </extensions>
      </trkpt>
      <trkpt lat="31.472822623422108" lon="120.25383869772409">
        <ele>7.574111965484917</ele>
        <time>2025-01-10T14:32:09Z</time>
        <extensions>
          <gpxtpx:TrackPointExtension>
            <gpxtpx:hr>174</gpxtpx:hr>
          </gpxtpx:TrackPointExtension>
        </extensions>
      </trkpt>
      <trkpt lat="31.472797399295754" lon="120.2538329497009">
        <ele>7.527898120693862</ele>
        <time>2025-01-10T14:32:10Z</time>
        <extensions>
          <gpxtpx:TrackPointExtension>
            <gpxtpx:hr>174</gpxtpx:hr>
          </gpxtpx:TrackPointExtension>
        </extensions>
      </trkpt>
      <trkpt lat="31.472770677107857" lon="120.25382888339374">
        <ele>7.481911570765078</ele>
        <time>2025-01-10T14:32:11Z</time>
        <extensions>
          <gpxtpx:TrackPointExtension>
            <gpxtpx:hr>174</gpxtpx:hr>
          </gpxtpx:TrackPointExtension>
        </extensions>
      </trkpt>
      <trkpt lat="31.47274335520761" lon="120.25382510234574">
        <ele>7.445146011188626</ele>
        <time>2025-01-10T14:32:12Z</time>
        <extensions>
          <gpxtpx:TrackPointExtension>
            <gpxtpx:hr>174</gpxtpx:hr>
          </gpxtpx:TrackPointExtension>
        </extensions>
      </trkpt>
      <trkpt lat="31.472715736096088" lon="120.25382066751462">
        <ele>7.383194192312658</ele>
        <time>2025-01-10T14:32:13Z</time>
        <extensions>
          <gpxtpx:TrackPointExtension>
            <gpxtpx:hr>174</gpxtpx:hr>
          </gpxtpx:TrackPointExtension>
        </extensions>
      </trkpt>
      <trkpt lat="31.472686349786844" lon="120.25381549451701">
        <ele>7.307280928827822</ele>
        <time>2025-01-10T14:32:14Z</time>
        <extensions>
          <gpxtpx:TrackPointExtension>
            <gpxtpx:hr>174</gpxtpx:hr>
          </gpxtpx:TrackPointExtension>
        </extensions>
      </trkpt>
      <trkpt lat="31.472655996537117" lon="120.25381014490961">
        <ele>7.250736557878554</ele>
        <time>2025-01-10T14:32:15Z</time>
        <extensions>
          <gpxtpx:TrackPointExtension>
            <gpxtpx:hr>174</gpxtpx:hr>
          </gpxtpx:TrackPointExtension>
        </extensions>
      </trkpt>
      <trkpt lat="31.47262730282356" lon="120.25380537202979">
        <ele>7.168990470468998</ele>
        <time>2025-01-10T14:32:16Z</time>
        <extensions>
          <gpxtpx:TrackPointExtension>
            <gpxtpx:hr>176</gpxtpx:hr>
          </gpxtpx:TrackPointExtension>
        </extensions>
      </trkpt>
      <trkpt lat="31.472598674870873" lon="120.25380024453253">
        <ele>7.084471859037876</ele>
        <time>2025-01-10T14:32:17Z</time>
        <extensions>
          <gpxtpx:TrackPointExtension>
            <gpxtpx:hr>176</gpxtpx:hr>
          </gpxtpx:TrackPointExtension>
        </extensions>
      </trkpt>
      <trkpt lat="31.47256859130285" lon="120.25379314450467">
        <ele>6.9936301512643695</ele>
        <time>2025-01-10T14:32:18Z</time>
        <extensions>
          <gpxtpx:TrackPointExtension>
            <gpxtpx:hr>176</gpxtpx:hr>
          </gpxtpx:TrackPointExtension>
        </extensions>
      </trkpt>
      <trkpt lat="31.472539477387002" lon="120.25378502600746">
        <ele>6.901058081537485</ele>
        <time>2025-01-10T14:32:19Z</time>
        <extensions>
          <gpxtpx:TrackPointExtension>
            <gpxtpx:hr>176</gpxtpx:hr>
          </gpxtpx:TrackPointExtension>
        </extensions>
      </trkpt>
      <trkpt lat="31.472511188499617" lon="120.25377888750528">
        <ele>6.798906321637332</ele>
        <time>2025-01-10T14:32:20Z</time>
        <extensions>
          <gpxtpx:TrackPointExtension>
            <gpxtpx:hr>176</gpxtpx:hr>
          </gpxtpx:TrackPointExtension>
        </extensions>
      </trkpt>
      <trkpt lat="31.472483069719665" lon="120.25377586975297">
        <ele>6.6879777694121</ele>
        <time>2025-01-10T14:32:21Z</time>
        <extensions>
          <gpxtpx:TrackPointExtension>
            <gpxtpx:hr>176</gpxtpx:hr>
          </gpxtpx:TrackPointExtension>
        </extensions>
      </trkpt>
      <trkpt lat="31.47245710652681" lon="120.25377469965402">
        <ele>6.5819191774353385</ele>
        <time>2025-01-10T14:32:22Z</time>
        <extensions>
          <gpxtpx:TrackPointExtension>
            <gpxtpx:hr>178</gpxtpx:hr>
          </gpxtpx:TrackPointExtension>
        </extensions>
      </trkpt>
      <trkpt lat="31.47243252036576" lon="120.25377527281225">
        <ele>6.462105098180473</ele>
        <time>2025-01-10T14:32:23Z</time>
        <extensions>
          <gpxtpx:TrackPointExtension>
            <gpxtpx:hr>178</gpxtpx:hr>
          </gpxtpx:TrackPointExtension>
        </extensions>
      </trkpt>
      <trkpt lat="31.47240908972378" lon="120.25377346790805">
        <ele>6.358323651365936</ele>
        <time>2025-01-10T14:32:24Z</time>
        <extensions>
          <gpxtpx:TrackPointExtension>
            <gpxtpx:hr>178</gpxtpx:hr>
          </gpxtpx:TrackPointExtension>
        </extensions>
      </trkpt>
      <trkpt lat="31.472387818824906" lon="120.25376426456387">
        <ele>6.266475078649819</ele>
        <time>2025-01-10T14:32:25Z</time>
        <extensions>
          <gpxtpx:TrackPointExtension>
            <gpxtpx:hr>178</gpxtpx:hr>
          </gpxtpx:TrackPointExtension>
        </extensions>
      </trkpt>
      <trkpt lat="31.472367731529804" lon="120.25375308400073">
        <ele>6.162892224267125</ele>
        <time>2025-01-10T14:32:26Z</time>
        <extensions>
          <gpxtpx:TrackPointExtension>
            <gpxtpx:hr>178</gpxtpx:hr>
          </gpxtpx:TrackPointExtension>
        </extensions>
      </trkpt>
      <trkpt lat="31.472346740442305" lon="120.25374675489546">
        <ele>6.0844049053266644</ele>
        <time>2025-01-10T14:32:27Z</time>
        <extensions>
          <gpxtpx:TrackPointExtension>
            <gpxtpx:hr>178</gpxtpx:hr>
          </gpxtpx:TrackPointExtension>
        </extensions>
      </trkpt>
      <trkpt lat="31.47232430013076" lon="120.2537456421625">
        <ele>6.0084402952343225</ele>
        <time>2025-01-10T14:32:28Z</time>
        <extensions>
          <gpxtpx:TrackPointExtension>
            <gpxtpx:hr>178</gpxtpx:hr>
          </gpxtpx:TrackPointExtension>
        </extensions>
      </trkpt>
      <trkpt lat="31.472301687082894" lon="120.25374483930176">
        <ele>5.915138255804777</ele>
        <time>2025-01-10T14:32:29Z</time>
        <extensions>
          <gpxtpx:TrackPointExtension>
            <gpxtpx:hr>178</gpxtpx:hr>
          </gpxtpx:TrackPointExtension>
        </extensions>
      </trkpt>
      <trkpt lat="31.472279397258333" lon="120.25374127842883">
        <ele>5.832758316770196</ele>
        <time>2025-01-10T14:32:30Z</time>
        <extensions>
          <gpxtpx:TrackPointExtension>
            <gpxtpx:hr>178</gpxtpx:hr>
          </gpxtpx:TrackPointExtension>
        </extensions>
      </trkpt>
      <trkpt lat="31.472256688189393" lon="120.25373679948449">
        <ele>5.751247338019311</ele>
        <time>2025-01-10T14:32:31Z</time>
        <extensions>
          <gpxtpx:TrackPointExtension>
            <gpxtpx:hr>178</gpxtpx:hr>
          </gpxtpx:TrackPointExtension>
        </extensions>
      </trkpt>
      <trkpt lat="31.472234015290308" lon="120.25373208530382">
        <ele>5.665275482460856</ele>
        <time>2025-01-10T14:32:32Z</time>
        <extensions>
          <gpxtpx:TrackPointExtension>
            <gpxtpx:hr>177</gpxtpx:hr>
          </gpxtpx:TrackPointExtension>
        </extensions>
      </trkpt>
      <trkpt lat="31.47221235603255" lon="120.2537272673628">
        <ele>5.588357087224722</ele>
        <time>2025-01-10T14:32:33Z</time>
        <extensions>
          <gpxtpx:TrackPointExtension>
            <gpxtpx:hr>177</gpxtpx:hr>
          </gpxtpx:TrackPointExtension>
        </extensions>
      </trkpt>
      <trkpt lat="31.4721914329357" lon="120.25372277779594">
        <ele>5.52517125569284</ele>
        <time>2025-01-10T14:32:34Z</time>
        <extensions>
          <gpxtpx:TrackPointExtension>
            <gpxtpx:hr>177</gpxtpx:hr>
          </gpxtpx:TrackPointExtension>
        </extensions>
      </trkpt>
      <trkpt lat="31.47217003062239" lon="120.2537191054433">
        <ele>5.446139114908874</ele>
        <time>2025-01-10T14:32:35Z</time>
        <extensions>
          <gpxtpx:TrackPointExtension>
            <gpxtpx:hr>177</gpxtpx:hr>
          </gpxtpx:TrackPointExtension>
        </extensions>
      </trkpt>
      <trkpt lat="31.472147365171057" lon="120.25371633822824">
        <ele>5.369936629198492</ele>
        <time>2025-01-10T14:32:36Z</time>
        <extensions>
          <gpxtpx:TrackPointExtension>
            <gpxtpx:hr>177</gpxtpx:hr>
          </gpxtpx:TrackPointExtension>
        </extensions>
      </trkpt>
      <trkpt lat="31.472123370825337" lon="120.25371303136875">
        <ele>5.291015866212547</ele>
        <time>2025-01-10T14:32:37Z</time>
        <extensions>
          <gpxtpx:TrackPointExtension>
            <gpxtpx:hr>177</gpxtpx:hr>
          </gpxtpx:TrackPointExtension>
        </extensions>
      </trkpt>
      <trkpt lat="31.47209921443311" lon="120.2537091683752">
        <ele>5.228076810017228</ele>
        <time>2025-01-10T14:32:38Z</time>
        <extensions>
          <gpxtpx:TrackPointExtension>
            <gpxtpx:hr>176</gpxtpx:hr>
          </gpxtpx:TrackPointExtension>
        </extensions>
      </trkpt>
      <trkpt lat="31.472076983773285" lon="120.25370693159014">
        <ele>5.1802561935037374</ele>
        <time>2025-01-10T14:32:39Z</time>
        <extensions>
          <gpxtpx:TrackPointExtension>
            <gpxtpx:hr>176</gpxtpx:hr>
          </gpxtpx:TrackPointExtension>
        </extensions>
      </trkpt>
      <trkpt lat="31.47205659173536" lon="120.25370651307115">
        <ele>5.149745147675276</ele>
        <time>2025-01-10T14:32:40Z</time>
        <extensions>
          <gpxtpx:TrackPointExtension>
            <gpxtpx:hr>176</gpxtpx:hr>
          </gpxtpx:TrackPointExtension>
        </extensions>
      </trkpt>
      <trkpt lat="31.47203451654718" lon="120.25370626634012">
        <ele>5.135564501397312</ele>
        <time>2025-01-10T14:32:41Z</time>
        <extensions>
          <gpxtpx:TrackPointExtension>
            <gpxtpx:hr>176</gpxtpx:hr>
          </gpxtpx:TrackPointExtension>
        </extensions>
      </trkpt>
      <trkpt lat="31.47200882947121" lon="120.2537063000806">
        <ele>5.148846459574997</ele>
        <time>2025-01-10T14:32:42Z</time>
        <extensions>
          <gpxtpx:TrackPointExtension>
            <gpxtpx:hr>176</gpxtpx:hr>
          </gpxtpx:TrackPointExtension>
        </extensions>
      </trkpt>
      <trkpt lat="31.471982992777345" lon="120.25370768815107">
        <ele>5.19061166793108</ele>
        <time>2025-01-10T14:32:43Z</time>
        <extensions>
          <gpxtpx:TrackPointExtension>
            <gpxtpx:hr>176</gpxtpx:hr>
          </gpxtpx:TrackPointExtension>
        </extensions>
      </trkpt>
      <trkpt lat="31.471959117651025" lon="120.25371202625512">
        <ele>5.245508478023112</ele>
        <time>2025-01-10T14:32:44Z</time>
        <extensions>
          <gpxtpx:TrackPointExtension>
            <gpxtpx:hr>176</gpxtpx:hr>
          </gpxtpx:TrackPointExtension>
        </extensions>
      </trkpt>
      <trkpt lat="31.471934732848762" lon="120.25372172771138">
        <ele>5.331645985133946</ele>
        <time>2025-01-10T14:32:45Z</time>
        <extensions>
          <gpxtpx:TrackPointExtension>
            <gpxtpx:hr>175</gpxtpx:hr>
          </gpxtpx:TrackPointExtension>
        </extensions>
      </trkpt>
      <trkpt lat="31.47190993845031" lon="120.25373428960481">
        <ele>5.4541132701560855</ele>
        <time>2025-01-10T14:32:46Z</time>
        <extensions>
          <gpxtpx:TrackPointExtension>
            <gpxtpx:hr>175</gpxtpx:hr>
          </gpxtpx:TrackPointExtension>
        </extensions>
      </trkpt>
      <trkpt lat="31.471887638731822" lon="120.2537449717348">
        <ele>5.575848747044802</ele>
        <time>2025-01-10T14:32:47Z</time>
        <extensions>
          <gpxtpx:TrackPointExtension>
            <gpxtpx:hr>175</gpxtpx:hr>
          </gpxtpx:TrackPointExtension>
        </extensions>
      </trkpt>
      <trkpt lat="31.471867821866912" lon="120.2537552579843">
        <ele>5.717521881684661</ele>
        <time>2025-01-10T14:32:48Z</time>
        <extensions>
          <gpxtpx:TrackPointExtension>
            <gpxtpx:hr>175</gpxtpx:hr>
          </gpxtpx:TrackPointExtension>
        </extensions>
      </trkpt>
      <trkpt lat="31.471848530549334" lon="120.25376789631228">
        <ele>5.882840855978429</ele>
        <time>2025-01-10T14:32:49Z</time>
        <extensions>
          <gpxtpx:TrackPointExtension>
            <gpxtpx:hr>175</gpxtpx:hr>
          </gpxtpx:TrackPointExtension>
        </extensions>
      </trkpt>
      <trkpt lat="31.471828553896742" lon="120.2537838688426">
        <ele>6.040968732908368</ele>
        <time>2025-01-10T14:32:50Z</time>
        <extensions>
          <gpxtpx:TrackPointExtension>
            <gpxtpx:hr>175</gpxtpx:hr>
          </gpxtpx:TrackPointExtension>
        </extensions>
      </trkpt>
      <trkpt lat="31.471808771860182" lon="120.2538025859728">
        <ele>6.198261791840196</ele>
        <time>2025-01-10T14:32:51Z</time>
        <extensions>
          <gpxtpx:TrackPointExtension>
            <gpxtpx:hr>175</gpxtpx:hr>
          </gpxtpx:TrackPointExtension>
        </extensions>
      </trkpt>
      <trkpt lat="31.471790559376203" lon="120.253824351267">
        <ele>6.366802134551108</ele>
        <time>2025-01-10T14:32:52Z</time>
        <extensions>
          <gpxtpx:TrackPointExtension>
            <gpxtpx:hr>175</gpxtpx:hr>
          </gpxtpx:TrackPointExtension>
        </extensions>
      </trkpt>
      <trkpt lat="31.471774217141398" lon="120.2538485486925">
        <ele>6.53011492267251</ele>
        <time>2025-01-10T14:32:53Z</time>
        <extensions>
          <gpxtpx:TrackPointExtension>
            <gpxtpx:hr>175</gpxtpx:hr>
          </gpxtpx:TrackPointExtension>
        </extensions>
      </trkpt>
      <trkpt lat="31.471760282551717" lon="120.25387135777713">
        <ele>6.684516506269574</ele>
        <time>2025-01-10T14:32:54Z</time>
        <extensions>
          <gpxtpx:TrackPointExtension>
            <gpxtpx:hr>177</gpxtpx:hr>
          </gpxtpx:TrackPointExtension>
        </extensions>
      </trkpt>
      <trkpt lat="31.47174669770512" lon="120.25389163391573">
        <ele>6.843189397826791</ele>
        <time>2025-01-10T14:32:55Z</time>
        <extensions>
          <gpxtpx:TrackPointExtension>
            <gpxtpx:hr>177</gpxtpx:hr>
          </gpxtpx:TrackPointExtension>
        </extensions>
      </trkpt>
      <trkpt lat="31.47173171195153" lon="120.25391384456765">
        <ele>6.985023368149996</ele>
        <time>2025-01-10T14:32:56Z</time>
        <extensions>
          <gpxtpx:TrackPointExtension>
            <gpxtpx:hr>177</gpxtpx:hr>
          </gpxtpx:TrackPointExtension>
        </extensions>
      </trkpt>
      <trkpt lat="31.471717936777992" lon="120.25394064766583">
        <ele>7.117584640160203</ele>
        <time>2025-01-10T14:32:57Z</time>
        <extensions>
          <gpxtpx:TrackPointExtension>
            <gpxtpx:hr>177</gpxtpx:hr>
          </gpxtpx:TrackPointExtension>
        </extensions>
      </trkpt>
      <trkpt lat="31.471708232292954" lon="120.25396879289269">
        <ele>7.239346782676876</ele>
        <time>2025-01-10T14:32:58Z</time>
        <extensions>
          <gpxtpx:TrackPointExtension>
            <gpxtpx:hr>177</gpxtpx:hr>
          </gpxtpx:TrackPointExtension>
        </extensions>
      </trkpt>
      <trkpt lat="31.471701986729165" lon="120.2539976544815">
        <ele>7.339226534590125</ele>
        <time>2025-01-10T14:32:59Z</time>
        <extensions>
          <gpxtpx:TrackPointExtension>
            <gpxtpx:hr>176</gpxtpx:hr>
          </gpxtpx:TrackPointExtension>
        </extensions>
      </trkpt>
      <trkpt lat="31.47169660972125" lon="120.25402770777872">
        <ele>7.40302712097764</ele>
        <time>2025-01-10T14:33:00Z</time>
        <extensions>
          <gpxtpx:TrackPointExtension>
            <gpxtpx:hr>176</gpxtpx:hr>
          </gpxtpx:TrackPointExtension>
        </extensions>
      </trkpt>
      <trkpt lat="31.471691891414963" lon="120.25405768678607">
        <ele>7.448397919535637</ele>
        <time>2025-01-10T14:33:01Z</time>
        <extensions>
          <gpxtpx:TrackPointExtension>
            <gpxtpx:hr>176</gpxtpx:hr>
          </gpxtpx:TrackPointExtension>
        </extensions>
      </trkpt>
      <trkpt lat="31.471689662300975" lon="120.25408640182293">
        <ele>7.481886367313564</ele>
        <time>2025-01-10T14:33:02Z</time>
        <extensions>
          <gpxtpx:TrackPointExtension>
            <gpxtpx:hr>176</gpxtpx:hr>
          </gpxtpx:TrackPointExtension>
        </extensions>
      </trkpt>
      <trkpt lat="31.471691133184244" lon="120.25411488269225">
        <ele>7.488742248155177</ele>
        <time>2025-01-10T14:33:03Z</time>
        <extensions>
          <gpxtpx:TrackPointExtension>
            <gpxtpx:hr>176</gpxtpx:hr>
          </gpxtpx:TrackPointExtension>
        </extensions>
      </trkpt>
      <trkpt lat="31.471695372861138" lon="120.2541439734609">
        <ele>7.472143220715225</ele>
        <time>2025-01-10T14:33:04Z</time>
        <extensions>
          <gpxtpx:TrackPointExtension>
            <gpxtpx:hr>175</gpxtpx:hr>
          </gpxtpx:TrackPointExtension>
        </extensions>
      </trkpt>
      <trkpt lat="31.47169953163659" lon="120.2541717887618">
        <ele>7.436486606486142</ele>
        <time>2025-01-10T14:33:05Z</time>
        <extensions>
          <gpxtpx:TrackPointExtension>
            <gpxtpx:hr>175</gpxtpx:hr>
          </gpxtpx:TrackPointExtension>
        </extensions>
      </trkpt>
      <trkpt lat="31.47170348386796" lon="120.25419829832455">
        <ele>7.388225379399955</ele>
        <time>2025-01-10T14:33:06Z</time>
        <extensions>
          <gpxtpx:TrackPointExtension>
            <gpxtpx:hr>175</gpxtpx:hr>
          </gpxtpx:TrackPointExtension>
        </extensions>
      </trkpt>
      <trkpt lat="31.471709823469883" lon="120.25422523059335">
        <ele>7.319234396331012</ele>
        <time>2025-01-10T14:33:07Z</time>
        <extensions>
          <gpxtpx:TrackPointExtension>
            <gpxtpx:hr>175</gpxtpx:hr>
          </gpxtpx:TrackPointExtension>
        </extensions>
      </trkpt>
      <trkpt lat="31.471718537284175" lon="120.25425169513098">
        <ele>7.215384216979146</ele>
        <time>2025-01-10T14:33:08Z</time>
        <extensions>
          <gpxtpx:TrackPointExtension>
            <gpxtpx:hr>175</gpxtpx:hr>
          </gpxtpx:TrackPointExtension>
        </extensions>
      </trkpt>
      <trkpt lat="31.47172773906948" lon="120.25427550005311">
        <ele>7.1100627249106765</ele>
        <time>2025-01-10T14:33:09Z</time>
        <extensions>
          <gpxtpx:TrackPointExtension>
            <gpxtpx:hr>175</gpxtpx:hr>
          </gpxtpx:TrackPointExtension>
        </extensions>
      </trkpt>
      <trkpt lat="31.471738480397228" lon="120.2542983786415">
        <ele>6.990471543744206</ele>
        <time>2025-01-10T14:33:10Z</time>
        <extensions>
          <gpxtpx:TrackPointExtension>
            <gpxtpx:hr>175</gpxtpx:hr>
          </gpxtpx:TrackPointExtension>
        </extensions>
      </trkpt>
      <trkpt lat="31.471751574616697" lon="120.2543228825476">
        <ele>6.861342907883227</ele>
        <time>2025-01-10T14:33:11Z</time>
        <extensions>
          <gpxtpx:TrackPointExtension>
            <gpxtpx:hr>175</gpxtpx:hr>
          </gpxtpx:TrackPointExtension>
        </extensions>
      </trkpt>
      <trkpt lat="31.471765117601226" lon="120.25434722078079">
        <ele>6.734638729132712</ele>
        <time>2025-01-10T14:33:12Z</time>
        <extensions>
          <gpxtpx:TrackPointExtension>
            <gpxtpx:hr>175</gpxtpx:hr>
          </gpxtpx:TrackPointExtension>
        </extensions>
      </trkpt>
      <trkpt lat="31.471779774462828" lon="120.25436881183109">
        <ele>6.605693591758609</ele>
        <time>2025-01-10T14:33:13Z</time>
        <extensions>
          <gpxtpx:TrackPointExtension>
            <gpxtpx:hr>174</gpxtpx:hr>
          </gpxtpx:TrackPointExtension>
        </extensions>
      </trkpt>
      <trkpt lat="31.471797564212967" lon="120.25438921542187">
        <ele>6.481840099208057</ele>
        <time>2025-01-10T14:33:14Z</time>
        <extensions>
          <gpxtpx:TrackPointExtension>
            <gpxtpx:hr>174</gpxtpx:hr>
          </gpxtpx:TrackPointExtension>
        </extensions>
      </trkpt>
      <trkpt lat="31.47181682924414" lon="120.25440929272307">
        <ele>6.349473252892494</ele>
        <time>2025-01-10T14:33:15Z</time>
        <extensions>
          <gpxtpx:TrackPointExtension>
            <gpxtpx:hr>174</gpxtpx:hr>
          </gpxtpx:TrackPointExtension>
        </extensions>
      </trkpt>
      <trkpt lat="31.471835416377196" lon="120.25442729566007">
        <ele>6.2219520173966885</ele>
        <time>2025-01-10T14:33:16Z</time>
        <extensions>
          <gpxtpx:TrackPointExtension>
            <gpxtpx:hr>174</gpxtpx:hr>
          </gpxtpx:TrackPointExtension>
        </extensions>
      </trkpt>
      <trkpt lat="31.471854592228272" lon="120.25444344528418">
        <ele>6.103361630812287</ele>
        <time>2025-01-10T14:33:17Z</time>
        <extensions>
          <gpxtpx:TrackPointExtension>
            <gpxtpx:hr>173</gpxtpx:hr>
          </gpxtpx:TrackPointExtension>
        </extensions>
      </trkpt>
      <trkpt lat="31.471875243050004" lon="120.25445815598582">
        <ele>5.989712665788829</ele>
        <time>2025-01-10T14:33:18Z</time>
        <extensions>
          <gpxtpx:TrackPointExtension>
            <gpxtpx:hr>173</gpxtpx:hr>
          </gpxtpx:TrackPointExtension>
        </extensions>
      </trkpt>
      <trkpt lat="31.471896475472704" lon="120.25447127357052">
        <ele>5.880175000987947</ele>
        <time>2025-01-10T14:33:19Z</time>
        <extensions>
          <gpxtpx:TrackPointExtension>
            <gpxtpx:hr>173</gpxtpx:hr>
          </gpxtpx:TrackPointExtension>
        </extensions>
      </trkpt>
      <trkpt lat="31.471918088738907" lon="120.25448371477431">
        <ele>5.792664206586778</ele>
        <time>2025-01-10T14:33:20Z</time>
        <extensions>
          <gpxtpx:TrackPointExtension>
            <gpxtpx:hr>173</gpxtpx:hr>
          </gpxtpx:TrackPointExtension>
        </extensions>
      </trkpt>
      <trkpt lat="31.471940611367437" lon="120.25449441912771">
        <ele>5.719167060218751</ele>
        <time>2025-01-10T14:33:21Z</time>
        <extensions>
          <gpxtpx:TrackPointExtension>
            <gpxtpx:hr>173</gpxtpx:hr>
          </gpxtpx:TrackPointExtension>
        </extensions>
      </trkpt>
      <trkpt lat="31.471963602311316" lon="120.25450206200843">
        <ele>5.651392808184028</ele>
        <time>2025-01-10T14:33:22Z</time>
        <extensions>
          <gpxtpx:TrackPointExtension>
            <gpxtpx:hr>173</gpxtpx:hr>
          </gpxtpx:TrackPointExtension>
        </extensions>
      </trkpt>
      <trkpt lat="31.47198631133303" lon="120.25450866418021">
        <ele>5.600632756948471</ele>
        <time>2025-01-10T14:33:23Z</time>
        <extensions>
          <gpxtpx:TrackPointExtension>
            <gpxtpx:hr>173</gpxtpx:hr>
          </gpxtpx:TrackPointExtension>
        </extensions>
      </trkpt>
      <trkpt lat="31.47200924732379" lon="120.25451391253192">
        <ele>5.560372873209417</ele>
        <time>2025-01-10T14:33:24Z</time>
        <extensions>
          <gpxtpx:TrackPointExtension>
            <gpxtpx:hr>172</gpxtpx:hr>
          </gpxtpx:TrackPointExtension>
        </extensions>
      </trkpt>
      <trkpt lat="31.472034432316903" lon="120.25451676106297">
        <ele>5.521038177423179</ele>
        <time>2025-01-10T14:33:25Z</time>
        <extensions>
          <gpxtpx:TrackPointExtension>
            <gpxtpx:hr>172</gpxtpx:hr>
          </gpxtpx:TrackPointExtension>
        </extensions>
      </trkpt>
      <trkpt lat="31.472060766822214" lon="120.25451971321444">
        <ele>5.500806052237749</ele>
        <time>2025-01-10T14:33:26Z</time>
        <extensions>
          <gpxtpx:TrackPointExtension>
            <gpxtpx:hr>172</gpxtpx:hr>
          </gpxtpx:TrackPointExtension>
        </extensions>
      </trkpt>
      <trkpt lat="31.472087025745253" lon="120.25452397365423">
        <ele>5.486168217845261</ele>
        <time>2025-01-10T14:33:27Z</time>
        <extensions>
          <gpxtpx:TrackPointExtension>
            <gpxtpx:hr>172</gpxtpx:hr>
          </gpxtpx:TrackPointExtension>
        </extensions>
      </trkpt>
      <trkpt lat="31.472114951550417" lon="120.25452848502299">
        <ele>5.484243847429752</ele>
        <time>2025-01-10T14:33:28Z</time>
        <extensions>
          <gpxtpx:TrackPointExtension>
            <gpxtpx:hr>172</gpxtpx:hr>
          </gpxtpx:TrackPointExtension>
        </extensions>
      </trkpt>
      <trkpt lat="31.472142759753158" lon="120.2545323769194">
        <ele>5.4787530936300755</ele>
        <time>2025-01-10T14:33:29Z</time>
        <extensions>
          <gpxtpx:TrackPointExtension>
            <gpxtpx:hr>172</gpxtpx:hr>
          </gpxtpx:TrackPointExtension>
        </extensions>
      </trkpt>
      <trkpt lat="31.472168015474526" lon="120.25453624009464">
        <ele>5.473613322712481</ele>
        <time>2025-01-10T14:33:30Z</time>
        <extensions>
          <gpxtpx:TrackPointExtension>
            <gpxtpx:hr>172</gpxtpx:hr>
          </gpxtpx:TrackPointExtension>
        </extensions>
      </trkpt>
      <trkpt lat="31.472191565773894" lon="120.25454041159189">
        <ele>5.483804597519338</ele>
        <time>2025-01-10T14:33:31Z</time>
        <extensions>
          <gpxtpx:TrackPointExtension>
            <gpxtpx:hr>172</gpxtpx:hr>
          </gpxtpx:TrackPointExtension>
        </extensions>
      </trkpt>
      <trkpt lat="31.47221495429415" lon="120.25454456095439">
        <ele>5.4929769253358245</ele>
        <time>2025-01-10T14:33:32Z</time>
        <extensions>
          <gpxtpx:TrackPointExtension>
            <gpxtpx:hr>173</gpxtpx:hr>
          </gpxtpx:TrackPointExtension>
        </extensions>
      </trkpt>
      <trkpt lat="31.47223941137933" lon="120.25454938053463">
        <ele>5.530737061984837</ele>
        <time>2025-01-10T14:33:33Z</time>
        <extensions>
          <gpxtpx:TrackPointExtension>
            <gpxtpx:hr>173</gpxtpx:hr>
          </gpxtpx:TrackPointExtension>
        </extensions>
      </trkpt>
      <trkpt lat="31.472265128505825" lon="120.25455453842456">
        <ele>5.560824798420072</ele>
        <time>2025-01-10T14:33:34Z</time>
        <extensions>
          <gpxtpx:TrackPointExtension>
            <gpxtpx:hr>173</gpxtpx:hr>
          </gpxtpx:TrackPointExtension>
        </extensions>
      </trkpt>
      <trkpt lat="31.472291600537744" lon="120.25455850037388">
        <ele>5.584891845472157</ele>
        <time>2025-01-10T14:33:35Z</time>
        <extensions>
          <gpxtpx:TrackPointExtension>
            <gpxtpx:hr>173</gpxtpx:hr>
          </gpxtpx:TrackPointExtension>
        </extensions>
      </trkpt>
      <trkpt lat="31.472318070790937" lon="120.25456235677814">
        <ele>5.624257009476423</ele>
        <time>2025-01-10T14:33:36Z</time>
        <extensions>
          <gpxtpx:TrackPointExtension>
            <gpxtpx:hr>173</gpxtpx:hr>
          </gpxtpx:TrackPointExtension>
        </extensions>
      </trkpt>
      <trkpt lat="31.472343453510618" lon="120.25456709853688">
        <ele>5.670798372477293</ele>
        <time>2025-01-10T14:33:37Z</time>
        <extensions>
          <gpxtpx:TrackPointExtension>
            <gpxtpx:hr>174</gpxtpx:hr>
          </gpxtpx:TrackPointExtension>
        </extensions>
      </trkpt>
      <trkpt lat="31.472368460223326" lon="120.25457244906501">
        <ele>5.734594352543354</ele>
        <time>2025-01-10T14:33:38Z</time>
        <extensions>
          <gpxtpx:TrackPointExtension>
            <gpxtpx:hr>174</gpxtpx:hr>
          </gpxtpx:TrackPointExtension>
        </extensions>
      </trkpt>
      <trkpt lat="31.472393532198957" lon="120.25457928495307">
        <ele>5.8029277427122</ele>
        <time>2025-01-10T14:33:39Z</time>
        <extensions>
          <gpxtpx:TrackPointExtension>
            <gpxtpx:hr>174</gpxtpx:hr>
          </gpxtpx:TrackPointExtension>
        </extensions>
      </trkpt>
      <trkpt lat="31.472417901111864" lon="120.25458774833679">
        <ele>5.864461380057037</ele>
        <time>2025-01-10T14:33:40Z</time>
        <extensions>
          <gpxtpx:TrackPointExtension>
            <gpxtpx:hr>174</gpxtpx:hr>
          </gpxtpx:TrackPointExtension>
        </extensions>
      </trkpt>
      <trkpt lat="31.472441757447243" lon="120.25459511807874">
        <ele>5.932099737226963</ele>
        <time>2025-01-10T14:33:41Z</time>
        <extensions>
          <gpxtpx:TrackPointExtension>
            <gpxtpx:hr>174</gpxtpx:hr>
          </gpxtpx:TrackPointExtension>
        </extensions>
      </trkpt>
      <trkpt lat="31.47246546049514" lon="120.2545996114641">
        <ele>6.009122013114393</ele>
        <time>2025-01-10T14:33:42Z</time>
        <extensions>
          <gpxtpx:TrackPointExtension>
            <gpxtpx:hr>175</gpxtpx:hr>
          </gpxtpx:TrackPointExtension>
        </extensions>
      </trkpt>
      <trkpt lat="31.47248838869181" lon="120.25460187549521">
        <ele>6.096052805893123</ele>
        <time>2025-01-10T14:33:43Z</time>
        <extensions>
          <gpxtpx:TrackPointExtension>
            <gpxtpx:hr>175</gpxtpx:hr>
          </gpxtpx:TrackPointExtension>
        </extensions>
      </trkpt>
      <trkpt lat="31.472512247621747" lon="120.25460281070565">
        <ele>6.179792453534901</ele>
        <time>2025-01-10T14:33:44Z</time>
        <extensions>
          <gpxtpx:TrackPointExtension>
            <gpxtpx:hr>175</gpxtpx:hr>
          </gpxtpx:TrackPointExtension>
        </extensions>
      </trkpt>
      <trkpt lat="31.47253963355397" lon="120.25460418808926">
        <ele>6.255167078226805</ele>
        <time>2025-01-10T14:33:45Z</time>
        <extensions>
          <gpxtpx:TrackPointExtension>
            <gpxtpx:hr>175</gpxtpx:hr>
          </gpxtpx:TrackPointExtension>
        </extensions>
      </trkpt>
      <trkpt lat="31.47256832272802" lon="120.25460671596772">
        <ele>6.323007914237678</ele>
        <time>2025-01-10T14:33:46Z</time>
        <extensions>
          <gpxtpx:TrackPointExtension>
            <gpxtpx:hr>175</gpxtpx:hr>
          </gpxtpx:TrackPointExtension>
        </extensions>
      </trkpt>
      <trkpt lat="31.47259502464171" lon="120.25461030015555">
        <ele>6.412484124302864</ele>
        <time>2025-01-10T14:33:47Z</time>
        <extensions>
          <gpxtpx:TrackPointExtension>
            <gpxtpx:hr>175</gpxtpx:hr>
          </gpxtpx:TrackPointExtension>
        </extensions>
      </trkpt>
      <trkpt lat="31.472620485305786" lon="120.25461513590679">
        <ele>6.482972600497305</ele>
        <time>2025-01-10T14:33:48Z</time>
        <extensions>
          <gpxtpx:TrackPointExtension>
            <gpxtpx:hr>175</gpxtpx:hr>
          </gpxtpx:TrackPointExtension>
        </extensions>
      </trkpt>
      <trkpt lat="31.472645416419148" lon="120.25461982182807">
        <ele>6.553755561821163</ele>
        <time>2025-01-10T14:33:49Z</time>
        <extensions>
          <gpxtpx:TrackPointExtension>
            <gpxtpx:hr>175</gpxtpx:hr>
          </gpxtpx:TrackPointExtension>
        </extensions>
      </trkpt>
      <trkpt lat="31.47266834964915" lon="120.25462325091421">
        <ele>6.602789545431733</ele>
        <time>2025-01-10T14:33:50Z</time>
        <extensions>
          <gpxtpx:TrackPointExtension>
            <gpxtpx:hr>175</gpxtpx:hr>
          </gpxtpx:TrackPointExtension>
        </extensions>
      </trkpt>
      <trkpt lat="31.472690375501497" lon="120.25462685891141">
        <ele>6.659741437062621</ele>
        <time>2025-01-10T14:33:51Z</time>
        <extensions>
          <gpxtpx:TrackPointExtension>
            <gpxtpx:hr>175</gpxtpx:hr>
          </gpxtpx:TrackPointExtension>
        </extensions>
      </trkpt>
      <trkpt lat="31.472713196421935" lon="120.25463082888014">
        <ele>6.704619011841714</ele>
        <time>2025-01-10T14:33:52Z</time>
        <extensions>
          <gpxtpx:TrackPointExtension>
            <gpxtpx:hr>175</gpxtpx:hr>
          </gpxtpx:TrackPointExtension>
        </extensions>
      </trkpt>
      <trkpt lat="31.47273581688581" lon="120.25463436058747">
        <ele>6.74688383936882</ele>
        <time>2025-01-10T14:33:53Z</time>
        <extensions>
          <gpxtpx:TrackPointExtension>
            <gpxtpx:hr>175</gpxtpx:hr>
          </gpxtpx:TrackPointExtension>
        </extensions>
      </trkpt>
      <trkpt lat="31.472758008804767" lon="120.25463623072898">
        <ele>6.786766549572349</ele>
        <time>2025-01-10T14:33:54Z</time>
        <extensions>
          <gpxtpx:TrackPointExtension>
            <gpxtpx:hr>174</gpxtpx:hr>
          </gpxtpx:TrackPointExtension>
        </extensions>
      </trkpt>
      <trkpt lat="31.47278179899124" lon="120.25463473314993">
        <ele>6.817403164692223</ele>
        <time>2025-01-10T14:33:55Z</time>
        <extensions>
          <gpxtpx:TrackPointExtension>
            <gpxtpx:hr>174</gpxtpx:hr>
          </gpxtpx:TrackPointExtension>
        </extensions>
      </trkpt>
      <trkpt lat="31.472807638476603" lon="120.25463125567532">
        <ele>6.841811870224774</ele>
        <time>2025-01-10T14:33:56Z</time>
        <extensions>
          <gpxtpx:TrackPointExtension>
            <gpxtpx:hr>174</gpxtpx:hr>
          </gpxtpx:TrackPointExtension>
        </extensions>
      </trkpt>
      <trkpt lat="31.4728335982884" lon="120.25462648490017">
        <ele>6.864703222177923</ele>
        <time>2025-01-10T14:33:57Z</time>
        <extensions>
          <gpxtpx:TrackPointExtension>
            <gpxtpx:hr>174</gpxtpx:hr>
          </gpxtpx:TrackPointExtension>
        </extensions>
      </trkpt>
      <trkpt lat="31.472858650687336" lon="120.25461840012431">
        <ele>6.862852111458778</ele>
        <time>2025-01-10T14:33:58Z</time>
        <extensions>
          <gpxtpx:TrackPointExtension>
            <gpxtpx:hr>174</gpxtpx:hr>
          </gpxtpx:TrackPointExtension>
        </extensions>
      </trkpt>
      <trkpt lat="31.472883137041432" lon="120.25460794158789">
        <ele>6.878101688809693</ele>
        <time>2025-01-10T14:33:59Z</time>
        <extensions>
          <gpxtpx:TrackPointExtension>
            <gpxtpx:hr>172</gpxtpx:hr>
          </gpxtpx:TrackPointExtension>
        </extensions>
      </trkpt>
      <trkpt lat="31.47290591096316" lon="120.254596811517">
        <ele>6.885226461105049</ele>
        <time>2025-01-10T14:34:00Z</time>
        <extensions>
          <gpxtpx:TrackPointExtension>
            <gpxtpx:hr>172</gpxtpx:hr>
          </gpxtpx:TrackPointExtension>
        </extensions>
      </trkpt>
      <trkpt lat="31.47292577691483" lon="120.25458372464388">
        <ele>6.881946123205125</ele>
        <time>2025-01-10T14:34:01Z</time>
        <extensions>
          <gpxtpx:TrackPointExtension>
            <gpxtpx:hr>172</gpxtpx:hr>
          </gpxtpx:TrackPointExtension>
        </extensions>
      </trkpt>
      <trkpt lat="31.472945261701117" lon="120.2545672287149">
        <ele>6.897262736223638</ele>
        <time>2025-01-10T14:34:02Z</time>
        <extensions>
          <gpxtpx:TrackPointExtension>
            <gpxtpx:hr>172</gpxtpx:hr>
          </gpxtpx:TrackPointExtension>
        </extensions>
      </trkpt>
      <trkpt lat="31.472966332759675" lon="120.25454902697415">
        <ele>6.905180210247636</ele>
        <time>2025-01-10T14:34:03Z</time>
        <extensions>
          <gpxtpx:TrackPointExtension>
            <gpxtpx:hr>172</gpxtpx:hr>
          </gpxtpx:TrackPointExtension>
        </extensions>
      </trkpt>
      <trkpt lat="31.472987719225603" lon="120.25453136286939">
        <ele>6.897036928683519</ele>
        <time>2025-01-10T14:34:04Z</time>
        <extensions>
          <gpxtpx:TrackPointExtension>
            <gpxtpx:hr>172</gpxtpx:hr>
          </gpxtpx:TrackPointExtension>
        </extensions>
      </trkpt>
      <trkpt lat="31.473007141599822" lon="120.25451276312208">
        <ele>6.902373623102903</ele>
        <time>2025-01-10T14:34:05Z</time>
        <extensions>
          <gpxtpx:TrackPointExtension>
            <gpxtpx:hr>172</gpxtpx:hr>
          </gpxtpx:TrackPointExtension>
        </extensions>
      </trkpt>
      <trkpt lat="31.47302331915942" lon="120.25449174109094">
        <ele>6.914540637284517</ele>
        <time>2025-01-10T14:34:06Z</time>
        <extensions>
          <gpxtpx:TrackPointExtension>
            <gpxtpx:hr>172</gpxtpx:hr>
          </gpxtpx:TrackPointExtension>
        </extensions>
      </trkpt>
      <trkpt lat="31.47303769897185" lon="120.2544704772794">
        <ele>6.905809076502919</ele>
        <time>2025-01-10T14:34:07Z</time>
        <extensions>
          <gpxtpx:TrackPointExtension>
            <gpxtpx:hr>172</gpxtpx:hr>
          </gpxtpx:TrackPointExtension>
        </extensions>
      </trkpt>
      <trkpt lat="31.473051618288565" lon="120.25444980453845">
        <ele>6.901990468613803</ele>
        <time>2025-01-10T14:34:08Z</time>
        <extensions>
          <gpxtpx:TrackPointExtension>
            <gpxtpx:hr>173</gpxtpx:hr>
          </gpxtpx:TrackPointExtension>
        </extensions>
      </trkpt>
      <trkpt lat="31.47306431256667" lon="120.25442688356962">
        <ele>6.91234428063035</ele>
        <time>2025-01-10T14:34:09Z</time>
        <extensions>
          <gpxtpx:TrackPointExtension>
            <gpxtpx:hr>173</gpxtpx:hr>
          </gpxtpx:TrackPointExtension>
        </extensions>
      </trkpt>
      <trkpt lat="31.473075063953488" lon="120.25440205728607">
        <ele>6.915968905203044</ele>
        <time>2025-01-10T14:34:10Z</time>
        <extensions>
          <gpxtpx:TrackPointExtension>
            <gpxtpx:hr>173</gpxtpx:hr>
          </gpxtpx:TrackPointExtension>
        </extensions>
      </trkpt>
      <trkpt lat="31.473084912806925" lon="120.25437866913843">
        <ele>6.928105009719729</ele>
        <time>2025-01-10T14:34:11Z</time>
        <extensions>
          <gpxtpx:TrackPointExtension>
            <gpxtpx:hr>173</gpxtpx:hr>
          </gpxtpx:TrackPointExtension>
        </extensions>
      </trkpt>
      <trkpt lat="31.473093507905833" lon="120.25435470534333">
        <ele>6.95443492103368</ele>
        <time>2025-01-10T14:34:12Z</time>
        <extensions>
          <gpxtpx:TrackPointExtension>
            <gpxtpx:hr>173</gpxtpx:hr>
          </gpxtpx:TrackPointExtension>
        </extensions>
      </trkpt>
      <trkpt lat="31.473098632283186" lon="120.25432776652357">
        <ele>6.962072177790105</ele>
        <time>2025-01-10T14:34:13Z</time>
        <extensions>
          <gpxtpx:TrackPointExtension>
            <gpxtpx:hr>173</gpxtpx:hr>
          </gpxtpx:TrackPointExtension>
        </extensions>
      </trkpt>
      <trkpt lat="31.47310142188491" lon="120.25430067707471">
        <ele>6.9643868915736675</ele>
        <time>2025-01-10T14:34:14Z</time>
        <extensions>
          <gpxtpx:TrackPointExtension>
            <gpxtpx:hr>173</gpxtpx:hr>
          </gpxtpx:TrackPointExtension>
        </extensions>
      </trkpt>
      <trkpt lat="31.473103938090887" lon="120.25427430359568">
        <ele>6.97641016356647</ele>
        <time>2025-01-10T14:34:15Z</time>
        <extensions>
          <gpxtpx:TrackPointExtension>
            <gpxtpx:hr>173</gpxtpx:hr>
          </gpxtpx:TrackPointExtension>
        </extensions>
      </trkpt>
      <trkpt lat="31.47310411861988" lon="120.25424609792917">
        <ele>6.996818210929632</ele>
        <time>2025-01-10T14:34:16Z</time>
        <extensions>
          <gpxtpx:TrackPointExtension>
            <gpxtpx:hr>173</gpxtpx:hr>
          </gpxtpx:TrackPointExtension>
        </extensions>
      </trkpt>
      <trkpt lat="31.473102070281126" lon="120.25421717302244">
        <ele>7.019545089453459</ele>
        <time>2025-01-10T14:34:17Z</time>
        <extensions>
          <gpxtpx:TrackPointExtension>
            <gpxtpx:hr>173</gpxtpx:hr>
          </gpxtpx:TrackPointExtension>
        </extensions>
      </trkpt>
      <trkpt lat="31.47310071266839" lon="120.25418983033889">
        <ele>7.0457913717255</ele>
        <time>2025-01-10T14:34:18Z</time>
        <extensions>
          <gpxtpx:TrackPointExtension>
            <gpxtpx:hr>173</gpxtpx:hr>
          </gpxtpx:TrackPointExtension>
        </extensions>
      </trkpt>
      <trkpt lat="31.473098690944234" lon="120.25416354684882">
        <ele>7.0655202735215425</ele>
        <time>2025-01-10T14:34:19Z</time>
        <extensions>
          <gpxtpx:TrackPointExtension>
            <gpxtpx:hr>173</gpxtpx:hr>
          </gpxtpx:TrackPointExtension>
        </extensions>
      </trkpt>
      <trkpt lat="31.47309472092557" lon="120.25413650639791">
        <ele>7.079036836512387</ele>
        <time>2025-01-10T14:34:20Z</time>
        <extensions>
          <gpxtpx:TrackPointExtension>
            <gpxtpx:hr>173</gpxtpx:hr>
          </gpxtpx:TrackPointExtension>
        </extensions>
      </trkpt>
      <trkpt lat="31.473090539429947" lon="120.25410942808776">
        <ele>7.071523201651871</ele>
        <time>2025-01-10T14:34:21Z</time>
        <extensions>
          <gpxtpx:TrackPointExtension>
            <gpxtpx:hr>173</gpxtpx:hr>
          </gpxtpx:TrackPointExtension>
        </extensions>
      </trkpt>
      <trkpt lat="31.47308550585425" lon="120.25408345983085">
        <ele>7.054896520450711</ele>
        <time>2025-01-10T14:34:22Z</time>
        <extensions>
          <gpxtpx:TrackPointExtension>
            <gpxtpx:hr>172</gpxtpx:hr>
          </gpxtpx:TrackPointExtension>
        </extensions>
      </trkpt>
      <trkpt lat="31.473077625768656" lon="120.25405824055281">
        <ele>7.0394425028935075</ele>
        <time>2025-01-10T14:34:23Z</time>
        <extensions>
          <gpxtpx:TrackPointExtension>
            <gpxtpx:hr>172</gpxtpx:hr>
          </gpxtpx:TrackPointExtension>
        </extensions>
      </trkpt>
      <trkpt lat="31.473067493409037" lon="120.25403404427831">
        <ele>7.0089269215241075</ele>
        <time>2025-01-10T14:34:24Z</time>
        <extensions>
          <gpxtpx:TrackPointExtension>
            <gpxtpx:hr>172</gpxtpx:hr>
          </gpxtpx:TrackPointExtension>
        </extensions>
      </trkpt>
      <trkpt lat="31.473055825639804" lon="120.2540112005155">
        <ele>7.00510978884995</ele>
        <time>2025-01-10T14:34:25Z</time>
        <extensions>
          <gpxtpx:TrackPointExtension>
            <gpxtpx:hr>172</gpxtpx:hr>
          </gpxtpx:TrackPointExtension>
        </extensions>
      </trkpt>
      <trkpt lat="31.473041356899763" lon="120.25398981853644">
        <ele>6.9917765241116285</ele>
        <time>2025-01-10T14:34:26Z</time>
        <extensions>
          <gpxtpx:TrackPointExtension>
            <gpxtpx:hr>172</gpxtpx:hr>
          </gpxtpx:TrackPointExtension>
        </extensions>
      </trkpt>
      <trkpt lat="31.473023597422017" lon="120.25396931264757">
        <ele>6.95413448382169</ele>
        <time>2025-01-10T14:34:27Z</time>
        <extensions>
          <gpxtpx:TrackPointExtension>
            <gpxtpx:hr>172</gpxtpx:hr>
          </gpxtpx:TrackPointExtension>
        </extensions>
      </trkpt>
      <trkpt lat="31.473005301542578" lon="120.25395008578185">
        <ele>6.8914376851171255</ele>
        <time>2025-01-10T14:34:28Z</time>
        <extensions>
          <gpxtpx:TrackPointExtension>
            <gpxtpx:hr>171</gpxtpx:hr>
          </gpxtpx:TrackPointExtension>
        </extensions>
      </trkpt>
      <trkpt lat="31.472988236755356" lon="120.25393180221117">
        <ele>6.846048936247826</ele>
        <time>2025-01-10T14:34:29Z</time>
        <extensions>
          <gpxtpx:TrackPointExtension>
            <gpxtpx:hr>171</gpxtpx:hr>
          </gpxtpx:TrackPointExtension>
        </extensions>
      </trkpt>
      <trkpt lat="31.472971126593684" lon="120.25391358065629">
        <ele>6.802392626181245</ele>
        <time>2025-01-10T14:34:30Z</time>
        <extensions>
          <gpxtpx:TrackPointExtension>
            <gpxtpx:hr>171</gpxtpx:hr>
          </gpxtpx:TrackPointExtension>
        </extensions>
      </trkpt>
      <trkpt lat="31.47295408439528" lon="120.25389609830701">
        <ele>6.739288872107863</ele>
        <time>2025-01-10T14:34:31Z</time>
        <extensions>
          <gpxtpx:TrackPointExtension>
            <gpxtpx:hr>171</gpxtpx:hr>
          </gpxtpx:TrackPointExtension>
        </extensions>
      </trkpt>
      <trkpt lat="31.472936695634406" lon="120.25388167572903">
        <ele>6.67920624371618</ele>
        <time>2025-01-10T14:34:32Z</time>
        <extensions>
          <gpxtpx:TrackPointExtension>
            <gpxtpx:hr>171</gpxtpx:hr>
          </gpxtpx:TrackPointExtension>
        </extensions>
      </trkpt>
      <trkpt lat="31.472916920506098" lon="120.25386998646096">
        <ele>6.610064746811986</ele>
        <time>2025-01-10T14:34:33Z</time>
        <extensions>
          <gpxtpx:TrackPointExtension>
            <gpxtpx:hr>170</gpxtpx:hr>
          </gpxtpx:TrackPointExtension>
        </extensions>
      </trkpt>
      <trkpt lat="31.472895669169425" lon="120.2538606339616">
        <ele>6.554761731997132</ele>
        <time>2025-01-10T14:34:34Z</time>
        <extensions>
          <gpxtpx:TrackPointExtension>
            <gpxtpx:hr>170</gpxtpx:hr>
          </gpxtpx:TrackPointExtension>
        </extensions>
      </trkpt>
      <trkpt lat="31.472875589299903" lon="120.2538500975326">
        <ele>6.495497077703476</ele>
        <time>2025-01-10T14:34:35Z</time>
        <extensions>
          <gpxtpx:TrackPointExtension>
            <gpxtpx:hr>170</gpxtpx:hr>
          </gpxtpx:TrackPointExtension>
        </extensions>
      </trkpt>
      <trkpt lat="31.472857204712934" lon="120.25383694573989">
        <ele>6.420426495373249</ele>
        <time>2025-01-10T14:34:36Z</time>
        <extensions>
          <gpxtpx:TrackPointExtension>
            <gpxtpx:hr>170</gpxtpx:hr>
          </gpxtpx:TrackPointExtension>
        </extensions>
      </trkpt>
      <trkpt lat="31.472838843571775" lon="120.25382638086147">
        <ele>6.345624706707895</ele>
        <time>2025-01-10T14:34:37Z</time>
        <extensions>
          <gpxtpx:TrackPointExtension>
            <gpxtpx:hr>171</gpxtpx:hr>
          </gpxtpx:TrackPointExtension>
        </extensions>
      </trkpt>
      <trkpt lat="31.47281937924849" lon="120.25381894066838">
        <ele>6.282708855345845</ele>
        <time>2025-01-10T14:34:38Z</time>
        <extensions>
          <gpxtpx:TrackPointExtension>
            <gpxtpx:hr>171</gpxtpx:hr>
          </gpxtpx:TrackPointExtension>
        </extensions>
      </trkpt>
      <trkpt lat="31.472798797866417" lon="120.25381224459306">
        <ele>6.221884090453386</ele>
        <time>2025-01-10T14:34:39Z</time>
        <extensions>
          <gpxtpx:TrackPointExtension>
            <gpxtpx:hr>171</gpxtpx:hr>
          </gpxtpx:TrackPointExtension>
        </extensions>
      </trkpt>
      <trkpt lat="31.47277785181609" lon="120.25380826071776">
        <ele>6.166386632248759</ele>
        <time>2025-01-10T14:34:40Z</time>
        <extensions>
          <gpxtpx:TrackPointExtension>
            <gpxtpx:hr>171</gpxtpx:hr>
          </gpxtpx:TrackPointExtension>
        </extensions>
      </trkpt>
      <trkpt lat="31.472756859440327" lon="120.2538095238229">
        <ele>6.113477488048375</ele>
        <time>2025-01-10T14:34:41Z</time>
        <extensions>
          <gpxtpx:TrackPointExtension>
            <gpxtpx:hr>170</gpxtpx:hr>
          </gpxtpx:TrackPointExtension>
        </extensions>
      </trkpt>
      <trkpt lat="31.472735381697518" lon="120.25381215925692">
        <ele>6.035872494801879</ele>
        <time>2025-01-10T14:34:42Z</time>
        <extensions>
          <gpxtpx:TrackPointExtension>
            <gpxtpx:hr>170</gpxtpx:hr>
          </gpxtpx:TrackPointExtension>
        </extensions>
      </trkpt>
      <trkpt lat="31.472712380792487" lon="120.25381153351475">
        <ele>5.959936942905188</ele>
        <time>2025-01-10T14:34:43Z</time>
        <extensions>
          <gpxtpx:TrackPointExtension>
            <gpxtpx:hr>170</gpxtpx:hr>
          </gpxtpx:TrackPointExtension>
        </extensions>
      </trkpt>
      <trkpt lat="31.4726878682898" lon="120.25380676587973">
        <ele>5.896368614397943</ele>
        <time>2025-01-10T14:34:44Z</time>
        <extensions>
          <gpxtpx:TrackPointExtension>
            <gpxtpx:hr>170</gpxtpx:hr>
          </gpxtpx:TrackPointExtension>
        </extensions>
      </trkpt>
      <trkpt lat="31.472663467908166" lon="120.25379919177458">
        <ele>5.8349452037364244</ele>
        <time>2025-01-10T14:34:45Z</time>
        <extensions>
          <gpxtpx:TrackPointExtension>
            <gpxtpx:hr>170</gpxtpx:hr>
          </gpxtpx:TrackPointExtension>
        </extensions>
      </trkpt>
      <trkpt lat="31.47264137615798" lon="120.25379131506244">
        <ele>5.795411568135023</ele>
        <time>2025-01-10T14:34:46Z</time>
        <extensions>
          <gpxtpx:TrackPointExtension>
            <gpxtpx:hr>167</gpxtpx:hr>
          </gpxtpx:TrackPointExtension>
        </extensions>
      </trkpt>
      <trkpt lat="31.472620878928534" lon="120.25378549484316">
        <ele>5.769525268115103</ele>
        <time>2025-01-10T14:34:47Z</time>
        <extensions>
          <gpxtpx:TrackPointExtension>
            <gpxtpx:hr>167</gpxtpx:hr>
          </gpxtpx:TrackPointExtension>
        </extensions>
      </trkpt>
      <trkpt lat="31.472599401480412" lon="120.25378146055824">
        <ele>5.74199936632067</ele>
        <time>2025-01-10T14:34:48Z</time>
        <extensions>
          <gpxtpx:TrackPointExtension>
            <gpxtpx:hr>167</gpxtpx:hr>
          </gpxtpx:TrackPointExtension>
        </extensions>
      </trkpt>
      <trkpt lat="31.47257630501819" lon="120.25377824172686">
        <ele>5.710880414582789</ele>
        <time>2025-01-10T14:34:49Z</time>
        <extensions>
          <gpxtpx:TrackPointExtension>
            <gpxtpx:hr>167</gpxtpx:hr>
          </gpxtpx:TrackPointExtension>
        </extensions>
      </trkpt>
      <trkpt lat="31.472551886496657" lon="120.25377514767028">
        <ele>5.6737955110147595</ele>
        <time>2025-01-10T14:34:50Z</time>
        <extensions>
          <gpxtpx:TrackPointExtension>
            <gpxtpx:hr>167</gpxtpx:hr>
          </gpxtpx:TrackPointExtension>
        </extensions>
      </trkpt>
      <trkpt lat="31.47252648090819" lon="120.25377106482726">
        <ele>5.654677730984986</ele>
        <time>2025-01-10T14:34:51Z</time>
        <extensions>
          <gpxtpx:TrackPointExtension>
            <gpxtpx:hr>167</gpxtpx:hr>
          </gpxtpx:TrackPointExtension>
        </extensions>
      </trkpt>
      <trkpt lat="31.472499797311396" lon="120.25376705632172">
        <ele>5.655127328820527</ele>
        <time>2025-01-10T14:34:52Z</time>
        <extensions>
          <gpxtpx:TrackPointExtension>
            <gpxtpx:hr>167</gpxtpx:hr>
          </gpxtpx:TrackPointExtension>
        </extensions>
      </trkpt>
      <trkpt lat="31.47247319618561" lon="120.25376330951123">
        <ele>5.669843267649412</ele>
        <time>2025-01-10T14:34:53Z</time>
        <extensions>
          <gpxtpx:TrackPointExtension>
            <gpxtpx:hr>168</gpxtpx:hr>
          </gpxtpx:TrackPointExtension>
        </extensions>
      </trkpt>
      <trkpt lat="31.472447329469137" lon="120.25375896723757">
        <ele>5.692555163055658</ele>
        <time>2025-01-10T14:34:54Z</time>
        <extensions>
          <gpxtpx:TrackPointExtension>
            <gpxtpx:hr>168</gpxtpx:hr>
          </gpxtpx:TrackPointExtension>
        </extensions>
      </trkpt>
      <trkpt lat="31.472421075681726" lon="120.25375431382582">
        <ele>5.7182961497455835</ele>
        <time>2025-01-10T14:34:55Z</time>
        <extensions>
          <gpxtpx:TrackPointExtension>
            <gpxtpx:hr>168</gpxtpx:hr>
          </gpxtpx:TrackPointExtension>
        </extensions>
      </trkpt>
      <trkpt lat="31.47239485463156" lon="120.2537481727942">
        <ele>5.753974209539592</ele>
        <time>2025-01-10T14:34:56Z</time>
        <extensions>
          <gpxtpx:TrackPointExtension>
            <gpxtpx:hr>168</gpxtpx:hr>
          </gpxtpx:TrackPointExtension>
        </extensions>
      </trkpt>
      <trkpt lat="31.47236878382947" lon="120.25374173005298">
        <ele>5.788409348577261</ele>
        <time>2025-01-10T14:34:57Z</time>
        <extensions>
          <gpxtpx:TrackPointExtension>
            <gpxtpx:hr>168</gpxtpx:hr>
          </gpxtpx:TrackPointExtension>
        </extensions>
      </trkpt>
      <trkpt lat="31.472342141288454" lon="120.25373746146929">
        <ele>5.828986658714712</ele>
        <time>2025-01-10T14:34:58Z</time>
        <extensions>
          <gpxtpx:TrackPointExtension>
            <gpxtpx:hr>168</gpxtpx:hr>
          </gpxtpx:TrackPointExtension>
        </extensions>
      </trkpt>
      <trkpt lat="31.47231562594233" lon="120.25373547462239">
        <ele>5.891270944848657</ele>
        <time>2025-01-10T14:34:59Z</time>
        <extensions>
          <gpxtpx:TrackPointExtension>
            <gpxtpx:hr>169</gpxtpx:hr>
          </gpxtpx:TrackPointExtension>
        </extensions>
      </trkpt>
      <trkpt lat="31.47229041043244" lon="120.25373387107844">
        <ele>5.939506316557527</ele>
        <time>2025-01-10T14:35:00Z</time>
        <extensions>
          <gpxtpx:TrackPointExtension>
            <gpxtpx:hr>169</gpxtpx:hr>
          </gpxtpx:TrackPointExtension>
        </extensions>
      </trkpt>
      <trkpt lat="31.4722659328122" lon="120.2537313486774">
        <ele>5.984570016153157</ele>
        <time>2025-01-10T14:35:01Z</time>
        <extensions>
          <gpxtpx:TrackPointExtension>
            <gpxtpx:hr>169</gpxtpx:hr>
          </gpxtpx:TrackPointExtension>
        </extensions>
      </trkpt>
      <trkpt lat="31.472241159140385" lon="120.25372772288931">
        <ele>6.014668268151581</ele>
        <time>2025-01-10T14:35:02Z</time>
        <extensions>
          <gpxtpx:TrackPointExtension>
            <gpxtpx:hr>169</gpxtpx:hr>
          </gpxtpx:TrackPointExtension>
        </extensions>
      </trkpt>
      <trkpt lat="31.472216829318363" lon="120.25372249570273">
        <ele>6.031002675183117</ele>
        <time>2025-01-10T14:35:03Z</time>
        <extensions>
          <gpxtpx:TrackPointExtension>
            <gpxtpx:hr>169</gpxtpx:hr>
          </gpxtpx:TrackPointExtension>
        </extensions>
      </trkpt>
      <trkpt lat="31.472192151200588" lon="120.25371570065468">
        <ele>6.041815561242402</ele>
        <time>2025-01-10T14:35:04Z</time>
        <extensions>
          <gpxtpx:TrackPointExtension>
            <gpxtpx:hr>169</gpxtpx:hr>
          </gpxtpx:TrackPointExtension>
        </extensions>
      </trkpt>
      <trkpt lat="31.47216552127108" lon="120.25370919031428">
        <ele>6.0466113071888685</ele>
        <time>2025-01-10T14:35:05Z</time>
        <extensions>
          <gpxtpx:TrackPointExtension>
            <gpxtpx:hr>169</gpxtpx:hr>
          </gpxtpx:TrackPointExtension>
        </extensions>
      </trkpt>
      <trkpt lat="31.472138252474277" lon="120.25370521996683">
        <ele>6.028899130411446</ele>
        <time>2025-01-10T14:35:06Z</time>
        <extensions>
          <gpxtpx:TrackPointExtension>
            <gpxtpx:hr>169</gpxtpx:hr>
          </gpxtpx:TrackPointExtension>
        </extensions>
      </trkpt>
      <trkpt lat="31.47211320213924" lon="120.25370274498584">
        <ele>6.004027673043311</ele>
        <time>2025-01-10T14:35:07Z</time>
        <extensions>
          <gpxtpx:TrackPointExtension>
            <gpxtpx:hr>169</gpxtpx:hr>
          </gpxtpx:TrackPointExtension>
        </extensions>
      </trkpt>
      <trkpt lat="31.47209041842841" lon="120.25370050017506">
        <ele>5.992035451345146</ele>
        <time>2025-01-10T14:35:08Z</time>
        <extensions>
          <gpxtpx:TrackPointExtension>
            <gpxtpx:hr>169</gpxtpx:hr>
          </gpxtpx:TrackPointExtension>
        </extensions>
      </trkpt>
      <trkpt lat="31.472066077274263" lon="120.25369811860291">
        <ele>5.971338573843241</ele>
        <time>2025-01-10T14:35:09Z</time>
        <extensions>
          <gpxtpx:TrackPointExtension>
            <gpxtpx:hr>169</gpxtpx:hr>
          </gpxtpx:TrackPointExtension>
        </extensions>
      </trkpt>
      <trkpt lat="31.472039266127734" lon="120.25369650583114">
        <ele>5.943696603178978</ele>
        <time>2025-01-10T14:35:10Z</time>
        <extensions>
          <gpxtpx:TrackPointExtension>
            <gpxtpx:hr>170</gpxtpx:hr>
          </gpxtpx:TrackPointExtension>
        </extensions>
      </trkpt>
      <trkpt lat="31.47201290459383" lon="120.25369760122737">
        <ele>5.912719557993114</ele>
        <time>2025-01-10T14:35:11Z</time>
        <extensions>
          <gpxtpx:TrackPointExtension>
            <gpxtpx:hr>170</gpxtpx:hr>
          </gpxtpx:TrackPointExtension>
        </extensions>
      </trkpt>
      <trkpt lat="31.471988021274395" lon="120.2537024208764">
        <ele>5.888581368140876</ele>
        <time>2025-01-10T14:35:12Z</time>
        <extensions>
          <gpxtpx:TrackPointExtension>
            <gpxtpx:hr>170</gpxtpx:hr>
          </gpxtpx:TrackPointExtension>
        </extensions>
      </trkpt>
      <trkpt lat="31.471964250010522" lon="120.25370979556406">
        <ele>5.890081487596035</ele>
        <time>2025-01-10T14:35:13Z</time>
        <extensions>
          <gpxtpx:TrackPointExtension>
            <gpxtpx:hr>170</gpxtpx:hr>
          </gpxtpx:TrackPointExtension>
        </extensions>
      </trkpt>
      <trkpt lat="31.471941403184548" lon="120.25371840230329">
        <ele>5.890503532253206</ele>
        <time>2025-01-10T14:35:14Z</time>
        <extensions>
          <gpxtpx:TrackPointExtension>
            <gpxtpx:hr>170</gpxtpx:hr>
          </gpxtpx:TrackPointExtension>
        </extensions>
      </trkpt>
      <trkpt lat="31.471918009602817" lon="120.25372841065436">
        <ele>5.897670731879771</ele>
        <time>2025-01-10T14:35:15Z</time>
        <extensions>
          <gpxtpx:TrackPointExtension>
            <gpxtpx:hr>170</gpxtpx:hr>
          </gpxtpx:TrackPointExtension>
        </extensions>
      </trkpt>
      <trkpt lat="31.471893501196" lon="120.25373955745823">
        <ele>5.910380565561354</ele>
        <time>2025-01-10T14:35:16Z</time>
        <extensions>
          <gpxtpx:TrackPointExtension>
            <gpxtpx:hr>170</gpxtpx:hr>
          </gpxtpx:TrackPointExtension>
        </extensions>
      </trkpt>
      <trkpt lat="31.471868421613184" lon="120.25375390788949">
        <ele>5.931109189987183</ele>
        <time>2025-01-10T14:35:17Z</time>
        <extensions>
          <gpxtpx:TrackPointExtension>
            <gpxtpx:hr>170</gpxtpx:hr>
          </gpxtpx:TrackPointExtension>
        </extensions>
      </trkpt>
      <trkpt lat="31.47184340829679" lon="120.25377131312123">
        <ele>5.993632607161999</ele>
        <time>2025-01-10T14:35:18Z</time>
        <extensions>
          <gpxtpx:TrackPointExtension>
            <gpxtpx:hr>170</gpxtpx:hr>
          </gpxtpx:TrackPointExtension>
        </extensions>
      </trkpt>
      <trkpt lat="31.471820088467123" lon="120.25378968105906">
        <ele>6.057214541360736</ele>
        <time>2025-01-10T14:35:19Z</time>
        <extensions>
          <gpxtpx:TrackPointExtension>
            <gpxtpx:hr>170</gpxtpx:hr>
          </gpxtpx:TrackPointExtension>
        </extensions>
      </trkpt>
      <trkpt lat="31.471800068384034" lon="120.2538101522452">
        <ele>6.122714275494218</ele>
        <time>2025-01-10T14:35:20Z</time>
        <extensions>
          <gpxtpx:TrackPointExtension>
            <gpxtpx:hr>170</gpxtpx:hr>
          </gpxtpx:TrackPointExtension>
        </extensions>
      </trkpt>
      <trkpt lat="31.471783191922526" lon="120.25383261321944">
        <ele>6.1848361026495695</ele>
        <time>2025-01-10T14:35:21Z</time>
        <extensions>
          <gpxtpx:TrackPointExtension>
            <gpxtpx:hr>170</gpxtpx:hr>
          </gpxtpx:TrackPointExtension>
        </extensions>
      </trkpt>
      <trkpt lat="31.47176800896498" lon="120.25385600305643">
        <ele>6.2412605956196785</ele>
        <time>2025-01-10T14:35:22Z</time>
        <extensions>
          <gpxtpx:TrackPointExtension>
            <gpxtpx:hr>170</gpxtpx:hr>
          </gpxtpx:TrackPointExtension>
        </extensions>
      </trkpt>
      <trkpt lat="31.471753612370925" lon="120.25388152387505">
        <ele>6.290219113230705</ele>
        <time>2025-01-10T14:35:23Z</time>
        <extensions>
          <gpxtpx:TrackPointExtension>
            <gpxtpx:hr>170</gpxtpx:hr>
          </gpxtpx:TrackPointExtension>
        </extensions>
      </trkpt>
      <trkpt lat="31.47173971322175" lon="120.25390890554186">
        <ele>6.350157017819583</ele>
        <time>2025-01-10T14:35:24Z</time>
        <extensions>
          <gpxtpx:TrackPointExtension>
            <gpxtpx:hr>170</gpxtpx:hr>
          </gpxtpx:TrackPointExtension>
        </extensions>
      </trkpt>
      <trkpt lat="31.47172689942799" lon="120.25393510081439">
        <ele>6.408342475071549</ele>
        <time>2025-01-10T14:35:25Z</time>
        <extensions>
          <gpxtpx:TrackPointExtension>
            <gpxtpx:hr>170</gpxtpx:hr>
          </gpxtpx:TrackPointExtension>
        </extensions>
      </trkpt>
      <trkpt lat="31.471715592317427" lon="120.25396151113887">
        <ele>6.479686748236418</ele>
        <time>2025-01-10T14:35:26Z</time>
        <extensions>
          <gpxtpx:TrackPointExtension>
            <gpxtpx:hr>169</gpxtpx:hr>
          </gpxtpx:TrackPointExtension>
        </extensions>
      </trkpt>
      <trkpt lat="31.471706738004464" lon="120.25399035147795">
        <ele>6.540065380744636</ele>
        <time>2025-01-10T14:35:27Z</time>
        <extensions>
          <gpxtpx:TrackPointExtension>
            <gpxtpx:hr>169</gpxtpx:hr>
          </gpxtpx:TrackPointExtension>
        </extensions>
      </trkpt>
      <trkpt lat="31.471700818648493" lon="120.25402067220442">
        <ele>6.581609280779958</ele>
        <time>2025-01-10T14:35:28Z</time>
        <extensions>
          <gpxtpx:TrackPointExtension>
            <gpxtpx:hr>169</gpxtpx:hr>
          </gpxtpx:TrackPointExtension>
        </extensions>
      </trkpt>
      <trkpt lat="31.471696988268416" lon="120.25405145392685">
        <ele>6.63267825730145</ele>
        <time>2025-01-10T14:35:29Z</time>
        <extensions>
          <gpxtpx:TrackPointExtension>
            <gpxtpx:hr>169</gpxtpx:hr>
          </gpxtpx:TrackPointExtension>
        </extensions>
      </trkpt>
      <trkpt lat="31.47169423457035" lon="120.2540823986112">
        <ele>6.683433753438294</ele>
        <time>2025-01-10T14:35:30Z</time>
        <extensions>
          <gpxtpx:TrackPointExtension>
            <gpxtpx:hr>169</gpxtpx:hr>
          </gpxtpx:TrackPointExtension>
        </extensions>
      </trkpt>
      <trkpt lat="31.47169218468309" lon="120.25411143950474">
        <ele>6.7168087577447295</ele>
        <time>2025-01-10T14:35:31Z</time>
        <extensions>
          <gpxtpx:TrackPointExtension>
            <gpxtpx:hr>169</gpxtpx:hr>
          </gpxtpx:TrackPointExtension>
        </extensions>
      </trkpt>
      <trkpt lat="31.471690875529713" lon="120.25413665236172">
        <ele>6.747764312662184</ele>
        <time>2025-01-10T14:35:32Z</time>
        <extensions>
          <gpxtpx:TrackPointExtension>
            <gpxtpx:hr>169</gpxtpx:hr>
          </gpxtpx:TrackPointExtension>
        </extensions>
      </trkpt>
      <trkpt lat="31.471691119014864" lon="120.25416081956185">
        <ele>6.7619112357497215</ele>
        <time>2025-01-10T14:35:33Z</time>
        <extensions>
          <gpxtpx:TrackPointExtension>
            <gpxtpx:hr>169</gpxtpx:hr>
          </gpxtpx:TrackPointExtension>
        </extensions>
      </trkpt>
      <trkpt lat="31.471694213343724" lon="120.25418942619329">
        <ele>6.766344115138054</ele>
        <time>2025-01-10T14:35:34Z</time>
        <extensions>
          <gpxtpx:TrackPointExtension>
            <gpxtpx:hr>169</gpxtpx:hr>
          </gpxtpx:TrackPointExtension>
        </extensions>
      </trkpt>
      <trkpt lat="31.471699226843377" lon="120.2542203572023">
        <ele>6.7754754750058055</ele>
        <time>2025-01-10T14:35:35Z</time>
        <extensions>
          <gpxtpx:TrackPointExtension>
            <gpxtpx:hr>169</gpxtpx:hr>
          </gpxtpx:TrackPointExtension>
        </extensions>
      </trkpt>
      <trkpt lat="31.471705612626284" lon="120.25424905655574">
        <ele>6.759189447388053</ele>
        <time>2025-01-10T14:35:36Z</time>
        <extensions>
          <gpxtpx:TrackPointExtension>
            <gpxtpx:hr>169</gpxtpx:hr>
          </gpxtpx:TrackPointExtension>
        </extensions>
      </trkpt>
      <trkpt lat="31.471714593753223" lon="120.25427655336169">
        <ele>6.729630987159908</ele>
        <time>2025-01-10T14:35:37Z</time>
        <extensions>
          <gpxtpx:TrackPointExtension>
            <gpxtpx:hr>169</gpxtpx:hr>
          </gpxtpx:TrackPointExtension>
        </extensions>
      </trkpt>
      <trkpt lat="31.471726195423802" lon="120.25430273972982">
        <ele>6.688806286081672</ele>
        <time>2025-01-10T14:35:38Z</time>
        <extensions>
          <gpxtpx:TrackPointExtension>
            <gpxtpx:hr>174</gpxtpx:hr>
          </gpxtpx:TrackPointExtension>
        </extensions>
      </trkpt>
      <trkpt lat="31.471738971509637" lon="120.25432733942019">
        <ele>6.642078401520848</ele>
        <time>2025-01-10T14:35:39Z</time>
        <extensions>
          <gpxtpx:TrackPointExtension>
            <gpxtpx:hr>174</gpxtpx:hr>
          </gpxtpx:TrackPointExtension>
        </extensions>
      </trkpt>
      <trkpt lat="31.471753975485747" lon="120.25435221674952">
        <ele>6.595296973362565</ele>
        <time>2025-01-10T14:35:40Z</time>
        <extensions>
          <gpxtpx:TrackPointExtension>
            <gpxtpx:hr>174</gpxtpx:hr>
          </gpxtpx:TrackPointExtension>
        </extensions>
      </trkpt>
      <trkpt lat="31.47177208581655" lon="120.25437928540359">
        <ele>6.511629258282483</ele>
        <time>2025-01-10T14:35:41Z</time>
        <extensions>
          <gpxtpx:TrackPointExtension>
            <gpxtpx:hr>174</gpxtpx:hr>
          </gpxtpx:TrackPointExtension>
        </extensions>
      </trkpt>
      <trkpt lat="31.47179111567617" lon="120.25440523363677">
        <ele>6.439439868554473</ele>
        <time>2025-01-10T14:35:42Z</time>
        <extensions>
          <gpxtpx:TrackPointExtension>
            <gpxtpx:hr>174</gpxtpx:hr>
          </gpxtpx:TrackPointExtension>
        </extensions>
      </trkpt>
      <trkpt lat="31.471811405403876" lon="120.25442722137569">
        <ele>6.3498411644250154</ele>
        <time>2025-01-10T14:35:43Z</time>
        <extensions>
          <gpxtpx:TrackPointExtension>
            <gpxtpx:hr>174</gpxtpx:hr>
          </gpxtpx:TrackPointExtension>
        </extensions>
      </trkpt>
      <trkpt lat="31.471834323837836" lon="120.25444615249438">
        <ele>6.271341721527278</ele>
        <time>2025-01-10T14:35:44Z</time>
        <extensions>
          <gpxtpx:TrackPointExtension>
            <gpxtpx:hr>175</gpxtpx:hr>
          </gpxtpx:TrackPointExtension>
        </extensions>
      </trkpt>
      <trkpt lat="31.471857550798166" lon="120.25446229659043">
        <ele>6.187174355611205</ele>
        <time>2025-01-10T14:35:45Z</time>
        <extensions>
          <gpxtpx:TrackPointExtension>
            <gpxtpx:hr>175</gpxtpx:hr>
          </gpxtpx:TrackPointExtension>
        </extensions>
      </trkpt>
      <trkpt lat="31.47188009298279" lon="120.25447576797681">
        <ele>6.110083281993866</ele>
        <time>2025-01-10T14:35:46Z</time>
        <extensions>
          <gpxtpx:TrackPointExtension>
            <gpxtpx:hr>175</gpxtpx:hr>
          </gpxtpx:TrackPointExtension>
        </extensions>
      </trkpt>
      <trkpt lat="31.471904522934736" lon="120.25448707631763">
        <ele>6.023650472052395</ele>
        <time>2025-01-10T14:35:47Z</time>
        <extensions>
          <gpxtpx:TrackPointExtension>
            <gpxtpx:hr>177</gpxtpx:hr>
          </gpxtpx:TrackPointExtension>
        </extensions>
      </trkpt>
      <trkpt lat="31.47193055218755" lon="120.25449755535672">
        <ele>5.949931528419256</ele>
        <time>2025-01-10T14:35:48Z</time>
        <extensions>
          <gpxtpx:TrackPointExtension>
            <gpxtpx:hr>177</gpxtpx:hr>
          </gpxtpx:TrackPointExtension>
        </extensions>
      </trkpt>
      <trkpt lat="31.471955790530558" lon="120.2545081164937">
        <ele>5.876657641492784</ele>
        <time>2025-01-10T14:35:49Z</time>
        <extensions>
          <gpxtpx:TrackPointExtension>
            <gpxtpx:hr>177</gpxtpx:hr>
          </gpxtpx:TrackPointExtension>
        </extensions>
      </trkpt>
      <trkpt lat="31.47198148147102" lon="120.25451686135328">
        <ele>5.82579836063087</ele>
        <time>2025-01-10T14:35:50Z</time>
        <extensions>
          <gpxtpx:TrackPointExtension>
            <gpxtpx:hr>177</gpxtpx:hr>
          </gpxtpx:TrackPointExtension>
        </extensions>
      </trkpt>
      <trkpt lat="31.472008869647194" lon="120.254522504711">
        <ele>5.796088612638414</ele>
        <time>2025-01-10T14:35:51Z</time>
        <extensions>
          <gpxtpx:TrackPointExtension>
            <gpxtpx:hr>177</gpxtpx:hr>
          </gpxtpx:TrackPointExtension>
        </extensions>
      </trkpt>
      <trkpt lat="31.472036655625345" lon="120.25452648066235">
        <ele>5.780694276094437</ele>
        <time>2025-01-10T14:35:52Z</time>
        <extensions>
          <gpxtpx:TrackPointExtension>
            <gpxtpx:hr>180</gpxtpx:hr>
          </gpxtpx:TrackPointExtension>
        </extensions>
      </trkpt>
      <trkpt lat="31.47206526510169" lon="120.25453052476136">
        <ele>5.78786048758775</ele>
        <time>2025-01-10T14:35:53Z</time>
        <extensions>
          <gpxtpx:TrackPointExtension>
            <gpxtpx:hr>180</gpxtpx:hr>
          </gpxtpx:TrackPointExtension>
        </extensions>
      </trkpt>
      <trkpt lat="31.4720947236578" lon="120.25453508838824">
        <ele>5.799333854578435</ele>
        <time>2025-01-10T14:35:54Z</time>
        <extensions>
          <gpxtpx:TrackPointExtension>
            <gpxtpx:hr>180</gpxtpx:hr>
          </gpxtpx:TrackPointExtension>
        </extensions>
      </trkpt>
      <trkpt lat="31.47212294523274" lon="120.25454015779131">
        <ele>5.818670812994242</ele>
        <time>2025-01-10T14:35:55Z</time>
        <extensions>
          <gpxtpx:TrackPointExtension>
            <gpxtpx:hr>180</gpxtpx:hr>
          </gpxtpx:TrackPointExtension>
        </extensions>
      </trkpt>
      <trkpt lat="31.472149998963534" lon="120.25454531572053">
        <ele>5.844632019288838</ele>
        <time>2025-01-10T14:35:56Z</time>
        <extensions>
          <gpxtpx:TrackPointExtension>
            <gpxtpx:hr>180</gpxtpx:hr>
          </gpxtpx:TrackPointExtension>
        </extensions>
      </trkpt>
      <trkpt lat="31.47217741893872" lon="120.25454996889812">
        <ele>5.883703039959073</ele>
        <time>2025-01-10T14:35:57Z</time>
        <extensions>
          <gpxtpx:TrackPointExtension>
            <gpxtpx:hr>180</gpxtpx:hr>
          </gpxtpx:TrackPointExtension>
        </extensions>
      </trkpt>
      <trkpt lat="31.472205055039357" lon="120.25455351501908">
        <ele>5.9337836327031255</ele>
        <time>2025-01-10T14:35:58Z</time>
        <extensions>
          <gpxtpx:TrackPointExtension>
            <gpxtpx:hr>180</gpxtpx:hr>
          </gpxtpx:TrackPointExtension>
        </extensions>
      </trkpt>
      <trkpt lat="31.47223131589879" lon="120.25455472596417">
        <ele>5.97854139842093</ele>
        <time>2025-01-10T14:35:59Z</time>
        <extensions>
          <gpxtpx:TrackPointExtension>
            <gpxtpx:hr>180</gpxtpx:hr>
          </gpxtpx:TrackPointExtension>
        </extensions>
      </trkpt>
      <trkpt lat="31.47225657279819" lon="120.25455395916984">
        <ele>6.0212974436581135</ele>
        <time>2025-01-10T14:36:00Z</time>
        <extensions>
          <gpxtpx:TrackPointExtension>
            <gpxtpx:hr>180</gpxtpx:hr>
          </gpxtpx:TrackPointExtension>
        </extensions>
      </trkpt>
      <trkpt lat="31.472280769910853" lon="120.25455461841484">
        <ele>6.078329147771001</ele>
        <time>2025-01-10T14:36:01Z</time>
        <extensions>
          <gpxtpx:TrackPointExtension>
            <gpxtpx:hr>180</gpxtpx:hr>
          </gpxtpx:TrackPointExtension>
        </extensions>
      </trkpt>
      <trkpt lat="31.472303491119813" lon="120.25455918796668">
        <ele>6.130675966851413</ele>
        <time>2025-01-10T14:36:02Z</time>
        <extensions>
          <gpxtpx:TrackPointExtension>
            <gpxtpx:hr>180</gpxtpx:hr>
          </gpxtpx:TrackPointExtension>
        </extensions>
      </trkpt>
      <trkpt lat="31.4723271664067" lon="120.25456618231797">
        <ele>6.163258234038949</ele>
        <time>2025-01-10T14:36:03Z</time>
        <extensions>
          <gpxtpx:TrackPointExtension>
            <gpxtpx:hr>180</gpxtpx:hr>
          </gpxtpx:TrackPointExtension>
        </extensions>
      </trkpt>
      <trkpt lat="31.47235289996589" lon="120.25457382522157">
        <ele>6.185123269446194</ele>
        <time>2025-01-10T14:36:04Z</time>
        <extensions>
          <gpxtpx:TrackPointExtension>
            <gpxtpx:hr>180</gpxtpx:hr>
          </gpxtpx:TrackPointExtension>
        </extensions>
      </trkpt>
      <trkpt lat="31.472378811621077" lon="120.2545801367471">
        <ele>6.217150097712874</ele>
        <time>2025-01-10T14:36:05Z</time>
        <extensions>
          <gpxtpx:TrackPointExtension>
            <gpxtpx:hr>179</gpxtpx:hr>
          </gpxtpx:TrackPointExtension>
        </extensions>
      </trkpt>
      <trkpt lat="31.472403049001567" lon="120.2545830993887">
        <ele>6.237869408912957</ele>
        <time>2025-01-10T14:36:06Z</time>
        <extensions>
          <gpxtpx:TrackPointExtension>
            <gpxtpx:hr>179</gpxtpx:hr>
          </gpxtpx:TrackPointExtension>
        </extensions>
      </trkpt>
      <trkpt lat="31.472425885580908" lon="120.25458434361839">
        <ele>6.24391511362046</ele>
        <time>2025-01-10T14:36:07Z</time>
        <extensions>
          <gpxtpx:TrackPointExtension>
            <gpxtpx:hr>179</gpxtpx:hr>
          </gpxtpx:TrackPointExtension>
        </extensions>
      </trkpt>
      <trkpt lat="31.472447700237847" lon="120.25458881613851">
        <ele>6.257865152321756</ele>
        <time>2025-01-10T14:36:08Z</time>
        <extensions>
          <gpxtpx:TrackPointExtension>
            <gpxtpx:hr>179</gpxtpx:hr>
          </gpxtpx:TrackPointExtension>
        </extensions>
      </trkpt>
      <trkpt lat="31.47246941320343" lon="120.2545961601126">
        <ele>6.25147320330143</ele>
        <time>2025-01-10T14:36:09Z</time>
        <extensions>
          <gpxtpx:TrackPointExtension>
            <gpxtpx:hr>179</gpxtpx:hr>
          </gpxtpx:TrackPointExtension>
        </extensions>
      </trkpt>
      <trkpt lat="31.472492641276094" lon="120.25460252441755">
        <ele>6.2276350958272815</ele>
        <time>2025-01-10T14:36:10Z</time>
        <extensions>
          <gpxtpx:TrackPointExtension>
            <gpxtpx:hr>177</gpxtpx:hr>
          </gpxtpx:TrackPointExtension>
        </extensions>
      </trkpt>
      <trkpt lat="31.47251699959138" lon="120.2546074457052">
        <ele>6.223698120564222</ele>
        <time>2025-01-10T14:36:11Z</time>
        <extensions>
          <gpxtpx:TrackPointExtension>
            <gpxtpx:hr>177</gpxtpx:hr>
          </gpxtpx:TrackPointExtension>
        </extensions>
      </trkpt>
      <trkpt lat="31.472541093888957" lon="120.2546103937977">
        <ele>6.208629513159394</ele>
        <time>2025-01-10T14:36:12Z</time>
        <extensions>
          <gpxtpx:TrackPointExtension>
            <gpxtpx:hr>177</gpxtpx:hr>
          </gpxtpx:TrackPointExtension>
        </extensions>
      </trkpt>
      <trkpt lat="31.472564572404472" lon="120.25461165924354">
        <ele>6.186294315382838</ele>
        <time>2025-01-10T14:36:13Z</time>
        <extensions>
          <gpxtpx:TrackPointExtension>
            <gpxtpx:hr>177</gpxtpx:hr>
          </gpxtpx:TrackPointExtension>
        </extensions>
      </trkpt>
      <trkpt lat="31.472586673856238" lon="120.25461228323536">
        <ele>6.17249471694231</ele>
        <time>2025-01-10T14:36:14Z</time>
        <extensions>
          <gpxtpx:TrackPointExtension>
            <gpxtpx:hr>177</gpxtpx:hr>
          </gpxtpx:TrackPointExtension>
        </extensions>
      </trkpt>
      <trkpt lat="31.472606337166688" lon="120.25461419651553">
        <ele>6.166784916073084</ele>
        <time>2025-01-10T14:36:15Z</time>
        <extensions>
          <gpxtpx:TrackPointExtension>
            <gpxtpx:hr>177</gpxtpx:hr>
          </gpxtpx:TrackPointExtension>
        </extensions>
      </trkpt>
      <trkpt lat="31.47262479529681" lon="120.25461800376942">
        <ele>6.160503340885043</ele>
        <time>2025-01-10T14:36:16Z</time>
        <extensions>
          <gpxtpx:TrackPointExtension>
            <gpxtpx:hr>177</gpxtpx:hr>
          </gpxtpx:TrackPointExtension>
        </extensions>
      </trkpt>
      <trkpt lat="31.472645234022288" lon="120.25462155497017">
        <ele>6.1762580731883645</ele>
        <time>2025-01-10T14:36:17Z</time>
        <extensions>
          <gpxtpx:TrackPointExtension>
            <gpxtpx:hr>177</gpxtpx:hr>
          </gpxtpx:TrackPointExtension>
        </extensions>
      </trkpt>
      <trkpt lat="31.47266851364224" lon="120.25462442857796">
        <ele>6.184060400351882</ele>
        <time>2025-01-10T14:36:18Z</time>
        <extensions>
          <gpxtpx:TrackPointExtension>
            <gpxtpx:hr>176</gpxtpx:hr>
          </gpxtpx:TrackPointExtension>
        </extensions>
      </trkpt>
      <trkpt lat="31.472691422611298" lon="120.25462846888824">
        <ele>6.193319337442517</ele>
        <time>2025-01-10T14:36:19Z</time>
        <extensions>
          <gpxtpx:TrackPointExtension>
            <gpxtpx:hr>176</gpxtpx:hr>
          </gpxtpx:TrackPointExtension>
        </extensions>
      </trkpt>
      <trkpt lat="31.472713040264356" lon="120.2546339845946">
        <ele>6.223247526213527</ele>
        <time>2025-01-10T14:36:20Z</time>
        <extensions>
          <gpxtpx:TrackPointExtension>
            <gpxtpx:hr>176</gpxtpx:hr>
          </gpxtpx:TrackPointExtension>
        </extensions>
      </trkpt>
      <trkpt lat="31.47273718910653" lon="120.2546390746019">
        <ele>6.2242679707705975</ele>
        <time>2025-01-10T14:36:21Z</time>
        <extensions>
          <gpxtpx:TrackPointExtension>
            <gpxtpx:hr>176</gpxtpx:hr>
          </gpxtpx:TrackPointExtension>
        </extensions>
      </trkpt>
      <trkpt lat="31.472762943028595" lon="120.25464215949647">
        <ele>6.216525845229626</ele>
        <time>2025-01-10T14:36:22Z</time>
        <extensions>
          <gpxtpx:TrackPointExtension>
            <gpxtpx:hr>176</gpxtpx:hr>
          </gpxtpx:TrackPointExtension>
        </extensions>
      </trkpt>
      <trkpt lat="31.472786916148014" lon="120.25464159489971">
        <ele>6.228098478168249</ele>
        <time>2025-01-10T14:36:23Z</time>
        <extensions>
          <gpxtpx:TrackPointExtension>
            <gpxtpx:hr>174</gpxtpx:hr>
          </gpxtpx:TrackPointExtension>
        </extensions>
      </trkpt>
      <trkpt lat="31.472810574300627" lon="120.2546377865969">
        <ele>6.236740319058299</ele>
        <time>2025-01-10T14:36:24Z</time>
        <extensions>
          <gpxtpx:TrackPointExtension>
            <gpxtpx:hr>174</gpxtpx:hr>
          </gpxtpx:TrackPointExtension>
        </extensions>
      </trkpt>
      <trkpt lat="31.472834465403746" lon="120.25463142126874">
        <ele>6.245853228494525</ele>
        <time>2025-01-10T14:36:25Z</time>
        <extensions>
          <gpxtpx:TrackPointExtension>
            <gpxtpx:hr>174</gpxtpx:hr>
          </gpxtpx:TrackPointExtension>
        </extensions>
      </trkpt>
      <trkpt lat="31.472857063776885" lon="120.25462320380565">
        <ele>6.257648232392967</ele>
        <time>2025-01-10T14:36:26Z</time>
        <extensions>
          <gpxtpx:TrackPointExtension>
            <gpxtpx:hr>174</gpxtpx:hr>
          </gpxtpx:TrackPointExtension>
        </extensions>
      </trkpt>
      <trkpt lat="31.472877618915746" lon="120.25461251765697">
        <ele>6.261078131385148</ele>
        <time>2025-01-10T14:36:27Z</time>
        <extensions>
          <gpxtpx:TrackPointExtension>
            <gpxtpx:hr>174</gpxtpx:hr>
          </gpxtpx:TrackPointExtension>
        </extensions>
      </trkpt>
      <trkpt lat="31.472896061078774" lon="120.2545991086762">
        <ele>6.255465737544</ele>
        <time>2025-01-10T14:36:28Z</time>
        <extensions>
          <gpxtpx:TrackPointExtension>
            <gpxtpx:hr>174</gpxtpx:hr>
          </gpxtpx:TrackPointExtension>
        </extensions>
      </trkpt>
      <trkpt lat="31.472913771214944" lon="120.2545869125556">
        <ele>6.242949449457228</ele>
        <time>2025-01-10T14:36:29Z</time>
        <extensions>
          <gpxtpx:TrackPointExtension>
            <gpxtpx:hr>174</gpxtpx:hr>
          </gpxtpx:TrackPointExtension>
        </extensions>
      </trkpt>
      <trkpt lat="31.472933428444772" lon="120.25457550923258">
        <ele>6.2265490386635065</ele>
        <time>2025-01-10T14:36:30Z</time>
        <extensions>
          <gpxtpx:TrackPointExtension>
            <gpxtpx:hr>173</gpxtpx:hr>
          </gpxtpx:TrackPointExtension>
        </extensions>
      </trkpt>
      <trkpt lat="31.472955893337062" lon="120.25456184497989">
        <ele>6.2068101009353995</ele>
        <time>2025-01-10T14:36:31Z</time>
        <extensions>
          <gpxtpx:TrackPointExtension>
            <gpxtpx:hr>173</gpxtpx:hr>
          </gpxtpx:TrackPointExtension>
        </extensions>
      </trkpt>
      <trkpt lat="31.472978258453292" lon="120.25454602817128">
        <ele>6.191536306403577</ele>
        <time>2025-01-10T14:36:32Z</time>
        <extensions>
          <gpxtpx:TrackPointExtension>
            <gpxtpx:hr>173</gpxtpx:hr>
          </gpxtpx:TrackPointExtension>
        </extensions>
      </trkpt>
      <trkpt lat="31.47299691671994" lon="120.25452817316068">
        <ele>6.2137629725039005</ele>
        <time>2025-01-10T14:36:33Z</time>
        <extensions>
          <gpxtpx:TrackPointExtension>
            <gpxtpx:hr>173</gpxtpx:hr>
          </gpxtpx:TrackPointExtension>
        </extensions>
      </trkpt>
      <trkpt lat="31.473011732641666" lon="120.25450686463016">
        <ele>6.215327017009258</ele>
        <time>2025-01-10T14:36:34Z</time>
        <extensions>
          <gpxtpx:TrackPointExtension>
            <gpxtpx:hr>172</gpxtpx:hr>
          </gpxtpx:TrackPointExtension>
        </extensions>
      </trkpt>
      <trkpt lat="31.473024561202013" lon="120.25448211198568">
        <ele>6.234196729026735</ele>
        <time>2025-01-10T14:36:35Z</time>
        <extensions>
          <gpxtpx:TrackPointExtension>
            <gpxtpx:hr>172</gpxtpx:hr>
          </gpxtpx:TrackPointExtension>
        </extensions>
      </trkpt>
      <trkpt lat="31.473036870185062" lon="120.25445778900581">
        <ele>6.263269958086312</ele>
        <time>2025-01-10T14:36:36Z</time>
        <extensions>
          <gpxtpx:TrackPointExtension>
            <gpxtpx:hr>172</gpxtpx:hr>
          </gpxtpx:TrackPointExtension>
        </extensions>
      </trkpt>
      <trkpt lat="31.473049673292696" lon="120.2544364101909">
        <ele>6.272417281754315</ele>
        <time>2025-01-10T14:36:37Z</time>
        <extensions>
          <gpxtpx:TrackPointExtension>
            <gpxtpx:hr>172</gpxtpx:hr>
          </gpxtpx:TrackPointExtension>
        </extensions>
      </trkpt>
      <trkpt lat="31.47306320132348" lon="120.25441548453003">
        <ele>6.295886799693108</ele>
        <time>2025-01-10T14:36:38Z</time>
        <extensions>
          <gpxtpx:TrackPointExtension>
            <gpxtpx:hr>171</gpxtpx:hr>
          </gpxtpx:TrackPointExtension>
        </extensions>
      </trkpt>
      <trkpt lat="31.473075643158946" lon="120.25439304141915">
        <ele>6.354984601028264</ele>
        <time>2025-01-10T14:36:39Z</time>
        <extensions>
          <gpxtpx:TrackPointExtension>
            <gpxtpx:hr>171</gpxtpx:hr>
          </gpxtpx:TrackPointExtension>
        </extensions>
      </trkpt>
      <trkpt lat="31.473084993918924" lon="120.25436901257173">
        <ele>6.404596694745123</ele>
        <time>2025-01-10T14:36:40Z</time>
        <extensions>
          <gpxtpx:TrackPointExtension>
            <gpxtpx:hr>171</gpxtpx:hr>
          </gpxtpx:TrackPointExtension>
        </extensions>
      </trkpt>
      <trkpt lat="31.473090769583262" lon="120.25434248949912">
        <ele>6.478129652328789</ele>
        <time>2025-01-10T14:36:41Z</time>
        <extensions>
          <gpxtpx:TrackPointExtension>
            <gpxtpx:hr>171</gpxtpx:hr>
          </gpxtpx:TrackPointExtension>
        </extensions>
      </trkpt>
      <trkpt lat="31.47309387193572" lon="120.25431408574543">
        <ele>6.570530672557652</ele>
        <time>2025-01-10T14:36:42Z</time>
        <extensions>
          <gpxtpx:TrackPointExtension>
            <gpxtpx:hr>171</gpxtpx:hr>
          </gpxtpx:TrackPointExtension>
        </extensions>
      </trkpt>
      <trkpt lat="31.473096216403164" lon="120.25428553592761">
        <ele>6.654196724295616</ele>
        <time>2025-01-10T14:36:43Z</time>
        <extensions>
          <gpxtpx:TrackPointExtension>
            <gpxtpx:hr>171</gpxtpx:hr>
          </gpxtpx:TrackPointExtension>
        </extensions>
      </trkpt>
      <trkpt lat="31.473097889208802" lon="120.25425765584416">
        <ele>6.746106707490981</ele>
        <time>2025-01-10T14:36:44Z</time>
        <extensions>
          <gpxtpx:TrackPointExtension>
            <gpxtpx:hr>171</gpxtpx:hr>
          </gpxtpx:TrackPointExtension>
        </extensions>
      </trkpt>
      <trkpt lat="31.47309862611417" lon="120.25423002114583">
        <ele>6.857181623578072</ele>
        <time>2025-01-10T14:36:45Z</time>
        <extensions>
          <gpxtpx:TrackPointExtension>
            <gpxtpx:hr>171</gpxtpx:hr>
          </gpxtpx:TrackPointExtension>
        </extensions>
      </trkpt>
      <trkpt lat="31.47309861993032" lon="120.2542028790466">
        <ele>6.963537398725748</ele>
        <time>2025-01-10T14:36:46Z</time>
        <extensions>
          <gpxtpx:TrackPointExtension>
            <gpxtpx:hr>171</gpxtpx:hr>
          </gpxtpx:TrackPointExtension>
        </extensions>
      </trkpt>
      <trkpt lat="31.473097413582455" lon="120.25417733348844">
        <ele>7.072381041012704</ele>
        <time>2025-01-10T14:36:47Z</time>
        <extensions>
          <gpxtpx:TrackPointExtension>
            <gpxtpx:hr>171</gpxtpx:hr>
          </gpxtpx:TrackPointExtension>
        </extensions>
      </trkpt>
      <trkpt lat="31.4730947964262" lon="120.25415261194964">
        <ele>7.188967670314014</ele>
        <time>2025-01-10T14:36:48Z</time>
        <extensions>
          <gpxtpx:TrackPointExtension>
            <gpxtpx:hr>172</gpxtpx:hr>
          </gpxtpx:TrackPointExtension>
        </extensions>
      </trkpt>
      <trkpt lat="31.47309071903704" lon="120.25412675380528">
        <ele>7.298359772190452</ele>
        <time>2025-01-10T14:36:49Z</time>
        <extensions>
          <gpxtpx:TrackPointExtension>
            <gpxtpx:hr>172</gpxtpx:hr>
          </gpxtpx:TrackPointExtension>
        </extensions>
      </trkpt>
      <trkpt lat="31.47308600839942" lon="120.25410018801328">
        <ele>7.388535847887397</ele>
        <time>2025-01-10T14:36:50Z</time>
        <extensions>
          <gpxtpx:TrackPointExtension>
            <gpxtpx:hr>172</gpxtpx:hr>
          </gpxtpx:TrackPointExtension>
        </extensions>
      </trkpt>
      <trkpt lat="31.4730803743652" lon="120.25407475778255">
        <ele>7.488123900257051</ele>
        <time>2025-01-10T14:36:51Z</time>
        <extensions>
          <gpxtpx:TrackPointExtension>
            <gpxtpx:hr>172</gpxtpx:hr>
          </gpxtpx:TrackPointExtension>
        </extensions>
      </trkpt>
      <trkpt lat="31.473072212265265" lon="120.25405082490192">
        <ele>7.583181197755039</ele>
        <time>2025-01-10T14:36:52Z</time>
        <extensions>
          <gpxtpx:TrackPointExtension>
            <gpxtpx:hr>172</gpxtpx:hr>
          </gpxtpx:TrackPointExtension>
        </extensions>
      </trkpt>
      <trkpt lat="31.47306104037724" lon="120.25402740488059">
        <ele>7.655076514929533</ele>
        <time>2025-01-10T14:36:53Z</time>
        <extensions>
          <gpxtpx:TrackPointExtension>
            <gpxtpx:hr>172</gpxtpx:hr>
          </gpxtpx:TrackPointExtension>
        </extensions>
      </trkpt>
      <trkpt lat="31.473048219591732" lon="120.25400499513033">
        <ele>7.720806051976979</ele>
        <time>2025-01-10T14:36:54Z</time>
        <extensions>
          <gpxtpx:TrackPointExtension>
            <gpxtpx:hr>172</gpxtpx:hr>
          </gpxtpx:TrackPointExtension>
        </extensions>
      </trkpt>
      <trkpt lat="31.47303389310439" lon="120.25398374365014">
        <ele>7.785905946046114</ele>
        <time>2025-01-10T14:36:55Z</time>
        <extensions>
          <gpxtpx:TrackPointExtension>
            <gpxtpx:hr>172</gpxtpx:hr>
          </gpxtpx:TrackPointExtension>
        </extensions>
      </trkpt>
      <trkpt lat="31.473016615277775" lon="120.2539628027429">
        <ele>7.83251160569489</ele>
        <time>2025-01-10T14:36:56Z</time>
        <extensions>
          <gpxtpx:TrackPointExtension>
            <gpxtpx:hr>172</gpxtpx:hr>
          </gpxtpx:TrackPointExtension>
        </extensions>
      </trkpt>
      <trkpt lat="31.472997927968912" lon="120.2539418344165">
        <ele>7.861841129139066</ele>
        <time>2025-01-10T14:36:57Z</time>
        <extensions>
          <gpxtpx:TrackPointExtension>
            <gpxtpx:hr>172</gpxtpx:hr>
          </gpxtpx:TrackPointExtension>
        </extensions>
      </trkpt>
      <trkpt lat="31.472978736776756" lon="120.25392110622207">
        <ele>7.865024959668517</ele>
        <time>2025-01-10T14:36:58Z</time>
        <extensions>
          <gpxtpx:TrackPointExtension>
            <gpxtpx:hr>172</gpxtpx:hr>
          </gpxtpx:TrackPointExtension>
        </extensions>
      </trkpt>
      <trkpt lat="31.4729566842696" lon="120.25390162727594">
        <ele>7.839123046956956</ele>
        <time>2025-01-10T14:36:59Z</time>
        <extensions>
          <gpxtpx:TrackPointExtension>
            <gpxtpx:hr>172</gpxtpx:hr>
          </gpxtpx:TrackPointExtension>
        </extensions>
      </trkpt>
      <trkpt lat="31.472933368421312" lon="120.2538844063466">
        <ele>7.796729808673263</ele>
        <time>2025-01-10T14:37:00Z</time>
        <extensions>
          <gpxtpx:TrackPointExtension>
            <gpxtpx:hr>172</gpxtpx:hr>
          </gpxtpx:TrackPointExtension>
        </extensions>
      </trkpt>
      <trkpt lat="31.472911633784953" lon="120.25386905214604">
        <ele>7.747067019343376</ele>
        <time>2025-01-10T14:37:01Z</time>
        <extensions>
          <gpxtpx:TrackPointExtension>
            <gpxtpx:hr>172</gpxtpx:hr>
          </gpxtpx:TrackPointExtension>
        </extensions>
      </trkpt>
      <trkpt lat="31.472888182757774" lon="120.2538550533041">
        <ele>7.701800582930446</ele>
        <time>2025-01-10T14:37:02Z</time>
        <extensions>
          <gpxtpx:TrackPointExtension>
            <gpxtpx:hr>173</gpxtpx:hr>
          </gpxtpx:TrackPointExtension>
        </extensions>
      </trkpt>
      <trkpt lat="31.472861830905888" lon="120.25384268182222">
        <ele>7.6635027239099145</ele>
        <time>2025-01-10T14:37:03Z</time>
        <extensions>
          <gpxtpx:TrackPointExtension>
            <gpxtpx:hr>173</gpxtpx:hr>
          </gpxtpx:TrackPointExtension>
        </extensions>
      </trkpt>
      <trkpt lat="31.472836013413428" lon="120.25383086684201">
        <ele>7.595208276063204</ele>
        <time>2025-01-10T14:37:04Z</time>
        <extensions>
          <gpxtpx:TrackPointExtension>
            <gpxtpx:hr>173</gpxtpx:hr>
          </gpxtpx:TrackPointExtension>
        </extensions>
      </trkpt>
      <trkpt lat="31.47281134952868" lon="120.25381982045978">
        <ele>7.520822032354772</ele>
        <time>2025-01-10T14:37:05Z</time>
        <extensions>
          <gpxtpx:TrackPointExtension>
            <gpxtpx:hr>173</gpxtpx:hr>
          </gpxtpx:TrackPointExtension>
        </extensions>
      </trkpt>
      <trkpt lat="31.47278504763975" lon="120.25381202226602">
        <ele>7.459185127168894</ele>
        <time>2025-01-10T14:37:06Z</time>
        <extensions>
          <gpxtpx:TrackPointExtension>
            <gpxtpx:hr>173</gpxtpx:hr>
          </gpxtpx:TrackPointExtension>
        </extensions>
      </trkpt>
      <trkpt lat="31.47275856746183" lon="120.2538080821655">
        <ele>7.385604480281472</ele>
        <time>2025-01-10T14:37:07Z</time>
        <extensions>
          <gpxtpx:TrackPointExtension>
            <gpxtpx:hr>173</gpxtpx:hr>
          </gpxtpx:TrackPointExtension>
        </extensions>
      </trkpt>
      <trkpt lat="31.472733562270218" lon="120.2538055455668">
        <ele>7.307282741181552</ele>
        <time>2025-01-10T14:37:08Z</time>
        <extensions>
          <gpxtpx:TrackPointExtension>
            <gpxtpx:hr>174</gpxtpx:hr>
          </gpxtpx:TrackPointExtension>
        </extensions>
      </trkpt>
      <trkpt lat="31.47270820169944" lon="120.25380366803257">
        <ele>7.221618671901524</ele>
        <time>2025-01-10T14:37:09Z</time>
        <extensions>
          <gpxtpx:TrackPointExtension>
            <gpxtpx:hr>174</gpxtpx:hr>
          </gpxtpx:TrackPointExtension>
        </extensions>
      </trkpt>
      <trkpt lat="31.472683563710916" lon="120.25380172435969">
        <ele>7.13650294020772</ele>
        <time>2025-01-10T14:37:10Z</time>
        <extensions>
          <gpxtpx:TrackPointExtension>
            <gpxtpx:hr>174</gpxtpx:hr>
          </gpxtpx:TrackPointExtension>
        </extensions>
      </trkpt>
      <trkpt lat="31.472660197795424" lon="120.25379921839868">
        <ele>7.059079602360725</ele>
        <time>2025-01-10T14:37:11Z</time>
        <extensions>
          <gpxtpx:TrackPointExtension>
            <gpxtpx:hr>174</gpxtpx:hr>
          </gpxtpx:TrackPointExtension>
        </extensions>
      </trkpt>
      <trkpt lat="31.472636153858737" lon="120.25379674657124">
        <ele>6.983082004822791</ele>
        <time>2025-01-10T14:37:12Z</time>
        <extensions>
          <gpxtpx:TrackPointExtension>
            <gpxtpx:hr>174</gpxtpx:hr>
          </gpxtpx:TrackPointExtension>
        </extensions>
      </trkpt>
      <trkpt lat="31.47261105701095" lon="120.25379546945611">
        <ele>6.903362314216793</ele>
        <time>2025-01-10T14:37:13Z</time>
        <extensions>
          <gpxtpx:TrackPointExtension>
            <gpxtpx:hr>174</gpxtpx:hr>
          </gpxtpx:TrackPointExtension>
        </extensions>
      </trkpt>
      <trkpt lat="31.472586253388396" lon="120.25379436778239">
        <ele>6.827690809965134</ele>
        <time>2025-01-10T14:37:14Z</time>
        <extensions>
          <gpxtpx:TrackPointExtension>
            <gpxtpx:hr>174</gpxtpx:hr>
          </gpxtpx:TrackPointExtension>
        </extensions>
      </trkpt>
      <trkpt lat="31.4725625246099" lon="120.25379031650797">
        <ele>6.749409179203212</ele>
        <time>2025-01-10T14:37:15Z</time>
        <extensions>
          <gpxtpx:TrackPointExtension>
            <gpxtpx:hr>174</gpxtpx:hr>
          </gpxtpx:TrackPointExtension>
        </extensions>
      </trkpt>
      <trkpt lat="31.472538964463773" lon="120.25378425346229">
        <ele>6.652440265752375</ele>
        <time>2025-01-10T14:37:16Z</time>
        <extensions>
          <gpxtpx:TrackPointExtension>
            <gpxtpx:hr>174</gpxtpx:hr>
          </gpxtpx:TrackPointExtension>
        </extensions>
      </trkpt>
      <trkpt lat="31.472514455176928" lon="120.25377777001937">
        <ele>6.572386244311929</ele>
        <time>2025-01-10T14:37:17Z</time>
        <extensions>
          <gpxtpx:TrackPointExtension>
            <gpxtpx:hr>174</gpxtpx:hr>
          </gpxtpx:TrackPointExtension>
        </extensions>
      </trkpt>
      <trkpt lat="31.472488604953487" lon="120.25377262467592">
        <ele>6.496093848720193</ele>
        <time>2025-01-10T14:37:18Z</time>
        <extensions>
          <gpxtpx:TrackPointExtension>
            <gpxtpx:hr>174</gpxtpx:hr>
          </gpxtpx:TrackPointExtension>
        </extensions>
      </trkpt>
      <trkpt lat="31.47246102437287" lon="120.25377114318984">
        <ele>6.424440222792327</ele>
        <time>2025-01-10T14:37:19Z</time>
        <extensions>
          <gpxtpx:TrackPointExtension>
            <gpxtpx:hr>174</gpxtpx:hr>
          </gpxtpx:TrackPointExtension>
        </extensions>
      </trkpt>
      <trkpt lat="31.472433474953583" lon="120.25377017619923">
        <ele>6.3510395446792245</ele>
        <time>2025-01-10T14:37:20Z</time>
        <extensions>
          <gpxtpx:TrackPointExtension>
            <gpxtpx:hr>174</gpxtpx:hr>
          </gpxtpx:TrackPointExtension>
        </extensions>
      </trkpt>
      <trkpt lat="31.47240764486372" lon="120.25376588501607">
        <ele>6.281303736381233</ele>
        <time>2025-01-10T14:37:21Z</time>
        <extensions>
          <gpxtpx:TrackPointExtension>
            <gpxtpx:hr>174</gpxtpx:hr>
          </gpxtpx:TrackPointExtension>
        </extensions>
      </trkpt>
      <trkpt lat="31.472382205595018" lon="120.25376083234771">
        <ele>6.219816429540515</ele>
        <time>2025-01-10T14:37:22Z</time>
        <extensions>
          <gpxtpx:TrackPointExtension>
            <gpxtpx:hr>174</gpxtpx:hr>
          </gpxtpx:TrackPointExtension>
        </extensions>
      </trkpt>
      <trkpt lat="31.472355708568802" lon="120.25375787730447">
        <ele>6.140968158841133</ele>
        <time>2025-01-10T14:37:23Z</time>
        <extensions>
          <gpxtpx:TrackPointExtension>
            <gpxtpx:hr>174</gpxtpx:hr>
          </gpxtpx:TrackPointExtension>
        </extensions>
      </trkpt>
      <trkpt lat="31.472328980348117" lon="120.25375570485451">
        <ele>6.08418511133641</ele>
        <time>2025-01-10T14:37:24Z</time>
        <extensions>
          <gpxtpx:TrackPointExtension>
            <gpxtpx:hr>174</gpxtpx:hr>
          </gpxtpx:TrackPointExtension>
        </extensions>
      </trkpt>
      <trkpt lat="31.472302138113015" lon="120.25375208677013">
        <ele>6.026643404737115</ele>
        <time>2025-01-10T14:37:25Z</time>
        <extensions>
          <gpxtpx:TrackPointExtension>
            <gpxtpx:hr>174</gpxtpx:hr>
          </gpxtpx:TrackPointExtension>
        </extensions>
      </trkpt>
      <trkpt lat="31.47227566621489" lon="120.25374659521438">
        <ele>5.969605263322592</ele>
        <time>2025-01-10T14:37:26Z</time>
        <extensions>
          <gpxtpx:TrackPointExtension>
            <gpxtpx:hr>174</gpxtpx:hr>
          </gpxtpx:TrackPointExtension>
        </extensions>
      </trkpt>
      <trkpt lat="31.47225268205039" lon="120.25373971834017">
        <ele>5.90931130759418</ele>
        <time>2025-01-10T14:37:27Z</time>
        <extensions>
          <gpxtpx:TrackPointExtension>
            <gpxtpx:hr>174</gpxtpx:hr>
          </gpxtpx:TrackPointExtension>
        </extensions>
      </trkpt>
      <trkpt lat="31.472232899322794" lon="120.25373308487919">
        <ele>5.852688556537032</ele>
        <time>2025-01-10T14:37:28Z</time>
        <extensions>
          <gpxtpx:TrackPointExtension>
            <gpxtpx:hr>176</gpxtpx:hr>
          </gpxtpx:TrackPointExtension>
        </extensions>
      </trkpt>
      <trkpt lat="31.472212067747943" lon="120.2537291576633">
        <ele>5.795416478998959</ele>
        <time>2025-01-10T14:37:29Z</time>
        <extensions>
          <gpxtpx:TrackPointExtension>
            <gpxtpx:hr>176</gpxtpx:hr>
          </gpxtpx:TrackPointExtension>
        </extensions>
      </trkpt>
      <trkpt lat="31.472189094662166" lon="120.25372740683693">
        <ele>5.739060633815825</ele>
        <time>2025-01-10T14:37:30Z</time>
        <extensions>
          <gpxtpx:TrackPointExtension>
            <gpxtpx:hr>176</gpxtpx:hr>
          </gpxtpx:TrackPointExtension>
        </extensions>
      </trkpt>
      <trkpt lat="31.472166249281067" lon="120.25372395292281">
        <ele>5.69977459218353</ele>
        <time>2025-01-10T14:37:31Z</time>
        <extensions>
          <gpxtpx:TrackPointExtension>
            <gpxtpx:hr>176</gpxtpx:hr>
          </gpxtpx:TrackPointExtension>
        </extensions>
      </trkpt>
      <trkpt lat="31.47214314980939" lon="120.2537182102936">
        <ele>5.644505894742906</ele>
        <time>2025-01-10T14:37:32Z</time>
        <extensions>
          <gpxtpx:TrackPointExtension>
            <gpxtpx:hr>176</gpxtpx:hr>
          </gpxtpx:TrackPointExtension>
        </extensions>
      </trkpt>
      <trkpt lat="31.472119020947076" lon="120.25371308492271">
        <ele>5.593414388597012</ele>
        <time>2025-01-10T14:37:33Z</time>
        <extensions>
          <gpxtpx:TrackPointExtension>
            <gpxtpx:hr>176</gpxtpx:hr>
          </gpxtpx:TrackPointExtension>
        </extensions>
      </trkpt>
      <trkpt lat="31.472094673687682" lon="120.25371011510065">
        <ele>5.5469334768131375</ele>
        <time>2025-01-10T14:37:34Z</time>
        <extensions>
          <gpxtpx:TrackPointExtension>
            <gpxtpx:hr>176</gpxtpx:hr>
          </gpxtpx:TrackPointExtension>
        </extensions>
      </trkpt>
      <trkpt lat="31.47206899871751" lon="120.25370903153936">
        <ele>5.4853519927710295</ele>
        <time>2025-01-10T14:37:35Z</time>
        <extensions>
          <gpxtpx:TrackPointExtension>
            <gpxtpx:hr>176</gpxtpx:hr>
          </gpxtpx:TrackPointExtension>
        </extensions>
      </trkpt>
      <trkpt lat="31.472041252952707" lon="120.25370931419721">
        <ele>5.433103087358177</ele>
        <time>2025-01-10T14:37:36Z</time>
        <extensions>
          <gpxtpx:TrackPointExtension>
            <gpxtpx:hr>176</gpxtpx:hr>
          </gpxtpx:TrackPointExtension>
        </extensions>
      </trkpt>
      <trkpt lat="31.472013844951643" lon="120.25371139240201">
        <ele>5.382900279015303</ele>
        <time>2025-01-10T14:37:37Z</time>
        <extensions>
          <gpxtpx:TrackPointExtension>
            <gpxtpx:hr>176</gpxtpx:hr>
          </gpxtpx:TrackPointExtension>
        </extensions>
      </trkpt>
      <trkpt lat="31.471988889620345" lon="120.25371404706802">
        <ele>5.3314423356205225</ele>
        <time>2025-01-10T14:37:38Z</time>
        <extensions>
          <gpxtpx:TrackPointExtension>
            <gpxtpx:hr>176</gpxtpx:hr>
          </gpxtpx:TrackPointExtension>
        </extensions>
      </trkpt>
      <trkpt lat="31.47196461657139" lon="120.25371742012928">
        <ele>5.3042464684695005</ele>
        <time>2025-01-10T14:37:39Z</time>
        <extensions>
          <gpxtpx:TrackPointExtension>
            <gpxtpx:hr>176</gpxtpx:hr>
          </gpxtpx:TrackPointExtension>
        </extensions>
      </trkpt>
      <trkpt lat="31.471939520754088" lon="120.25372371048387">
        <ele>5.291960340924561</ele>
        <time>2025-01-10T14:37:40Z</time>
        <extensions>
          <gpxtpx:TrackPointExtension>
            <gpxtpx:hr>176</gpxtpx:hr>
          </gpxtpx:TrackPointExtension>
        </extensions>
      </trkpt>
      <trkpt lat="31.47191597268408" lon="120.25373164978126">
        <ele>5.286156198941171</ele>
        <time>2025-01-10T14:37:41Z</time>
        <extensions>
          <gpxtpx:TrackPointExtension>
            <gpxtpx:hr>176</gpxtpx:hr>
          </gpxtpx:TrackPointExtension>
        </extensions>
      </trkpt>
      <trkpt lat="31.471895096100393" lon="120.2537397011053">
        <ele>5.2945681400597095</ele>
        <time>2025-01-10T14:37:42Z</time>
        <extensions>
          <gpxtpx:TrackPointExtension>
            <gpxtpx:hr>176</gpxtpx:hr>
          </gpxtpx:TrackPointExtension>
        </extensions>
      </trkpt>
      <trkpt lat="31.471876467923337" lon="120.25374863416575">
        <ele>5.310642948374152</ele>
        <time>2025-01-10T14:37:43Z</time>
        <extensions>
          <gpxtpx:TrackPointExtension>
            <gpxtpx:hr>173</gpxtpx:hr>
          </gpxtpx:TrackPointExtension>
        </extensions>
      </trkpt>
      <trkpt lat="31.47185884718816" lon="120.25375954606216">
        <ele>5.336752318777144</ele>
        <time>2025-01-10T14:37:44Z</time>
        <extensions>
          <gpxtpx:TrackPointExtension>
            <gpxtpx:hr>173</gpxtpx:hr>
          </gpxtpx:TrackPointExtension>
        </extensions>
      </trkpt>
      <trkpt lat="31.471840923055023" lon="120.25377354518885">
        <ele>5.35980339627713</ele>
        <time>2025-01-10T14:37:45Z</time>
        <extensions>
          <gpxtpx:TrackPointExtension>
            <gpxtpx:hr>173</gpxtpx:hr>
          </gpxtpx:TrackPointExtension>
        </extensions>
      </trkpt>
      <trkpt lat="31.471822360000374" lon="120.25378978906235">
        <ele>5.398774028755724</ele>
        <time>2025-01-10T14:37:46Z</time>
        <extensions>
          <gpxtpx:TrackPointExtension>
            <gpxtpx:hr>173</gpxtpx:hr>
          </gpxtpx:TrackPointExtension>
        </extensions>
      </trkpt>
      <trkpt lat="31.47180410180118" lon="120.25380739965269">
        <ele>5.451012436300516</ele>
        <time>2025-01-10T14:37:47Z</time>
        <extensions>
          <gpxtpx:TrackPointExtension>
            <gpxtpx:hr>173</gpxtpx:hr>
          </gpxtpx:TrackPointExtension>
        </extensions>
      </trkpt>
      <trkpt lat="31.471786877871736" lon="120.2538279208958">
        <ele>5.517400033771992</ele>
        <time>2025-01-10T14:37:48Z</time>
        <extensions>
          <gpxtpx:TrackPointExtension>
            <gpxtpx:hr>173</gpxtpx:hr>
          </gpxtpx:TrackPointExtension>
        </extensions>
      </trkpt>
      <trkpt lat="31.471771288181188" lon="120.25385230635293">
        <ele>5.580675789155066</ele>
        <time>2025-01-10T14:37:49Z</time>
        <extensions>
          <gpxtpx:TrackPointExtension>
            <gpxtpx:hr>173</gpxtpx:hr>
          </gpxtpx:TrackPointExtension>
        </extensions>
      </trkpt>
      <trkpt lat="31.471757328905856" lon="120.25387912012361">
        <ele>5.642933870665729</ele>
        <time>2025-01-10T14:37:50Z</time>
        <extensions>
          <gpxtpx:TrackPointExtension>
            <gpxtpx:hr>173</gpxtpx:hr>
          </gpxtpx:TrackPointExtension>
        </extensions>
      </trkpt>
      <trkpt lat="31.471743731065864" lon="120.25390590575924">
        <ele>5.700606591068208</ele>
        <time>2025-01-10T14:37:51Z</time>
        <extensions>
          <gpxtpx:TrackPointExtension>
            <gpxtpx:hr>173</gpxtpx:hr>
          </gpxtpx:TrackPointExtension>
        </extensions>
      </trkpt>
      <trkpt lat="31.47173071364189" lon="120.25393210651539">
        <ele>5.751749540679157</ele>
        <time>2025-01-10T14:37:52Z</time>
        <extensions>
          <gpxtpx:TrackPointExtension>
            <gpxtpx:hr>173</gpxtpx:hr>
          </gpxtpx:TrackPointExtension>
        </extensions>
      </trkpt>
      <trkpt lat="31.471719823357972" lon="120.25395962766143">
        <ele>5.8007513005286455</ele>
        <time>2025-01-10T14:37:53Z</time>
        <extensions>
          <gpxtpx:TrackPointExtension>
            <gpxtpx:hr>173</gpxtpx:hr>
          </gpxtpx:TrackPointExtension>
        </extensions>
      </trkpt>
      <trkpt lat="31.471710948638812" lon="120.25398895158048">
        <ele>5.865693955682218</ele>
        <time>2025-01-10T14:37:54Z</time>
        <extensions>
          <gpxtpx:TrackPointExtension>
            <gpxtpx:hr>173</gpxtpx:hr>
          </gpxtpx:TrackPointExtension>
        </extensions>
      </trkpt>
      <trkpt lat="31.47170251923862" lon="120.25401788159182">
        <ele>5.933752045035362</ele>
        <time>2025-01-10T14:37:55Z</time>
        <extensions>
          <gpxtpx:TrackPointExtension>
            <gpxtpx:hr>173</gpxtpx:hr>
          </gpxtpx:TrackPointExtension>
        </extensions>
      </trkpt>
      <trkpt lat="31.471696252619527" lon="120.2540460652772">
        <ele>5.99991299957037</ele>
        <time>2025-01-10T14:37:56Z</time>
        <extensions>
          <gpxtpx:TrackPointExtension>
            <gpxtpx:hr>173</gpxtpx:hr>
          </gpxtpx:TrackPointExtension>
        </extensions>
      </trkpt>
      <trkpt lat="31.471694418341734" lon="120.25407276108812">
        <ele>6.070985463447869</ele>
        <time>2025-01-10T14:37:57Z</time>
        <extensions>
          <gpxtpx:TrackPointExtension>
            <gpxtpx:hr>173</gpxtpx:hr>
          </gpxtpx:TrackPointExtension>
        </extensions>
      </trkpt>
      <trkpt lat="31.471694794918562" lon="120.25409739578902">
        <ele>6.122580542229116</ele>
        <time>2025-01-10T14:37:58Z</time>
        <extensions>
          <gpxtpx:TrackPointExtension>
            <gpxtpx:hr>175</gpxtpx:hr>
          </gpxtpx:TrackPointExtension>
        </extensions>
      </trkpt>
      <trkpt lat="31.471694705271062" lon="120.25412248619864">
        <ele>6.162222927436233</ele>
        <time>2025-01-10T14:37:59Z</time>
        <extensions>
          <gpxtpx:TrackPointExtension>
            <gpxtpx:hr>175</gpxtpx:hr>
          </gpxtpx:TrackPointExtension>
        </extensions>
      </trkpt>
      <trkpt lat="31.471695583537713" lon="120.2541488931143">
        <ele>6.211642073467374</ele>
        <time>2025-01-10T14:38:00Z</time>
        <extensions>
          <gpxtpx:TrackPointExtension>
            <gpxtpx:hr>175</gpxtpx:hr>
          </gpxtpx:TrackPointExtension>
        </extensions>
      </trkpt>
      <trkpt lat="31.47169821616399" lon="120.25417612558786">
        <ele>6.255422856658697</ele>
        <time>2025-01-10T14:38:01Z</time>
        <extensions>
          <gpxtpx:TrackPointExtension>
            <gpxtpx:hr>175</gpxtpx:hr>
          </gpxtpx:TrackPointExtension>
        </extensions>
      </trkpt>
      <trkpt lat="31.471700837662993" lon="120.2542039689459">
        <ele>6.30210009496659</ele>
        <time>2025-01-10T14:38:02Z</time>
        <extensions>
          <gpxtpx:TrackPointExtension>
            <gpxtpx:hr>175</gpxtpx:hr>
          </gpxtpx:TrackPointExtension>
        </extensions>
      </trkpt>
      <trkpt lat="31.47170466812831" lon="120.25423036738827">
        <ele>6.3342180904001</ele>
        <time>2025-01-10T14:38:03Z</time>
        <extensions>
          <gpxtpx:TrackPointExtension>
            <gpxtpx:hr>174</gpxtpx:hr>
          </gpxtpx:TrackPointExtension>
        </extensions>
      </trkpt>
      <trkpt lat="31.471711177754337" lon="120.25425293696145">
        <ele>6.344967041164637</ele>
        <time>2025-01-10T14:38:04Z</time>
        <extensions>
          <gpxtpx:TrackPointExtension>
            <gpxtpx:hr>174</gpxtpx:hr>
          </gpxtpx:TrackPointExtension>
        </extensions>
      </trkpt>
      <trkpt lat="31.471719125206477" lon="120.25427445363653">
        <ele>6.350407014600933</ele>
        <time>2025-01-10T14:38:05Z</time>
        <extensions>
          <gpxtpx:TrackPointExtension>
            <gpxtpx:hr>174</gpxtpx:hr>
          </gpxtpx:TrackPointExtension>
        </extensions>
      </trkpt>
      <trkpt lat="31.47172909078907" lon="120.25429681565686">
        <ele>6.359589369036257</ele>
        <time>2025-01-10T14:38:06Z</time>
        <extensions>
          <gpxtpx:TrackPointExtension>
            <gpxtpx:hr>174</gpxtpx:hr>
          </gpxtpx:TrackPointExtension>
        </extensions>
      </trkpt>
      <trkpt lat="31.47174277308931" lon="120.25431782670611">
        <ele>6.345217989757657</ele>
        <time>2025-01-10T14:38:07Z</time>
        <extensions>
          <gpxtpx:TrackPointExtension>
            <gpxtpx:hr>174</gpxtpx:hr>
          </gpxtpx:TrackPointExtension>
        </extensions>
      </trkpt>
      <trkpt lat="31.471758792690736" lon="120.2543387026521">
        <ele>6.318533381447196</ele>
        <time>2025-01-10T14:38:08Z</time>
        <extensions>
          <gpxtpx:TrackPointExtension>
            <gpxtpx:hr>174</gpxtpx:hr>
          </gpxtpx:TrackPointExtension>
        </extensions>
      </trkpt>
      <trkpt lat="31.47177432641891" lon="120.25436101991349">
        <ele>6.273898505605757</ele>
        <time>2025-01-10T14:38:09Z</time>
        <extensions>
          <gpxtpx:TrackPointExtension>
            <gpxtpx:hr>174</gpxtpx:hr>
          </gpxtpx:TrackPointExtension>
        </extensions>
      </trkpt>
      <trkpt lat="31.471790142913395" lon="120.25438229262222">
        <ele>6.2168487040326</ele>
        <time>2025-01-10T14:38:10Z</time>
        <extensions>
          <gpxtpx:TrackPointExtension>
            <gpxtpx:hr>174</gpxtpx:hr>
          </gpxtpx:TrackPointExtension>
        </extensions>
      </trkpt>
      <trkpt lat="31.471808702467445" lon="120.25440103950842">
        <ele>6.164904396981001</ele>
        <time>2025-01-10T14:38:11Z</time>
        <extensions>
          <gpxtpx:TrackPointExtension>
            <gpxtpx:hr>174</gpxtpx:hr>
          </gpxtpx:TrackPointExtension>
        </extensions>
      </trkpt>
      <trkpt lat="31.47182852144477" lon="120.25441941854304">
        <ele>6.098673113621771</ele>
        <time>2025-01-10T14:38:12Z</time>
        <extensions>
          <gpxtpx:TrackPointExtension>
            <gpxtpx:hr>174</gpxtpx:hr>
          </gpxtpx:TrackPointExtension>
        </extensions>
      </trkpt>
      <trkpt lat="31.471848113230596" lon="120.25443694998567">
        <ele>6.029440055601299</ele>
        <time>2025-01-10T14:38:13Z</time>
        <extensions>
          <gpxtpx:TrackPointExtension>
            <gpxtpx:hr>174</gpxtpx:hr>
          </gpxtpx:TrackPointExtension>
        </extensions>
      </trkpt>
      <trkpt lat="31.471868358836932" lon="120.25445210724114">
        <ele>5.964321233332157</ele>
        <time>2025-01-10T14:38:14Z</time>
        <extensions>
          <gpxtpx:TrackPointExtension>
            <gpxtpx:hr>174</gpxtpx:hr>
          </gpxtpx:TrackPointExtension>
        </extensions>
      </trkpt>
      <trkpt lat="31.471889571962244" lon="120.25446441362514">
        <ele>5.900810857303441</ele>
        <time>2025-01-10T14:38:15Z</time>
        <extensions>
          <gpxtpx:TrackPointExtension>
            <gpxtpx:hr>174</gpxtpx:hr>
          </gpxtpx:TrackPointExtension>
        </extensions>
      </trkpt>
      <trkpt lat="31.471910595624625" lon="120.25447428446796">
        <ele>5.855309498496354</ele>
        <time>2025-01-10T14:38:16Z</time>
        <extensions>
          <gpxtpx:TrackPointExtension>
            <gpxtpx:hr>174</gpxtpx:hr>
          </gpxtpx:TrackPointExtension>
        </extensions>
      </trkpt>
      <trkpt lat="31.471930528789933" lon="120.25448360207317">
        <ele>5.791665026918054</ele>
        <time>2025-01-10T14:38:17Z</time>
        <extensions>
          <gpxtpx:TrackPointExtension>
            <gpxtpx:hr>174</gpxtpx:hr>
          </gpxtpx:TrackPointExtension>
        </extensions>
      </trkpt>
      <trkpt lat="31.471950508259603" lon="120.2544916396284">
        <ele>5.740930326282978</ele>
        <time>2025-01-10T14:38:18Z</time>
        <extensions>
          <gpxtpx:TrackPointExtension>
            <gpxtpx:hr>171</gpxtpx:hr>
          </gpxtpx:TrackPointExtension>
        </extensions>
      </trkpt>
      <trkpt lat="31.47197210454865" lon="120.25449847728437">
        <ele>5.6892809215933084</ele>
        <time>2025-01-10T14:38:19Z</time>
        <extensions>
          <gpxtpx:TrackPointExtension>
            <gpxtpx:hr>171</gpxtpx:hr>
          </gpxtpx:TrackPointExtension>
        </extensions>
      </trkpt>
      <trkpt lat="31.471994590243558" lon="120.25450560904311">
        <ele>5.643021561205387</ele>
        <time>2025-01-10T14:38:20Z</time>
        <extensions>
          <gpxtpx:TrackPointExtension>
            <gpxtpx:hr>171</gpxtpx:hr>
          </gpxtpx:TrackPointExtension>
        </extensions>
      </trkpt>
      <trkpt lat="31.47201683285052" lon="120.25451267847244">
        <ele>5.601869379170239</ele>
        <time>2025-01-10T14:38:21Z</time>
        <extensions>
          <gpxtpx:TrackPointExtension>
            <gpxtpx:hr>171</gpxtpx:hr>
          </gpxtpx:TrackPointExtension>
        </extensions>
      </trkpt>
      <trkpt lat="31.472038166020624" lon="120.25451870450203">
        <ele>5.584216121584177</ele>
        <time>2025-01-10T14:38:22Z</time>
        <extensions>
          <gpxtpx:TrackPointExtension>
            <gpxtpx:hr>171</gpxtpx:hr>
          </gpxtpx:TrackPointExtension>
        </extensions>
      </trkpt>
      <trkpt lat="31.472058699385194" lon="120.25452311610086">
        <ele>5.56621362362057</ele>
        <time>2025-01-10T14:38:23Z</time>
        <extensions>
          <gpxtpx:TrackPointExtension>
            <gpxtpx:hr>171</gpxtpx:hr>
          </gpxtpx:TrackPointExtension>
        </extensions>
      </trkpt>
      <trkpt lat="31.47207990756362" lon="120.25452494950517">
        <ele>5.563735389150679</ele>
        <time>2025-01-10T14:38:24Z</time>
        <extensions>
          <gpxtpx:TrackPointExtension>
            <gpxtpx:hr>171</gpxtpx:hr>
          </gpxtpx:TrackPointExtension>
        </extensions>
      </trkpt>
      <trkpt lat="31.472102392370275" lon="120.25452505765283">
        <ele>5.5630828104913235</ele>
        <time>2025-01-10T14:38:25Z</time>
        <extensions>
          <gpxtpx:TrackPointExtension>
            <gpxtpx:hr>170</gpxtpx:hr>
          </gpxtpx:TrackPointExtension>
        </extensions>
      </trkpt>
      <trkpt lat="31.47212571531245" lon="120.25452717219886">
        <ele>5.5516678569838405</ele>
        <time>2025-01-10T14:38:26Z</time>
        <extensions>
          <gpxtpx:TrackPointExtension>
            <gpxtpx:hr>170</gpxtpx:hr>
          </gpxtpx:TrackPointExtension>
        </extensions>
      </trkpt>
      <trkpt lat="31.47214858039529" lon="120.25453261768986">
        <ele>5.544573555700481</ele>
        <time>2025-01-10T14:38:27Z</time>
        <extensions>
          <gpxtpx:TrackPointExtension>
            <gpxtpx:hr>170</gpxtpx:hr>
          </gpxtpx:TrackPointExtension>
        </extensions>
      </trkpt>
      <trkpt lat="31.472170636400683" lon="120.25453736556858">
        <ele>5.561570983380079</ele>
        <time>2025-01-10T14:38:28Z</time>
        <extensions>
          <gpxtpx:TrackPointExtension>
            <gpxtpx:hr>170</gpxtpx:hr>
          </gpxtpx:TrackPointExtension>
        </extensions>
      </trkpt>
      <trkpt lat="31.47219281702459" lon="120.25454029402658">
        <ele>5.574397730641067</ele>
        <time>2025-01-10T14:38:29Z</time>
        <extensions>
          <gpxtpx:TrackPointExtension>
            <gpxtpx:hr>170</gpxtpx:hr>
          </gpxtpx:TrackPointExtension>
        </extensions>
      </trkpt>
      <trkpt lat="31.472216056208566" lon="120.25454477718509">
        <ele>5.580111199058592</ele>
        <time>2025-01-10T14:38:30Z</time>
        <extensions>
          <gpxtpx:TrackPointExtension>
            <gpxtpx:hr>170</gpxtpx:hr>
          </gpxtpx:TrackPointExtension>
        </extensions>
      </trkpt>
      <trkpt lat="31.47223946204907" lon="120.25455033637682">
        <ele>5.584983172826469</ele>
        <time>2025-01-10T14:38:31Z</time>
        <extensions>
          <gpxtpx:TrackPointExtension>
            <gpxtpx:hr>170</gpxtpx:hr>
          </gpxtpx:TrackPointExtension>
        </extensions>
      </trkpt>
      <trkpt lat="31.472262660663965" lon="120.25455502944227">
        <ele>5.582704273983836</ele>
        <time>2025-01-10T14:38:32Z</time>
        <extensions>
          <gpxtpx:TrackPointExtension>
            <gpxtpx:hr>170</gpxtpx:hr>
          </gpxtpx:TrackPointExtension>
        </extensions>
      </trkpt>
      <trkpt lat="31.472286187141087" lon="120.25456026488106">
        <ele>5.592232939787209</ele>
        <time>2025-01-10T14:38:33Z</time>
        <extensions>
          <gpxtpx:TrackPointExtension>
            <gpxtpx:hr>169</gpxtpx:hr>
          </gpxtpx:TrackPointExtension>
        </extensions>
      </trkpt>
      <trkpt lat="31.472309855572252" lon="120.2545662935496">
        <ele>5.6088216826319695</ele>
        <time>2025-01-10T14:38:34Z</time>
        <extensions>
          <gpxtpx:TrackPointExtension>
            <gpxtpx:hr>169</gpxtpx:hr>
          </gpxtpx:TrackPointExtension>
        </extensions>
      </trkpt>
      <trkpt lat="31.472333765814916" lon="120.25457071552817">
        <ele>5.627711662091315</ele>
        <time>2025-01-10T14:38:35Z</time>
        <extensions>
          <gpxtpx:TrackPointExtension>
            <gpxtpx:hr>169</gpxtpx:hr>
          </gpxtpx:TrackPointExtension>
        </extensions>
      </trkpt>
      <trkpt lat="31.472357575219547" lon="120.25457526395263">
        <ele>5.650849972851574</ele>
        <time>2025-01-10T14:38:36Z</time>
        <extensions>
          <gpxtpx:TrackPointExtension>
            <gpxtpx:hr>169</gpxtpx:hr>
          </gpxtpx:TrackPointExtension>
        </extensions>
      </trkpt>
      <trkpt lat="31.472380943430824" lon="120.25458205942559">
        <ele>5.678201723843813</ele>
        <time>2025-01-10T14:38:37Z</time>
        <extensions>
          <gpxtpx:TrackPointExtension>
            <gpxtpx:hr>169</gpxtpx:hr>
          </gpxtpx:TrackPointExtension>
        </extensions>
      </trkpt>
      <trkpt lat="31.472404455882167" lon="120.25458853886276">
        <ele>5.70986336003989</ele>
        <time>2025-01-10T14:38:38Z</time>
        <extensions>
          <gpxtpx:TrackPointExtension>
            <gpxtpx:hr>169</gpxtpx:hr>
          </gpxtpx:TrackPointExtension>
        </extensions>
      </trkpt>
      <trkpt lat="31.47242850226542" lon="120.25459301038065">
        <ele>5.747122195549309</ele>
        <time>2025-01-10T14:38:39Z</time>
        <extensions>
          <gpxtpx:TrackPointExtension>
            <gpxtpx:hr>170</gpxtpx:hr>
          </gpxtpx:TrackPointExtension>
        </extensions>
      </trkpt>
      <trkpt lat="31.47245195741436" lon="120.25459746507981">
        <ele>5.791580879129469</ele>
        <time>2025-01-10T14:38:40Z</time>
        <extensions>
          <gpxtpx:TrackPointExtension>
            <gpxtpx:hr>170</gpxtpx:hr>
          </gpxtpx:TrackPointExtension>
        </extensions>
      </trkpt>
      <trkpt lat="31.472474467038467" lon="120.2546030004524">
        <ele>5.826167630031705</ele>
        <time>2025-01-10T14:38:41Z</time>
        <extensions>
          <gpxtpx:TrackPointExtension>
            <gpxtpx:hr>170</gpxtpx:hr>
          </gpxtpx:TrackPointExtension>
        </extensions>
      </trkpt>
      <trkpt lat="31.4724972749158" lon="120.2546074962181">
        <ele>5.839601191692054</ele>
        <time>2025-01-10T14:38:42Z</time>
        <extensions>
          <gpxtpx:TrackPointExtension>
            <gpxtpx:hr>170</gpxtpx:hr>
          </gpxtpx:TrackPointExtension>
        </extensions>
      </trkpt>
      <trkpt lat="31.472520736798426" lon="120.25460992679709">
        <ele>5.875286010093987</ele>
        <time>2025-01-10T14:38:43Z</time>
        <extensions>
          <gpxtpx:TrackPointExtension>
            <gpxtpx:hr>170</gpxtpx:hr>
          </gpxtpx:TrackPointExtension>
        </extensions>
      </trkpt>
      <trkpt lat="31.472544106456187" lon="120.25461238239448">
        <ele>5.889258808456361</ele>
        <time>2025-01-10T14:38:44Z</time>
        <extensions>
          <gpxtpx:TrackPointExtension>
            <gpxtpx:hr>169</gpxtpx:hr>
          </gpxtpx:TrackPointExtension>
        </extensions>
      </trkpt>
      <trkpt lat="31.47256819480684" lon="120.25461536026984">
        <ele>5.895211847499013</ele>
        <time>2025-01-10T14:38:45Z</time>
        <extensions>
          <gpxtpx:TrackPointExtension>
            <gpxtpx:hr>169</gpxtpx:hr>
          </gpxtpx:TrackPointExtension>
        </extensions>
      </trkpt>
      <trkpt lat="31.47259312790939" lon="120.25461748728092">
        <ele>5.908964587375522</ele>
        <time>2025-01-10T14:38:46Z</time>
        <extensions>
          <gpxtpx:TrackPointExtension>
            <gpxtpx:hr>169</gpxtpx:hr>
          </gpxtpx:TrackPointExtension>
        </extensions>
      </trkpt>
      <trkpt lat="31.472617745569238" lon="120.25461906751582">
        <ele>5.89381243288517</ele>
        <time>2025-01-10T14:38:47Z</time>
        <extensions>
          <gpxtpx:TrackPointExtension>
            <gpxtpx:hr>169</gpxtpx:hr>
          </gpxtpx:TrackPointExtension>
        </extensions>
      </trkpt>
      <trkpt lat="31.472641626137584" lon="120.25462074939763">
        <ele>5.899129138328135</ele>
        <time>2025-01-10T14:38:48Z</time>
        <extensions>
          <gpxtpx:TrackPointExtension>
            <gpxtpx:hr>171</gpxtpx:hr>
          </gpxtpx:TrackPointExtension>
        </extensions>
      </trkpt>
      <trkpt lat="31.472666118649904" lon="120.25462255015333">
        <ele>5.897919222712517</ele>
        <time>2025-01-10T14:38:49Z</time>
        <extensions>
          <gpxtpx:TrackPointExtension>
            <gpxtpx:hr>171</gpxtpx:hr>
          </gpxtpx:TrackPointExtension>
        </extensions>
      </trkpt>
      <trkpt lat="31.472691762325958" lon="120.2546261806671">
        <ele>5.899471604265273</ele>
        <time>2025-01-10T14:38:50Z</time>
        <extensions>
          <gpxtpx:TrackPointExtension>
            <gpxtpx:hr>171</gpxtpx:hr>
          </gpxtpx:TrackPointExtension>
        </extensions>
      </trkpt>
      <trkpt lat="31.47271733736665" lon="120.2546323175933">
        <ele>5.925389909185469</ele>
        <time>2025-01-10T14:38:51Z</time>
        <extensions>
          <gpxtpx:TrackPointExtension>
            <gpxtpx:hr>171</gpxtpx:hr>
          </gpxtpx:TrackPointExtension>
        </extensions>
      </trkpt>
      <trkpt lat="31.472743405231824" lon="120.25463764301192">
        <ele>5.934148045256734</ele>
        <time>2025-01-10T14:38:52Z</time>
        <extensions>
          <gpxtpx:TrackPointExtension>
            <gpxtpx:hr>170</gpxtpx:hr>
          </gpxtpx:TrackPointExtension>
        </extensions>
      </trkpt>
      <trkpt lat="31.472770340722068" lon="120.2546394104597">
        <ele>5.947965211234987</ele>
        <time>2025-01-10T14:38:53Z</time>
        <extensions>
          <gpxtpx:TrackPointExtension>
            <gpxtpx:hr>170</gpxtpx:hr>
          </gpxtpx:TrackPointExtension>
        </extensions>
      </trkpt>
      <trkpt lat="31.47279842879874" lon="120.25463743247633">
        <ele>5.974667153321207</ele>
        <time>2025-01-10T14:38:54Z</time>
        <extensions>
          <gpxtpx:TrackPointExtension>
            <gpxtpx:hr>170</gpxtpx:hr>
          </gpxtpx:TrackPointExtension>
        </extensions>
      </trkpt>
      <trkpt lat="31.47282761970904" lon="120.2546317026814">
        <ele>6.006244475021958</ele>
        <time>2025-01-10T14:38:55Z</time>
        <extensions>
          <gpxtpx:TrackPointExtension>
            <gpxtpx:hr>170</gpxtpx:hr>
          </gpxtpx:TrackPointExtension>
        </extensions>
      </trkpt>
      <trkpt lat="31.47285552269978" lon="120.25462389105823">
        <ele>6.022258252836764</ele>
        <time>2025-01-10T14:38:56Z</time>
        <extensions>
          <gpxtpx:TrackPointExtension>
            <gpxtpx:hr>170</gpxtpx:hr>
          </gpxtpx:TrackPointExtension>
        </extensions>
      </trkpt>
      <trkpt lat="31.47288060157263" lon="120.25461563216811">
        <ele>6.03313943836838</ele>
        <time>2025-01-10T14:38:57Z</time>
        <extensions>
          <gpxtpx:TrackPointExtension>
            <gpxtpx:hr>170</gpxtpx:hr>
          </gpxtpx:TrackPointExtension>
        </extensions>
      </trkpt>
      <trkpt lat="31.472904665159074" lon="120.25460386639253">
        <ele>6.05601089913398</ele>
        <time>2025-01-10T14:38:58Z</time>
        <extensions>
          <gpxtpx:TrackPointExtension>
            <gpxtpx:hr>170</gpxtpx:hr>
          </gpxtpx:TrackPointExtension>
        </extensions>
      </trkpt>
      <trkpt lat="31.47292771743278" lon="120.25458866515773">
        <ele>6.099592194892466</ele>
        <time>2025-01-10T14:38:59Z</time>
        <extensions>
          <gpxtpx:TrackPointExtension>
            <gpxtpx:hr>170</gpxtpx:hr>
          </gpxtpx:TrackPointExtension>
        </extensions>
      </trkpt>
      <trkpt lat="31.472949470138143" lon="120.25457262446122">
        <ele>6.142645540647209</ele>
        <time>2025-01-10T14:39:00Z</time>
        <extensions>
          <gpxtpx:TrackPointExtension>
            <gpxtpx:hr>170</gpxtpx:hr>
          </gpxtpx:TrackPointExtension>
        </extensions>
      </trkpt>
      <trkpt lat="31.47297099393132" lon="120.2545545128689">
        <ele>6.195149434730411</ele>
        <time>2025-01-10T14:39:01Z</time>
        <extensions>
          <gpxtpx:TrackPointExtension>
            <gpxtpx:hr>170</gpxtpx:hr>
          </gpxtpx:TrackPointExtension>
        </extensions>
      </trkpt>
      <trkpt lat="31.472992008184704" lon="120.25453329409686">
        <ele>6.269448887556791</ele>
        <time>2025-01-10T14:39:02Z</time>
        <extensions>
          <gpxtpx:TrackPointExtension>
            <gpxtpx:hr>170</gpxtpx:hr>
          </gpxtpx:TrackPointExtension>
        </extensions>
      </trkpt>
      <trkpt lat="31.47301111970829" lon="120.25451059566116">
        <ele>6.338725646957755</ele>
        <time>2025-01-10T14:39:03Z</time>
        <extensions>
          <gpxtpx:TrackPointExtension>
            <gpxtpx:hr>170</gpxtpx:hr>
          </gpxtpx:TrackPointExtension>
        </extensions>
      </trkpt>
      <trkpt lat="31.473027722495004" lon="120.2544857235874">
        <ele>6.408012438565493</ele>
        <time>2025-01-10T14:39:04Z</time>
        <extensions>
          <gpxtpx:TrackPointExtension>
            <gpxtpx:hr>170</gpxtpx:hr>
          </gpxtpx:TrackPointExtension>
        </extensions>
      </trkpt>
      <trkpt lat="31.47304136026713" lon="120.2544589535838">
        <ele>6.47568120341748</ele>
        <time>2025-01-10T14:39:05Z</time>
        <extensions>
          <gpxtpx:TrackPointExtension>
            <gpxtpx:hr>170</gpxtpx:hr>
          </gpxtpx:TrackPointExtension>
        </extensions>
      </trkpt>
      <trkpt lat="31.473053208977174" lon="120.25443244777172">
        <ele>6.532797698862851</ele>
        <time>2025-01-10T14:39:06Z</time>
        <extensions>
          <gpxtpx:TrackPointExtension>
            <gpxtpx:hr>170</gpxtpx:hr>
          </gpxtpx:TrackPointExtension>
        </extensions>
      </trkpt>
      <trkpt lat="31.47306488266898" lon="120.25440592524343">
        <ele>6.589288421906531</ele>
        <time>2025-01-10T14:39:07Z</time>
        <extensions>
          <gpxtpx:TrackPointExtension>
            <gpxtpx:hr>171</gpxtpx:hr>
          </gpxtpx:TrackPointExtension>
        </extensions>
      </trkpt>
      <trkpt lat="31.473075992074744" lon="120.25437819489899">
        <ele>6.645635203458369</ele>
        <time>2025-01-10T14:39:08Z</time>
        <extensions>
          <gpxtpx:TrackPointExtension>
            <gpxtpx:hr>171</gpxtpx:hr>
          </gpxtpx:TrackPointExtension>
        </extensions>
      </trkpt>
      <trkpt lat="31.473085656235845" lon="120.25435011326039">
        <ele>6.704577788710594</ele>
        <time>2025-01-10T14:39:09Z</time>
        <extensions>
          <gpxtpx:TrackPointExtension>
            <gpxtpx:hr>171</gpxtpx:hr>
          </gpxtpx:TrackPointExtension>
        </extensions>
      </trkpt>
      <trkpt lat="31.473093341676414" lon="120.254321588899">
        <ele>6.750253535807133</ele>
        <time>2025-01-10T14:39:10Z</time>
        <extensions>
          <gpxtpx:TrackPointExtension>
            <gpxtpx:hr>171</gpxtpx:hr>
          </gpxtpx:TrackPointExtension>
        </extensions>
      </trkpt>
      <trkpt lat="31.473099092953433" lon="120.25429077279969">
        <ele>6.80822460539639</ele>
        <time>2025-01-10T14:39:11Z</time>
        <extensions>
          <gpxtpx:TrackPointExtension>
            <gpxtpx:hr>173</gpxtpx:hr>
          </gpxtpx:TrackPointExtension>
        </extensions>
      </trkpt>
      <trkpt lat="31.47310253606871" lon="120.25425973863919">
        <ele>6.861875434406102</ele>
        <time>2025-01-10T14:39:12Z</time>
        <extensions>
          <gpxtpx:TrackPointExtension>
            <gpxtpx:hr>173</gpxtpx:hr>
          </gpxtpx:TrackPointExtension>
        </extensions>
      </trkpt>
      <trkpt lat="31.47310336606988" lon="120.2542301849589">
        <ele>6.909279295243323</ele>
        <time>2025-01-10T14:39:13Z</time>
        <extensions>
          <gpxtpx:TrackPointExtension>
            <gpxtpx:hr>173</gpxtpx:hr>
          </gpxtpx:TrackPointExtension>
        </extensions>
      </trkpt>
      <trkpt lat="31.473101828605806" lon="120.2542006914087">
        <ele>6.970501353032887</ele>
        <time>2025-01-10T14:39:14Z</time>
        <extensions>
          <gpxtpx:TrackPointExtension>
            <gpxtpx:hr>173</gpxtpx:hr>
          </gpxtpx:TrackPointExtension>
        </extensions>
      </trkpt>
      <trkpt lat="31.47309813739491" lon="120.25417262746642">
        <ele>7.013839554041624</ele>
        <time>2025-01-10T14:39:15Z</time>
        <extensions>
          <gpxtpx:TrackPointExtension>
            <gpxtpx:hr>173</gpxtpx:hr>
          </gpxtpx:TrackPointExtension>
        </extensions>
      </trkpt>
      <trkpt lat="31.473092923480625" lon="120.25414727227667">
        <ele>7.040167693980038</ele>
        <time>2025-01-10T14:39:16Z</time>
        <extensions>
          <gpxtpx:TrackPointExtension>
            <gpxtpx:hr>173</gpxtpx:hr>
          </gpxtpx:TrackPointExtension>
        </extensions>
      </trkpt>
      <trkpt lat="31.473086996389647" lon="120.25412183923382">
        <ele>7.077841967344284</ele>
        <time>2025-01-10T14:39:17Z</time>
        <extensions>
          <gpxtpx:TrackPointExtension>
            <gpxtpx:hr>173</gpxtpx:hr>
          </gpxtpx:TrackPointExtension>
        </extensions>
      </trkpt>
      <trkpt lat="31.473080472991175" lon="120.25409546875238">
        <ele>7.097085792571306</ele>
        <time>2025-01-10T14:39:18Z</time>
        <extensions>
          <gpxtpx:TrackPointExtension>
            <gpxtpx:hr>174</gpxtpx:hr>
          </gpxtpx:TrackPointExtension>
        </extensions>
      </trkpt>
      <trkpt lat="31.473073185280196" lon="120.25406951082442">
        <ele>7.101863514631987</ele>
        <time>2025-01-10T14:39:19Z</time>
        <extensions>
          <gpxtpx:TrackPointExtension>
            <gpxtpx:hr>174</gpxtpx:hr>
          </gpxtpx:TrackPointExtension>
        </extensions>
      </trkpt>
      <trkpt lat="31.47306398952872" lon="120.25404482629311">
        <ele>7.105803964659572</ele>
        <time>2025-01-10T14:39:20Z</time>
        <extensions>
          <gpxtpx:TrackPointExtension>
            <gpxtpx:hr>174</gpxtpx:hr>
          </gpxtpx:TrackPointExtension>
        </extensions>
      </trkpt>
      <trkpt lat="31.473052037450785" lon="120.25402110345479">
        <ele>7.099875919520855</ele>
        <time>2025-01-10T14:39:21Z</time>
        <extensions>
          <gpxtpx:TrackPointExtension>
            <gpxtpx:hr>174</gpxtpx:hr>
          </gpxtpx:TrackPointExtension>
        </extensions>
      </trkpt>
      <trkpt lat="31.473040113698456" lon="120.25399778546274">
        <ele>7.101527298800647</ele>
        <time>2025-01-10T14:39:22Z</time>
        <extensions>
          <gpxtpx:TrackPointExtension>
            <gpxtpx:hr>174</gpxtpx:hr>
          </gpxtpx:TrackPointExtension>
        </extensions>
      </trkpt>
      <trkpt lat="31.473028356042352" lon="120.25397532349756">
        <ele>7.095110435970128</ele>
        <time>2025-01-10T14:39:23Z</time>
        <extensions>
          <gpxtpx:TrackPointExtension>
            <gpxtpx:hr>174</gpxtpx:hr>
          </gpxtpx:TrackPointExtension>
        </extensions>
      </trkpt>
      <trkpt lat="31.4730131332928" lon="120.25395565951874">
        <ele>7.067406561225653</ele>
        <time>2025-01-10T14:39:24Z</time>
        <extensions>
          <gpxtpx:TrackPointExtension>
            <gpxtpx:hr>174</gpxtpx:hr>
          </gpxtpx:TrackPointExtension>
        </extensions>
      </trkpt>
      <trkpt lat="31.472995641323127" lon="120.2539379819178">
        <ele>7.033238835632801</ele>
        <time>2025-01-10T14:39:25Z</time>
        <extensions>
          <gpxtpx:TrackPointExtension>
            <gpxtpx:hr>174</gpxtpx:hr>
          </gpxtpx:TrackPointExtension>
        </extensions>
      </trkpt>
      <trkpt lat="31.472978866558147" lon="120.25392090699663">
        <ele>6.986647761426866</ele>
        <time>2025-01-10T14:39:26Z</time>
        <extensions>
          <gpxtpx:TrackPointExtension>
            <gpxtpx:hr>174</gpxtpx:hr>
          </gpxtpx:TrackPointExtension>
        </extensions>
      </trkpt>
      <trkpt lat="31.47296110765759" lon="120.25390463631713">
        <ele>6.927869122475386</ele>
        <time>2025-01-10T14:39:27Z</time>
        <extensions>
          <gpxtpx:TrackPointExtension>
            <gpxtpx:hr>172</gpxtpx:hr>
          </gpxtpx:TrackPointExtension>
        </extensions>
      </trkpt>
      <trkpt lat="31.47294185000017" lon="120.25388907514407">
        <ele>6.891461240127683</ele>
        <time>2025-01-10T14:39:28Z</time>
        <extensions>
          <gpxtpx:TrackPointExtension>
            <gpxtpx:hr>172</gpxtpx:hr>
          </gpxtpx:TrackPointExtension>
        </extensions>
      </trkpt>
      <trkpt lat="31.472923020695944" lon="120.25387449051144">
        <ele>6.857246456667781</ele>
        <time>2025-01-10T14:39:29Z</time>
        <extensions>
          <gpxtpx:TrackPointExtension>
            <gpxtpx:hr>172</gpxtpx:hr>
          </gpxtpx:TrackPointExtension>
        </extensions>
      </trkpt>
      <trkpt lat="31.472903963040423" lon="120.25386234997208">
        <ele>6.81540438439697</ele>
        <time>2025-01-10T14:39:30Z</time>
        <extensions>
          <gpxtpx:TrackPointExtension>
            <gpxtpx:hr>172</gpxtpx:hr>
          </gpxtpx:TrackPointExtension>
        </extensions>
      </trkpt>
      <trkpt lat="31.47288400162064" lon="120.25385311946">
        <ele>6.780543145723641</ele>
        <time>2025-01-10T14:39:31Z</time>
        <extensions>
          <gpxtpx:TrackPointExtension>
            <gpxtpx:hr>172</gpxtpx:hr>
          </gpxtpx:TrackPointExtension>
        </extensions>
      </trkpt>
      <trkpt lat="31.47286329856359" lon="120.25384469728786">
        <ele>6.753393805585802</ele>
        <time>2025-01-10T14:39:32Z</time>
        <extensions>
          <gpxtpx:TrackPointExtension>
            <gpxtpx:hr>172</gpxtpx:hr>
          </gpxtpx:TrackPointExtension>
        </extensions>
      </trkpt>
      <trkpt lat="31.472841508185013" lon="120.25383621726901">
        <ele>6.720402871258557</ele>
        <time>2025-01-10T14:39:33Z</time>
        <extensions>
          <gpxtpx:TrackPointExtension>
            <gpxtpx:hr>171</gpxtpx:hr>
          </gpxtpx:TrackPointExtension>
        </extensions>
      </trkpt>
      <trkpt lat="31.472818662954165" lon="120.25382876779008">
        <ele>6.687232765369117</ele>
        <time>2025-01-10T14:39:34Z</time>
        <extensions>
          <gpxtpx:TrackPointExtension>
            <gpxtpx:hr>171</gpxtpx:hr>
          </gpxtpx:TrackPointExtension>
        </extensions>
      </trkpt>
      <trkpt lat="31.47279616753431" lon="120.25382315273073">
        <ele>6.66934825386852</ele>
        <time>2025-01-10T14:39:35Z</time>
        <extensions>
          <gpxtpx:TrackPointExtension>
            <gpxtpx:hr>171</gpxtpx:hr>
          </gpxtpx:TrackPointExtension>
        </extensions>
      </trkpt>
      <trkpt lat="31.472774140586477" lon="120.2538202065541">
        <ele>6.6468635173514485</ele>
        <time>2025-01-10T14:39:36Z</time>
        <extensions>
          <gpxtpx:TrackPointExtension>
            <gpxtpx:hr>171</gpxtpx:hr>
          </gpxtpx:TrackPointExtension>
        </extensions>
      </trkpt>
      <trkpt lat="31.47275108396707" lon="120.25382128570764">
        <ele>6.623856354504824</ele>
        <time>2025-01-10T14:39:37Z</time>
        <extensions>
          <gpxtpx:TrackPointExtension>
            <gpxtpx:hr>171</gpxtpx:hr>
          </gpxtpx:TrackPointExtension>
        </extensions>
      </trkpt>
      <trkpt lat="31.472728251466787" lon="120.25382338477587">
        <ele>6.613309228792787</ele>
        <time>2025-01-10T14:39:38Z</time>
        <extensions>
          <gpxtpx:TrackPointExtension>
            <gpxtpx:hr>171</gpxtpx:hr>
          </gpxtpx:TrackPointExtension>
        </extensions>
      </trkpt>
      <trkpt lat="31.472707135747758" lon="120.25382222876397">
        <ele>6.6057599587365985</ele>
        <time>2025-01-10T14:39:39Z</time>
        <extensions>
          <gpxtpx:TrackPointExtension>
            <gpxtpx:hr>172</gpxtpx:hr>
          </gpxtpx:TrackPointExtension>
        </extensions>
      </trkpt>
      <trkpt lat="31.472686011293924" lon="120.25381961991623">
        <ele>6.586838057264686</ele>
        <time>2025-01-10T14:39:40Z</time>
        <extensions>
          <gpxtpx:TrackPointExtension>
            <gpxtpx:hr>172</gpxtpx:hr>
          </gpxtpx:TrackPointExtension>
        </extensions>
      </trkpt>
      <trkpt lat="31.47266390181533" lon="120.25381773040085">
        <ele>6.5725672990083694</ele>
        <time>2025-01-10T14:39:41Z</time>
        <extensions>
          <gpxtpx:TrackPointExtension>
            <gpxtpx:hr>172</gpxtpx:hr>
          </gpxtpx:TrackPointExtension>
        </extensions>
      </trkpt>
      <trkpt lat="31.47264259747489" lon="120.25381437916691">
        <ele>6.556577081792057</ele>
        <time>2025-01-10T14:39:42Z</time>
        <extensions>
          <gpxtpx:TrackPointExtension>
            <gpxtpx:hr>172</gpxtpx:hr>
          </gpxtpx:TrackPointExtension>
        </extensions>
      </trkpt>
      <trkpt lat="31.47262247678199" lon="120.25380889934405">
        <ele>6.532260625623167</ele>
        <time>2025-01-10T14:39:43Z</time>
        <extensions>
          <gpxtpx:TrackPointExtension>
            <gpxtpx:hr>172</gpxtpx:hr>
          </gpxtpx:TrackPointExtension>
        </extensions>
      </trkpt>
      <trkpt lat="31.472602009083868" lon="120.25380491719808">
        <ele>6.512956676073372</ele>
        <time>2025-01-10T14:39:44Z</time>
        <extensions>
          <gpxtpx:TrackPointExtension>
            <gpxtpx:hr>172</gpxtpx:hr>
          </gpxtpx:TrackPointExtension>
        </extensions>
      </trkpt>
      <trkpt lat="31.47258052693181" lon="120.25380249915884">
        <ele>6.476367375813425</ele>
        <time>2025-01-10T14:39:45Z</time>
        <extensions>
          <gpxtpx:TrackPointExtension>
            <gpxtpx:hr>172</gpxtpx:hr>
          </gpxtpx:TrackPointExtension>
        </extensions>
      </trkpt>
      <trkpt lat="31.472559267797433" lon="120.25379809014943">
        <ele>6.430180874653161</ele>
        <time>2025-01-10T14:39:46Z</time>
        <extensions>
          <gpxtpx:TrackPointExtension>
            <gpxtpx:hr>172</gpxtpx:hr>
          </gpxtpx:TrackPointExtension>
        </extensions>
      </trkpt>
      <trkpt lat="31.47253866929519" lon="120.25379302837806">
        <ele>6.391889117658138</ele>
        <time>2025-01-10T14:39:47Z</time>
        <extensions>
          <gpxtpx:TrackPointExtension>
            <gpxtpx:hr>172</gpxtpx:hr>
          </gpxtpx:TrackPointExtension>
        </extensions>
      </trkpt>
      <trkpt lat="31.47251807929716" lon="120.25379026616093">
        <ele>6.3353808000683784</ele>
        <time>2025-01-10T14:39:48Z</time>
        <extensions>
          <gpxtpx:TrackPointExtension>
            <gpxtpx:hr>172</gpxtpx:hr>
          </gpxtpx:TrackPointExtension>
        </extensions>
      </trkpt>
      <trkpt lat="31.4724986561083" lon="120.25378755333519">
        <ele>6.257754321210086</ele>
        <time>2025-01-10T14:39:49Z</time>
        <extensions>
          <gpxtpx:TrackPointExtension>
            <gpxtpx:hr>170</gpxtpx:hr>
          </gpxtpx:TrackPointExtension>
        </extensions>
      </trkpt>
      <trkpt lat="31.472480750353142" lon="120.2537831162674">
        <ele>6.183020086959004</ele>
        <time>2025-01-10T14:39:50Z</time>
        <extensions>
          <gpxtpx:TrackPointExtension>
            <gpxtpx:hr>170</gpxtpx:hr>
          </gpxtpx:TrackPointExtension>
        </extensions>
      </trkpt>
      <trkpt lat="31.47246089556869" lon="120.25377858938633">
        <ele>6.099611074663699</ele>
        <time>2025-01-10T14:39:51Z</time>
        <extensions>
          <gpxtpx:TrackPointExtension>
            <gpxtpx:hr>170</gpxtpx:hr>
          </gpxtpx:TrackPointExtension>
        </extensions>
      </trkpt>
      <trkpt lat="31.472438488185404" lon="120.2537732667959">
        <ele>6.021626834757626</ele>
        <time>2025-01-10T14:39:52Z</time>
        <extensions>
          <gpxtpx:TrackPointExtension>
            <gpxtpx:hr>170</gpxtpx:hr>
          </gpxtpx:TrackPointExtension>
        </extensions>
      </trkpt>
      <trkpt lat="31.472417676988908" lon="120.25376545349756">
        <ele>5.943949867039919</ele>
        <time>2025-01-10T14:39:53Z</time>
        <extensions>
          <gpxtpx:TrackPointExtension>
            <gpxtpx:hr>170</gpxtpx:hr>
          </gpxtpx:TrackPointExtension>
        </extensions>
      </trkpt>
      <trkpt lat="31.472399091771972" lon="120.25375606967474">
        <ele>5.861441743560135</ele>
        <time>2025-01-10T14:39:54Z</time>
        <extensions>
          <gpxtpx:TrackPointExtension>
            <gpxtpx:hr>170</gpxtpx:hr>
          </gpxtpx:TrackPointExtension>
        </extensions>
      </trkpt>
      <trkpt lat="31.472380183269077" lon="120.25374853202526">
        <ele>5.776148818433285</ele>
        <time>2025-01-10T14:39:55Z</time>
        <extensions>
          <gpxtpx:TrackPointExtension>
            <gpxtpx:hr>170</gpxtpx:hr>
          </gpxtpx:TrackPointExtension>
        </extensions>
      </trkpt>
      <trkpt lat="31.47235992440978" lon="120.25374297344695">
        <ele>5.700664798729122</ele>
        <time>2025-01-10T14:39:56Z</time>
        <extensions>
          <gpxtpx:TrackPointExtension>
            <gpxtpx:hr>170</gpxtpx:hr>
          </gpxtpx:TrackPointExtension>
        </extensions>
      </trkpt>
      <trkpt lat="31.47233877762891" lon="120.25373748182176">
        <ele>5.631963709369302</ele>
        <time>2025-01-10T14:39:57Z</time>
        <extensions>
          <gpxtpx:TrackPointExtension>
            <gpxtpx:hr>170</gpxtpx:hr>
          </gpxtpx:TrackPointExtension>
        </extensions>
      </trkpt>
      <trkpt lat="31.47231664600085" lon="120.25373280197934">
        <ele>5.5552957113832235</ele>
        <time>2025-01-10T14:39:58Z</time>
        <extensions>
          <gpxtpx:TrackPointExtension>
            <gpxtpx:hr>170</gpxtpx:hr>
          </gpxtpx:TrackPointExtension>
        </extensions>
      </trkpt>
      <trkpt lat="31.472293581785294" lon="120.25372760409078">
        <ele>5.495920365676284</ele>
        <time>2025-01-10T14:39:59Z</time>
        <extensions>
          <gpxtpx:TrackPointExtension>
            <gpxtpx:hr>170</gpxtpx:hr>
          </gpxtpx:TrackPointExtension>
        </extensions>
      </trkpt>
      <trkpt lat="31.472270155919276" lon="120.25372050944289">
        <ele>5.428366203792393</ele>
        <time>2025-01-10T14:40:00Z</time>
        <extensions>
          <gpxtpx:TrackPointExtension>
            <gpxtpx:hr>170</gpxtpx:hr>
          </gpxtpx:TrackPointExtension>
        </extensions>
      </trkpt>
      <trkpt lat="31.47224553457094" lon="120.25371328482073">
        <ele>5.3748876033350825</ele>
        <time>2025-01-10T14:40:01Z</time>
        <extensions>
          <gpxtpx:TrackPointExtension>
            <gpxtpx:hr>170</gpxtpx:hr>
          </gpxtpx:TrackPointExtension>
        </extensions>
      </trkpt>
      <trkpt lat="31.472219734723755" lon="120.2537079561936">
        <ele>5.32747108861804</ele>
        <time>2025-01-10T14:40:02Z</time>
        <extensions>
          <gpxtpx:TrackPointExtension>
            <gpxtpx:hr>170</gpxtpx:hr>
          </gpxtpx:TrackPointExtension>
        </extensions>
      </trkpt>
      <trkpt lat="31.472194644032548" lon="120.25370428350293">
        <ele>5.278511280193925</ele>
        <time>2025-01-10T14:40:03Z</time>
        <extensions>
          <gpxtpx:TrackPointExtension>
            <gpxtpx:hr>170</gpxtpx:hr>
          </gpxtpx:TrackPointExtension>
        </extensions>
      </trkpt>
      <trkpt lat="31.472170555571953" lon="120.25370227054717">
        <ele>5.229420887306333</ele>
        <time>2025-01-10T14:40:04Z</time>
        <extensions>
          <gpxtpx:TrackPointExtension>
            <gpxtpx:hr>170</gpxtpx:hr>
          </gpxtpx:TrackPointExtension>
        </extensions>
      </trkpt>
      <trkpt lat="31.4721463570279" lon="120.25370228018427">
        <ele>5.195347649045289</ele>
        <time>2025-01-10T14:40:05Z</time>
        <extensions>
          <gpxtpx:TrackPointExtension>
            <gpxtpx:hr>170</gpxtpx:hr>
          </gpxtpx:TrackPointExtension>
        </extensions>
      </trkpt>
      <trkpt lat="31.472122027712956" lon="120.25370220314093">
        <ele>5.1637616427615285</ele>
        <time>2025-01-10T14:40:06Z</time>
        <extensions>
          <gpxtpx:TrackPointExtension>
            <gpxtpx:hr>170</gpxtpx:hr>
          </gpxtpx:TrackPointExtension>
        </extensions>
      </trkpt>
      <trkpt lat="31.472097361217116" lon="120.25370232540162">
        <ele>5.1384032890200615</ele>
        <time>2025-01-10T14:40:07Z</time>
        <extensions>
          <gpxtpx:TrackPointExtension>
            <gpxtpx:hr>170</gpxtpx:hr>
          </gpxtpx:TrackPointExtension>
        </extensions>
      </trkpt>
      <trkpt lat="31.472071152443476" lon="120.25370414781088">
        <ele>5.128682182170451</ele>
        <time>2025-01-10T14:40:08Z</time>
        <extensions>
          <gpxtpx:TrackPointExtension>
            <gpxtpx:hr>172</gpxtpx:hr>
          </gpxtpx:TrackPointExtension>
        </extensions>
      </trkpt>
      <trkpt lat="31.472044032721985" lon="120.25370610745335">
        <ele>5.140486045740545</ele>
        <time>2025-01-10T14:40:09Z</time>
        <extensions>
          <gpxtpx:TrackPointExtension>
            <gpxtpx:hr>172</gpxtpx:hr>
          </gpxtpx:TrackPointExtension>
        </extensions>
      </trkpt>
      <trkpt lat="31.47201838989991" lon="120.25370666397941">
        <ele>5.176785285584629</ele>
        <time>2025-01-10T14:40:10Z</time>
        <extensions>
          <gpxtpx:TrackPointExtension>
            <gpxtpx:hr>172</gpxtpx:hr>
          </gpxtpx:TrackPointExtension>
        </extensions>
      </trkpt>
      <trkpt lat="31.471993970735273" lon="120.25370698274607">
        <ele>5.216622855514288</ele>
        <time>2025-01-10T14:40:11Z</time>
        <extensions>
          <gpxtpx:TrackPointExtension>
            <gpxtpx:hr>172</gpxtpx:hr>
          </gpxtpx:TrackPointExtension>
        </extensions>
      </trkpt>
      <trkpt lat="31.47196997565945" lon="120.25370904539804">
        <ele>5.259745430201292</ele>
        <time>2025-01-10T14:40:12Z</time>
        <extensions>
          <gpxtpx:TrackPointExtension>
            <gpxtpx:hr>172</gpxtpx:hr>
          </gpxtpx:TrackPointExtension>
        </extensions>
      </trkpt>
      <trkpt lat="31.47194779776805" lon="120.2537136690871">
        <ele>5.323180647566915</ele>
        <time>2025-01-10T14:40:13Z</time>
        <extensions>
          <gpxtpx:TrackPointExtension>
            <gpxtpx:hr>172</gpxtpx:hr>
          </gpxtpx:TrackPointExtension>
        </extensions>
      </trkpt>
      <trkpt lat="31.471927306579595" lon="120.25372227653189">
        <ele>5.403203873895109</ele>
        <time>2025-01-10T14:40:14Z</time>
        <extensions>
          <gpxtpx:TrackPointExtension>
            <gpxtpx:hr>173</gpxtpx:hr>
          </gpxtpx:TrackPointExtension>
        </extensions>
      </trkpt>
      <trkpt lat="31.471907777256394" lon="120.25373508707571">
        <ele>5.4914654744789</ele>
        <time>2025-01-10T14:40:15Z</time>
        <extensions>
          <gpxtpx:TrackPointExtension>
            <gpxtpx:hr>173</gpxtpx:hr>
          </gpxtpx:TrackPointExtension>
        </extensions>
      </trkpt>
      <trkpt lat="31.471889201426116" lon="120.25374864340084">
        <ele>5.592914852313697</ele>
        <time>2025-01-10T14:40:16Z</time>
        <extensions>
          <gpxtpx:TrackPointExtension>
            <gpxtpx:hr>173</gpxtpx:hr>
          </gpxtpx:TrackPointExtension>
        </extensions>
      </trkpt>
      <trkpt lat="31.47187081460113" lon="120.25376203845883">
        <ele>5.7022893549874425</ele>
        <time>2025-01-10T14:40:17Z</time>
        <extensions>
          <gpxtpx:TrackPointExtension>
            <gpxtpx:hr>173</gpxtpx:hr>
          </gpxtpx:TrackPointExtension>
        </extensions>
      </trkpt>
      <trkpt lat="31.47185218022031" lon="120.25377778550967">
        <ele>5.818045812658966</ele>
        <time>2025-01-10T14:40:18Z</time>
        <extensions>
          <gpxtpx:TrackPointExtension>
            <gpxtpx:hr>173</gpxtpx:hr>
          </gpxtpx:TrackPointExtension>
        </extensions>
      </trkpt>
      <trkpt lat="31.47183338044275" lon="120.25379526719594">
        <ele>5.9521908815950155</ele>
        <time>2025-01-10T14:40:19Z</time>
        <extensions>
          <gpxtpx:TrackPointExtension>
            <gpxtpx:hr>171</gpxtpx:hr>
          </gpxtpx:TrackPointExtension>
        </extensions>
      </trkpt>
      <trkpt lat="31.471815485569458" lon="120.25381345839482">
        <ele>6.073035581037402</ele>
        <time>2025-01-10T14:40:20Z</time>
        <extensions>
          <gpxtpx:TrackPointExtension>
            <gpxtpx:hr>171</gpxtpx:hr>
          </gpxtpx:TrackPointExtension>
        </extensions>
      </trkpt>
      <trkpt lat="31.471799774134862" lon="120.25383286377334">
        <ele>6.1947204023599625</ele>
        <time>2025-01-10T14:40:21Z</time>
        <extensions>
          <gpxtpx:TrackPointExtension>
            <gpxtpx:hr>171</gpxtpx:hr>
          </gpxtpx:TrackPointExtension>
        </extensions>
      </trkpt>
      <trkpt lat="31.471785223489153" lon="120.25385251437541">
        <ele>6.306603957898915</ele>
        <time>2025-01-10T14:40:22Z</time>
        <extensions>
          <gpxtpx:TrackPointExtension>
            <gpxtpx:hr>171</gpxtpx:hr>
          </gpxtpx:TrackPointExtension>
        </extensions>
      </trkpt>
      <trkpt lat="31.47177009152402" lon="120.25387226924443">
        <ele>6.414119405671954</ele>
        <time>2025-01-10T14:40:23Z</time>
        <extensions>
          <gpxtpx:TrackPointExtension>
            <gpxtpx:hr>171</gpxtpx:hr>
          </gpxtpx:TrackPointExtension>
        </extensions>
      </trkpt>
      <trkpt lat="31.47175388730514" lon="120.25389433694288">
        <ele>6.514248892664909</ele>
        <time>2025-01-10T14:40:24Z</time>
        <extensions>
          <gpxtpx:TrackPointExtension>
            <gpxtpx:hr>171</gpxtpx:hr>
          </gpxtpx:TrackPointExtension>
        </extensions>
      </trkpt>
      <trkpt lat="31.47173688782706" lon="120.25391766230454">
        <ele>6.605320408008993</ele>
        <time>2025-01-10T14:40:25Z</time>
        <extensions>
          <gpxtpx:TrackPointExtension>
            <gpxtpx:hr>172</gpxtpx:hr>
          </gpxtpx:TrackPointExtension>
        </extensions>
      </trkpt>
      <trkpt lat="31.471720785681363" lon="120.25394065056963">
        <ele>6.695811953395605</ele>
        <time>2025-01-10T14:40:26Z</time>
        <extensions>
          <gpxtpx:TrackPointExtension>
            <gpxtpx:hr>172</gpxtpx:hr>
          </gpxtpx:TrackPointExtension>
        </extensions>
      </trkpt>
      <trkpt lat="31.471708730699664" lon="120.2539655703977">
        <ele>6.780241350643337</ele>
        <time>2025-01-10T14:40:27Z</time>
        <extensions>
          <gpxtpx:TrackPointExtension>
            <gpxtpx:hr>172</gpxtpx:hr>
          </gpxtpx:TrackPointExtension>
        </extensions>
      </trkpt>
      <trkpt lat="31.47170128210532" lon="120.25399228475375">
        <ele>6.859740347601473</ele>
        <time>2025-01-10T14:40:28Z</time>
        <extensions>
          <gpxtpx:TrackPointExtension>
            <gpxtpx:hr>172</gpxtpx:hr>
          </gpxtpx:TrackPointExtension>
        </extensions>
      </trkpt>
      <trkpt lat="31.47169527386163" lon="120.25401789851112">
        <ele>6.9336104188114405</ele>
        <time>2025-01-10T14:40:29Z</time>
        <extensions>
          <gpxtpx:TrackPointExtension>
            <gpxtpx:hr>172</gpxtpx:hr>
          </gpxtpx:TrackPointExtension>
        </extensions>
      </trkpt>
      <trkpt lat="31.471689689216685" lon="120.25404220586144">
        <ele>6.988066636957228</ele>
        <time>2025-01-10T14:40:30Z</time>
        <extensions>
          <gpxtpx:TrackPointExtension>
            <gpxtpx:hr>172</gpxtpx:hr>
          </gpxtpx:TrackPointExtension>
        </extensions>
      </trkpt>
      <trkpt lat="31.47168663391774" lon="120.25406874434364">
        <ele>7.032046362757683</ele>
        <time>2025-01-10T14:40:31Z</time>
        <extensions>
          <gpxtpx:TrackPointExtension>
            <gpxtpx:hr>172</gpxtpx:hr>
          </gpxtpx:TrackPointExtension>
        </extensions>
      </trkpt>
      <trkpt lat="31.47168586573299" lon="120.25409756002932">
        <ele>7.078258971683681</ele>
        <time>2025-01-10T14:40:32Z</time>
        <extensions>
          <gpxtpx:TrackPointExtension>
            <gpxtpx:hr>172</gpxtpx:hr>
          </gpxtpx:TrackPointExtension>
        </extensions>
      </trkpt>
      <trkpt lat="31.471685274266317" lon="120.25412596459947">
        <ele>7.110604735091329</ele>
        <time>2025-01-10T14:40:33Z</time>
        <extensions>
          <gpxtpx:TrackPointExtension>
            <gpxtpx:hr>172</gpxtpx:hr>
          </gpxtpx:TrackPointExtension>
        </extensions>
      </trkpt>
      <trkpt lat="31.471686301412383" lon="120.25415304075533">
        <ele>7.142474979162216</ele>
        <time>2025-01-10T14:40:34Z</time>
        <extensions>
          <gpxtpx:TrackPointExtension>
            <gpxtpx:hr>173</gpxtpx:hr>
          </gpxtpx:TrackPointExtension>
        </extensions>
      </trkpt>
      <trkpt lat="31.471691514517445" lon="120.25417841071905">
        <ele>7.141233860515058</ele>
        <time>2025-01-10T14:40:35Z</time>
        <extensions>
          <gpxtpx:TrackPointExtension>
            <gpxtpx:hr>173</gpxtpx:hr>
          </gpxtpx:TrackPointExtension>
        </extensions>
      </trkpt>
      <trkpt lat="31.4716981311362" lon="120.25420236283597">
        <ele>7.132659929804504</ele>
        <time>2025-01-10T14:40:36Z</time>
        <extensions>
          <gpxtpx:TrackPointExtension>
            <gpxtpx:hr>173</gpxtpx:hr>
          </gpxtpx:TrackPointExtension>
        </extensions>
      </trkpt>
      <trkpt lat="31.47170369501738" lon="120.25422575524709">
        <ele>7.122989379800856</ele>
        <time>2025-01-10T14:40:37Z</time>
        <extensions>
          <gpxtpx:TrackPointExtension>
            <gpxtpx:hr>173</gpxtpx:hr>
          </gpxtpx:TrackPointExtension>
        </extensions>
      </trkpt>
      <trkpt lat="31.47170985811177" lon="120.25424894399983">
        <ele>7.1014430010691285</ele>
        <time>2025-01-10T14:40:38Z</time>
        <extensions>
          <gpxtpx:TrackPointExtension>
            <gpxtpx:hr>173</gpxtpx:hr>
          </gpxtpx:TrackPointExtension>
        </extensions>
      </trkpt>
      <trkpt lat="31.47171729877813" lon="120.25427244716954">
        <ele>7.075162665918469</ele>
        <time>2025-01-10T14:40:39Z</time>
        <extensions>
          <gpxtpx:TrackPointExtension>
            <gpxtpx:hr>174</gpxtpx:hr>
          </gpxtpx:TrackPointExtension>
        </extensions>
      </trkpt>
      <trkpt lat="31.47172617462763" lon="120.25429686812343">
        <ele>7.0370290679857135</ele>
        <time>2025-01-10T14:40:40Z</time>
        <extensions>
          <gpxtpx:TrackPointExtension>
            <gpxtpx:hr>174</gpxtpx:hr>
          </gpxtpx:TrackPointExtension>
        </extensions>
      </trkpt>
      <trkpt lat="31.471738435277906" lon="120.254321513315">
        <ele>7.001729228533804</ele>
        <time>2025-01-10T14:40:41Z</time>
        <extensions>
          <gpxtpx:TrackPointExtension>
            <gpxtpx:hr>174</gpxtpx:hr>
          </gpxtpx:TrackPointExtension>
        </extensions>
      </trkpt>
      <trkpt lat="31.47175336563297" lon="120.25434526110013">
        <ele>6.9676255555823445</ele>
        <time>2025-01-10T14:40:42Z</time>
        <extensions>
          <gpxtpx:TrackPointExtension>
            <gpxtpx:hr>174</gpxtpx:hr>
          </gpxtpx:TrackPointExtension>
        </extensions>
      </trkpt>
      <trkpt lat="31.471767702165952" lon="120.25436785528916">
        <ele>6.935004967264831</ele>
        <time>2025-01-10T14:40:43Z</time>
        <extensions>
          <gpxtpx:TrackPointExtension>
            <gpxtpx:hr>174</gpxtpx:hr>
          </gpxtpx:TrackPointExtension>
        </extensions>
      </trkpt>
      <trkpt lat="31.47178197941395" lon="120.25438861153718">
        <ele>6.895704500377178</ele>
        <time>2025-01-10T14:40:44Z</time>
        <extensions>
          <gpxtpx:TrackPointExtension>
            <gpxtpx:hr>174</gpxtpx:hr>
          </gpxtpx:TrackPointExtension>
        </extensions>
      </trkpt>
      <trkpt lat="31.471799734729714" lon="120.25440749809542">
        <ele>6.851435614749789</ele>
        <time>2025-01-10T14:40:45Z</time>
        <extensions>
          <gpxtpx:TrackPointExtension>
            <gpxtpx:hr>174</gpxtpx:hr>
          </gpxtpx:TrackPointExtension>
        </extensions>
      </trkpt>
      <trkpt lat="31.471820139494497" lon="120.25442753542855">
        <ele>6.80753237940371</ele>
        <time>2025-01-10T14:40:46Z</time>
        <extensions>
          <gpxtpx:TrackPointExtension>
            <gpxtpx:hr>175</gpxtpx:hr>
          </gpxtpx:TrackPointExtension>
        </extensions>
      </trkpt>
      <trkpt lat="31.471840563508607" lon="120.25444738482857">
        <ele>6.761508211493492</ele>
        <time>2025-01-10T14:40:47Z</time>
        <extensions>
          <gpxtpx:TrackPointExtension>
            <gpxtpx:hr>175</gpxtpx:hr>
          </gpxtpx:TrackPointExtension>
        </extensions>
      </trkpt>
      <trkpt lat="31.471861603019303" lon="120.25446364625314">
        <ele>6.7229991890490055</ele>
        <time>2025-01-10T14:40:48Z</time>
        <extensions>
          <gpxtpx:TrackPointExtension>
            <gpxtpx:hr>175</gpxtpx:hr>
          </gpxtpx:TrackPointExtension>
        </extensions>
      </trkpt>
      <trkpt lat="31.471883314604813" lon="120.25447725231014">
        <ele>6.690488718450069</ele>
        <time>2025-01-10T14:40:49Z</time>
        <extensions>
          <gpxtpx:TrackPointExtension>
            <gpxtpx:hr>175</gpxtpx:hr>
          </gpxtpx:TrackPointExtension>
        </extensions>
      </trkpt>
      <trkpt lat="31.471905387522852" lon="120.25448838211653">
        <ele>6.642220907844603</ele>
        <time>2025-01-10T14:40:50Z</time>
        <extensions>
          <gpxtpx:TrackPointExtension>
            <gpxtpx:hr>175</gpxtpx:hr>
          </gpxtpx:TrackPointExtension>
        </extensions>
      </trkpt>
      <trkpt lat="31.471929118031145" lon="120.2544966273947">
        <ele>6.60870080627501</ele>
        <time>2025-01-10T14:40:51Z</time>
        <extensions>
          <gpxtpx:TrackPointExtension>
            <gpxtpx:hr>175</gpxtpx:hr>
          </gpxtpx:TrackPointExtension>
        </extensions>
      </trkpt>
      <trkpt lat="31.471954102541723" lon="120.25450299707038">
        <ele>6.5907617304474115</ele>
        <time>2025-01-10T14:40:52Z</time>
        <extensions>
          <gpxtpx:TrackPointExtension>
            <gpxtpx:hr>175</gpxtpx:hr>
          </gpxtpx:TrackPointExtension>
        </extensions>
      </trkpt>
      <trkpt lat="31.47197839991" lon="120.25450960287326">
        <ele>6.562203288078308</ele>
        <time>2025-01-10T14:40:53Z</time>
        <extensions>
          <gpxtpx:TrackPointExtension>
            <gpxtpx:hr>175</gpxtpx:hr>
          </gpxtpx:TrackPointExtension>
        </extensions>
      </trkpt>
      <trkpt lat="31.472000994791923" lon="120.25451767654067">
        <ele>6.5382099859416485</ele>
        <time>2025-01-10T14:40:54Z</time>
        <extensions>
          <gpxtpx:TrackPointExtension>
            <gpxtpx:hr>175</gpxtpx:hr>
          </gpxtpx:TrackPointExtension>
        </extensions>
      </trkpt>
      <trkpt lat="31.47202338743711" lon="120.25452664649454">
        <ele>6.537844385951757</ele>
        <time>2025-01-10T14:40:55Z</time>
        <extensions>
          <gpxtpx:TrackPointExtension>
            <gpxtpx:hr>175</gpxtpx:hr>
          </gpxtpx:TrackPointExtension>
        </extensions>
      </trkpt>
      <trkpt lat="31.47204679141481" lon="120.25453531043894">
        <ele>6.520216826349497</ele>
        <time>2025-01-10T14:40:56Z</time>
        <extensions>
          <gpxtpx:TrackPointExtension>
            <gpxtpx:hr>175</gpxtpx:hr>
          </gpxtpx:TrackPointExtension>
        </extensions>
      </trkpt>
      <trkpt lat="31.472071754736167" lon="120.25454130684331">
        <ele>6.499007530510426</ele>
        <time>2025-01-10T14:40:57Z</time>
        <extensions>
          <gpxtpx:TrackPointExtension>
            <gpxtpx:hr>175</gpxtpx:hr>
          </gpxtpx:TrackPointExtension>
        </extensions>
      </trkpt>
      <trkpt lat="31.472098383457332" lon="120.25454349551349">
        <ele>6.491121700964868</ele>
        <time>2025-01-10T14:40:58Z</time>
        <extensions>
          <gpxtpx:TrackPointExtension>
            <gpxtpx:hr>175</gpxtpx:hr>
          </gpxtpx:TrackPointExtension>
        </extensions>
      </trkpt>
      <trkpt lat="31.47212488194742" lon="120.25454548108704">
        <ele>6.48730225302279</ele>
        <time>2025-01-10T14:40:59Z</time>
        <extensions>
          <gpxtpx:TrackPointExtension>
            <gpxtpx:hr>175</gpxtpx:hr>
          </gpxtpx:TrackPointExtension>
        </extensions>
      </trkpt>
      <trkpt lat="31.472149613843527" lon="120.25454975547969">
        <ele>6.4787371046841145</ele>
        <time>2025-01-10T14:41:00Z</time>
        <extensions>
          <gpxtpx:TrackPointExtension>
            <gpxtpx:hr>175</gpxtpx:hr>
          </gpxtpx:TrackPointExtension>
        </extensions>
      </trkpt>
      <trkpt lat="31.472173379567373" lon="120.25455511482294">
        <ele>6.473568296991289</ele>
        <time>2025-01-10T14:41:01Z</time>
        <extensions>
          <gpxtpx:TrackPointExtension>
            <gpxtpx:hr>175</gpxtpx:hr>
          </gpxtpx:TrackPointExtension>
        </extensions>
      </trkpt>
      <trkpt lat="31.472196861940358" lon="120.25455940409563">
        <ele>6.452145954594016</ele>
        <time>2025-01-10T14:41:02Z</time>
        <extensions>
          <gpxtpx:TrackPointExtension>
            <gpxtpx:hr>175</gpxtpx:hr>
          </gpxtpx:TrackPointExtension>
        </extensions>
      </trkpt>
      <trkpt lat="31.47221926146851" lon="120.25456285750667">
        <ele>6.425672065466642</ele>
        <time>2025-01-10T14:41:03Z</time>
        <extensions>
          <gpxtpx:TrackPointExtension>
            <gpxtpx:hr>175</gpxtpx:hr>
          </gpxtpx:TrackPointExtension>
        </extensions>
      </trkpt>
      <trkpt lat="31.47224101631301" lon="120.25456625878333">
        <ele>6.405274240300059</ele>
        <time>2025-01-10T14:41:04Z</time>
        <extensions>
          <gpxtpx:TrackPointExtension>
            <gpxtpx:hr>175</gpxtpx:hr>
          </gpxtpx:TrackPointExtension>
        </extensions>
      </trkpt>
      <trkpt lat="31.47226234964107" lon="120.25456837337315">
        <ele>6.37949528452009</ele>
        <time>2025-01-10T14:41:05Z</time>
        <extensions>
          <gpxtpx:TrackPointExtension>
            <gpxtpx:hr>175</gpxtpx:hr>
          </gpxtpx:TrackPointExtension>
        </extensions>
      </trkpt>
      <trkpt lat="31.472282837280904" lon="120.25457240114206">
        <ele>6.359066680073738</ele>
        <time>2025-01-10T14:41:06Z</time>
        <extensions>
          <gpxtpx:TrackPointExtension>
            <gpxtpx:hr>175</gpxtpx:hr>
          </gpxtpx:TrackPointExtension>
        </extensions>
      </trkpt>
      <trkpt lat="31.472303164437687" lon="120.25457880736967">
        <ele>6.334570314735174</ele>
        <time>2025-01-10T14:41:07Z</time>
        <extensions>
          <gpxtpx:TrackPointExtension>
            <gpxtpx:hr>175</gpxtpx:hr>
          </gpxtpx:TrackPointExtension>
        </extensions>
      </trkpt>
      <trkpt lat="31.47232440215225" lon="120.254583048594">
        <ele>6.3069428047165275</ele>
        <time>2025-01-10T14:41:08Z</time>
        <extensions>
          <gpxtpx:TrackPointExtension>
            <gpxtpx:hr>175</gpxtpx:hr>
          </gpxtpx:TrackPointExtension>
        </extensions>
      </trkpt>
      <trkpt lat="31.472345931213596" lon="120.25458595372592">
        <ele>6.291967520490289</ele>
        <time>2025-01-10T14:41:09Z</time>
        <extensions>
          <gpxtpx:TrackPointExtension>
            <gpxtpx:hr>175</gpxtpx:hr>
          </gpxtpx:TrackPointExtension>
        </extensions>
      </trkpt>
      <trkpt lat="31.47236679027935" lon="120.25458850643366">
        <ele>6.27109872829169</ele>
        <time>2025-01-10T14:41:10Z</time>
        <extensions>
          <gpxtpx:TrackPointExtension>
            <gpxtpx:hr>175</gpxtpx:hr>
          </gpxtpx:TrackPointExtension>
        </extensions>
      </trkpt>
      <trkpt lat="31.47238787219169" lon="120.25458909491898">
        <ele>6.2517849542200565</ele>
        <time>2025-01-10T14:41:11Z</time>
        <extensions>
          <gpxtpx:TrackPointExtension>
            <gpxtpx:hr>175</gpxtpx:hr>
          </gpxtpx:TrackPointExtension>
        </extensions>
      </trkpt>
      <trkpt lat="31.472409609559136" lon="120.25459082358822">
        <ele>6.239376591518521</ele>
        <time>2025-01-10T14:41:12Z</time>
        <extensions>
          <gpxtpx:TrackPointExtension>
            <gpxtpx:hr>173</gpxtpx:hr>
          </gpxtpx:TrackPointExtension>
        </extensions>
      </trkpt>
      <trkpt lat="31.472429382049867" lon="120.25459627399454">
        <ele>6.217345643788576</ele>
        <time>2025-01-10T14:41:13Z</time>
        <extensions>
          <gpxtpx:TrackPointExtension>
            <gpxtpx:hr>173</gpxtpx:hr>
          </gpxtpx:TrackPointExtension>
        </extensions>
      </trkpt>
      <trkpt lat="31.47244770985621" lon="120.25460166073796">
        <ele>6.1979036489501595</ele>
        <time>2025-01-10T14:41:14Z</time>
        <extensions>
          <gpxtpx:TrackPointExtension>
            <gpxtpx:hr>173</gpxtpx:hr>
          </gpxtpx:TrackPointExtension>
        </extensions>
      </trkpt>
      <trkpt lat="31.47246660134085" lon="120.2546038236649">
        <ele>6.177648772485554</ele>
        <time>2025-01-10T14:41:15Z</time>
        <extensions>
          <gpxtpx:TrackPointExtension>
            <gpxtpx:hr>173</gpxtpx:hr>
          </gpxtpx:TrackPointExtension>
        </extensions>
      </trkpt>
      <trkpt lat="31.47248560752929" lon="120.25460496481354">
        <ele>6.1679372591897845</ele>
        <time>2025-01-10T14:41:16Z</time>
        <extensions>
          <gpxtpx:TrackPointExtension>
            <gpxtpx:hr>173</gpxtpx:hr>
          </gpxtpx:TrackPointExtension>
        </extensions>
      </trkpt>
      <trkpt lat="31.472505454315097" lon="120.2546068680336">
        <ele>6.154549668543041</ele>
        <time>2025-01-10T14:41:17Z</time>
        <extensions>
          <gpxtpx:TrackPointExtension>
            <gpxtpx:hr>167</gpxtpx:hr>
          </gpxtpx:TrackPointExtension>
        </extensions>
      </trkpt>
      <trkpt lat="31.47252764790634" lon="120.25460940080676">
        <ele>6.145700694061816</ele>
        <time>2025-01-10T14:41:18Z</time>
        <extensions>
          <gpxtpx:TrackPointExtension>
            <gpxtpx:hr>167</gpxtpx:hr>
          </gpxtpx:TrackPointExtension>
        </extensions>
      </trkpt>
      <trkpt lat="31.472551098633858" lon="120.25461349973983">
        <ele>6.151079149916768</ele>
        <time>2025-01-10T14:41:19Z</time>
        <extensions>
          <gpxtpx:TrackPointExtension>
            <gpxtpx:hr>167</gpxtpx:hr>
          </gpxtpx:TrackPointExtension>
        </extensions>
      </trkpt>
      <trkpt lat="31.472573605903815" lon="120.25461987274217">
        <ele>6.112784972414374</ele>
        <time>2025-01-10T14:41:20Z</time>
        <extensions>
          <gpxtpx:TrackPointExtension>
            <gpxtpx:hr>167</gpxtpx:hr>
          </gpxtpx:TrackPointExtension>
        </extensions>
      </trkpt>
      <trkpt lat="31.47259577036717" lon="120.25462686859026">
        <ele>6.0993100088089705</ele>
        <time>2025-01-10T14:41:21Z</time>
        <extensions>
          <gpxtpx:TrackPointExtension>
            <gpxtpx:hr>167</gpxtpx:hr>
          </gpxtpx:TrackPointExtension>
        </extensions>
      </trkpt>
      <trkpt lat="31.472618457702175" lon="120.25463247327731">
        <ele>6.098045480437577</ele>
        <time>2025-01-10T14:41:22Z</time>
        <extensions>
          <gpxtpx:TrackPointExtension>
            <gpxtpx:hr>167</gpxtpx:hr>
          </gpxtpx:TrackPointExtension>
        </extensions>
      </trkpt>
      <trkpt lat="31.4726409095904" lon="120.25463670330609">
        <ele>6.084342775866389</ele>
        <time>2025-01-10T14:41:23Z</time>
        <extensions>
          <gpxtpx:TrackPointExtension>
            <gpxtpx:hr>167</gpxtpx:hr>
          </gpxtpx:TrackPointExtension>
        </extensions>
      </trkpt>
      <trkpt lat="31.47266384132947" lon="120.25463992235366">
        <ele>6.079054025001824</ele>
        <time>2025-01-10T14:41:24Z</time>
        <extensions>
          <gpxtpx:TrackPointExtension>
            <gpxtpx:hr>167</gpxtpx:hr>
          </gpxtpx:TrackPointExtension>
        </extensions>
      </trkpt>
      <trkpt lat="31.47268945165078" lon="120.25464197078482">
        <ele>6.059421152807772</ele>
        <time>2025-01-10T14:41:25Z</time>
        <extensions>
          <gpxtpx:TrackPointExtension>
            <gpxtpx:hr>167</gpxtpx:hr>
          </gpxtpx:TrackPointExtension>
        </extensions>
      </trkpt>
      <trkpt lat="31.472716374353524" lon="120.25464484636338">
        <ele>6.037519904784858</ele>
        <time>2025-01-10T14:41:26Z</time>
        <extensions>
          <gpxtpx:TrackPointExtension>
            <gpxtpx:hr>167</gpxtpx:hr>
          </gpxtpx:TrackPointExtension>
        </extensions>
      </trkpt>
      <trkpt lat="31.472741648827586" lon="120.25464734191664">
        <ele>6.032984760589898</ele>
        <time>2025-01-10T14:41:27Z</time>
        <extensions>
          <gpxtpx:TrackPointExtension>
            <gpxtpx:hr>167</gpxtpx:hr>
          </gpxtpx:TrackPointExtension>
        </extensions>
      </trkpt>
      <trkpt lat="31.472767591439368" lon="120.25464687572887">
        <ele>6.014909205958247</ele>
        <time>2025-01-10T14:41:28Z</time>
        <extensions>
          <gpxtpx:TrackPointExtension>
            <gpxtpx:hr>167</gpxtpx:hr>
          </gpxtpx:TrackPointExtension>
        </extensions>
      </trkpt>
      <trkpt lat="31.472795026878497" lon="120.25464532260865">
        <ele>6.012022787705064</ele>
        <time>2025-01-10T14:41:29Z</time>
        <extensions>
          <gpxtpx:TrackPointExtension>
            <gpxtpx:hr>170</gpxtpx:hr>
          </gpxtpx:TrackPointExtension>
        </extensions>
      </trkpt>
      <trkpt lat="31.472820448448328" lon="120.25464502941784">
        <ele>6.031298014335334</ele>
        <time>2025-01-10T14:41:30Z</time>
        <extensions>
          <gpxtpx:TrackPointExtension>
            <gpxtpx:hr>170</gpxtpx:hr>
          </gpxtpx:TrackPointExtension>
        </extensions>
      </trkpt>
      <trkpt lat="31.472844249038648" lon="120.25464460333933">
        <ele>6.037565378472209</ele>
        <time>2025-01-10T14:41:31Z</time>
        <extensions>
          <gpxtpx:TrackPointExtension>
            <gpxtpx:hr>170</gpxtpx:hr>
          </gpxtpx:TrackPointExtension>
        </extensions>
      </trkpt>
      <trkpt lat="31.472867238347405" lon="120.25463930391076">
        <ele>6.024131058715284</ele>
        <time>2025-01-10T14:41:32Z</time>
        <extensions>
          <gpxtpx:TrackPointExtension>
            <gpxtpx:hr>170</gpxtpx:hr>
          </gpxtpx:TrackPointExtension>
        </extensions>
      </trkpt>
      <trkpt lat="31.47288883125256" lon="120.25462907913438">
        <ele>6.036167128011584</ele>
        <time>2025-01-10T14:41:33Z</time>
        <extensions>
          <gpxtpx:TrackPointExtension>
            <gpxtpx:hr>170</gpxtpx:hr>
          </gpxtpx:TrackPointExtension>
        </extensions>
      </trkpt>
      <trkpt lat="31.47291047783038" lon="120.25461551129159">
        <ele>6.07662867102772</ele>
        <time>2025-01-10T14:41:34Z</time>
        <extensions>
          <gpxtpx:TrackPointExtension>
            <gpxtpx:hr>170</gpxtpx:hr>
          </gpxtpx:TrackPointExtension>
        </extensions>
      </trkpt>
      <trkpt lat="31.472932281923267" lon="120.25459824928836">
        <ele>6.122145598754287</ele>
        <time>2025-01-10T14:41:35Z</time>
        <extensions>
          <gpxtpx:TrackPointExtension>
            <gpxtpx:hr>170</gpxtpx:hr>
          </gpxtpx:TrackPointExtension>
        </extensions>
      </trkpt>
      <trkpt lat="31.472952746373366" lon="120.25457956258896">
        <ele>6.174006852321327</ele>
        <time>2025-01-10T14:41:36Z</time>
        <extensions>
          <gpxtpx:TrackPointExtension>
            <gpxtpx:hr>170</gpxtpx:hr>
          </gpxtpx:TrackPointExtension>
        </extensions>
      </trkpt>
      <trkpt lat="31.47297157407165" lon="120.25456045245755">
        <ele>6.228335312567651</ele>
        <time>2025-01-10T14:41:37Z</time>
        <extensions>
          <gpxtpx:TrackPointExtension>
            <gpxtpx:hr>170</gpxtpx:hr>
          </gpxtpx:TrackPointExtension>
        </extensions>
      </trkpt>
      <trkpt lat="31.472989429346132" lon="120.25453974585369">
        <ele>6.280575848184526</ele>
        <time>2025-01-10T14:41:38Z</time>
        <extensions>
          <gpxtpx:TrackPointExtension>
            <gpxtpx:hr>171</gpxtpx:hr>
          </gpxtpx:TrackPointExtension>
        </extensions>
      </trkpt>
      <trkpt lat="31.473005790944054" lon="120.2545189878545">
        <ele>6.342711842618883</ele>
        <time>2025-01-10T14:41:39Z</time>
        <extensions>
          <gpxtpx:TrackPointExtension>
            <gpxtpx:hr>171</gpxtpx:hr>
          </gpxtpx:TrackPointExtension>
        </extensions>
      </trkpt>
      <trkpt lat="31.473019928272393" lon="120.25449778830472">
        <ele>6.407479177229106</ele>
        <time>2025-01-10T14:41:40Z</time>
        <extensions>
          <gpxtpx:TrackPointExtension>
            <gpxtpx:hr>171</gpxtpx:hr>
          </gpxtpx:TrackPointExtension>
        </extensions>
      </trkpt>
      <trkpt lat="31.473032695042843" lon="120.25447321539468">
        <ele>6.459823731333017</ele>
        <time>2025-01-10T14:41:41Z</time>
        <extensions>
          <gpxtpx:TrackPointExtension>
            <gpxtpx:hr>171</gpxtpx:hr>
          </gpxtpx:TrackPointExtension>
        </extensions>
      </trkpt>
      <trkpt lat="31.473045522161733" lon="120.25444632536806">
        <ele>6.526534169912338</ele>
        <time>2025-01-10T14:41:42Z</time>
        <extensions>
          <gpxtpx:TrackPointExtension>
            <gpxtpx:hr>171</gpxtpx:hr>
          </gpxtpx:TrackPointExtension>
        </extensions>
      </trkpt>
      <trkpt lat="31.47305805118185" lon="120.25442011184519">
        <ele>6.592185911722481</ele>
        <time>2025-01-10T14:41:43Z</time>
        <extensions>
          <gpxtpx:TrackPointExtension>
            <gpxtpx:hr>171</gpxtpx:hr>
          </gpxtpx:TrackPointExtension>
        </extensions>
      </trkpt>
      <trkpt lat="31.47306943419365" lon="120.25439513162533">
        <ele>6.647972268983722</ele>
        <time>2025-01-10T14:41:44Z</time>
        <extensions>
          <gpxtpx:TrackPointExtension>
            <gpxtpx:hr>171</gpxtpx:hr>
          </gpxtpx:TrackPointExtension>
        </extensions>
      </trkpt>
      <trkpt lat="31.473078833999892" lon="120.25436950475958">
        <ele>6.687874583527446</ele>
        <time>2025-01-10T14:41:45Z</time>
        <extensions>
          <gpxtpx:TrackPointExtension>
            <gpxtpx:hr>171</gpxtpx:hr>
          </gpxtpx:TrackPointExtension>
        </extensions>
      </trkpt>
      <trkpt lat="31.473086343789113" lon="120.25434321755753">
        <ele>6.713077679276466</ele>
        <time>2025-01-10T14:41:46Z</time>
        <extensions>
          <gpxtpx:TrackPointExtension>
            <gpxtpx:hr>171</gpxtpx:hr>
          </gpxtpx:TrackPointExtension>
        </extensions>
      </trkpt>
      <trkpt lat="31.473093421803938" lon="120.25431712140018">
        <ele>6.734597852453589</ele>
        <time>2025-01-10T14:41:47Z</time>
        <extensions>
          <gpxtpx:TrackPointExtension>
            <gpxtpx:hr>171</gpxtpx:hr>
          </gpxtpx:TrackPointExtension>
        </extensions>
      </trkpt>
      <trkpt lat="31.473099774314193" lon="120.25428867049101">
        <ele>6.7462617894634604</ele>
        <time>2025-01-10T14:41:48Z</time>
        <extensions>
          <gpxtpx:TrackPointExtension>
            <gpxtpx:hr>170</gpxtpx:hr>
          </gpxtpx:TrackPointExtension>
        </extensions>
      </trkpt>
      <trkpt lat="31.473104413285775" lon="120.25425697313189">
        <ele>6.756877495907247</ele>
        <time>2025-01-10T14:41:49Z</time>
        <extensions>
          <gpxtpx:TrackPointExtension>
            <gpxtpx:hr>170</gpxtpx:hr>
          </gpxtpx:TrackPointExtension>
        </extensions>
      </trkpt>
      <trkpt lat="31.473106133189948" lon="120.25422449634262">
        <ele>6.7376881297677755</ele>
        <time>2025-01-10T14:41:50Z</time>
        <extensions>
          <gpxtpx:TrackPointExtension>
            <gpxtpx:hr>170</gpxtpx:hr>
          </gpxtpx:TrackPointExtension>
        </extensions>
      </trkpt>
      <trkpt lat="31.47310434630615" lon="120.25419156380094">
        <ele>6.717947113327682</ele>
        <time>2025-01-10T14:41:51Z</time>
        <extensions>
          <gpxtpx:TrackPointExtension>
            <gpxtpx:hr>170</gpxtpx:hr>
          </gpxtpx:TrackPointExtension>
        </extensions>
      </trkpt>
      <trkpt lat="31.473101696374627" lon="120.25415955808555">
        <ele>6.698665793053806</ele>
        <time>2025-01-10T14:41:52Z</time>
        <extensions>
          <gpxtpx:TrackPointExtension>
            <gpxtpx:hr>171</gpxtpx:hr>
          </gpxtpx:TrackPointExtension>
        </extensions>
      </trkpt>
      <trkpt lat="31.473099590319425" lon="120.25413060725104">
        <ele>6.665798362344503</ele>
        <time>2025-01-10T14:41:53Z</time>
        <extensions>
          <gpxtpx:TrackPointExtension>
            <gpxtpx:hr>171</gpxtpx:hr>
          </gpxtpx:TrackPointExtension>
        </extensions>
      </trkpt>
      <trkpt lat="31.47309490751259" lon="120.2541036023106">
        <ele>6.6368712885305285</ele>
        <time>2025-01-10T14:41:54Z</time>
        <extensions>
          <gpxtpx:TrackPointExtension>
            <gpxtpx:hr>171</gpxtpx:hr>
          </gpxtpx:TrackPointExtension>
        </extensions>
      </trkpt>
      <trkpt lat="31.473085843162714" lon="120.25407706293112">
        <ele>6.596310035325587</ele>
        <time>2025-01-10T14:41:55Z</time>
        <extensions>
          <gpxtpx:TrackPointExtension>
            <gpxtpx:hr>171</gpxtpx:hr>
          </gpxtpx:TrackPointExtension>
        </extensions>
      </trkpt>
      <trkpt lat="31.473074770639503" lon="120.25405067184269">
        <ele>6.560894231311977</ele>
        <time>2025-01-10T14:41:56Z</time>
        <extensions>
          <gpxtpx:TrackPointExtension>
            <gpxtpx:hr>171</gpxtpx:hr>
          </gpxtpx:TrackPointExtension>
        </extensions>
      </trkpt>
      <trkpt lat="31.473062739370167" lon="120.25402486572733">
        <ele>6.54274283722043</ele>
        <time>2025-01-10T14:41:57Z</time>
        <extensions>
          <gpxtpx:TrackPointExtension>
            <gpxtpx:hr>171</gpxtpx:hr>
          </gpxtpx:TrackPointExtension>
        </extensions>
      </trkpt>
      <trkpt lat="31.473048534580773" lon="120.25399988107876">
        <ele>6.516472175717354</ele>
        <time>2025-01-10T14:41:58Z</time>
        <extensions>
          <gpxtpx:TrackPointExtension>
            <gpxtpx:hr>171</gpxtpx:hr>
          </gpxtpx:TrackPointExtension>
        </extensions>
      </trkpt>
      <trkpt lat="31.47303313797057" lon="120.25397540293376">
        <ele>6.500539251603186</ele>
        <time>2025-01-10T14:41:59Z</time>
        <extensions>
          <gpxtpx:TrackPointExtension>
            <gpxtpx:hr>171</gpxtpx:hr>
          </gpxtpx:TrackPointExtension>
        </extensions>
      </trkpt>
      <trkpt lat="31.47301540530028" lon="120.2539544942288">
        <ele>6.477817999199033</ele>
        <time>2025-01-10T14:42:00Z</time>
        <extensions>
          <gpxtpx:TrackPointExtension>
            <gpxtpx:hr>171</gpxtpx:hr>
          </gpxtpx:TrackPointExtension>
        </extensions>
      </trkpt>
      <trkpt lat="31.472993921113847" lon="120.2539378222059">
        <ele>6.446184447966516</ele>
        <time>2025-01-10T14:42:01Z</time>
        <extensions>
          <gpxtpx:TrackPointExtension>
            <gpxtpx:hr>171</gpxtpx:hr>
          </gpxtpx:TrackPointExtension>
        </extensions>
      </trkpt>
      <trkpt lat="31.47297166739887" lon="120.2539209619742">
        <ele>6.410813929513097</ele>
        <time>2025-01-10T14:42:02Z</time>
        <extensions>
          <gpxtpx:TrackPointExtension>
            <gpxtpx:hr>172</gpxtpx:hr>
          </gpxtpx:TrackPointExtension>
        </extensions>
      </trkpt>
      <trkpt lat="31.472950911885402" lon="120.25390251603702">
        <ele>6.3728941502049565</ele>
        <time>2025-01-10T14:42:03Z</time>
        <extensions>
          <gpxtpx:TrackPointExtension>
            <gpxtpx:hr>172</gpxtpx:hr>
          </gpxtpx:TrackPointExtension>
        </extensions>
      </trkpt>
      <trkpt lat="31.47293006833698" lon="120.25388269459484">
        <ele>6.3356854766607285</ele>
        <time>2025-01-10T14:42:04Z</time>
        <extensions>
          <gpxtpx:TrackPointExtension>
            <gpxtpx:hr>172</gpxtpx:hr>
          </gpxtpx:TrackPointExtension>
        </extensions>
      </trkpt>
      <trkpt lat="31.47290806942406" lon="120.25386404476018">
        <ele>6.30135353282094</ele>
        <time>2025-01-10T14:42:05Z</time>
        <extensions>
          <gpxtpx:TrackPointExtension>
            <gpxtpx:hr>172</gpxtpx:hr>
          </gpxtpx:TrackPointExtension>
        </extensions>
      </trkpt>
      <trkpt lat="31.472885875908982" lon="120.25384996645191">
        <ele>6.257340622134507</ele>
        <time>2025-01-10T14:42:06Z</time>
        <extensions>
          <gpxtpx:TrackPointExtension>
            <gpxtpx:hr>172</gpxtpx:hr>
          </gpxtpx:TrackPointExtension>
        </extensions>
      </trkpt>
      <trkpt lat="31.472862324922225" lon="120.2538388537605">
        <ele>6.216435507871211</ele>
        <time>2025-01-10T14:42:07Z</time>
        <extensions>
          <gpxtpx:TrackPointExtension>
            <gpxtpx:hr>172</gpxtpx:hr>
          </gpxtpx:TrackPointExtension>
        </extensions>
      </trkpt>
      <trkpt lat="31.47283590974736" lon="120.25382911305086">
        <ele>6.1583158345893025</ele>
        <time>2025-01-10T14:42:08Z</time>
        <extensions>
          <gpxtpx:TrackPointExtension>
            <gpxtpx:hr>173</gpxtpx:hr>
          </gpxtpx:TrackPointExtension>
        </extensions>
      </trkpt>
      <trkpt lat="31.472808583804838" lon="120.2538208385318">
        <ele>6.102075583301485</ele>
        <time>2025-01-10T14:42:09Z</time>
        <extensions>
          <gpxtpx:TrackPointExtension>
            <gpxtpx:hr>173</gpxtpx:hr>
          </gpxtpx:TrackPointExtension>
        </extensions>
      </trkpt>
      <trkpt lat="31.472782482583206" lon="120.25381480192124">
        <ele>6.042705920524895</ele>
        <time>2025-01-10T14:42:10Z</time>
        <extensions>
          <gpxtpx:TrackPointExtension>
            <gpxtpx:hr>173</gpxtpx:hr>
          </gpxtpx:TrackPointExtension>
        </extensions>
      </trkpt>
      <trkpt lat="31.472757245576936" lon="120.2538116243752">
        <ele>5.973798486404121</ele>
        <time>2025-01-10T14:42:11Z</time>
        <extensions>
          <gpxtpx:TrackPointExtension>
            <gpxtpx:hr>173</gpxtpx:hr>
          </gpxtpx:TrackPointExtension>
        </extensions>
      </trkpt>
      <trkpt lat="31.47273398847964" lon="120.25380930651943">
        <ele>5.909095924347639</ele>
        <time>2025-01-10T14:42:12Z</time>
        <extensions>
          <gpxtpx:TrackPointExtension>
            <gpxtpx:hr>173</gpxtpx:hr>
          </gpxtpx:TrackPointExtension>
        </extensions>
      </trkpt>
      <trkpt lat="31.47271264975083" lon="120.25380639569933">
        <ele>5.8360532550141215</ele>
        <time>2025-01-10T14:42:13Z</time>
        <extensions>
          <gpxtpx:TrackPointExtension>
            <gpxtpx:hr>173</gpxtpx:hr>
          </gpxtpx:TrackPointExtension>
        </extensions>
      </trkpt>
      <trkpt lat="31.472690890405364" lon="120.25380314007569">
        <ele>5.7633076114580035</ele>
        <time>2025-01-10T14:42:14Z</time>
        <extensions>
          <gpxtpx:TrackPointExtension>
            <gpxtpx:hr>173</gpxtpx:hr>
          </gpxtpx:TrackPointExtension>
        </extensions>
      </trkpt>
      <trkpt lat="31.472668557900665" lon="120.2537996981716">
        <ele>5.680339451879263</ele>
        <time>2025-01-10T14:42:15Z</time>
        <extensions>
          <gpxtpx:TrackPointExtension>
            <gpxtpx:hr>173</gpxtpx:hr>
          </gpxtpx:TrackPointExtension>
        </extensions>
      </trkpt>
      <trkpt lat="31.47264708666066" lon="120.25379540217952">
        <ele>5.60364805534482</ele>
        <time>2025-01-10T14:42:16Z</time>
        <extensions>
          <gpxtpx:TrackPointExtension>
            <gpxtpx:hr>173</gpxtpx:hr>
          </gpxtpx:TrackPointExtension>
        </extensions>
      </trkpt>
      <trkpt lat="31.472626557812635" lon="120.25378959645131">
        <ele>5.5493517043069005</ele>
        <time>2025-01-10T14:42:17Z</time>
        <extensions>
          <gpxtpx:TrackPointExtension>
            <gpxtpx:hr>173</gpxtpx:hr>
          </gpxtpx:TrackPointExtension>
        </extensions>
      </trkpt>
      <trkpt lat="31.472606204918478" lon="120.25378394457427">
        <ele>5.494659079238772</ele>
        <time>2025-01-10T14:42:18Z</time>
        <extensions>
          <gpxtpx:TrackPointExtension>
            <gpxtpx:hr>173</gpxtpx:hr>
          </gpxtpx:TrackPointExtension>
        </extensions>
      </trkpt>
      <trkpt lat="31.472586033211368" lon="120.25377985277036">
        <ele>5.452656390145421</ele>
        <time>2025-01-10T14:42:19Z</time>
        <extensions>
          <gpxtpx:TrackPointExtension>
            <gpxtpx:hr>173</gpxtpx:hr>
          </gpxtpx:TrackPointExtension>
        </extensions>
      </trkpt>
      <trkpt lat="31.472565395234962" lon="120.25377731950447">
        <ele>5.4230815805494785</ele>
        <time>2025-01-10T14:42:20Z</time>
        <extensions>
          <gpxtpx:TrackPointExtension>
            <gpxtpx:hr>173</gpxtpx:hr>
          </gpxtpx:TrackPointExtension>
        </extensions>
      </trkpt>
      <trkpt lat="31.472541639590517" lon="120.25377535798603">
        <ele>5.402276887558401</ele>
        <time>2025-01-10T14:42:21Z</time>
        <extensions>
          <gpxtpx:TrackPointExtension>
            <gpxtpx:hr>171</gpxtpx:hr>
          </gpxtpx:TrackPointExtension>
        </extensions>
      </trkpt>
      <trkpt lat="31.472516030604694" lon="120.25377092214063">
        <ele>5.378073883242905</ele>
        <time>2025-01-10T14:42:22Z</time>
        <extensions>
          <gpxtpx:TrackPointExtension>
            <gpxtpx:hr>171</gpxtpx:hr>
          </gpxtpx:TrackPointExtension>
        </extensions>
      </trkpt>
      <trkpt lat="31.472493177758786" lon="120.25376401034323">
        <ele>5.371325717307627</ele>
        <time>2025-01-10T14:42:23Z</time>
        <extensions>
          <gpxtpx:TrackPointExtension>
            <gpxtpx:hr>171</gpxtpx:hr>
          </gpxtpx:TrackPointExtension>
        </extensions>
      </trkpt>
      <trkpt lat="31.47247260228374" lon="120.25375655499954">
        <ele>5.387954589910805</ele>
        <time>2025-01-10T14:42:24Z</time>
        <extensions>
          <gpxtpx:TrackPointExtension>
            <gpxtpx:hr>171</gpxtpx:hr>
          </gpxtpx:TrackPointExtension>
        </extensions>
      </trkpt>
      <trkpt lat="31.472451625807587" lon="120.25375018598392">
        <ele>5.415645954199135</ele>
        <time>2025-01-10T14:42:25Z</time>
        <extensions>
          <gpxtpx:TrackPointExtension>
            <gpxtpx:hr>171</gpxtpx:hr>
          </gpxtpx:TrackPointExtension>
        </extensions>
      </trkpt>
      <trkpt lat="31.472430211849325" lon="120.25374580064806">
        <ele>5.449991771951318</ele>
        <time>2025-01-10T14:42:26Z</time>
        <extensions>
          <gpxtpx:TrackPointExtension>
            <gpxtpx:hr>168</gpxtpx:hr>
          </gpxtpx:TrackPointExtension>
        </extensions>
      </trkpt>
      <trkpt lat="31.472406790909027" lon="120.25374300055883">
        <ele>5.494264792650938</ele>
        <time>2025-01-10T14:42:27Z</time>
        <extensions>
          <gpxtpx:TrackPointExtension>
            <gpxtpx:hr>168</gpxtpx:hr>
          </gpxtpx:TrackPointExtension>
        </extensions>
      </trkpt>
      <trkpt lat="31.472381213173662" lon="120.25374085954805">
        <ele>5.5392064256593585</ele>
        <time>2025-01-10T14:42:28Z</time>
        <extensions>
          <gpxtpx:TrackPointExtension>
            <gpxtpx:hr>168</gpxtpx:hr>
          </gpxtpx:TrackPointExtension>
        </extensions>
      </trkpt>
      <trkpt lat="31.472357259897993" lon="120.253738057054">
        <ele>5.568987143225968</ele>
        <time>2025-01-10T14:42:29Z</time>
        <extensions>
          <gpxtpx:TrackPointExtension>
            <gpxtpx:hr>168</gpxtpx:hr>
          </gpxtpx:TrackPointExtension>
        </extensions>
      </trkpt>
      <trkpt lat="31.472335342561372" lon="120.25373449774399">
        <ele>5.600010126829147</ele>
        <time>2025-01-10T14:42:30Z</time>
        <extensions>
          <gpxtpx:TrackPointExtension>
            <gpxtpx:hr>168</gpxtpx:hr>
          </gpxtpx:TrackPointExtension>
        </extensions>
      </trkpt>
      <trkpt lat="31.47231205612139" lon="120.25373091978945">
        <ele>5.617657498456538</ele>
        <time>2025-01-10T14:42:31Z</time>
        <extensions>
          <gpxtpx:TrackPointExtension>
            <gpxtpx:hr>168</gpxtpx:hr>
          </gpxtpx:TrackPointExtension>
        </extensions>
      </trkpt>
      <trkpt lat="31.47228688904799" lon="120.25372624602048">
        <ele>5.626014645211399</ele>
        <time>2025-01-10T14:42:32Z</time>
        <extensions>
          <gpxtpx:TrackPointExtension>
            <gpxtpx:hr>168</gpxtpx:hr>
          </gpxtpx:TrackPointExtension>
        </extensions>
      </trkpt>
      <trkpt lat="31.472261401652343" lon="120.25371983766377">
        <ele>5.642545176669955</ele>
        <time>2025-01-10T14:42:33Z</time>
        <extensions>
          <gpxtpx:TrackPointExtension>
            <gpxtpx:hr>174</gpxtpx:hr>
          </gpxtpx:TrackPointExtension>
        </extensions>
      </trkpt>
      <trkpt lat="31.472236245320556" lon="120.25371439276695">
        <ele>5.657295245677233</ele>
        <time>2025-01-10T14:42:34Z</time>
        <extensions>
          <gpxtpx:TrackPointExtension>
            <gpxtpx:hr>174</gpxtpx:hr>
          </gpxtpx:TrackPointExtension>
        </extensions>
      </trkpt>
      <trkpt lat="31.472213495511433" lon="120.25371166798358">
        <ele>5.663577790372074</ele>
        <time>2025-01-10T14:42:35Z</time>
        <extensions>
          <gpxtpx:TrackPointExtension>
            <gpxtpx:hr>174</gpxtpx:hr>
          </gpxtpx:TrackPointExtension>
        </extensions>
      </trkpt>
      <trkpt lat="31.472194143846487" lon="120.25371029445809">
        <ele>5.667972984723747</ele>
        <time>2025-01-10T14:42:36Z</time>
        <extensions>
          <gpxtpx:TrackPointExtension>
            <gpxtpx:hr>174</gpxtpx:hr>
          </gpxtpx:TrackPointExtension>
        </extensions>
      </trkpt>
      <trkpt lat="31.47217499403127" lon="120.25370786407933">
        <ele>5.672798121348023</ele>
        <time>2025-01-10T14:42:37Z</time>
        <extensions>
          <gpxtpx:TrackPointExtension>
            <gpxtpx:hr>174</gpxtpx:hr>
          </gpxtpx:TrackPointExtension>
        </extensions>
      </trkpt>
      <trkpt lat="31.472153613695" lon="120.25370483708673">
        <ele>5.666638656519353</ele>
        <time>2025-01-10T14:42:38Z</time>
        <extensions>
          <gpxtpx:TrackPointExtension>
            <gpxtpx:hr>174</gpxtpx:hr>
          </gpxtpx:TrackPointExtension>
        </extensions>
      </trkpt>
      <trkpt lat="31.472132116420962" lon="120.25370260649453">
        <ele>5.660966489464045</ele>
        <time>2025-01-10T14:42:39Z</time>
        <extensions>
          <gpxtpx:TrackPointExtension>
            <gpxtpx:hr>174</gpxtpx:hr>
          </gpxtpx:TrackPointExtension>
        </extensions>
      </trkpt>
      <trkpt lat="31.472111791184087" lon="120.25370100278109">
        <ele>5.648254900239408</ele>
        <time>2025-01-10T14:42:40Z</time>
        <extensions>
          <gpxtpx:TrackPointExtension>
            <gpxtpx:hr>175</gpxtpx:hr>
          </gpxtpx:TrackPointExtension>
        </extensions>
      </trkpt>
      <trkpt lat="31.47209091701313" lon="120.25370097844277">
        <ele>5.643970732577145</ele>
        <time>2025-01-10T14:42:41Z</time>
        <extensions>
          <gpxtpx:TrackPointExtension>
            <gpxtpx:hr>175</gpxtpx:hr>
          </gpxtpx:TrackPointExtension>
        </extensions>
      </trkpt>
      <trkpt lat="31.472069186585045" lon="120.25370018703926">
        <ele>5.636277940124273</ele>
        <time>2025-01-10T14:42:42Z</time>
        <extensions>
          <gpxtpx:TrackPointExtension>
            <gpxtpx:hr>175</gpxtpx:hr>
          </gpxtpx:TrackPointExtension>
        </extensions>
      </trkpt>
      <trkpt lat="31.472048110373358" lon="120.25369724357115">
        <ele>5.628416174091399</ele>
        <time>2025-01-10T14:42:43Z</time>
        <extensions>
          <gpxtpx:TrackPointExtension>
            <gpxtpx:hr>175</gpxtpx:hr>
          </gpxtpx:TrackPointExtension>
        </extensions>
      </trkpt>
      <trkpt lat="31.47202650804845" lon="120.25369617805309">
        <ele>5.6423712791875005</ele>
        <time>2025-01-10T14:42:44Z</time>
        <extensions>
          <gpxtpx:TrackPointExtension>
            <gpxtpx:hr>174</gpxtpx:hr>
          </gpxtpx:TrackPointExtension>
        </extensions>
      </trkpt>
      <trkpt lat="31.472003506082547" lon="120.25369970779317">
        <ele>5.668905801139772</ele>
        <time>2025-01-10T14:42:45Z</time>
        <extensions>
          <gpxtpx:TrackPointExtension>
            <gpxtpx:hr>174</gpxtpx:hr>
          </gpxtpx:TrackPointExtension>
        </extensions>
      </trkpt>
      <trkpt lat="31.471981192506746" lon="120.25370628254316">
        <ele>5.712594146840274</ele>
        <time>2025-01-10T14:42:46Z</time>
        <extensions>
          <gpxtpx:TrackPointExtension>
            <gpxtpx:hr>174</gpxtpx:hr>
          </gpxtpx:TrackPointExtension>
        </extensions>
      </trkpt>
      <trkpt lat="31.471959984839426" lon="120.25371314691202">
        <ele>5.762475569732487</ele>
        <time>2025-01-10T14:42:47Z</time>
        <extensions>
          <gpxtpx:TrackPointExtension>
            <gpxtpx:hr>174</gpxtpx:hr>
          </gpxtpx:TrackPointExtension>
        </extensions>
      </trkpt>
      <trkpt lat="31.471938916483776" lon="120.25372088526395">
        <ele>5.8156936671584845</ele>
        <time>2025-01-10T14:42:48Z</time>
        <extensions>
          <gpxtpx:TrackPointExtension>
            <gpxtpx:hr>175</gpxtpx:hr>
          </gpxtpx:TrackPointExtension>
        </extensions>
      </trkpt>
      <trkpt lat="31.47191872691528" lon="120.25372958662233">
        <ele>5.8660689033567905</ele>
        <time>2025-01-10T14:42:49Z</time>
        <extensions>
          <gpxtpx:TrackPointExtension>
            <gpxtpx:hr>175</gpxtpx:hr>
          </gpxtpx:TrackPointExtension>
        </extensions>
      </trkpt>
      <trkpt lat="31.47190036576311" lon="120.25373888586503">
        <ele>5.913265313953161</ele>
        <time>2025-01-10T14:42:50Z</time>
        <extensions>
          <gpxtpx:TrackPointExtension>
            <gpxtpx:hr>175</gpxtpx:hr>
          </gpxtpx:TrackPointExtension>
        </extensions>
      </trkpt>
      <trkpt lat="31.471883028344738" lon="120.25374994733733">
        <ele>5.961121114902198</ele>
        <time>2025-01-10T14:42:51Z</time>
        <extensions>
          <gpxtpx:TrackPointExtension>
            <gpxtpx:hr>175</gpxtpx:hr>
          </gpxtpx:TrackPointExtension>
        </extensions>
      </trkpt>
      <trkpt lat="31.471865485062445" lon="120.25376216374185">
        <ele>6.0100947776809335</ele>
        <time>2025-01-10T14:42:52Z</time>
        <extensions>
          <gpxtpx:TrackPointExtension>
            <gpxtpx:hr>175</gpxtpx:hr>
          </gpxtpx:TrackPointExtension>
        </extensions>
      </trkpt>
      <trkpt lat="31.471848352527086" lon="120.25377351300136">
        <ele>6.067049615085125</ele>
        <time>2025-01-10T14:42:53Z</time>
        <extensions>
          <gpxtpx:TrackPointExtension>
            <gpxtpx:hr>175</gpxtpx:hr>
          </gpxtpx:TrackPointExtension>
        </extensions>
      </trkpt>
      <trkpt lat="31.471832095382968" lon="120.25378563364826">
        <ele>6.133562056347728</ele>
        <time>2025-01-10T14:42:54Z</time>
        <extensions>
          <gpxtpx:TrackPointExtension>
            <gpxtpx:hr>171</gpxtpx:hr>
          </gpxtpx:TrackPointExtension>
        </extensions>
      </trkpt>
      <trkpt lat="31.471815800250468" lon="120.25380213935028">
        <ele>6.200965656898916</ele>
        <time>2025-01-10T14:42:55Z</time>
        <extensions>
          <gpxtpx:TrackPointExtension>
            <gpxtpx:hr>171</gpxtpx:hr>
          </gpxtpx:TrackPointExtension>
        </extensions>
      </trkpt>
      <trkpt lat="31.471800212949287" lon="120.25382035901349">
        <ele>6.257048930041492</ele>
        <time>2025-01-10T14:42:56Z</time>
        <extensions>
          <gpxtpx:TrackPointExtension>
            <gpxtpx:hr>171</gpxtpx:hr>
          </gpxtpx:TrackPointExtension>
        </extensions>
      </trkpt>
      <trkpt lat="31.47178646214575" lon="120.25383672486522">
        <ele>6.323625337332487</ele>
        <time>2025-01-10T14:42:57Z</time>
        <extensions>
          <gpxtpx:TrackPointExtension>
            <gpxtpx:hr>171</gpxtpx:hr>
          </gpxtpx:TrackPointExtension>
        </extensions>
      </trkpt>
      <trkpt lat="31.471773118084876" lon="120.2538531003609">
        <ele>6.387293959967792</ele>
        <time>2025-01-10T14:42:58Z</time>
        <extensions>
          <gpxtpx:TrackPointExtension>
            <gpxtpx:hr>169</gpxtpx:hr>
          </gpxtpx:TrackPointExtension>
        </extensions>
      </trkpt>
      <trkpt lat="31.47175953928064" lon="120.2538699854513">
        <ele>6.4346388736739755</ele>
        <time>2025-01-10T14:42:59Z</time>
        <extensions>
          <gpxtpx:TrackPointExtension>
            <gpxtpx:hr>169</gpxtpx:hr>
          </gpxtpx:TrackPointExtension>
        </extensions>
      </trkpt>
      <trkpt lat="31.471746909165176" lon="120.25388724815448">
        <ele>6.465670466423035</ele>
        <time>2025-01-10T14:43:00Z</time>
        <extensions>
          <gpxtpx:TrackPointExtension>
            <gpxtpx:hr>169</gpxtpx:hr>
          </gpxtpx:TrackPointExtension>
        </extensions>
      </trkpt>
      <trkpt lat="31.47173609734186" lon="120.2539049255451">
        <ele>6.481291086412966</ele>
        <time>2025-01-10T14:43:01Z</time>
        <extensions>
          <gpxtpx:TrackPointExtension>
            <gpxtpx:hr>169</gpxtpx:hr>
          </gpxtpx:TrackPointExtension>
        </extensions>
      </trkpt>
      <trkpt lat="31.471726995175114" lon="120.25392328327969">
        <ele>6.494313912466168</ele>
        <time>2025-01-10T14:43:02Z</time>
        <extensions>
          <gpxtpx:TrackPointExtension>
            <gpxtpx:hr>169</gpxtpx:hr>
          </gpxtpx:TrackPointExtension>
        </extensions>
      </trkpt>
      <trkpt lat="31.471718425852597" lon="120.2539442977101">
        <ele>6.498825637623668</ele>
        <time>2025-01-10T14:43:03Z</time>
        <extensions>
          <gpxtpx:TrackPointExtension>
            <gpxtpx:hr>167</gpxtpx:hr>
          </gpxtpx:TrackPointExtension>
        </extensions>
      </trkpt>
      <trkpt lat="31.47170956892863" lon="120.25396621668911">
        <ele>6.497532011009753</ele>
        <time>2025-01-10T14:43:04Z</time>
        <extensions>
          <gpxtpx:TrackPointExtension>
            <gpxtpx:hr>167</gpxtpx:hr>
          </gpxtpx:TrackPointExtension>
        </extensions>
      </trkpt>
      <trkpt lat="31.471700590819598" lon="120.25398697455736">
        <ele>6.486328683793545</ele>
        <time>2025-01-10T14:43:05Z</time>
        <extensions>
          <gpxtpx:TrackPointExtension>
            <gpxtpx:hr>167</gpxtpx:hr>
          </gpxtpx:TrackPointExtension>
        </extensions>
      </trkpt>
      <trkpt lat="31.47169291445626" lon="120.25400819393519">
        <ele>6.461929294280708</ele>
        <time>2025-01-10T14:43:06Z</time>
        <extensions>
          <gpxtpx:TrackPointExtension>
            <gpxtpx:hr>167</gpxtpx:hr>
          </gpxtpx:TrackPointExtension>
        </extensions>
      </trkpt>
      <trkpt lat="31.47168916764515" lon="120.25403053872101">
        <ele>6.433835064060986</ele>
        <time>2025-01-10T14:43:07Z</time>
        <extensions>
          <gpxtpx:TrackPointExtension>
            <gpxtpx:hr>167</gpxtpx:hr>
          </gpxtpx:TrackPointExtension>
        </extensions>
      </trkpt>
      <trkpt lat="31.471688489842794" lon="120.25405226562009">
        <ele>6.4139297138899565</ele>
        <time>2025-01-10T14:43:08Z</time>
        <extensions>
          <gpxtpx:TrackPointExtension>
            <gpxtpx:hr>167</gpxtpx:hr>
          </gpxtpx:TrackPointExtension>
        </extensions>
      </trkpt>
      <trkpt lat="31.471687882320452" lon="120.25407367027488">
        <ele>6.384848417714238</ele>
        <time>2025-01-10T14:43:09Z</time>
        <extensions>
          <gpxtpx:TrackPointExtension>
            <gpxtpx:hr>167</gpxtpx:hr>
          </gpxtpx:TrackPointExtension>
        </extensions>
      </trkpt>
      <trkpt lat="31.471687096139302" lon="120.25409597625634">
        <ele>6.358046974986792</ele>
        <time>2025-01-10T14:43:10Z</time>
        <extensions>
          <gpxtpx:TrackPointExtension>
            <gpxtpx:hr>165</gpxtpx:hr>
          </gpxtpx:TrackPointExtension>
        </extensions>
      </trkpt>
      <trkpt lat="31.47168807972482" lon="120.25411823519946">
        <ele>6.342822076752782</ele>
        <time>2025-01-10T14:43:11Z</time>
        <extensions>
          <gpxtpx:TrackPointExtension>
            <gpxtpx:hr>165</gpxtpx:hr>
          </gpxtpx:TrackPointExtension>
        </extensions>
      </trkpt>
      <trkpt lat="31.47169099804656" lon="120.2541401967571">
        <ele>6.315183101221919</ele>
        <time>2025-01-10T14:43:12Z</time>
        <extensions>
          <gpxtpx:TrackPointExtension>
            <gpxtpx:hr>165</gpxtpx:hr>
          </gpxtpx:TrackPointExtension>
        </extensions>
      </trkpt>
      <trkpt lat="31.47169451240859" lon="120.25416395211306">
        <ele>6.287128337658942</ele>
        <time>2025-01-10T14:43:13Z</time>
        <extensions>
          <gpxtpx:TrackPointExtension>
            <gpxtpx:hr>165</gpxtpx:hr>
          </gpxtpx:TrackPointExtension>
        </extensions>
      </trkpt>
      <trkpt lat="31.471699566364453" lon="120.25418925162865">
        <ele>6.2752066710963845</ele>
        <time>2025-01-10T14:43:14Z</time>
        <extensions>
          <gpxtpx:TrackPointExtension>
            <gpxtpx:hr>165</gpxtpx:hr>
          </gpxtpx:TrackPointExtension>
        </extensions>
      </trkpt>
      <trkpt lat="31.471704687158944" lon="120.254213713941">
        <ele>6.267112202011049</ele>
        <time>2025-01-10T14:43:15Z</time>
        <extensions>
          <gpxtpx:TrackPointExtension>
            <gpxtpx:hr>165</gpxtpx:hr>
          </gpxtpx:TrackPointExtension>
        </extensions>
      </trkpt>
      <trkpt lat="31.471707873773656" lon="120.25423619611853">
        <ele>6.258542156778276</ele>
        <time>2025-01-10T14:43:16Z</time>
        <extensions>
          <gpxtpx:TrackPointExtension>
            <gpxtpx:hr>165</gpxtpx:hr>
          </gpxtpx:TrackPointExtension>
        </extensions>
      </trkpt>
      <trkpt lat="31.471712035510304" lon="120.25425738646305">
        <ele>6.2665029456838965</ele>
        <time>2025-01-10T14:43:17Z</time>
        <extensions>
          <gpxtpx:TrackPointExtension>
            <gpxtpx:hr>165</gpxtpx:hr>
          </gpxtpx:TrackPointExtension>
        </extensions>
      </trkpt>
      <trkpt lat="31.4717192685656" lon="120.25427809292484">
        <ele>6.266776669770479</ele>
        <time>2025-01-10T14:43:18Z</time>
        <extensions>
          <gpxtpx:TrackPointExtension>
            <gpxtpx:hr>165</gpxtpx:hr>
          </gpxtpx:TrackPointExtension>
        </extensions>
      </trkpt>
      <trkpt lat="31.471728144634035" lon="120.25429837474353">
        <ele>6.254215129651129</ele>
        <time>2025-01-10T14:43:19Z</time>
        <extensions>
          <gpxtpx:TrackPointExtension>
            <gpxtpx:hr>165</gpxtpx:hr>
          </gpxtpx:TrackPointExtension>
        </extensions>
      </trkpt>
      <trkpt lat="31.47173743772898" lon="120.25431801657777">
        <ele>6.236930052749813</ele>
        <time>2025-01-10T14:43:20Z</time>
        <extensions>
          <gpxtpx:TrackPointExtension>
            <gpxtpx:hr>165</gpxtpx:hr>
          </gpxtpx:TrackPointExtension>
        </extensions>
      </trkpt>
      <trkpt lat="31.471748603231262" lon="120.25433677565057">
        <ele>6.214497092179954</ele>
        <time>2025-01-10T14:43:21Z</time>
        <extensions>
          <gpxtpx:TrackPointExtension>
            <gpxtpx:hr>165</gpxtpx:hr>
          </gpxtpx:TrackPointExtension>
        </extensions>
      </trkpt>
      <trkpt lat="31.471762922255596" lon="120.25435515157146">
        <ele>6.1833758391439915</ele>
        <time>2025-01-10T14:43:22Z</time>
        <extensions>
          <gpxtpx:TrackPointExtension>
            <gpxtpx:hr>164</gpxtpx:hr>
          </gpxtpx:TrackPointExtension>
        </extensions>
      </trkpt>
      <trkpt lat="31.47177781166296" lon="120.25437314934378">
        <ele>6.1480421191081405</ele>
        <time>2025-01-10T14:43:23Z</time>
        <extensions>
          <gpxtpx:TrackPointExtension>
            <gpxtpx:hr>164</gpxtpx:hr>
          </gpxtpx:TrackPointExtension>
        </extensions>
      </trkpt>
      <trkpt lat="31.471790888234974" lon="120.25438963521461">
        <ele>6.116081020794809</ele>
        <time>2025-01-10T14:43:24Z</time>
        <extensions>
          <gpxtpx:TrackPointExtension>
            <gpxtpx:hr>164</gpxtpx:hr>
          </gpxtpx:TrackPointExtension>
        </extensions>
      </trkpt>
      <trkpt lat="31.471804001029135" lon="120.25440564735615">
        <ele>6.080475720576942</ele>
        <time>2025-01-10T14:43:25Z</time>
        <extensions>
          <gpxtpx:TrackPointExtension>
            <gpxtpx:hr>164</gpxtpx:hr>
          </gpxtpx:TrackPointExtension>
        </extensions>
      </trkpt>
      <trkpt lat="31.47181883850619" lon="120.25442280749606">
        <ele>6.033514806069434</ele>
        <time>2025-01-10T14:43:26Z</time>
        <extensions>
          <gpxtpx:TrackPointExtension>
            <gpxtpx:hr>164</gpxtpx:hr>
          </gpxtpx:TrackPointExtension>
        </extensions>
      </trkpt>
      <trkpt lat="31.471834752406558" lon="120.25444005371752">
        <ele>6.0011507058516145</ele>
        <time>2025-01-10T14:43:27Z</time>
        <extensions>
          <gpxtpx:TrackPointExtension>
            <gpxtpx:hr>162</gpxtpx:hr>
          </gpxtpx:TrackPointExtension>
        </extensions>
      </trkpt>
      <trkpt lat="31.471851508028017" lon="120.2544560648682">
        <ele>5.960967667400837</ele>
        <time>2025-01-10T14:43:28Z</time>
        <extensions>
          <gpxtpx:TrackPointExtension>
            <gpxtpx:hr>162</gpxtpx:hr>
          </gpxtpx:TrackPointExtension>
        </extensions>
      </trkpt>
      <trkpt lat="31.47186958963025" lon="120.25447027259408">
        <ele>5.9265748374164104</ele>
        <time>2025-01-10T14:43:29Z</time>
        <extensions>
          <gpxtpx:TrackPointExtension>
            <gpxtpx:hr>162</gpxtpx:hr>
          </gpxtpx:TrackPointExtension>
        </extensions>
      </trkpt>
      <trkpt lat="31.47188785370133" lon="120.25448260615737">
        <ele>5.906553456559777</ele>
        <time>2025-01-10T14:43:30Z</time>
        <extensions>
          <gpxtpx:TrackPointExtension>
            <gpxtpx:hr>162</gpxtpx:hr>
          </gpxtpx:TrackPointExtension>
        </extensions>
      </trkpt>
      <trkpt lat="31.471906004265485" lon="120.2544933568641">
        <ele>5.867401260882616</ele>
        <time>2025-01-10T14:43:31Z</time>
        <extensions>
          <gpxtpx:TrackPointExtension>
            <gpxtpx:hr>162</gpxtpx:hr>
          </gpxtpx:TrackPointExtension>
        </extensions>
      </trkpt>
      <trkpt lat="31.471926362226803" lon="120.25450264621753">
        <ele>5.844300154596567</ele>
        <time>2025-01-10T14:43:32Z</time>
        <extensions>
          <gpxtpx:TrackPointExtension>
            <gpxtpx:hr>162</gpxtpx:hr>
          </gpxtpx:TrackPointExtension>
        </extensions>
      </trkpt>
      <trkpt lat="31.471949402569937" lon="120.25450946433189">
        <ele>5.8330705519765615</ele>
        <time>2025-01-10T14:43:33Z</time>
        <extensions>
          <gpxtpx:TrackPointExtension>
            <gpxtpx:hr>163</gpxtpx:hr>
          </gpxtpx:TrackPointExtension>
        </extensions>
      </trkpt>
      <trkpt lat="31.471972811800853" lon="120.2545151655766">
        <ele>5.8238056730479</ele>
        <time>2025-01-10T14:43:34Z</time>
        <extensions>
          <gpxtpx:TrackPointExtension>
            <gpxtpx:hr>163</gpxtpx:hr>
          </gpxtpx:TrackPointExtension>
        </extensions>
      </trkpt>
      <trkpt lat="31.471995392262244" lon="120.25452003218768">
        <ele>5.822425352409482</ele>
        <time>2025-01-10T14:43:35Z</time>
        <extensions>
          <gpxtpx:TrackPointExtension>
            <gpxtpx:hr>163</gpxtpx:hr>
          </gpxtpx:TrackPointExtension>
        </extensions>
      </trkpt>
      <trkpt lat="31.472018172108584" lon="120.25452196440818">
        <ele>5.823599824681878</ele>
        <time>2025-01-10T14:43:36Z</time>
        <extensions>
          <gpxtpx:TrackPointExtension>
            <gpxtpx:hr>163</gpxtpx:hr>
          </gpxtpx:TrackPointExtension>
        </extensions>
      </trkpt>
      <trkpt lat="31.47204209019994" lon="120.25452278226213">
        <ele>5.816078453324735</ele>
        <time>2025-01-10T14:43:37Z</time>
        <extensions>
          <gpxtpx:TrackPointExtension>
            <gpxtpx:hr>163</gpxtpx:hr>
          </gpxtpx:TrackPointExtension>
        </extensions>
      </trkpt>
      <trkpt lat="31.47206712570342" lon="120.25452533074011">
        <ele>5.815346533432603</ele>
        <time>2025-01-10T14:43:38Z</time>
        <extensions>
          <gpxtpx:TrackPointExtension>
            <gpxtpx:hr>163</gpxtpx:hr>
          </gpxtpx:TrackPointExtension>
        </extensions>
      </trkpt>
      <trkpt lat="31.47209240498646" lon="120.25453013955331">
        <ele>5.8049769224599</ele>
        <time>2025-01-10T14:43:39Z</time>
        <extensions>
          <gpxtpx:TrackPointExtension>
            <gpxtpx:hr>165</gpxtpx:hr>
          </gpxtpx:TrackPointExtension>
        </extensions>
      </trkpt>
      <trkpt lat="31.472116872277308" lon="120.25453529100051">
        <ele>5.79980559181422</ele>
        <time>2025-01-10T14:43:40Z</time>
        <extensions>
          <gpxtpx:TrackPointExtension>
            <gpxtpx:hr>165</gpxtpx:hr>
          </gpxtpx:TrackPointExtension>
        </extensions>
      </trkpt>
      <trkpt lat="31.47214072431381" lon="120.25453996680629">
        <ele>5.79969039093703</ele>
        <time>2025-01-10T14:43:41Z</time>
        <extensions>
          <gpxtpx:TrackPointExtension>
            <gpxtpx:hr>165</gpxtpx:hr>
          </gpxtpx:TrackPointExtension>
        </extensions>
      </trkpt>
      <trkpt lat="31.472165602468518" lon="120.25454486584276">
        <ele>5.811036885716021</ele>
        <time>2025-01-10T14:43:42Z</time>
        <extensions>
          <gpxtpx:TrackPointExtension>
            <gpxtpx:hr>165</gpxtpx:hr>
          </gpxtpx:TrackPointExtension>
        </extensions>
      </trkpt>
      <trkpt lat="31.47219173102756" lon="120.25454970900626">
        <ele>5.833381550386548</ele>
        <time>2025-01-10T14:43:43Z</time>
        <extensions>
          <gpxtpx:TrackPointExtension>
            <gpxtpx:hr>165</gpxtpx:hr>
          </gpxtpx:TrackPointExtension>
        </extensions>
      </trkpt>
      <trkpt lat="31.472216569635286" lon="120.2545547894177">
        <ele>5.849919440224767</ele>
        <time>2025-01-10T14:43:44Z</time>
        <extensions>
          <gpxtpx:TrackPointExtension>
            <gpxtpx:hr>165</gpxtpx:hr>
          </gpxtpx:TrackPointExtension>
        </extensions>
      </trkpt>
      <trkpt lat="31.472240270143132" lon="120.254560725448">
        <ele>5.86449680197984</ele>
        <time>2025-01-10T14:43:45Z</time>
        <extensions>
          <gpxtpx:TrackPointExtension>
            <gpxtpx:hr>165</gpxtpx:hr>
          </gpxtpx:TrackPointExtension>
        </extensions>
      </trkpt>
      <trkpt lat="31.47226426314771" lon="120.25456681836754">
        <ele>5.890421434305608</ele>
        <time>2025-01-10T14:43:46Z</time>
        <extensions>
          <gpxtpx:TrackPointExtension>
            <gpxtpx:hr>165</gpxtpx:hr>
          </gpxtpx:TrackPointExtension>
        </extensions>
      </trkpt>
      <trkpt lat="31.47228850619949" lon="120.25457241463118">
        <ele>5.93342284206301</ele>
        <time>2025-01-10T14:43:47Z</time>
        <extensions>
          <gpxtpx:TrackPointExtension>
            <gpxtpx:hr>167</gpxtpx:hr>
          </gpxtpx:TrackPointExtension>
        </extensions>
      </trkpt>
      <trkpt lat="31.472313836631024" lon="120.25457741097846">
        <ele>5.969906493090093</ele>
        <time>2025-01-10T14:43:48Z</time>
        <extensions>
          <gpxtpx:TrackPointExtension>
            <gpxtpx:hr>167</gpxtpx:hr>
          </gpxtpx:TrackPointExtension>
        </extensions>
      </trkpt>
      <trkpt lat="31.47234049727261" lon="120.2545814895333">
        <ele>5.995382963679731</ele>
        <time>2025-01-10T14:43:49Z</time>
        <extensions>
          <gpxtpx:TrackPointExtension>
            <gpxtpx:hr>167</gpxtpx:hr>
          </gpxtpx:TrackPointExtension>
        </extensions>
      </trkpt>
      <trkpt lat="31.472366841979145" lon="120.25458471983221">
        <ele>6.024072092026472</ele>
        <time>2025-01-10T14:43:50Z</time>
        <extensions>
          <gpxtpx:TrackPointExtension>
            <gpxtpx:hr>167</gpxtpx:hr>
          </gpxtpx:TrackPointExtension>
        </extensions>
      </trkpt>
      <trkpt lat="31.472391269671416" lon="120.254588731432">
        <ele>6.04463560692966</ele>
        <time>2025-01-10T14:43:51Z</time>
        <extensions>
          <gpxtpx:TrackPointExtension>
            <gpxtpx:hr>167</gpxtpx:hr>
          </gpxtpx:TrackPointExtension>
        </extensions>
      </trkpt>
      <trkpt lat="31.472413936573144" lon="120.25459501181544">
        <ele>6.06918415799737</ele>
        <time>2025-01-10T14:43:52Z</time>
        <extensions>
          <gpxtpx:TrackPointExtension>
            <gpxtpx:hr>167</gpxtpx:hr>
          </gpxtpx:TrackPointExtension>
        </extensions>
      </trkpt>
      <trkpt lat="31.472435520712278" lon="120.25460099805821">
        <ele>6.0969825414940715</ele>
        <time>2025-01-10T14:43:53Z</time>
        <extensions>
          <gpxtpx:TrackPointExtension>
            <gpxtpx:hr>167</gpxtpx:hr>
          </gpxtpx:TrackPointExtension>
        </extensions>
      </trkpt>
      <trkpt lat="31.472456994505105" lon="120.25460565192422">
        <ele>6.138781153596938</ele>
        <time>2025-01-10T14:43:54Z</time>
        <extensions>
          <gpxtpx:TrackPointExtension>
            <gpxtpx:hr>167</gpxtpx:hr>
          </gpxtpx:TrackPointExtension>
        </extensions>
      </trkpt>
      <trkpt lat="31.472480338027694" lon="120.25461070849968">
        <ele>6.177490425296128</ele>
        <time>2025-01-10T14:43:55Z</time>
        <extensions>
          <gpxtpx:TrackPointExtension>
            <gpxtpx:hr>167</gpxtpx:hr>
          </gpxtpx:TrackPointExtension>
        </extensions>
      </trkpt>
      <trkpt lat="31.472505161771064" lon="120.25461561332993">
        <ele>6.225854499265552</ele>
        <time>2025-01-10T14:43:56Z</time>
        <extensions>
          <gpxtpx:TrackPointExtension>
            <gpxtpx:hr>167</gpxtpx:hr>
          </gpxtpx:TrackPointExtension>
        </extensions>
      </trkpt>
      <trkpt lat="31.47252951997156" lon="120.25462006320753">
        <ele>6.278572525829077</ele>
        <time>2025-01-10T14:43:57Z</time>
        <extensions>
          <gpxtpx:TrackPointExtension>
            <gpxtpx:hr>167</gpxtpx:hr>
          </gpxtpx:TrackPointExtension>
        </extensions>
      </trkpt>
      <trkpt lat="31.472553120774183" lon="120.25462418352893">
        <ele>6.3489727126434445</ele>
        <time>2025-01-10T14:43:58Z</time>
        <extensions>
          <gpxtpx:TrackPointExtension>
            <gpxtpx:hr>167</gpxtpx:hr>
          </gpxtpx:TrackPointExtension>
        </extensions>
      </trkpt>
      <trkpt lat="31.472577788278524" lon="120.25462847016894">
        <ele>6.407487824559212</ele>
        <time>2025-01-10T14:43:59Z</time>
        <extensions>
          <gpxtpx:TrackPointExtension>
            <gpxtpx:hr>167</gpxtpx:hr>
          </gpxtpx:TrackPointExtension>
        </extensions>
      </trkpt>
      <trkpt lat="31.472604654254777" lon="120.25463296774456">
        <ele>6.455470869317651</ele>
        <time>2025-01-10T14:44:00Z</time>
        <extensions>
          <gpxtpx:TrackPointExtension>
            <gpxtpx:hr>167</gpxtpx:hr>
          </gpxtpx:TrackPointExtension>
        </extensions>
      </trkpt>
      <trkpt lat="31.472631916273485" lon="120.25463558456103">
        <ele>6.494761470705271</ele>
        <time>2025-01-10T14:44:01Z</time>
        <extensions>
          <gpxtpx:TrackPointExtension>
            <gpxtpx:hr>167</gpxtpx:hr>
          </gpxtpx:TrackPointExtension>
        </extensions>
      </trkpt>
      <trkpt lat="31.47265826173934" lon="120.25463567607274">
        <ele>6.52123037353158</ele>
        <time>2025-01-10T14:44:02Z</time>
        <extensions>
          <gpxtpx:TrackPointExtension>
            <gpxtpx:hr>167</gpxtpx:hr>
          </gpxtpx:TrackPointExtension>
        </extensions>
      </trkpt>
      <trkpt lat="31.47268309916372" lon="120.25463468846107">
        <ele>6.534385045059025</ele>
        <time>2025-01-10T14:44:03Z</time>
        <extensions>
          <gpxtpx:TrackPointExtension>
            <gpxtpx:hr>167</gpxtpx:hr>
          </gpxtpx:TrackPointExtension>
        </extensions>
      </trkpt>
      <trkpt lat="31.472707344357637" lon="120.25463446114063">
        <ele>6.542032496072352</ele>
        <time>2025-01-10T14:44:04Z</time>
        <extensions>
          <gpxtpx:TrackPointExtension>
            <gpxtpx:hr>167</gpxtpx:hr>
          </gpxtpx:TrackPointExtension>
        </extensions>
      </trkpt>
      <trkpt lat="31.472733037580447" lon="120.25463509704527">
        <ele>6.547621683217585</ele>
        <time>2025-01-10T14:44:05Z</time>
        <extensions>
          <gpxtpx:TrackPointExtension>
            <gpxtpx:hr>167</gpxtpx:hr>
          </gpxtpx:TrackPointExtension>
        </extensions>
      </trkpt>
      <trkpt lat="31.472759759208394" lon="120.25463621042054">
        <ele>6.545406827703118</ele>
        <time>2025-01-10T14:44:06Z</time>
        <extensions>
          <gpxtpx:TrackPointExtension>
            <gpxtpx:hr>167</gpxtpx:hr>
          </gpxtpx:TrackPointExtension>
        </extensions>
      </trkpt>
      <trkpt lat="31.47278637294465" lon="120.25463640590426">
        <ele>6.530508371070027</ele>
        <time>2025-01-10T14:44:07Z</time>
        <extensions>
          <gpxtpx:TrackPointExtension>
            <gpxtpx:hr>167</gpxtpx:hr>
          </gpxtpx:TrackPointExtension>
        </extensions>
      </trkpt>
      <trkpt lat="31.472813133044212" lon="120.25463260951442">
        <ele>6.518352932296693</ele>
        <time>2025-01-10T14:44:08Z</time>
        <extensions>
          <gpxtpx:TrackPointExtension>
            <gpxtpx:hr>167</gpxtpx:hr>
          </gpxtpx:TrackPointExtension>
        </extensions>
      </trkpt>
      <trkpt lat="31.472839828807828" lon="120.25462423243577">
        <ele>6.50680245179683</ele>
        <time>2025-01-10T14:44:09Z</time>
        <extensions>
          <gpxtpx:TrackPointExtension>
            <gpxtpx:hr>167</gpxtpx:hr>
          </gpxtpx:TrackPointExtension>
        </extensions>
      </trkpt>
      <trkpt lat="31.47286491090997" lon="120.25461233712451">
        <ele>6.492198225110769</ele>
        <time>2025-01-10T14:44:10Z</time>
        <extensions>
          <gpxtpx:TrackPointExtension>
            <gpxtpx:hr>167</gpxtpx:hr>
          </gpxtpx:TrackPointExtension>
        </extensions>
      </trkpt>
      <trkpt lat="31.4728877857944" lon="120.25459695117827">
        <ele>6.458076438866556</ele>
        <time>2025-01-10T14:44:11Z</time>
        <extensions>
          <gpxtpx:TrackPointExtension>
            <gpxtpx:hr>167</gpxtpx:hr>
          </gpxtpx:TrackPointExtension>
        </extensions>
      </trkpt>
      <trkpt lat="31.472908901331007" lon="120.25458074686719">
        <ele>6.426493974402547</ele>
        <time>2025-01-10T14:44:12Z</time>
        <extensions>
          <gpxtpx:TrackPointExtension>
            <gpxtpx:hr>167</gpxtpx:hr>
          </gpxtpx:TrackPointExtension>
        </extensions>
      </trkpt>
      <trkpt lat="31.47292975686424" lon="120.25456625140812">
        <ele>6.4118707701563835</ele>
        <time>2025-01-10T14:44:13Z</time>
        <extensions>
          <gpxtpx:TrackPointExtension>
            <gpxtpx:hr>170</gpxtpx:hr>
          </gpxtpx:TrackPointExtension>
        </extensions>
      </trkpt>
      <trkpt lat="31.472952281409807" lon="120.2545510876869">
        <ele>6.3848605658859015</ele>
        <time>2025-01-10T14:44:14Z</time>
        <extensions>
          <gpxtpx:TrackPointExtension>
            <gpxtpx:hr>170</gpxtpx:hr>
          </gpxtpx:TrackPointExtension>
        </extensions>
      </trkpt>
      <trkpt lat="31.472975385809452" lon="120.25453521539153">
        <ele>6.368892944417894</ele>
        <time>2025-01-10T14:44:15Z</time>
        <extensions>
          <gpxtpx:TrackPointExtension>
            <gpxtpx:hr>170</gpxtpx:hr>
          </gpxtpx:TrackPointExtension>
        </extensions>
      </trkpt>
      <trkpt lat="31.47299667714547" lon="120.25451901622387">
        <ele>6.362820616923273</ele>
        <time>2025-01-10T14:44:16Z</time>
        <extensions>
          <gpxtpx:TrackPointExtension>
            <gpxtpx:hr>170</gpxtpx:hr>
          </gpxtpx:TrackPointExtension>
        </extensions>
      </trkpt>
      <trkpt lat="31.473016036105744" lon="120.2544988636749">
        <ele>6.34125408437103</ele>
        <time>2025-01-10T14:44:17Z</time>
        <extensions>
          <gpxtpx:TrackPointExtension>
            <gpxtpx:hr>170</gpxtpx:hr>
          </gpxtpx:TrackPointExtension>
        </extensions>
      </trkpt>
      <trkpt lat="31.47303285388765" lon="120.25447472587803">
        <ele>6.342931686900556</ele>
        <time>2025-01-10T14:44:18Z</time>
        <extensions>
          <gpxtpx:TrackPointExtension>
            <gpxtpx:hr>172</gpxtpx:hr>
          </gpxtpx:TrackPointExtension>
        </extensions>
      </trkpt>
      <trkpt lat="31.473046937982094" lon="120.25445029462547">
        <ele>6.357838242314756</ele>
        <time>2025-01-10T14:44:19Z</time>
        <extensions>
          <gpxtpx:TrackPointExtension>
            <gpxtpx:hr>172</gpxtpx:hr>
          </gpxtpx:TrackPointExtension>
        </extensions>
      </trkpt>
      <trkpt lat="31.473059429270574" lon="120.25442633098896">
        <ele>6.3617456974461675</ele>
        <time>2025-01-10T14:44:20Z</time>
        <extensions>
          <gpxtpx:TrackPointExtension>
            <gpxtpx:hr>172</gpxtpx:hr>
          </gpxtpx:TrackPointExtension>
        </extensions>
      </trkpt>
      <trkpt lat="31.473070232003536" lon="120.25440186136353">
        <ele>6.394708473235369</ele>
        <time>2025-01-10T14:44:21Z</time>
        <extensions>
          <gpxtpx:TrackPointExtension>
            <gpxtpx:hr>172</gpxtpx:hr>
          </gpxtpx:TrackPointExtension>
        </extensions>
      </trkpt>
      <trkpt lat="31.47307828224955" lon="120.25437765933478">
        <ele>6.431899948976934</ele>
        <time>2025-01-10T14:44:22Z</time>
        <extensions>
          <gpxtpx:TrackPointExtension>
            <gpxtpx:hr>172</gpxtpx:hr>
          </gpxtpx:TrackPointExtension>
        </extensions>
      </trkpt>
      <trkpt lat="31.473083440270333" lon="120.25435284726801">
        <ele>6.489729164168239</ele>
        <time>2025-01-10T14:44:23Z</time>
        <extensions>
          <gpxtpx:TrackPointExtension>
            <gpxtpx:hr>172</gpxtpx:hr>
          </gpxtpx:TrackPointExtension>
        </extensions>
      </trkpt>
      <trkpt lat="31.47308620566577" lon="120.2543261171394">
        <ele>6.544328934513032</ele>
        <time>2025-01-10T14:44:24Z</time>
        <extensions>
          <gpxtpx:TrackPointExtension>
            <gpxtpx:hr>173</gpxtpx:hr>
          </gpxtpx:TrackPointExtension>
        </extensions>
      </trkpt>
      <trkpt lat="31.473088366200933" lon="120.25429938059912">
        <ele>6.595396131277084</ele>
        <time>2025-01-10T14:44:25Z</time>
        <extensions>
          <gpxtpx:TrackPointExtension>
            <gpxtpx:hr>173</gpxtpx:hr>
          </gpxtpx:TrackPointExtension>
        </extensions>
      </trkpt>
      <trkpt lat="31.473090963243223" lon="120.25427325125204">
        <ele>6.639379387721419</ele>
        <time>2025-01-10T14:44:26Z</time>
        <extensions>
          <gpxtpx:TrackPointExtension>
            <gpxtpx:hr>173</gpxtpx:hr>
          </gpxtpx:TrackPointExtension>
        </extensions>
      </trkpt>
      <trkpt lat="31.473093585374063" lon="120.25424639955604">
        <ele>6.696667669340968</ele>
        <time>2025-01-10T14:44:27Z</time>
        <extensions>
          <gpxtpx:TrackPointExtension>
            <gpxtpx:hr>173</gpxtpx:hr>
          </gpxtpx:TrackPointExtension>
        </extensions>
      </trkpt>
      <trkpt lat="31.473095525291384" lon="120.25421993284763">
        <ele>6.754698869772255</ele>
        <time>2025-01-10T14:44:28Z</time>
        <extensions>
          <gpxtpx:TrackPointExtension>
            <gpxtpx:hr>173</gpxtpx:hr>
          </gpxtpx:TrackPointExtension>
        </extensions>
      </trkpt>
      <trkpt lat="31.47309608775264" lon="120.25419404493204">
        <ele>6.8411805452778935</ele>
        <time>2025-01-10T14:44:29Z</time>
        <extensions>
          <gpxtpx:TrackPointExtension>
            <gpxtpx:hr>173</gpxtpx:hr>
          </gpxtpx:TrackPointExtension>
        </extensions>
      </trkpt>
      <trkpt lat="31.473094882607473" lon="120.25416725611616">
        <ele>6.934454978443682</ele>
        <time>2025-01-10T14:44:30Z</time>
        <extensions>
          <gpxtpx:TrackPointExtension>
            <gpxtpx:hr>173</gpxtpx:hr>
          </gpxtpx:TrackPointExtension>
        </extensions>
      </trkpt>
      <trkpt lat="31.4730906017437" lon="120.25414058198436">
        <ele>7.020081873051822</ele>
        <time>2025-01-10T14:44:31Z</time>
        <extensions>
          <gpxtpx:TrackPointExtension>
            <gpxtpx:hr>173</gpxtpx:hr>
          </gpxtpx:TrackPointExtension>
        </extensions>
      </trkpt>
      <trkpt lat="31.473082139843836" lon="120.25411453903814">
        <ele>7.100382581353188</ele>
        <time>2025-01-10T14:44:32Z</time>
        <extensions>
          <gpxtpx:TrackPointExtension>
            <gpxtpx:hr>173</gpxtpx:hr>
          </gpxtpx:TrackPointExtension>
        </extensions>
      </trkpt>
      <trkpt lat="31.47307117894369" lon="120.25408801526535">
        <ele>7.176527868025005</ele>
        <time>2025-01-10T14:44:33Z</time>
        <extensions>
          <gpxtpx:TrackPointExtension>
            <gpxtpx:hr>173</gpxtpx:hr>
          </gpxtpx:TrackPointExtension>
        </extensions>
      </trkpt>
      <trkpt lat="31.473061462651867" lon="120.2540623128947">
        <ele>7.24641674477607</ele>
        <time>2025-01-10T14:44:34Z</time>
        <extensions>
          <gpxtpx:TrackPointExtension>
            <gpxtpx:hr>172</gpxtpx:hr>
          </gpxtpx:TrackPointExtension>
        </extensions>
      </trkpt>
      <trkpt lat="31.473053790215758" lon="120.25403960802579">
        <ele>7.3104594219475985</ele>
        <time>2025-01-10T14:44:35Z</time>
        <extensions>
          <gpxtpx:TrackPointExtension>
            <gpxtpx:hr>172</gpxtpx:hr>
          </gpxtpx:TrackPointExtension>
        </extensions>
      </trkpt>
      <trkpt lat="31.47304520408942" lon="120.25401844493763">
        <ele>7.361394334584475</ele>
        <time>2025-01-10T14:44:36Z</time>
        <extensions>
          <gpxtpx:TrackPointExtension>
            <gpxtpx:hr>172</gpxtpx:hr>
          </gpxtpx:TrackPointExtension>
        </extensions>
      </trkpt>
      <trkpt lat="31.473032900218445" lon="120.25399914480471">
        <ele>7.406695989891887</ele>
        <time>2025-01-10T14:44:37Z</time>
        <extensions>
          <gpxtpx:TrackPointExtension>
            <gpxtpx:hr>172</gpxtpx:hr>
          </gpxtpx:TrackPointExtension>
        </extensions>
      </trkpt>
      <trkpt lat="31.473018678458693" lon="120.25398209191285">
        <ele>7.442312274128199</ele>
        <time>2025-01-10T14:44:38Z</time>
        <extensions>
          <gpxtpx:TrackPointExtension>
            <gpxtpx:hr>172</gpxtpx:hr>
          </gpxtpx:TrackPointExtension>
        </extensions>
      </trkpt>
      <trkpt lat="31.473006410284093" lon="120.25396583411529">
        <ele>7.46492513269186</ele>
        <time>2025-01-10T14:44:39Z</time>
        <extensions>
          <gpxtpx:TrackPointExtension>
            <gpxtpx:hr>171</gpxtpx:hr>
          </gpxtpx:TrackPointExtension>
        </extensions>
      </trkpt>
      <trkpt lat="31.472997208351238" lon="120.25395292481554">
        <ele>7.478150977753103</ele>
        <time>2025-01-10T14:44:40Z</time>
        <extensions>
          <gpxtpx:TrackPointExtension>
            <gpxtpx:hr>171</gpxtpx:hr>
          </gpxtpx:TrackPointExtension>
        </extensions>
      </trkpt>
      <trkpt lat="31.472992198439407" lon="120.25394671011709">
        <ele>7.475597011856735</ele>
        <time>2025-01-10T14:44:41Z</time>
        <extensions>
          <gpxtpx:TrackPointExtension>
            <gpxtpx:hr>171</gpxtpx:hr>
          </gpxtpx:TrackPointExtension>
        </extensions>
      </trkpt>
      <trkpt lat="31.47299226497762" lon="120.25394659500805">
        <ele>7.459369633346796</ele>
        <time>2025-01-10T14:44:42Z</time>
        <extensions>
          <gpxtpx:TrackPointExtension>
            <gpxtpx:hr>171</gpxtpx:hr>
          </gpxtpx:TrackPointExtension>
        </extensions>
      </trkpt>
      <trkpt lat="31.472994343784528" lon="120.25394772426253">
        <ele>7.433279808610678</ele>
        <time>2025-01-10T14:44:43Z</time>
        <extensions>
          <gpxtpx:TrackPointExtension>
            <gpxtpx:hr>171</gpxtpx:hr>
          </gpxtpx:TrackPointExtension>
        </extensions>
      </trkpt>
      <trkpt lat="31.47299544937249" lon="120.25394615636132">
        <ele>7.395312677137554</ele>
        <time>2025-01-10T14:44:44Z</time>
        <extensions>
          <gpxtpx:TrackPointExtension>
            <gpxtpx:hr>168</gpxtpx:hr>
          </gpxtpx:TrackPointExtension>
        </extensions>
      </trkpt>
      <trkpt lat="31.472995068069345" lon="120.25394058569914">
        <ele>7.351248046383262</ele>
        <time>2025-01-10T14:44:45Z</time>
        <extensions>
          <gpxtpx:TrackPointExtension>
            <gpxtpx:hr>168</gpxtpx:hr>
          </gpxtpx:TrackPointExtension>
        </extensions>
      </trkpt>
      <trkpt lat="31.47299360681167" lon="120.25393429893903">
        <ele>7.302977061830461</ele>
        <time>2025-01-10T14:44:46Z</time>
        <extensions>
          <gpxtpx:TrackPointExtension>
            <gpxtpx:hr>168</gpxtpx:hr>
          </gpxtpx:TrackPointExtension>
        </extensions>
      </trkpt>
      <trkpt lat="31.472992432455552" lon="120.25393210219849">
        <ele>7.252275355160236</ele>
        <time>2025-01-10T14:44:47Z</time>
        <extensions>
          <gpxtpx:TrackPointExtension>
            <gpxtpx:hr>168</gpxtpx:hr>
          </gpxtpx:TrackPointExtension>
        </extensions>
      </trkpt>
      <trkpt lat="31.472991715328224" lon="120.25393218373895">
        <ele>7.207166243344545</ele>
        <time>2025-01-10T14:44:48Z</time>
        <extensions>
          <gpxtpx:TrackPointExtension>
            <gpxtpx:hr>167</gpxtpx:hr>
          </gpxtpx:TrackPointExtension>
        </extensions>
      </trkpt>
      <trkpt lat="31.47299037314369" lon="120.25393149136544">
        <ele>7.171983482316136</ele>
        <time>2025-01-10T14:44:49Z</time>
        <extensions>
          <gpxtpx:TrackPointExtension>
            <gpxtpx:hr>167</gpxtpx:hr>
          </gpxtpx:TrackPointExtension>
        </extensions>
      </trkpt>
      <trkpt lat="31.47298779367351" lon="120.25392936953716">
        <ele>7.136509268544614</ele>
        <time>2025-01-10T14:44:50Z</time>
        <extensions>
          <gpxtpx:TrackPointExtension>
            <gpxtpx:hr>167</gpxtpx:hr>
          </gpxtpx:TrackPointExtension>
        </extensions>
      </trkpt>
      <trkpt lat="31.47298276844356" lon="120.25392465445023">
        <ele>7.098696355707943</ele>
        <time>2025-01-10T14:44:51Z</time>
        <extensions>
          <gpxtpx:TrackPointExtension>
            <gpxtpx:hr>167</gpxtpx:hr>
          </gpxtpx:TrackPointExtension>
        </extensions>
      </trkpt>
      <trkpt lat="31.47297486369931" lon="120.25391790177436">
        <ele>7.067155584692955</ele>
        <time>2025-01-10T14:44:52Z</time>
        <extensions>
          <gpxtpx:TrackPointExtension>
            <gpxtpx:hr>167</gpxtpx:hr>
          </gpxtpx:TrackPointExtension>
        </extensions>
      </trkpt>
      <trkpt lat="31.47296517964654" lon="120.25391058259439">
        <ele>7.039776974357665</ele>
        <time>2025-01-10T14:44:53Z</time>
        <extensions>
          <gpxtpx:TrackPointExtension>
            <gpxtpx:hr>167</gpxtpx:hr>
          </gpxtpx:TrackPointExtension>
        </extensions>
      </trkpt>
      <trkpt lat="31.47295513860003" lon="120.25390416436859">
        <ele>7.014924451708794</ele>
        <time>2025-01-10T14:44:54Z</time>
        <extensions>
          <gpxtpx:TrackPointExtension>
            <gpxtpx:hr>167</gpxtpx:hr>
          </gpxtpx:TrackPointExtension>
        </extensions>
      </trkpt>
      <trkpt lat="31.472945240330937" lon="120.25389909360307">
        <ele>6.994887877255678</ele>
        <time>2025-01-10T14:44:55Z</time>
        <extensions>
          <gpxtpx:TrackPointExtension>
            <gpxtpx:hr>167</gpxtpx:hr>
          </gpxtpx:TrackPointExtension>
        </extensions>
      </trkpt>
      <trkpt lat="31.472934767201256" lon="120.25389345972569">
        <ele>6.96932356338948</ele>
        <time>2025-01-10T14:44:56Z</time>
        <extensions>
          <gpxtpx:TrackPointExtension>
            <gpxtpx:hr>167</gpxtpx:hr>
          </gpxtpx:TrackPointExtension>
        </extensions>
      </trkpt>
      <trkpt lat="31.47292213329999" lon="120.25388577944734">
        <ele>6.945217257365584</ele>
        <time>2025-01-10T14:44:57Z</time>
        <extensions>
          <gpxtpx:TrackPointExtension>
            <gpxtpx:hr>167</gpxtpx:hr>
          </gpxtpx:TrackPointExtension>
        </extensions>
      </trkpt>
      <trkpt lat="31.472908051703605" lon="120.25387612237121">
        <ele>6.921862033195794</ele>
        <time>2025-01-10T14:44:58Z</time>
        <extensions>
          <gpxtpx:TrackPointExtension>
            <gpxtpx:hr>167</gpxtpx:hr>
          </gpxtpx:TrackPointExtension>
        </extensions>
      </trkpt>
      <trkpt lat="31.472897311484697" lon="120.25386742457603">
        <ele>6.894718523137271</ele>
        <time>2025-01-10T14:44:59Z</time>
        <extensions>
          <gpxtpx:TrackPointExtension>
            <gpxtpx:hr>167</gpxtpx:hr>
          </gpxtpx:TrackPointExtension>
        </extensions>
      </trkpt>
      <trkpt lat="31.472893765227358" lon="120.25386448910122">
        <ele>6.851280509494245</ele>
        <time>2025-01-10T14:45:00Z</time>
        <extensions>
          <gpxtpx:TrackPointExtension>
            <gpxtpx:hr>167</gpxtpx:hr>
          </gpxtpx:TrackPointExtension>
        </extensions>
      </trkpt>
      <trkpt lat="31.472895116789832" lon="120.25386632982502">
        <ele>6.795551734045148</ele>
        <time>2025-01-10T14:45:01Z</time>
        <extensions>
          <gpxtpx:TrackPointExtension>
            <gpxtpx:hr>167</gpxtpx:hr>
          </gpxtpx:TrackPointExtension>
        </extensions>
      </trkpt>
      <trkpt lat="31.47289700267379" lon="120.25386811433238">
        <ele>6.740348284132779</ele>
        <time>2025-01-10T14:45:02Z</time>
        <extensions>
          <gpxtpx:TrackPointExtension>
            <gpxtpx:hr>167</gpxtpx:hr>
          </gpxtpx:TrackPointExtension>
        </extensions>
      </trkpt>
      <trkpt lat="31.472898447497215" lon="120.25386890825793">
        <ele>6.679591006599367</ele>
        <time>2025-01-10T14:45:03Z</time>
        <extensions>
          <gpxtpx:TrackPointExtension>
            <gpxtpx:hr>167</gpxtpx:hr>
          </gpxtpx:TrackPointExtension>
        </extensions>
      </trkpt>
      <trkpt lat="31.47289952105807" lon="120.25386895672293">
        <ele>6.627077527344227</ele>
        <time>2025-01-10T14:45:04Z</time>
        <extensions>
          <gpxtpx:TrackPointExtension>
            <gpxtpx:hr>167</gpxtpx:hr>
          </gpxtpx:TrackPointExtension>
        </extensions>
      </trkpt>
      <trkpt lat="31.472900202605235" lon="120.25386861496628">
        <ele>6.57314224075526</ele>
        <time>2025-01-10T14:45:05Z</time>
        <extensions>
          <gpxtpx:TrackPointExtension>
            <gpxtpx:hr>164</gpxtpx:hr>
          </gpxtpx:TrackPointExtension>
        </extensions>
      </trkpt>
      <trkpt lat="31.47290039878053" lon="120.25386827902432">
        <ele>6.507869014516473</ele>
        <time>2025-01-10T14:45:06Z</time>
        <extensions>
          <gpxtpx:TrackPointExtension>
            <gpxtpx:hr>164</gpxtpx:hr>
          </gpxtpx:TrackPointExtension>
        </extensions>
      </trkpt>
      <trkpt lat="31.472899922999957" lon="120.25386794738758">
        <ele>6.4355821162462234</ele>
        <time>2025-01-10T14:45:07Z</time>
        <extensions>
          <gpxtpx:TrackPointExtension>
            <gpxtpx:hr>164</gpxtpx:hr>
          </gpxtpx:TrackPointExtension>
        </extensions>
      </trkpt>
      <trkpt lat="31.472898144298576" lon="120.25386730293263">
        <ele>6.363474086858332</ele>
        <time>2025-01-10T14:45:08Z</time>
        <extensions>
          <gpxtpx:TrackPointExtension>
            <gpxtpx:hr>164</gpxtpx:hr>
          </gpxtpx:TrackPointExtension>
        </extensions>
      </trkpt>
      <trkpt lat="31.47289390537717" lon="120.2538657158315">
        <ele>6.291721815243363</ele>
        <time>2025-01-10T14:45:09Z</time>
        <extensions>
          <gpxtpx:TrackPointExtension>
            <gpxtpx:hr>164</gpxtpx:hr>
          </gpxtpx:TrackPointExtension>
        </extensions>
      </trkpt>
      <trkpt lat="31.47288529363282" lon="120.25386255753278">
        <ele>6.2251621494069695</ele>
        <time>2025-01-10T14:45:10Z</time>
        <extensions>
          <gpxtpx:TrackPointExtension>
            <gpxtpx:hr>161</gpxtpx:hr>
          </gpxtpx:TrackPointExtension>
        </extensions>
      </trkpt>
      <trkpt lat="31.472872948228787" lon="120.25385849332524">
        <ele>6.1589184598997235</ele>
        <time>2025-01-10T14:45:11Z</time>
        <extensions>
          <gpxtpx:TrackPointExtension>
            <gpxtpx:hr>161</gpxtpx:hr>
          </gpxtpx:TrackPointExtension>
        </extensions>
      </trkpt>
      <trkpt lat="31.472858391295173" lon="120.25385552505648">
        <ele>6.096380220726132</ele>
        <time>2025-01-10T14:45:12Z</time>
        <extensions>
          <gpxtpx:TrackPointExtension>
            <gpxtpx:hr>161</gpxtpx:hr>
          </gpxtpx:TrackPointExtension>
        </extensions>
      </trkpt>
      <trkpt lat="31.472839179961838" lon="120.25385246785838">
        <ele>6.040618454106152</ele>
        <time>2025-01-10T14:45:13Z</time>
        <extensions>
          <gpxtpx:TrackPointExtension>
            <gpxtpx:hr>160</gpxtpx:hr>
          </gpxtpx:TrackPointExtension>
        </extensions>
      </trkpt>
      <trkpt lat="31.472817289076477" lon="120.25384781259896">
        <ele>5.990645730867982</ele>
        <time>2025-01-10T14:45:14Z</time>
        <extensions>
          <gpxtpx:TrackPointExtension>
            <gpxtpx:hr>160</gpxtpx:hr>
          </gpxtpx:TrackPointExtension>
        </extensions>
      </trkpt>
      <trkpt lat="31.47279693062886" lon="120.25384162452512">
        <ele>5.938277930021286</ele>
        <time>2025-01-10T14:45:15Z</time>
        <extensions>
          <gpxtpx:TrackPointExtension>
            <gpxtpx:hr>160</gpxtpx:hr>
          </gpxtpx:TrackPointExtension>
        </extensions>
      </trkpt>
      <trkpt lat="31.472776121296167" lon="120.25383406827832">
        <ele>5.900880294851959</ele>
        <time>2025-01-10T14:45:16Z</time>
        <extensions>
          <gpxtpx:TrackPointExtension>
            <gpxtpx:hr>160</gpxtpx:hr>
          </gpxtpx:TrackPointExtension>
        </extensions>
      </trkpt>
      <trkpt lat="31.47275453783519" lon="120.25382709011387">
        <ele>5.87347861379385</ele>
        <time>2025-01-10T14:45:17Z</time>
        <extensions>
          <gpxtpx:TrackPointExtension>
            <gpxtpx:hr>160</gpxtpx:hr>
          </gpxtpx:TrackPointExtension>
        </extensions>
      </trkpt>
      <trkpt lat="31.472734519119257" lon="120.25382212921039">
        <ele>5.849261296913028</ele>
        <time>2025-01-10T14:45:18Z</time>
        <extensions>
          <gpxtpx:TrackPointExtension>
            <gpxtpx:hr>158</gpxtpx:hr>
          </gpxtpx:TrackPointExtension>
        </extensions>
      </trkpt>
      <trkpt lat="31.47271483443269" lon="120.25381806062765">
        <ele>5.844931785017252</ele>
        <time>2025-01-10T14:45:19Z</time>
        <extensions>
          <gpxtpx:TrackPointExtension>
            <gpxtpx:hr>158</gpxtpx:hr>
          </gpxtpx:TrackPointExtension>
        </extensions>
      </trkpt>
      <trkpt lat="31.472694388537636" lon="120.25381451280364">
        <ele>5.829498094506562</ele>
        <time>2025-01-10T14:45:20Z</time>
        <extensions>
          <gpxtpx:TrackPointExtension>
            <gpxtpx:hr>158</gpxtpx:hr>
          </gpxtpx:TrackPointExtension>
        </extensions>
      </trkpt>
      <trkpt lat="31.472674928587352" lon="120.253812335663">
        <ele>5.819543920457363</ele>
        <time>2025-01-10T14:45:21Z</time>
        <extensions>
          <gpxtpx:TrackPointExtension>
            <gpxtpx:hr>158</gpxtpx:hr>
          </gpxtpx:TrackPointExtension>
        </extensions>
      </trkpt>
      <trkpt lat="31.47265726732672" lon="120.25381025274554">
        <ele>5.821306060999632</ele>
        <time>2025-01-10T14:45:22Z</time>
        <extensions>
          <gpxtpx:TrackPointExtension>
            <gpxtpx:hr>158</gpxtpx:hr>
          </gpxtpx:TrackPointExtension>
        </extensions>
      </trkpt>
      <trkpt lat="31.472639358282045" lon="120.2538068331527">
        <ele>5.834852738305926</ele>
        <time>2025-01-10T14:45:23Z</time>
        <extensions>
          <gpxtpx:TrackPointExtension>
            <gpxtpx:hr>158</gpxtpx:hr>
          </gpxtpx:TrackPointExtension>
        </extensions>
      </trkpt>
      <trkpt lat="31.47262047210185" lon="120.25380261383818">
        <ele>5.853587379679084</ele>
        <time>2025-01-10T14:45:24Z</time>
        <extensions>
          <gpxtpx:TrackPointExtension>
            <gpxtpx:hr>155</gpxtpx:hr>
          </gpxtpx:TrackPointExtension>
        </extensions>
      </trkpt>
      <trkpt lat="31.472601364905714" lon="120.25379976235384">
        <ele>5.8701410526409745</ele>
        <time>2025-01-10T14:45:25Z</time>
        <extensions>
          <gpxtpx:TrackPointExtension>
            <gpxtpx:hr>155</gpxtpx:hr>
          </gpxtpx:TrackPointExtension>
        </extensions>
      </trkpt>
      <trkpt lat="31.4725812477772" lon="120.2537985712615">
        <ele>5.8828844064846635</ele>
        <time>2025-01-10T14:45:26Z</time>
        <extensions>
          <gpxtpx:TrackPointExtension>
            <gpxtpx:hr>155</gpxtpx:hr>
          </gpxtpx:TrackPointExtension>
        </extensions>
      </trkpt>
      <trkpt lat="31.47256029867037" lon="120.25379718959901">
        <ele>5.889587122015655</ele>
        <time>2025-01-10T14:45:27Z</time>
        <extensions>
          <gpxtpx:TrackPointExtension>
            <gpxtpx:hr>155</gpxtpx:hr>
          </gpxtpx:TrackPointExtension>
        </extensions>
      </trkpt>
      <trkpt lat="31.47253988337894" lon="120.25379531505311">
        <ele>5.911106284707785</ele>
        <time>2025-01-10T14:45:28Z</time>
        <extensions>
          <gpxtpx:TrackPointExtension>
            <gpxtpx:hr>155</gpxtpx:hr>
          </gpxtpx:TrackPointExtension>
        </extensions>
      </trkpt>
      <trkpt lat="31.47251876349736" lon="120.2537927498396">
        <ele>5.939742207527161</ele>
        <time>2025-01-10T14:45:29Z</time>
        <extensions>
          <gpxtpx:TrackPointExtension>
            <gpxtpx:hr>155</gpxtpx:hr>
          </gpxtpx:TrackPointExtension>
        </extensions>
      </trkpt>
      <trkpt lat="31.472495842135285" lon="120.25378911350556">
        <ele>5.970130950212479</ele>
        <time>2025-01-10T14:45:30Z</time>
        <extensions>
          <gpxtpx:TrackPointExtension>
            <gpxtpx:hr>155</gpxtpx:hr>
          </gpxtpx:TrackPointExtension>
        </extensions>
      </trkpt>
      <trkpt lat="31.472474215217662" lon="120.25378552728465">
        <ele>6.009939610958099</ele>
        <time>2025-01-10T14:45:31Z</time>
        <extensions>
          <gpxtpx:TrackPointExtension>
            <gpxtpx:hr>155</gpxtpx:hr>
          </gpxtpx:TrackPointExtension>
        </extensions>
      </trkpt>
      <trkpt lat="31.472454396753587" lon="120.25378209137266">
        <ele>6.055639115162194</ele>
        <time>2025-01-10T14:45:32Z</time>
        <extensions>
          <gpxtpx:TrackPointExtension>
            <gpxtpx:hr>155</gpxtpx:hr>
          </gpxtpx:TrackPointExtension>
        </extensions>
      </trkpt>
      <trkpt lat="31.472433858881846" lon="120.25377829229087">
        <ele>6.080060554668307</ele>
        <time>2025-01-10T14:45:33Z</time>
        <extensions>
          <gpxtpx:TrackPointExtension>
            <gpxtpx:hr>155</gpxtpx:hr>
          </gpxtpx:TrackPointExtension>
        </extensions>
      </trkpt>
      <trkpt lat="31.47241278460483" lon="120.25377439433701">
        <ele>6.099393201991916</ele>
        <time>2025-01-10T14:45:34Z</time>
        <extensions>
          <gpxtpx:TrackPointExtension>
            <gpxtpx:hr>155</gpxtpx:hr>
          </gpxtpx:TrackPointExtension>
        </extensions>
      </trkpt>
      <trkpt lat="31.472392773905344" lon="120.25377025949237">
        <ele>6.141465469263494</ele>
        <time>2025-01-10T14:45:35Z</time>
        <extensions>
          <gpxtpx:TrackPointExtension>
            <gpxtpx:hr>155</gpxtpx:hr>
          </gpxtpx:TrackPointExtension>
        </extensions>
      </trkpt>
      <trkpt lat="31.47237322437594" lon="120.25376545434088">
        <ele>6.181392618454993</ele>
        <time>2025-01-10T14:45:36Z</time>
        <extensions>
          <gpxtpx:TrackPointExtension>
            <gpxtpx:hr>155</gpxtpx:hr>
          </gpxtpx:TrackPointExtension>
        </extensions>
      </trkpt>
      <trkpt lat="31.472353486001456" lon="120.25376071162461">
        <ele>6.2210210440680385</ele>
        <time>2025-01-10T14:45:37Z</time>
        <extensions>
          <gpxtpx:TrackPointExtension>
            <gpxtpx:hr>155</gpxtpx:hr>
          </gpxtpx:TrackPointExtension>
        </extensions>
      </trkpt>
      <trkpt lat="31.472335134787148" lon="120.25375701000307">
        <ele>6.26288593839854</ele>
        <time>2025-01-10T14:45:38Z</time>
        <extensions>
          <gpxtpx:TrackPointExtension>
            <gpxtpx:hr>154</gpxtpx:hr>
          </gpxtpx:TrackPointExtension>
        </extensions>
      </trkpt>
      <trkpt lat="31.472317478141065" lon="120.25375332269921">
        <ele>6.299195542931557</ele>
        <time>2025-01-10T14:45:39Z</time>
        <extensions>
          <gpxtpx:TrackPointExtension>
            <gpxtpx:hr>154</gpxtpx:hr>
          </gpxtpx:TrackPointExtension>
        </extensions>
      </trkpt>
      <trkpt lat="31.47229755051944" lon="120.25374893305754">
        <ele>6.332994521595538</ele>
        <time>2025-01-10T14:45:40Z</time>
        <extensions>
          <gpxtpx:TrackPointExtension>
            <gpxtpx:hr>154</gpxtpx:hr>
          </gpxtpx:TrackPointExtension>
        </extensions>
      </trkpt>
      <trkpt lat="31.472276202982886" lon="120.25374442501267">
        <ele>6.364529269747436</ele>
        <time>2025-01-10T14:45:41Z</time>
        <extensions>
          <gpxtpx:TrackPointExtension>
            <gpxtpx:hr>154</gpxtpx:hr>
          </gpxtpx:TrackPointExtension>
        </extensions>
      </trkpt>
      <trkpt lat="31.472255906621847" lon="120.25374084968263">
        <ele>6.39392105024308</ele>
        <time>2025-01-10T14:45:42Z</time>
        <extensions>
          <gpxtpx:TrackPointExtension>
            <gpxtpx:hr>153</gpxtpx:hr>
          </gpxtpx:TrackPointExtension>
        </extensions>
      </trkpt>
      <trkpt lat="31.47223567948296" lon="120.25373730798617">
        <ele>6.423385951668024</ele>
        <time>2025-01-10T14:45:43Z</time>
        <extensions>
          <gpxtpx:TrackPointExtension>
            <gpxtpx:hr>153</gpxtpx:hr>
          </gpxtpx:TrackPointExtension>
        </extensions>
      </trkpt>
      <trkpt lat="31.47221495920479" lon="120.25373389369106">
        <ele>6.452440368942916</ele>
        <time>2025-01-10T14:45:44Z</time>
        <extensions>
          <gpxtpx:TrackPointExtension>
            <gpxtpx:hr>153</gpxtpx:hr>
          </gpxtpx:TrackPointExtension>
        </extensions>
      </trkpt>
      <trkpt lat="31.472194875881083" lon="120.25373110266526">
        <ele>6.477826043963432</ele>
        <time>2025-01-10T14:45:45Z</time>
        <extensions>
          <gpxtpx:TrackPointExtension>
            <gpxtpx:hr>153</gpxtpx:hr>
          </gpxtpx:TrackPointExtension>
        </extensions>
      </trkpt>
      <trkpt lat="31.472175094305495" lon="120.25372813746651">
        <ele>6.484554938971996</ele>
        <time>2025-01-10T14:45:46Z</time>
        <extensions>
          <gpxtpx:TrackPointExtension>
            <gpxtpx:hr>153</gpxtpx:hr>
          </gpxtpx:TrackPointExtension>
        </extensions>
      </trkpt>
      <trkpt lat="31.472153964047237" lon="120.25372479265894">
        <ele>6.503222246654332</ele>
        <time>2025-01-10T14:45:47Z</time>
        <extensions>
          <gpxtpx:TrackPointExtension>
            <gpxtpx:hr>153</gpxtpx:hr>
          </gpxtpx:TrackPointExtension>
        </extensions>
      </trkpt>
      <trkpt lat="31.47213262480385" lon="120.25372127351892">
        <ele>6.526262378320098</ele>
        <time>2025-01-10T14:45:48Z</time>
        <extensions>
          <gpxtpx:TrackPointExtension>
            <gpxtpx:hr>153</gpxtpx:hr>
          </gpxtpx:TrackPointExtension>
        </extensions>
      </trkpt>
      <trkpt lat="31.47211349360075" lon="120.25371826605277">
        <ele>6.541962009854615</ele>
        <time>2025-01-10T14:45:49Z</time>
        <extensions>
          <gpxtpx:TrackPointExtension>
            <gpxtpx:hr>153</gpxtpx:hr>
          </gpxtpx:TrackPointExtension>
        </extensions>
      </trkpt>
      <trkpt lat="31.472094732581382" lon="120.25371531019563">
        <ele>6.565563483163714</ele>
        <time>2025-01-10T14:45:50Z</time>
        <extensions>
          <gpxtpx:TrackPointExtension>
            <gpxtpx:hr>153</gpxtpx:hr>
          </gpxtpx:TrackPointExtension>
        </extensions>
      </trkpt>
      <trkpt lat="31.472074271531763" lon="120.25371168352395">
        <ele>6.589085007086396</ele>
        <time>2025-01-10T14:45:51Z</time>
        <extensions>
          <gpxtpx:TrackPointExtension>
            <gpxtpx:hr>153</gpxtpx:hr>
          </gpxtpx:TrackPointExtension>
        </extensions>
      </trkpt>
      <trkpt lat="31.47205444832939" lon="120.25370808808682">
        <ele>6.606670354492962</ele>
        <time>2025-01-10T14:45:52Z</time>
        <extensions>
          <gpxtpx:TrackPointExtension>
            <gpxtpx:hr>154</gpxtpx:hr>
          </gpxtpx:TrackPointExtension>
        </extensions>
      </trkpt>
      <trkpt lat="31.47203571286829" lon="120.25370535642567">
        <ele>6.628697116859257</ele>
        <time>2025-01-10T14:45:53Z</time>
        <extensions>
          <gpxtpx:TrackPointExtension>
            <gpxtpx:hr>154</gpxtpx:hr>
          </gpxtpx:TrackPointExtension>
        </extensions>
      </trkpt>
      <trkpt lat="31.4720158782346" lon="120.25370438012739">
        <ele>6.648897562175989</ele>
        <time>2025-01-10T14:45:54Z</time>
        <extensions>
          <gpxtpx:TrackPointExtension>
            <gpxtpx:hr>154</gpxtpx:hr>
          </gpxtpx:TrackPointExtension>
        </extensions>
      </trkpt>
      <trkpt lat="31.47199579669736" lon="120.25370636327456">
        <ele>6.6747414050623775</ele>
        <time>2025-01-10T14:45:55Z</time>
        <extensions>
          <gpxtpx:TrackPointExtension>
            <gpxtpx:hr>154</gpxtpx:hr>
          </gpxtpx:TrackPointExtension>
        </extensions>
      </trkpt>
      <trkpt lat="31.471976569743497" lon="120.25371135257294">
        <ele>6.695685566402972</ele>
        <time>2025-01-10T14:45:56Z</time>
        <extensions>
          <gpxtpx:TrackPointExtension>
            <gpxtpx:hr>154</gpxtpx:hr>
          </gpxtpx:TrackPointExtension>
        </extensions>
      </trkpt>
      <trkpt lat="31.47195669528803" lon="120.25371843517924">
        <ele>6.710712770931423</ele>
        <time>2025-01-10T14:45:57Z</time>
        <extensions>
          <gpxtpx:TrackPointExtension>
            <gpxtpx:hr>155</gpxtpx:hr>
          </gpxtpx:TrackPointExtension>
        </extensions>
      </trkpt>
      <trkpt lat="31.471934647514114" lon="120.25372698663817">
        <ele>6.7104384284466505</ele>
        <time>2025-01-10T14:45:58Z</time>
        <extensions>
          <gpxtpx:TrackPointExtension>
            <gpxtpx:hr>155</gpxtpx:hr>
          </gpxtpx:TrackPointExtension>
        </extensions>
      </trkpt>
      <trkpt lat="31.47191237620529" lon="120.25373671507961">
        <ele>6.702756131067872</ele>
        <time>2025-01-10T14:45:59Z</time>
        <extensions>
          <gpxtpx:TrackPointExtension>
            <gpxtpx:hr>155</gpxtpx:hr>
          </gpxtpx:TrackPointExtension>
        </extensions>
      </trkpt>
      <trkpt lat="31.47189180846693" lon="120.25374818180805">
        <ele>6.696786943823099</ele>
        <time>2025-01-10T14:46:00Z</time>
        <extensions>
          <gpxtpx:TrackPointExtension>
            <gpxtpx:hr>155</gpxtpx:hr>
          </gpxtpx:TrackPointExtension>
        </extensions>
      </trkpt>
      <trkpt lat="31.471872197937284" lon="120.2537619945684">
        <ele>6.701426960527897</ele>
        <time>2025-01-10T14:46:01Z</time>
        <extensions>
          <gpxtpx:TrackPointExtension>
            <gpxtpx:hr>155</gpxtpx:hr>
          </gpxtpx:TrackPointExtension>
        </extensions>
      </trkpt>
      <trkpt lat="31.471853361235066" lon="120.25377740594347">
        <ele>6.691692855209112</ele>
        <time>2025-01-10T14:46:02Z</time>
        <extensions>
          <gpxtpx:TrackPointExtension>
            <gpxtpx:hr>155</gpxtpx:hr>
          </gpxtpx:TrackPointExtension>
        </extensions>
      </trkpt>
      <trkpt lat="31.47183511406257" lon="120.25379256109008">
        <ele>6.6918059987947345</ele>
        <time>2025-01-10T14:46:03Z</time>
        <extensions>
          <gpxtpx:TrackPointExtension>
            <gpxtpx:hr>157</gpxtpx:hr>
          </gpxtpx:TrackPointExtension>
        </extensions>
      </trkpt>
      <trkpt lat="31.4718171821723" lon="120.25380740422506">
        <ele>6.6925079971551895</ele>
        <time>2025-01-10T14:46:04Z</time>
        <extensions>
          <gpxtpx:TrackPointExtension>
            <gpxtpx:hr>157</gpxtpx:hr>
          </gpxtpx:TrackPointExtension>
        </extensions>
      </trkpt>
      <trkpt lat="31.471800588709392" lon="120.25382340170474">
        <ele>6.702730845659971</ele>
        <time>2025-01-10T14:46:05Z</time>
        <extensions>
          <gpxtpx:TrackPointExtension>
            <gpxtpx:hr>157</gpxtpx:hr>
          </gpxtpx:TrackPointExtension>
        </extensions>
      </trkpt>
      <trkpt lat="31.47178628319464" lon="120.25383952215648">
        <ele>6.70319187361747</ele>
        <time>2025-01-10T14:46:06Z</time>
        <extensions>
          <gpxtpx:TrackPointExtension>
            <gpxtpx:hr>157</gpxtpx:hr>
          </gpxtpx:TrackPointExtension>
        </extensions>
      </trkpt>
      <trkpt lat="31.471772674248218" lon="120.25385585198735">
        <ele>6.699181383475661</ele>
        <time>2025-01-10T14:46:07Z</time>
        <extensions>
          <gpxtpx:TrackPointExtension>
            <gpxtpx:hr>157</gpxtpx:hr>
          </gpxtpx:TrackPointExtension>
        </extensions>
      </trkpt>
      <trkpt lat="31.471757350014798" lon="120.25387426369328">
        <ele>6.71253218036145</ele>
        <time>2025-01-10T14:46:08Z</time>
        <extensions>
          <gpxtpx:TrackPointExtension>
            <gpxtpx:hr>157</gpxtpx:hr>
          </gpxtpx:TrackPointExtension>
        </extensions>
      </trkpt>
      <trkpt lat="31.471741635257548" lon="120.2538938851808">
        <ele>6.732062214054167</ele>
        <time>2025-01-10T14:46:09Z</time>
        <extensions>
          <gpxtpx:TrackPointExtension>
            <gpxtpx:hr>156</gpxtpx:hr>
          </gpxtpx:TrackPointExtension>
        </extensions>
      </trkpt>
      <trkpt lat="31.47172840647146" lon="120.25391368120619">
        <ele>6.754161309450865</ele>
        <time>2025-01-10T14:46:10Z</time>
        <extensions>
          <gpxtpx:TrackPointExtension>
            <gpxtpx:hr>156</gpxtpx:hr>
          </gpxtpx:TrackPointExtension>
        </extensions>
      </trkpt>
      <trkpt lat="31.471717865162876" lon="120.25393489562633">
        <ele>6.768996764905751</ele>
        <time>2025-01-10T14:46:11Z</time>
        <extensions>
          <gpxtpx:TrackPointExtension>
            <gpxtpx:hr>156</gpxtpx:hr>
          </gpxtpx:TrackPointExtension>
        </extensions>
      </trkpt>
      <trkpt lat="31.471708051261526" lon="120.2539578198084">
        <ele>6.778750262223184</ele>
        <time>2025-01-10T14:46:12Z</time>
        <extensions>
          <gpxtpx:TrackPointExtension>
            <gpxtpx:hr>156</gpxtpx:hr>
          </gpxtpx:TrackPointExtension>
        </extensions>
      </trkpt>
      <trkpt lat="31.471699746354798" lon="120.25398012439773">
        <ele>6.794470741413534</ele>
        <time>2025-01-10T14:46:13Z</time>
        <extensions>
          <gpxtpx:TrackPointExtension>
            <gpxtpx:hr>156</gpxtpx:hr>
          </gpxtpx:TrackPointExtension>
        </extensions>
      </trkpt>
      <trkpt lat="31.471693733382562" lon="120.2540025519176">
        <ele>6.81381497066468</ele>
        <time>2025-01-10T14:46:14Z</time>
        <extensions>
          <gpxtpx:TrackPointExtension>
            <gpxtpx:hr>155</gpxtpx:hr>
          </gpxtpx:TrackPointExtension>
        </extensions>
      </trkpt>
      <trkpt lat="31.471688325426893" lon="120.25402747177966">
        <ele>6.8222336657345295</ele>
        <time>2025-01-10T14:46:15Z</time>
        <extensions>
          <gpxtpx:TrackPointExtension>
            <gpxtpx:hr>155</gpxtpx:hr>
          </gpxtpx:TrackPointExtension>
        </extensions>
      </trkpt>
      <trkpt lat="31.4716842586302" lon="120.25405335947629">
        <ele>6.819423148408532</ele>
        <time>2025-01-10T14:46:16Z</time>
        <extensions>
          <gpxtpx:TrackPointExtension>
            <gpxtpx:hr>155</gpxtpx:hr>
          </gpxtpx:TrackPointExtension>
        </extensions>
      </trkpt>
      <trkpt lat="31.47168344225921" lon="120.25407850086803">
        <ele>6.816155901178718</ele>
        <time>2025-01-10T14:46:17Z</time>
        <extensions>
          <gpxtpx:TrackPointExtension>
            <gpxtpx:hr>155</gpxtpx:hr>
          </gpxtpx:TrackPointExtension>
        </extensions>
      </trkpt>
      <trkpt lat="31.471684478008928" lon="120.25410499885554">
        <ele>6.8078655963763595</ele>
        <time>2025-01-10T14:46:18Z</time>
        <extensions>
          <gpxtpx:TrackPointExtension>
            <gpxtpx:hr>155</gpxtpx:hr>
          </gpxtpx:TrackPointExtension>
        </extensions>
      </trkpt>
      <trkpt lat="31.471685416764966" lon="120.2541325068787">
        <ele>6.7961397636681795</ele>
        <time>2025-01-10T14:46:19Z</time>
        <extensions>
          <gpxtpx:TrackPointExtension>
            <gpxtpx:hr>157</gpxtpx:hr>
          </gpxtpx:TrackPointExtension>
        </extensions>
      </trkpt>
      <trkpt lat="31.47168758704738" lon="120.25415899736777">
        <ele>6.772410085424781</ele>
        <time>2025-01-10T14:46:20Z</time>
        <extensions>
          <gpxtpx:TrackPointExtension>
            <gpxtpx:hr>157</gpxtpx:hr>
          </gpxtpx:TrackPointExtension>
        </extensions>
      </trkpt>
      <trkpt lat="31.47169146482344" lon="120.25418632453433">
        <ele>6.740829727612436</ele>
        <time>2025-01-10T14:46:21Z</time>
        <extensions>
          <gpxtpx:TrackPointExtension>
            <gpxtpx:hr>157</gpxtpx:hr>
          </gpxtpx:TrackPointExtension>
        </extensions>
      </trkpt>
      <trkpt lat="31.471697359333895" lon="120.25421548194392">
        <ele>6.696947420015931</ele>
        <time>2025-01-10T14:46:22Z</time>
        <extensions>
          <gpxtpx:TrackPointExtension>
            <gpxtpx:hr>159</gpxtpx:hr>
          </gpxtpx:TrackPointExtension>
        </extensions>
      </trkpt>
      <trkpt lat="31.471705982331425" lon="120.25424380212047">
        <ele>6.643941923044622</ele>
        <time>2025-01-10T14:46:23Z</time>
        <extensions>
          <gpxtpx:TrackPointExtension>
            <gpxtpx:hr>159</gpxtpx:hr>
          </gpxtpx:TrackPointExtension>
        </extensions>
      </trkpt>
      <trkpt lat="31.471716504474482" lon="120.25426959698093">
        <ele>6.576777912676334</ele>
        <time>2025-01-10T14:46:24Z</time>
        <extensions>
          <gpxtpx:TrackPointExtension>
            <gpxtpx:hr>159</gpxtpx:hr>
          </gpxtpx:TrackPointExtension>
        </extensions>
      </trkpt>
      <trkpt lat="31.471727819433713" lon="120.25429434176253">
        <ele>6.502511478960514</ele>
        <time>2025-01-10T14:46:25Z</time>
        <extensions>
          <gpxtpx:TrackPointExtension>
            <gpxtpx:hr>159</gpxtpx:hr>
          </gpxtpx:TrackPointExtension>
        </extensions>
      </trkpt>
      <trkpt lat="31.471739517999307" lon="120.25431806092222">
        <ele>6.422122294083238</ele>
        <time>2025-01-10T14:46:26Z</time>
        <extensions>
          <gpxtpx:TrackPointExtension>
            <gpxtpx:hr>159</gpxtpx:hr>
          </gpxtpx:TrackPointExtension>
        </extensions>
      </trkpt>
      <trkpt lat="31.471752703495866" lon="120.25434123314152">
        <ele>6.3483691941946745</ele>
        <time>2025-01-10T14:46:27Z</time>
        <extensions>
          <gpxtpx:TrackPointExtension>
            <gpxtpx:hr>159</gpxtpx:hr>
          </gpxtpx:TrackPointExtension>
        </extensions>
      </trkpt>
      <trkpt lat="31.47176730543949" lon="120.25436449516219">
        <ele>6.2720894776284695</ele>
        <time>2025-01-10T14:46:28Z</time>
        <extensions>
          <gpxtpx:TrackPointExtension>
            <gpxtpx:hr>160</gpxtpx:hr>
          </gpxtpx:TrackPointExtension>
        </extensions>
      </trkpt>
      <trkpt lat="31.47178310487952" lon="120.25438678667365">
        <ele>6.198463981039822</ele>
        <time>2025-01-10T14:46:29Z</time>
        <extensions>
          <gpxtpx:TrackPointExtension>
            <gpxtpx:hr>160</gpxtpx:hr>
          </gpxtpx:TrackPointExtension>
        </extensions>
      </trkpt>
      <trkpt lat="31.471800394904285" lon="120.2544081635111">
        <ele>6.1349832294508815</ele>
        <time>2025-01-10T14:46:30Z</time>
        <extensions>
          <gpxtpx:TrackPointExtension>
            <gpxtpx:hr>160</gpxtpx:hr>
          </gpxtpx:TrackPointExtension>
        </extensions>
      </trkpt>
      <trkpt lat="31.47181929414768" lon="120.25442769971717">
        <ele>6.084601294249296</ele>
        <time>2025-01-10T14:46:31Z</time>
        <extensions>
          <gpxtpx:TrackPointExtension>
            <gpxtpx:hr>160</gpxtpx:hr>
          </gpxtpx:TrackPointExtension>
        </extensions>
      </trkpt>
      <trkpt lat="31.471840085252342" lon="120.2544426613449">
        <ele>6.026992427185178</ele>
        <time>2025-01-10T14:46:32Z</time>
        <extensions>
          <gpxtpx:TrackPointExtension>
            <gpxtpx:hr>160</gpxtpx:hr>
          </gpxtpx:TrackPointExtension>
        </extensions>
      </trkpt>
      <trkpt lat="31.471862215218458" lon="120.25445303592468">
        <ele>5.973852780647576</ele>
        <time>2025-01-10T14:46:33Z</time>
        <extensions>
          <gpxtpx:TrackPointExtension>
            <gpxtpx:hr>160</gpxtpx:hr>
          </gpxtpx:TrackPointExtension>
        </extensions>
      </trkpt>
      <trkpt lat="31.471885791119902" lon="120.25446370281291">
        <ele>5.932025424204767</ele>
        <time>2025-01-10T14:46:34Z</time>
        <extensions>
          <gpxtpx:TrackPointExtension>
            <gpxtpx:hr>160</gpxtpx:hr>
          </gpxtpx:TrackPointExtension>
        </extensions>
      </trkpt>
      <trkpt lat="31.47190935251421" lon="120.25447692582178">
        <ele>5.903699620626867</ele>
        <time>2025-01-10T14:46:35Z</time>
        <extensions>
          <gpxtpx:TrackPointExtension>
            <gpxtpx:hr>163</gpxtpx:hr>
          </gpxtpx:TrackPointExtension>
        </extensions>
      </trkpt>
      <trkpt lat="31.471930605160125" lon="120.25448875275602">
        <ele>5.889557620510459</ele>
        <time>2025-01-10T14:46:36Z</time>
        <extensions>
          <gpxtpx:TrackPointExtension>
            <gpxtpx:hr>163</gpxtpx:hr>
          </gpxtpx:TrackPointExtension>
        </extensions>
      </trkpt>
      <trkpt lat="31.471951859917052" lon="120.25449786401376">
        <ele>5.880158493295312</ele>
        <time>2025-01-10T14:46:37Z</time>
        <extensions>
          <gpxtpx:TrackPointExtension>
            <gpxtpx:hr>163</gpxtpx:hr>
          </gpxtpx:TrackPointExtension>
        </extensions>
      </trkpt>
      <trkpt lat="31.471974085645005" lon="120.25450565513896">
        <ele>5.8754867259413</ele>
        <time>2025-01-10T14:46:38Z</time>
        <extensions>
          <gpxtpx:TrackPointExtension>
            <gpxtpx:hr>163</gpxtpx:hr>
          </gpxtpx:TrackPointExtension>
        </extensions>
      </trkpt>
      <trkpt lat="31.47199634329707" lon="120.25451129416406">
        <ele>5.879882958717644</ele>
        <time>2025-01-10T14:46:39Z</time>
        <extensions>
          <gpxtpx:TrackPointExtension>
            <gpxtpx:hr>163</gpxtpx:hr>
          </gpxtpx:TrackPointExtension>
        </extensions>
      </trkpt>
      <trkpt lat="31.472021026447425" lon="120.25451526845372">
        <ele>5.898989853449166</ele>
        <time>2025-01-10T14:46:40Z</time>
        <extensions>
          <gpxtpx:TrackPointExtension>
            <gpxtpx:hr>163</gpxtpx:hr>
          </gpxtpx:TrackPointExtension>
        </extensions>
      </trkpt>
      <trkpt lat="31.472047300937184" lon="120.25451948897073">
        <ele>5.918188034556806</ele>
        <time>2025-01-10T14:46:41Z</time>
        <extensions>
          <gpxtpx:TrackPointExtension>
            <gpxtpx:hr>165</gpxtpx:hr>
          </gpxtpx:TrackPointExtension>
        </extensions>
      </trkpt>
      <trkpt lat="31.472072299206424" lon="120.25452388235838">
        <ele>5.949538771994412</ele>
        <time>2025-01-10T14:46:42Z</time>
        <extensions>
          <gpxtpx:TrackPointExtension>
            <gpxtpx:hr>165</gpxtpx:hr>
          </gpxtpx:TrackPointExtension>
        </extensions>
      </trkpt>
      <trkpt lat="31.472097136307603" lon="120.25452862551329">
        <ele>5.973883080296218</ele>
        <time>2025-01-10T14:46:43Z</time>
        <extensions>
          <gpxtpx:TrackPointExtension>
            <gpxtpx:hr>165</gpxtpx:hr>
          </gpxtpx:TrackPointExtension>
        </extensions>
      </trkpt>
      <trkpt lat="31.472122759259314" lon="120.25453404410125">
        <ele>6.011733464896679</ele>
        <time>2025-01-10T14:46:44Z</time>
        <extensions>
          <gpxtpx:TrackPointExtension>
            <gpxtpx:hr>165</gpxtpx:hr>
          </gpxtpx:TrackPointExtension>
        </extensions>
      </trkpt>
      <trkpt lat="31.472148178237006" lon="120.2545388450101">
        <ele>6.044855163432658</ele>
        <time>2025-01-10T14:46:45Z</time>
        <extensions>
          <gpxtpx:TrackPointExtension>
            <gpxtpx:hr>165</gpxtpx:hr>
          </gpxtpx:TrackPointExtension>
        </extensions>
      </trkpt>
      <trkpt lat="31.472173531026527" lon="120.25454326740719">
        <ele>6.078760932199657</ele>
        <time>2025-01-10T14:46:46Z</time>
        <extensions>
          <gpxtpx:TrackPointExtension>
            <gpxtpx:hr>165</gpxtpx:hr>
          </gpxtpx:TrackPointExtension>
        </extensions>
      </trkpt>
      <trkpt lat="31.472199559303412" lon="120.25454879291283">
        <ele>6.105200543068349</ele>
        <time>2025-01-10T14:46:47Z</time>
        <extensions>
          <gpxtpx:TrackPointExtension>
            <gpxtpx:hr>165</gpxtpx:hr>
          </gpxtpx:TrackPointExtension>
        </extensions>
      </trkpt>
      <trkpt lat="31.472225945354154" lon="120.25455460612261">
        <ele>6.111264802515507</ele>
        <time>2025-01-10T14:46:48Z</time>
        <extensions>
          <gpxtpx:TrackPointExtension>
            <gpxtpx:hr>165</gpxtpx:hr>
          </gpxtpx:TrackPointExtension>
        </extensions>
      </trkpt>
      <trkpt lat="31.472252920102896" lon="120.25455890353074">
        <ele>6.1290099415928125</ele>
        <time>2025-01-10T14:46:49Z</time>
        <extensions>
          <gpxtpx:TrackPointExtension>
            <gpxtpx:hr>165</gpxtpx:hr>
          </gpxtpx:TrackPointExtension>
        </extensions>
      </trkpt>
      <trkpt lat="31.472280617267568" lon="120.25456400278257">
        <ele>6.171466735191643</ele>
        <time>2025-01-10T14:46:50Z</time>
        <extensions>
          <gpxtpx:TrackPointExtension>
            <gpxtpx:hr>165</gpxtpx:hr>
          </gpxtpx:TrackPointExtension>
        </extensions>
      </trkpt>
      <trkpt lat="31.472307534648394" lon="120.25457097145936">
        <ele>6.230104681104422</ele>
        <time>2025-01-10T14:46:51Z</time>
        <extensions>
          <gpxtpx:TrackPointExtension>
            <gpxtpx:hr>165</gpxtpx:hr>
          </gpxtpx:TrackPointExtension>
        </extensions>
      </trkpt>
      <trkpt lat="31.472333075279046" lon="120.25457795781375">
        <ele>6.285699225030839</ele>
        <time>2025-01-10T14:46:52Z</time>
        <extensions>
          <gpxtpx:TrackPointExtension>
            <gpxtpx:hr>166</gpxtpx:hr>
          </gpxtpx:TrackPointExtension>
        </extensions>
      </trkpt>
      <trkpt lat="31.472358156564574" lon="120.25458479199993">
        <ele>6.333658458665013</ele>
        <time>2025-01-10T14:46:53Z</time>
        <extensions>
          <gpxtpx:TrackPointExtension>
            <gpxtpx:hr>166</gpxtpx:hr>
          </gpxtpx:TrackPointExtension>
        </extensions>
      </trkpt>
      <trkpt lat="31.472382610841812" lon="120.2545906384623">
        <ele>6.398329044692218</ele>
        <time>2025-01-10T14:46:54Z</time>
        <extensions>
          <gpxtpx:TrackPointExtension>
            <gpxtpx:hr>166</gpxtpx:hr>
          </gpxtpx:TrackPointExtension>
        </extensions>
      </trkpt>
      <trkpt lat="31.472408054496363" lon="120.25459602783721">
        <ele>6.46995211020112</ele>
        <time>2025-01-10T14:46:55Z</time>
        <extensions>
          <gpxtpx:TrackPointExtension>
            <gpxtpx:hr>166</gpxtpx:hr>
          </gpxtpx:TrackPointExtension>
        </extensions>
      </trkpt>
      <trkpt lat="31.472436294832754" lon="120.2546018830029">
        <ele>6.569206318818033</ele>
        <time>2025-01-10T14:46:56Z</time>
        <extensions>
          <gpxtpx:TrackPointExtension>
            <gpxtpx:hr>167</gpxtpx:hr>
          </gpxtpx:TrackPointExtension>
        </extensions>
      </trkpt>
      <trkpt lat="31.472464857094877" lon="120.25460713323818">
        <ele>6.678126830607653</ele>
        <time>2025-01-10T14:46:57Z</time>
        <extensions>
          <gpxtpx:TrackPointExtension>
            <gpxtpx:hr>167</gpxtpx:hr>
          </gpxtpx:TrackPointExtension>
        </extensions>
      </trkpt>
      <trkpt lat="31.47249056972081" lon="120.2546100948271">
        <ele>6.77572900429368</ele>
        <time>2025-01-10T14:46:58Z</time>
        <extensions>
          <gpxtpx:TrackPointExtension>
            <gpxtpx:hr>167</gpxtpx:hr>
          </gpxtpx:TrackPointExtension>
        </extensions>
      </trkpt>
      <trkpt lat="31.472517426061057" lon="120.25461189225749">
        <ele>6.878427640534937</ele>
        <time>2025-01-10T14:46:59Z</time>
        <extensions>
          <gpxtpx:TrackPointExtension>
            <gpxtpx:hr>167</gpxtpx:hr>
          </gpxtpx:TrackPointExtension>
        </extensions>
      </trkpt>
      <trkpt lat="31.47254883581734" lon="120.25461394343642">
        <ele>6.982972413301468</ele>
        <time>2025-01-10T14:47:00Z</time>
        <extensions>
          <gpxtpx:TrackPointExtension>
            <gpxtpx:hr>167</gpxtpx:hr>
          </gpxtpx:TrackPointExtension>
        </extensions>
      </trkpt>
      <trkpt lat="31.47258171512768" lon="120.25461615933057">
        <ele>7.081761314533651</ele>
        <time>2025-01-10T14:47:01Z</time>
        <extensions>
          <gpxtpx:TrackPointExtension>
            <gpxtpx:hr>169</gpxtpx:hr>
          </gpxtpx:TrackPointExtension>
        </extensions>
      </trkpt>
      <trkpt lat="31.472614998190547" lon="120.25461863448089">
        <ele>7.169981005601585</ele>
        <time>2025-01-10T14:47:02Z</time>
        <extensions>
          <gpxtpx:TrackPointExtension>
            <gpxtpx:hr>169</gpxtpx:hr>
          </gpxtpx:TrackPointExtension>
        </extensions>
      </trkpt>
      <trkpt lat="31.472649180200044" lon="120.25462195273678">
        <ele>7.258657420054078</ele>
        <time>2025-01-10T14:47:03Z</time>
        <extensions>
          <gpxtpx:TrackPointExtension>
            <gpxtpx:hr>169</gpxtpx:hr>
          </gpxtpx:TrackPointExtension>
        </extensions>
      </trkpt>
      <trkpt lat="31.47268276005013" lon="120.2546254611047">
        <ele>7.330193248577416</ele>
        <time>2025-01-10T14:47:04Z</time>
        <extensions>
          <gpxtpx:TrackPointExtension>
            <gpxtpx:hr>169</gpxtpx:hr>
          </gpxtpx:TrackPointExtension>
        </extensions>
      </trkpt>
      <trkpt lat="31.47271473950071" lon="120.25462920866697">
        <ele>7.393309553153813</ele>
        <time>2025-01-10T14:47:05Z</time>
        <extensions>
          <gpxtpx:TrackPointExtension>
            <gpxtpx:hr>169</gpxtpx:hr>
          </gpxtpx:TrackPointExtension>
        </extensions>
      </trkpt>
      <trkpt lat="31.47274453375971" lon="120.25463279560485">
        <ele>7.45868297945708</ele>
        <time>2025-01-10T14:47:06Z</time>
        <extensions>
          <gpxtpx:TrackPointExtension>
            <gpxtpx:hr>169</gpxtpx:hr>
          </gpxtpx:TrackPointExtension>
        </extensions>
      </trkpt>
      <trkpt lat="31.47277274920002" lon="120.25463427712637">
        <ele>7.500365109182894</ele>
        <time>2025-01-10T14:47:07Z</time>
        <extensions>
          <gpxtpx:TrackPointExtension>
            <gpxtpx:hr>169</gpxtpx:hr>
          </gpxtpx:TrackPointExtension>
        </extensions>
      </trkpt>
      <trkpt lat="31.472800856536328" lon="120.25463281976039">
        <ele>7.521040637046099</ele>
        <time>2025-01-10T14:47:08Z</time>
        <extensions>
          <gpxtpx:TrackPointExtension>
            <gpxtpx:hr>169</gpxtpx:hr>
          </gpxtpx:TrackPointExtension>
        </extensions>
      </trkpt>
      <trkpt lat="31.472827555362812" lon="120.25462822954286">
        <ele>7.531517964787781</ele>
        <time>2025-01-10T14:47:09Z</time>
        <extensions>
          <gpxtpx:TrackPointExtension>
            <gpxtpx:hr>169</gpxtpx:hr>
          </gpxtpx:TrackPointExtension>
        </extensions>
      </trkpt>
      <trkpt lat="31.472853441925878" lon="120.2546219367946">
        <ele>7.535286319442093</ele>
        <time>2025-01-10T14:47:10Z</time>
        <extensions>
          <gpxtpx:TrackPointExtension>
            <gpxtpx:hr>169</gpxtpx:hr>
          </gpxtpx:TrackPointExtension>
        </extensions>
      </trkpt>
      <trkpt lat="31.47288033557537" lon="120.25461340751797">
        <ele>7.516312224790454</ele>
        <time>2025-01-10T14:47:11Z</time>
        <extensions>
          <gpxtpx:TrackPointExtension>
            <gpxtpx:hr>169</gpxtpx:hr>
          </gpxtpx:TrackPointExtension>
        </extensions>
      </trkpt>
      <trkpt lat="31.472906923700386" lon="120.25460195954646">
        <ele>7.482989598996937</ele>
        <time>2025-01-10T14:47:12Z</time>
        <extensions>
          <gpxtpx:TrackPointExtension>
            <gpxtpx:hr>169</gpxtpx:hr>
          </gpxtpx:TrackPointExtension>
        </extensions>
      </trkpt>
      <trkpt lat="31.47293255489174" lon="120.25458732781986">
        <ele>7.453263387084007</ele>
        <time>2025-01-10T14:47:13Z</time>
        <extensions>
          <gpxtpx:TrackPointExtension>
            <gpxtpx:hr>170</gpxtpx:hr>
          </gpxtpx:TrackPointExtension>
        </extensions>
      </trkpt>
      <trkpt lat="31.47295720547554" lon="120.25456969179544">
        <ele>7.415225880220532</ele>
        <time>2025-01-10T14:47:14Z</time>
        <extensions>
          <gpxtpx:TrackPointExtension>
            <gpxtpx:hr>170</gpxtpx:hr>
          </gpxtpx:TrackPointExtension>
        </extensions>
      </trkpt>
      <trkpt lat="31.472978787801523" lon="120.25455147504476">
        <ele>7.371280990540981</ele>
        <time>2025-01-10T14:47:15Z</time>
        <extensions>
          <gpxtpx:TrackPointExtension>
            <gpxtpx:hr>170</gpxtpx:hr>
          </gpxtpx:TrackPointExtension>
        </extensions>
      </trkpt>
      <trkpt lat="31.472998341414687" lon="120.25453283578877">
        <ele>7.333612525835633</ele>
        <time>2025-01-10T14:47:16Z</time>
        <extensions>
          <gpxtpx:TrackPointExtension>
            <gpxtpx:hr>170</gpxtpx:hr>
          </gpxtpx:TrackPointExtension>
        </extensions>
      </trkpt>
      <trkpt lat="31.473017822665884" lon="120.25451187970887">
        <ele>7.29977760463953</ele>
        <time>2025-01-10T14:47:17Z</time>
        <extensions>
          <gpxtpx:TrackPointExtension>
            <gpxtpx:hr>172</gpxtpx:hr>
          </gpxtpx:TrackPointExtension>
        </extensions>
      </trkpt>
      <trkpt lat="31.47303553362364" lon="120.25448933246783">
        <ele>7.2636932535097</ele>
        <time>2025-01-10T14:47:18Z</time>
        <extensions>
          <gpxtpx:TrackPointExtension>
            <gpxtpx:hr>172</gpxtpx:hr>
          </gpxtpx:TrackPointExtension>
        </extensions>
      </trkpt>
      <trkpt lat="31.4730509070875" lon="120.25446661920274">
        <ele>7.229390429332852</ele>
        <time>2025-01-10T14:47:19Z</time>
        <extensions>
          <gpxtpx:TrackPointExtension>
            <gpxtpx:hr>172</gpxtpx:hr>
          </gpxtpx:TrackPointExtension>
        </extensions>
      </trkpt>
      <trkpt lat="31.473065520528458" lon="120.25444244931838">
        <ele>7.196960120461881</ele>
        <time>2025-01-10T14:47:20Z</time>
        <extensions>
          <gpxtpx:TrackPointExtension>
            <gpxtpx:hr>172</gpxtpx:hr>
          </gpxtpx:TrackPointExtension>
        </extensions>
      </trkpt>
      <trkpt lat="31.47307839589274" lon="120.25441813975415">
        <ele>7.183447123505175</ele>
        <time>2025-01-10T14:47:21Z</time>
        <extensions>
          <gpxtpx:TrackPointExtension>
            <gpxtpx:hr>172</gpxtpx:hr>
          </gpxtpx:TrackPointExtension>
        </extensions>
      </trkpt>
      <trkpt lat="31.473087002283858" lon="120.25439616145745">
        <ele>7.16540614888072</ele>
        <time>2025-01-10T14:47:22Z</time>
        <extensions>
          <gpxtpx:TrackPointExtension>
            <gpxtpx:hr>173</gpxtpx:hr>
          </gpxtpx:TrackPointExtension>
        </extensions>
      </trkpt>
      <trkpt lat="31.473092657475366" lon="120.25437425709828">
        <ele>7.154725598171353</ele>
        <time>2025-01-10T14:47:23Z</time>
        <extensions>
          <gpxtpx:TrackPointExtension>
            <gpxtpx:hr>173</gpxtpx:hr>
          </gpxtpx:TrackPointExtension>
        </extensions>
      </trkpt>
      <trkpt lat="31.47309679284192" lon="120.2543505780935">
        <ele>7.155151979997754</ele>
        <time>2025-01-10T14:47:24Z</time>
        <extensions>
          <gpxtpx:TrackPointExtension>
            <gpxtpx:hr>173</gpxtpx:hr>
          </gpxtpx:TrackPointExtension>
        </extensions>
      </trkpt>
      <trkpt lat="31.473100008411393" lon="120.25432608088074">
        <ele>7.164780516177416</ele>
        <time>2025-01-10T14:47:25Z</time>
        <extensions>
          <gpxtpx:TrackPointExtension>
            <gpxtpx:hr>173</gpxtpx:hr>
          </gpxtpx:TrackPointExtension>
        </extensions>
      </trkpt>
      <trkpt lat="31.47310378765787" lon="120.25429936153604">
        <ele>7.1755064483731985</ele>
        <time>2025-01-10T14:47:26Z</time>
        <extensions>
          <gpxtpx:TrackPointExtension>
            <gpxtpx:hr>173</gpxtpx:hr>
          </gpxtpx:TrackPointExtension>
        </extensions>
      </trkpt>
      <trkpt lat="31.473106898108654" lon="120.25427063708655">
        <ele>7.185814070515335</ele>
        <time>2025-01-10T14:47:27Z</time>
        <extensions>
          <gpxtpx:TrackPointExtension>
            <gpxtpx:hr>173</gpxtpx:hr>
          </gpxtpx:TrackPointExtension>
        </extensions>
      </trkpt>
      <trkpt lat="31.47310852422763" lon="120.25424317783144">
        <ele>7.20523127168417</ele>
        <time>2025-01-10T14:47:28Z</time>
        <extensions>
          <gpxtpx:TrackPointExtension>
            <gpxtpx:hr>174</gpxtpx:hr>
          </gpxtpx:TrackPointExtension>
        </extensions>
      </trkpt>
      <trkpt lat="31.473109466904816" lon="120.25421709163304">
        <ele>7.232110088691115</ele>
        <time>2025-01-10T14:47:29Z</time>
        <extensions>
          <gpxtpx:TrackPointExtension>
            <gpxtpx:hr>174</gpxtpx:hr>
          </gpxtpx:TrackPointExtension>
        </extensions>
      </trkpt>
      <trkpt lat="31.473108884113525" lon="120.25419079929968">
        <ele>7.247550306841731</ele>
        <time>2025-01-10T14:47:30Z</time>
        <extensions>
          <gpxtpx:TrackPointExtension>
            <gpxtpx:hr>174</gpxtpx:hr>
          </gpxtpx:TrackPointExtension>
        </extensions>
      </trkpt>
      <trkpt lat="31.473105653202786" lon="120.25416531310391">
        <ele>7.272081811912358</ele>
        <time>2025-01-10T14:47:31Z</time>
        <extensions>
          <gpxtpx:TrackPointExtension>
            <gpxtpx:hr>174</gpxtpx:hr>
          </gpxtpx:TrackPointExtension>
        </extensions>
      </trkpt>
      <trkpt lat="31.47309991348389" lon="120.25414150792223">
        <ele>7.2960428120568395</ele>
        <time>2025-01-10T14:47:32Z</time>
        <extensions>
          <gpxtpx:TrackPointExtension>
            <gpxtpx:hr>174</gpxtpx:hr>
          </gpxtpx:TrackPointExtension>
        </extensions>
      </trkpt>
      <trkpt lat="31.47309168094635" lon="120.25411749753887">
        <ele>7.309750445187092</ele>
        <time>2025-01-10T14:47:33Z</time>
        <extensions>
          <gpxtpx:TrackPointExtension>
            <gpxtpx:hr>174</gpxtpx:hr>
          </gpxtpx:TrackPointExtension>
        </extensions>
      </trkpt>
      <trkpt lat="31.473081924228445" lon="120.25409259603502">
        <ele>7.318360687233508</ele>
        <time>2025-01-10T14:47:34Z</time>
        <extensions>
          <gpxtpx:TrackPointExtension>
            <gpxtpx:hr>175</gpxtpx:hr>
          </gpxtpx:TrackPointExtension>
        </extensions>
      </trkpt>
      <trkpt lat="31.47307133016623" lon="120.25406788951844">
        <ele>7.329625411890447</ele>
        <time>2025-01-10T14:47:35Z</time>
        <extensions>
          <gpxtpx:TrackPointExtension>
            <gpxtpx:hr>175</gpxtpx:hr>
          </gpxtpx:TrackPointExtension>
        </extensions>
      </trkpt>
      <trkpt lat="31.473059702281407" lon="120.25404258197571">
        <ele>7.340417030267417</ele>
        <time>2025-01-10T14:47:36Z</time>
        <extensions>
          <gpxtpx:TrackPointExtension>
            <gpxtpx:hr>175</gpxtpx:hr>
          </gpxtpx:TrackPointExtension>
        </extensions>
      </trkpt>
      <trkpt lat="31.473046961867233" lon="120.25401736370227">
        <ele>7.344448487274349</ele>
        <time>2025-01-10T14:47:37Z</time>
        <extensions>
          <gpxtpx:TrackPointExtension>
            <gpxtpx:hr>175</gpxtpx:hr>
          </gpxtpx:TrackPointExtension>
        </extensions>
      </trkpt>
      <trkpt lat="31.473033487029852" lon="120.2539950949452">
        <ele>7.35215297807008</ele>
        <time>2025-01-10T14:47:38Z</time>
        <extensions>
          <gpxtpx:TrackPointExtension>
            <gpxtpx:hr>175</gpxtpx:hr>
          </gpxtpx:TrackPointExtension>
        </extensions>
      </trkpt>
      <trkpt lat="31.473018710349262" lon="120.25397422053231">
        <ele>7.353517183102667</ele>
        <time>2025-01-10T14:47:39Z</time>
        <extensions>
          <gpxtpx:TrackPointExtension>
            <gpxtpx:hr>175</gpxtpx:hr>
          </gpxtpx:TrackPointExtension>
        </extensions>
      </trkpt>
      <trkpt lat="31.473001720103337" lon="120.25395233703783">
        <ele>7.3591227028518915</ele>
        <time>2025-01-10T14:47:40Z</time>
        <extensions>
          <gpxtpx:TrackPointExtension>
            <gpxtpx:hr>178</gpxtpx:hr>
          </gpxtpx:TrackPointExtension>
        </extensions>
      </trkpt>
      <trkpt lat="31.472983086074027" lon="120.25393112829913">
        <ele>7.366776023991406</ele>
        <time>2025-01-10T14:47:41Z</time>
        <extensions>
          <gpxtpx:TrackPointExtension>
            <gpxtpx:hr>178</gpxtpx:hr>
          </gpxtpx:TrackPointExtension>
        </extensions>
      </trkpt>
      <trkpt lat="31.472962608187306" lon="120.25391247207024">
        <ele>7.369507388211787</ele>
        <time>2025-01-10T14:47:42Z</time>
        <extensions>
          <gpxtpx:TrackPointExtension>
            <gpxtpx:hr>178</gpxtpx:hr>
          </gpxtpx:TrackPointExtension>
        </extensions>
      </trkpt>
      <trkpt lat="31.472940653201814" lon="120.25389622866035">
        <ele>7.3768573850393295</ele>
        <time>2025-01-10T14:47:43Z</time>
        <extensions>
          <gpxtpx:TrackPointExtension>
            <gpxtpx:hr>178</gpxtpx:hr>
          </gpxtpx:TrackPointExtension>
        </extensions>
      </trkpt>
      <trkpt lat="31.472919557499356" lon="120.2538819848021">
        <ele>7.378518380224705</ele>
        <time>2025-01-10T14:47:44Z</time>
        <extensions>
          <gpxtpx:TrackPointExtension>
            <gpxtpx:hr>178</gpxtpx:hr>
          </gpxtpx:TrackPointExtension>
        </extensions>
      </trkpt>
      <trkpt lat="31.472899151106468" lon="120.25386800874892">
        <ele>7.373433564789593</ele>
        <time>2025-01-10T14:47:45Z</time>
        <extensions>
          <gpxtpx:TrackPointExtension>
            <gpxtpx:hr>178</gpxtpx:hr>
          </gpxtpx:TrackPointExtension>
        </extensions>
      </trkpt>
      <trkpt lat="31.472877599551666" lon="120.25385386356243">
        <ele>7.36030094511807</ele>
        <time>2025-01-10T14:47:46Z</time>
        <extensions>
          <gpxtpx:TrackPointExtension>
            <gpxtpx:hr>178</gpxtpx:hr>
          </gpxtpx:TrackPointExtension>
        </extensions>
      </trkpt>
      <trkpt lat="31.472856116449037" lon="120.25384196026974">
        <ele>7.346833090297878</ele>
        <time>2025-01-10T14:47:47Z</time>
        <extensions>
          <gpxtpx:TrackPointExtension>
            <gpxtpx:hr>178</gpxtpx:hr>
          </gpxtpx:TrackPointExtension>
        </extensions>
      </trkpt>
      <trkpt lat="31.47283502327903" lon="120.25383379082321">
        <ele>7.334172450006008</ele>
        <time>2025-01-10T14:47:48Z</time>
        <extensions>
          <gpxtpx:TrackPointExtension>
            <gpxtpx:hr>176</gpxtpx:hr>
          </gpxtpx:TrackPointExtension>
        </extensions>
      </trkpt>
      <trkpt lat="31.472812281190695" lon="120.25382839866857">
        <ele>7.3288878640159965</ele>
        <time>2025-01-10T14:47:49Z</time>
        <extensions>
          <gpxtpx:TrackPointExtension>
            <gpxtpx:hr>176</gpxtpx:hr>
          </gpxtpx:TrackPointExtension>
        </extensions>
      </trkpt>
      <trkpt lat="31.472788274060992" lon="120.25382444081625">
        <ele>7.337023486383259</ele>
        <time>2025-01-10T14:47:50Z</time>
        <extensions>
          <gpxtpx:TrackPointExtension>
            <gpxtpx:hr>176</gpxtpx:hr>
          </gpxtpx:TrackPointExtension>
        </extensions>
      </trkpt>
      <trkpt lat="31.472763702700682" lon="120.25382105993968">
        <ele>7.3218891294673085</ele>
        <time>2025-01-10T14:47:51Z</time>
        <extensions>
          <gpxtpx:TrackPointExtension>
            <gpxtpx:hr>176</gpxtpx:hr>
          </gpxtpx:TrackPointExtension>
        </extensions>
      </trkpt>
      <trkpt lat="31.472738139144735" lon="120.2538176662267">
        <ele>7.305558638647199</ele>
        <time>2025-01-10T14:47:52Z</time>
        <extensions>
          <gpxtpx:TrackPointExtension>
            <gpxtpx:hr>176</gpxtpx:hr>
          </gpxtpx:TrackPointExtension>
        </extensions>
      </trkpt>
      <trkpt lat="31.47271283867647" lon="120.25381342563418">
        <ele>7.294712238945067</ele>
        <time>2025-01-10T14:47:53Z</time>
        <extensions>
          <gpxtpx:TrackPointExtension>
            <gpxtpx:hr>176</gpxtpx:hr>
          </gpxtpx:TrackPointExtension>
        </extensions>
      </trkpt>
      <trkpt lat="31.472688430232395" lon="120.25380855080675">
        <ele>7.265577760525048</ele>
        <time>2025-01-10T14:47:54Z</time>
        <extensions>
          <gpxtpx:TrackPointExtension>
            <gpxtpx:hr>175</gpxtpx:hr>
          </gpxtpx:TrackPointExtension>
        </extensions>
      </trkpt>
      <trkpt lat="31.47266331510666" lon="120.25380395696618">
        <ele>7.241194423288107</ele>
        <time>2025-01-10T14:47:55Z</time>
        <extensions>
          <gpxtpx:TrackPointExtension>
            <gpxtpx:hr>175</gpxtpx:hr>
          </gpxtpx:TrackPointExtension>
        </extensions>
      </trkpt>
      <trkpt lat="31.47263783105891" lon="120.25379947522332">
        <ele>7.212977210991085</ele>
        <time>2025-01-10T14:47:56Z</time>
        <extensions>
          <gpxtpx:TrackPointExtension>
            <gpxtpx:hr>175</gpxtpx:hr>
          </gpxtpx:TrackPointExtension>
        </extensions>
      </trkpt>
      <trkpt lat="31.472614196765697" lon="120.25379554164971">
        <ele>7.178267806768417</ele>
        <time>2025-01-10T14:47:57Z</time>
        <extensions>
          <gpxtpx:TrackPointExtension>
            <gpxtpx:hr>175</gpxtpx:hr>
          </gpxtpx:TrackPointExtension>
        </extensions>
      </trkpt>
      <trkpt lat="31.47259189622306" lon="120.25379245903252">
        <ele>7.147431114688516</ele>
        <time>2025-01-10T14:47:58Z</time>
        <extensions>
          <gpxtpx:TrackPointExtension>
            <gpxtpx:hr>177</gpxtpx:hr>
          </gpxtpx:TrackPointExtension>
        </extensions>
      </trkpt>
      <trkpt lat="31.472569359175917" lon="120.25378975417509">
        <ele>7.127697438001633</ele>
        <time>2025-01-10T14:47:59Z</time>
        <extensions>
          <gpxtpx:TrackPointExtension>
            <gpxtpx:hr>177</gpxtpx:hr>
          </gpxtpx:TrackPointExtension>
        </extensions>
      </trkpt>
      <trkpt lat="31.472546935961326" lon="120.25378763278576">
        <ele>7.099613049998879</ele>
        <time>2025-01-10T14:48:00Z</time>
        <extensions>
          <gpxtpx:TrackPointExtension>
            <gpxtpx:hr>177</gpxtpx:hr>
          </gpxtpx:TrackPointExtension>
        </extensions>
      </trkpt>
      <trkpt lat="31.47252352549818" lon="120.25378625192512">
        <ele>7.064420790411532</ele>
        <time>2025-01-10T14:48:01Z</time>
        <extensions>
          <gpxtpx:TrackPointExtension>
            <gpxtpx:hr>177</gpxtpx:hr>
          </gpxtpx:TrackPointExtension>
        </extensions>
      </trkpt>
      <trkpt lat="31.47249820685197" lon="120.25378485246038">
        <ele>7.027830811217427</ele>
        <time>2025-01-10T14:48:02Z</time>
        <extensions>
          <gpxtpx:TrackPointExtension>
            <gpxtpx:hr>177</gpxtpx:hr>
          </gpxtpx:TrackPointExtension>
        </extensions>
      </trkpt>
      <trkpt lat="31.47247393702916" lon="120.25378270076455">
        <ele>6.992082788608968</ele>
        <time>2025-01-10T14:48:03Z</time>
        <extensions>
          <gpxtpx:TrackPointExtension>
            <gpxtpx:hr>176</gpxtpx:hr>
          </gpxtpx:TrackPointExtension>
        </extensions>
      </trkpt>
      <trkpt lat="31.47245200153494" lon="120.25377952351641">
        <ele>6.950841951183975</ele>
        <time>2025-01-10T14:48:04Z</time>
        <extensions>
          <gpxtpx:TrackPointExtension>
            <gpxtpx:hr>176</gpxtpx:hr>
          </gpxtpx:TrackPointExtension>
        </extensions>
      </trkpt>
      <trkpt lat="31.47243068753057" lon="120.25377595517867">
        <ele>6.923876295797527</ele>
        <time>2025-01-10T14:48:05Z</time>
        <extensions>
          <gpxtpx:TrackPointExtension>
            <gpxtpx:hr>176</gpxtpx:hr>
          </gpxtpx:TrackPointExtension>
        </extensions>
      </trkpt>
      <trkpt lat="31.472409250179105" lon="120.25377266730274">
        <ele>6.898777956143022</ele>
        <time>2025-01-10T14:48:06Z</time>
        <extensions>
          <gpxtpx:TrackPointExtension>
            <gpxtpx:hr>176</gpxtpx:hr>
          </gpxtpx:TrackPointExtension>
        </extensions>
      </trkpt>
      <trkpt lat="31.47238808538994" lon="120.25377059468906">
        <ele>6.871814949437976</ele>
        <time>2025-01-10T14:48:07Z</time>
        <extensions>
          <gpxtpx:TrackPointExtension>
            <gpxtpx:hr>176</gpxtpx:hr>
          </gpxtpx:TrackPointExtension>
        </extensions>
      </trkpt>
      <trkpt lat="31.47236671259154" lon="120.25376960903189">
        <ele>6.8340817131102085</ele>
        <time>2025-01-10T14:48:08Z</time>
        <extensions>
          <gpxtpx:TrackPointExtension>
            <gpxtpx:hr>176</gpxtpx:hr>
          </gpxtpx:TrackPointExtension>
        </extensions>
      </trkpt>
      <trkpt lat="31.47234476195106" lon="120.25376770693099">
        <ele>6.7963715540245175</ele>
        <time>2025-01-10T14:48:09Z</time>
        <extensions>
          <gpxtpx:TrackPointExtension>
            <gpxtpx:hr>176</gpxtpx:hr>
          </gpxtpx:TrackPointExtension>
        </extensions>
      </trkpt>
      <trkpt lat="31.47232269837503" lon="120.25376442970537">
        <ele>6.7594201089814305</ele>
        <time>2025-01-10T14:48:10Z</time>
        <extensions>
          <gpxtpx:TrackPointExtension>
            <gpxtpx:hr>176</gpxtpx:hr>
          </gpxtpx:TrackPointExtension>
        </extensions>
      </trkpt>
      <trkpt lat="31.47229999179161" lon="120.25375987345198">
        <ele>6.720415549352765</ele>
        <time>2025-01-10T14:48:11Z</time>
        <extensions>
          <gpxtpx:TrackPointExtension>
            <gpxtpx:hr>176</gpxtpx:hr>
          </gpxtpx:TrackPointExtension>
        </extensions>
      </trkpt>
      <trkpt lat="31.472275871442392" lon="120.2537538454806">
        <ele>6.685097815468907</ele>
        <time>2025-01-10T14:48:12Z</time>
        <extensions>
          <gpxtpx:TrackPointExtension>
            <gpxtpx:hr>175</gpxtpx:hr>
          </gpxtpx:TrackPointExtension>
        </extensions>
      </trkpt>
      <trkpt lat="31.47225373291875" lon="120.25374895359857">
        <ele>6.640138776041567</ele>
        <time>2025-01-10T14:48:13Z</time>
        <extensions>
          <gpxtpx:TrackPointExtension>
            <gpxtpx:hr>175</gpxtpx:hr>
          </gpxtpx:TrackPointExtension>
        </extensions>
      </trkpt>
      <trkpt lat="31.472232900990676" lon="120.25374503823323">
        <ele>6.5996218249201775</ele>
        <time>2025-01-10T14:48:14Z</time>
        <extensions>
          <gpxtpx:TrackPointExtension>
            <gpxtpx:hr>175</gpxtpx:hr>
          </gpxtpx:TrackPointExtension>
        </extensions>
      </trkpt>
      <trkpt lat="31.472208718158733" lon="120.2537402955075">
        <ele>6.560227778740227</ele>
        <time>2025-01-10T14:48:15Z</time>
        <extensions>
          <gpxtpx:TrackPointExtension>
            <gpxtpx:hr>175</gpxtpx:hr>
          </gpxtpx:TrackPointExtension>
        </extensions>
      </trkpt>
      <trkpt lat="31.472183209235137" lon="120.25373520169542">
        <ele>6.518046034500003</ele>
        <time>2025-01-10T14:48:16Z</time>
        <extensions>
          <gpxtpx:TrackPointExtension>
            <gpxtpx:hr>175</gpxtpx:hr>
          </gpxtpx:TrackPointExtension>
        </extensions>
      </trkpt>
      <trkpt lat="31.47215906230856" lon="120.2537311406317">
        <ele>6.474703351967037</ele>
        <time>2025-01-10T14:48:17Z</time>
        <extensions>
          <gpxtpx:TrackPointExtension>
            <gpxtpx:hr>175</gpxtpx:hr>
          </gpxtpx:TrackPointExtension>
        </extensions>
      </trkpt>
      <trkpt lat="31.472134914317923" lon="120.25372887771394">
        <ele>6.430752352811396</ele>
        <time>2025-01-10T14:48:18Z</time>
        <extensions>
          <gpxtpx:TrackPointExtension>
            <gpxtpx:hr>170</gpxtpx:hr>
          </gpxtpx:TrackPointExtension>
        </extensions>
      </trkpt>
      <trkpt lat="31.47211116760203" lon="120.25372630327695">
        <ele>6.3904152642935514</ele>
        <time>2025-01-10T14:48:19Z</time>
        <extensions>
          <gpxtpx:TrackPointExtension>
            <gpxtpx:hr>170</gpxtpx:hr>
          </gpxtpx:TrackPointExtension>
        </extensions>
      </trkpt>
      <trkpt lat="31.472088825094477" lon="120.2537229424772">
        <ele>6.351985854096711</ele>
        <time>2025-01-10T14:48:20Z</time>
        <extensions>
          <gpxtpx:TrackPointExtension>
            <gpxtpx:hr>170</gpxtpx:hr>
          </gpxtpx:TrackPointExtension>
        </extensions>
      </trkpt>
      <trkpt lat="31.472065650767544" lon="120.25372004458033">
        <ele>6.313430704176426</ele>
        <time>2025-01-10T14:48:21Z</time>
        <extensions>
          <gpxtpx:TrackPointExtension>
            <gpxtpx:hr>170</gpxtpx:hr>
          </gpxtpx:TrackPointExtension>
        </extensions>
      </trkpt>
      <trkpt lat="31.472040972184075" lon="120.25371817871965">
        <ele>6.274384002201259</ele>
        <time>2025-01-10T14:48:22Z</time>
        <extensions>
          <gpxtpx:TrackPointExtension>
            <gpxtpx:hr>170</gpxtpx:hr>
          </gpxtpx:TrackPointExtension>
        </extensions>
      </trkpt>
      <trkpt lat="31.472016942570075" lon="120.25371822725933">
        <ele>6.233036993071437</ele>
        <time>2025-01-10T14:48:23Z</time>
        <extensions>
          <gpxtpx:TrackPointExtension>
            <gpxtpx:hr>170</gpxtpx:hr>
          </gpxtpx:TrackPointExtension>
        </extensions>
      </trkpt>
      <trkpt lat="31.47199413372332" lon="120.25372072051299">
        <ele>6.18296202737838</ele>
        <time>2025-01-10T14:48:24Z</time>
        <extensions>
          <gpxtpx:TrackPointExtension>
            <gpxtpx:hr>169</gpxtpx:hr>
          </gpxtpx:TrackPointExtension>
        </extensions>
      </trkpt>
      <trkpt lat="31.47197069450657" lon="120.25372490140869">
        <ele>6.135793190449476</ele>
        <time>2025-01-10T14:48:25Z</time>
        <extensions>
          <gpxtpx:TrackPointExtension>
            <gpxtpx:hr>169</gpxtpx:hr>
          </gpxtpx:TrackPointExtension>
        </extensions>
      </trkpt>
      <trkpt lat="31.4719469145454" lon="120.25373022050381">
        <ele>6.108535640873015</ele>
        <time>2025-01-10T14:48:26Z</time>
        <extensions>
          <gpxtpx:TrackPointExtension>
            <gpxtpx:hr>169</gpxtpx:hr>
          </gpxtpx:TrackPointExtension>
        </extensions>
      </trkpt>
      <trkpt lat="31.471923919479913" lon="120.253737157891">
        <ele>6.0820396319031715</ele>
        <time>2025-01-10T14:48:27Z</time>
        <extensions>
          <gpxtpx:TrackPointExtension>
            <gpxtpx:hr>168</gpxtpx:hr>
          </gpxtpx:TrackPointExtension>
        </extensions>
      </trkpt>
      <trkpt lat="31.47190042680712" lon="120.25374564205617">
        <ele>6.052936412394047</ele>
        <time>2025-01-10T14:48:28Z</time>
        <extensions>
          <gpxtpx:TrackPointExtension>
            <gpxtpx:hr>168</gpxtpx:hr>
          </gpxtpx:TrackPointExtension>
        </extensions>
      </trkpt>
      <trkpt lat="31.47187740772071" lon="120.2537553453972">
        <ele>6.026402284391224</ele>
        <time>2025-01-10T14:48:29Z</time>
        <extensions>
          <gpxtpx:TrackPointExtension>
            <gpxtpx:hr>168</gpxtpx:hr>
          </gpxtpx:TrackPointExtension>
        </extensions>
      </trkpt>
      <trkpt lat="31.47185616386527" lon="120.25376783269427">
        <ele>6.004910508170724</ele>
        <time>2025-01-10T14:48:30Z</time>
        <extensions>
          <gpxtpx:TrackPointExtension>
            <gpxtpx:hr>168</gpxtpx:hr>
          </gpxtpx:TrackPointExtension>
        </extensions>
      </trkpt>
      <trkpt lat="31.471835772112758" lon="120.2537842037952">
        <ele>5.991484194993973</ele>
        <time>2025-01-10T14:48:31Z</time>
        <extensions>
          <gpxtpx:TrackPointExtension>
            <gpxtpx:hr>167</gpxtpx:hr>
          </gpxtpx:TrackPointExtension>
        </extensions>
      </trkpt>
      <trkpt lat="31.47181614310258" lon="120.25380261621635">
        <ele>5.981880523264408</ele>
        <time>2025-01-10T14:48:32Z</time>
        <extensions>
          <gpxtpx:TrackPointExtension>
            <gpxtpx:hr>167</gpxtpx:hr>
          </gpxtpx:TrackPointExtension>
        </extensions>
      </trkpt>
      <trkpt lat="31.471797089104953" lon="120.25382171234637">
        <ele>5.982038466259837</ele>
        <time>2025-01-10T14:48:33Z</time>
        <extensions>
          <gpxtpx:TrackPointExtension>
            <gpxtpx:hr>167</gpxtpx:hr>
          </gpxtpx:TrackPointExtension>
        </extensions>
      </trkpt>
      <trkpt lat="31.47177941989889" lon="120.2538413178724">
        <ele>5.986944514326751</ele>
        <time>2025-01-10T14:48:34Z</time>
        <extensions>
          <gpxtpx:TrackPointExtension>
            <gpxtpx:hr>167</gpxtpx:hr>
          </gpxtpx:TrackPointExtension>
        </extensions>
      </trkpt>
      <trkpt lat="31.471763484890033" lon="120.25386113923194">
        <ele>6.004376262426376</ele>
        <time>2025-01-10T14:48:35Z</time>
        <extensions>
          <gpxtpx:TrackPointExtension>
            <gpxtpx:hr>167</gpxtpx:hr>
          </gpxtpx:TrackPointExtension>
        </extensions>
      </trkpt>
      <trkpt lat="31.471748136952254" lon="120.25388204882779">
        <ele>6.024345762096345</ele>
        <time>2025-01-10T14:48:36Z</time>
        <extensions>
          <gpxtpx:TrackPointExtension>
            <gpxtpx:hr>166</gpxtpx:hr>
          </gpxtpx:TrackPointExtension>
        </extensions>
      </trkpt>
      <trkpt lat="31.471733654212645" lon="120.2539044855515">
        <ele>6.053952919319272</ele>
        <time>2025-01-10T14:48:37Z</time>
        <extensions>
          <gpxtpx:TrackPointExtension>
            <gpxtpx:hr>166</gpxtpx:hr>
          </gpxtpx:TrackPointExtension>
        </extensions>
      </trkpt>
      <trkpt lat="31.47172078527132" lon="120.2539277275594">
        <ele>6.0839206567034125</ele>
        <time>2025-01-10T14:48:38Z</time>
        <extensions>
          <gpxtpx:TrackPointExtension>
            <gpxtpx:hr>166</gpxtpx:hr>
          </gpxtpx:TrackPointExtension>
        </extensions>
      </trkpt>
      <trkpt lat="31.47170997725608" lon="120.25395164871678">
        <ele>6.109144676476717</ele>
        <time>2025-01-10T14:48:39Z</time>
        <extensions>
          <gpxtpx:TrackPointExtension>
            <gpxtpx:hr>166</gpxtpx:hr>
          </gpxtpx:TrackPointExtension>
        </extensions>
      </trkpt>
      <trkpt lat="31.471701176943473" lon="120.25397719488254">
        <ele>6.139738513156772</ele>
        <time>2025-01-10T14:48:40Z</time>
        <extensions>
          <gpxtpx:TrackPointExtension>
            <gpxtpx:hr>166</gpxtpx:hr>
          </gpxtpx:TrackPointExtension>
        </extensions>
      </trkpt>
      <trkpt lat="31.47169427556334" lon="120.25400490962419">
        <ele>6.178433767519891</ele>
        <time>2025-01-10T14:48:41Z</time>
        <extensions>
          <gpxtpx:TrackPointExtension>
            <gpxtpx:hr>166</gpxtpx:hr>
          </gpxtpx:TrackPointExtension>
        </extensions>
      </trkpt>
      <trkpt lat="31.471690317786344" lon="120.25403369746098">
        <ele>6.232688980177045</ele>
        <time>2025-01-10T14:48:42Z</time>
        <extensions>
          <gpxtpx:TrackPointExtension>
            <gpxtpx:hr>167</gpxtpx:hr>
          </gpxtpx:TrackPointExtension>
        </extensions>
      </trkpt>
      <trkpt lat="31.471689263899354" lon="120.2540620623498">
        <ele>6.285511689260602</ele>
        <time>2025-01-10T14:48:43Z</time>
        <extensions>
          <gpxtpx:TrackPointExtension>
            <gpxtpx:hr>167</gpxtpx:hr>
          </gpxtpx:TrackPointExtension>
        </extensions>
      </trkpt>
      <trkpt lat="31.471689723223662" lon="120.25408875530611">
        <ele>6.342771876603365</ele>
        <time>2025-01-10T14:48:44Z</time>
        <extensions>
          <gpxtpx:TrackPointExtension>
            <gpxtpx:hr>167</gpxtpx:hr>
          </gpxtpx:TrackPointExtension>
        </extensions>
      </trkpt>
      <trkpt lat="31.471691332997167" lon="120.25411421846124">
        <ele>6.403065018355846</ele>
        <time>2025-01-10T14:48:45Z</time>
        <extensions>
          <gpxtpx:TrackPointExtension>
            <gpxtpx:hr>167</gpxtpx:hr>
          </gpxtpx:TrackPointExtension>
        </extensions>
      </trkpt>
      <trkpt lat="31.47169437737001" lon="120.25414100379882">
        <ele>6.462063288316131</ele>
        <time>2025-01-10T14:48:46Z</time>
        <extensions>
          <gpxtpx:TrackPointExtension>
            <gpxtpx:hr>167</gpxtpx:hr>
          </gpxtpx:TrackPointExtension>
        </extensions>
      </trkpt>
      <trkpt lat="31.471698184472906" lon="120.25416981520938">
        <ele>6.527002581395209</ele>
        <time>2025-01-10T14:48:47Z</time>
        <extensions>
          <gpxtpx:TrackPointExtension>
            <gpxtpx:hr>171</gpxtpx:hr>
          </gpxtpx:TrackPointExtension>
        </extensions>
      </trkpt>
      <trkpt lat="31.471702231895588" lon="120.25419750413688">
        <ele>6.5774832628667355</ele>
        <time>2025-01-10T14:48:48Z</time>
        <extensions>
          <gpxtpx:TrackPointExtension>
            <gpxtpx:hr>171</gpxtpx:hr>
          </gpxtpx:TrackPointExtension>
        </extensions>
      </trkpt>
      <trkpt lat="31.471706678855327" lon="120.25422367033005">
        <ele>6.621967820450664</ele>
        <time>2025-01-10T14:48:49Z</time>
        <extensions>
          <gpxtpx:TrackPointExtension>
            <gpxtpx:hr>171</gpxtpx:hr>
          </gpxtpx:TrackPointExtension>
        </extensions>
      </trkpt>
      <trkpt lat="31.4717123112021" lon="120.25425067435572">
        <ele>6.6419740207493305</ele>
        <time>2025-01-10T14:48:50Z</time>
        <extensions>
          <gpxtpx:TrackPointExtension>
            <gpxtpx:hr>171</gpxtpx:hr>
          </gpxtpx:TrackPointExtension>
        </extensions>
      </trkpt>
      <trkpt lat="31.471720147005023" lon="120.2542770686882">
        <ele>6.66251259110868</ele>
        <time>2025-01-10T14:48:51Z</time>
        <extensions>
          <gpxtpx:TrackPointExtension>
            <gpxtpx:hr>171</gpxtpx:hr>
          </gpxtpx:TrackPointExtension>
        </extensions>
      </trkpt>
      <trkpt lat="31.471729930468697" lon="120.25430185617422">
        <ele>6.689318876713514</ele>
        <time>2025-01-10T14:48:52Z</time>
        <extensions>
          <gpxtpx:TrackPointExtension>
            <gpxtpx:hr>170</gpxtpx:hr>
          </gpxtpx:TrackPointExtension>
        </extensions>
      </trkpt>
      <trkpt lat="31.471742303971187" lon="120.25432673270473">
        <ele>6.706613002344966</ele>
        <time>2025-01-10T14:48:53Z</time>
        <extensions>
          <gpxtpx:TrackPointExtension>
            <gpxtpx:hr>170</gpxtpx:hr>
          </gpxtpx:TrackPointExtension>
        </extensions>
      </trkpt>
      <trkpt lat="31.471756967373587" lon="120.25435146463292">
        <ele>6.725178882479668</ele>
        <time>2025-01-10T14:48:54Z</time>
        <extensions>
          <gpxtpx:TrackPointExtension>
            <gpxtpx:hr>170</gpxtpx:hr>
          </gpxtpx:TrackPointExtension>
        </extensions>
      </trkpt>
      <trkpt lat="31.471772816548274" lon="120.25437494673369">
        <ele>6.739314781501889</ele>
        <time>2025-01-10T14:48:55Z</time>
        <extensions>
          <gpxtpx:TrackPointExtension>
            <gpxtpx:hr>170</gpxtpx:hr>
          </gpxtpx:TrackPointExtension>
        </extensions>
      </trkpt>
      <trkpt lat="31.471790109235524" lon="120.25439694956698">
        <ele>6.744174626655877</ele>
        <time>2025-01-10T14:48:56Z</time>
        <extensions>
          <gpxtpx:TrackPointExtension>
            <gpxtpx:hr>171</gpxtpx:hr>
          </gpxtpx:TrackPointExtension>
        </extensions>
      </trkpt>
      <trkpt lat="31.471807949808273" lon="120.25441645590618">
        <ele>6.730638055130839</ele>
        <time>2025-01-10T14:48:57Z</time>
        <extensions>
          <gpxtpx:TrackPointExtension>
            <gpxtpx:hr>171</gpxtpx:hr>
          </gpxtpx:TrackPointExtension>
        </extensions>
      </trkpt>
      <trkpt lat="31.471825854035643" lon="120.25443334629257">
        <ele>6.716042662970722</ele>
        <time>2025-01-10T14:48:58Z</time>
        <extensions>
          <gpxtpx:TrackPointExtension>
            <gpxtpx:hr>171</gpxtpx:hr>
          </gpxtpx:TrackPointExtension>
        </extensions>
      </trkpt>
      <trkpt lat="31.47184606714833" lon="120.25444936418229">
        <ele>6.701273053884506</ele>
        <time>2025-01-10T14:48:59Z</time>
        <extensions>
          <gpxtpx:TrackPointExtension>
            <gpxtpx:hr>171</gpxtpx:hr>
          </gpxtpx:TrackPointExtension>
        </extensions>
      </trkpt>
      <trkpt lat="31.47186796871512" lon="120.25446437623273">
        <ele>6.693073436617851</ele>
        <time>2025-01-10T14:49:00Z</time>
        <extensions>
          <gpxtpx:TrackPointExtension>
            <gpxtpx:hr>171</gpxtpx:hr>
          </gpxtpx:TrackPointExtension>
        </extensions>
      </trkpt>
      <trkpt lat="31.471887514393295" lon="120.25447812457017">
        <ele>6.695680677890778</ele>
        <time>2025-01-10T14:49:01Z</time>
        <extensions>
          <gpxtpx:TrackPointExtension>
            <gpxtpx:hr>171</gpxtpx:hr>
          </gpxtpx:TrackPointExtension>
        </extensions>
      </trkpt>
      <trkpt lat="31.47190628259232" lon="120.25448920860792">
        <ele>6.696399167180061</ele>
        <time>2025-01-10T14:49:02Z</time>
        <extensions>
          <gpxtpx:TrackPointExtension>
            <gpxtpx:hr>171</gpxtpx:hr>
          </gpxtpx:TrackPointExtension>
        </extensions>
      </trkpt>
      <trkpt lat="31.471927570571495" lon="120.25449759529998">
        <ele>6.677360194735229</ele>
        <time>2025-01-10T14:49:03Z</time>
        <extensions>
          <gpxtpx:TrackPointExtension>
            <gpxtpx:hr>171</gpxtpx:hr>
          </gpxtpx:TrackPointExtension>
        </extensions>
      </trkpt>
      <trkpt lat="31.471949609664275" lon="120.25450608928355">
        <ele>6.660585097037256</ele>
        <time>2025-01-10T14:49:04Z</time>
        <extensions>
          <gpxtpx:TrackPointExtension>
            <gpxtpx:hr>171</gpxtpx:hr>
          </gpxtpx:TrackPointExtension>
        </extensions>
      </trkpt>
      <trkpt lat="31.47197058956097" lon="120.25451425035791">
        <ele>6.640121447853744</ele>
        <time>2025-01-10T14:49:05Z</time>
        <extensions>
          <gpxtpx:TrackPointExtension>
            <gpxtpx:hr>171</gpxtpx:hr>
          </gpxtpx:TrackPointExtension>
        </extensions>
      </trkpt>
      <trkpt lat="31.47199117413278" lon="120.25451801852844">
        <ele>6.625605186447501</ele>
        <time>2025-01-10T14:49:06Z</time>
        <extensions>
          <gpxtpx:TrackPointExtension>
            <gpxtpx:hr>171</gpxtpx:hr>
          </gpxtpx:TrackPointExtension>
        </extensions>
      </trkpt>
      <trkpt lat="31.47201192863566" lon="120.25451692625835">
        <ele>6.615651017986238</ele>
        <time>2025-01-10T14:49:07Z</time>
        <extensions>
          <gpxtpx:TrackPointExtension>
            <gpxtpx:hr>171</gpxtpx:hr>
          </gpxtpx:TrackPointExtension>
        </extensions>
      </trkpt>
      <trkpt lat="31.47203335183889" lon="120.25451562787">
        <ele>6.614826533943415</ele>
        <time>2025-01-10T14:49:08Z</time>
        <extensions>
          <gpxtpx:TrackPointExtension>
            <gpxtpx:hr>167</gpxtpx:hr>
          </gpxtpx:TrackPointExtension>
        </extensions>
      </trkpt>
      <trkpt lat="31.47205697327758" lon="120.25451686677033">
        <ele>6.6170832477509975</ele>
        <time>2025-01-10T14:49:09Z</time>
        <extensions>
          <gpxtpx:TrackPointExtension>
            <gpxtpx:hr>167</gpxtpx:hr>
          </gpxtpx:TrackPointExtension>
        </extensions>
      </trkpt>
      <trkpt lat="31.472081957670415" lon="120.25451958377344">
        <ele>6.624887203797698</ele>
        <time>2025-01-10T14:49:10Z</time>
        <extensions>
          <gpxtpx:TrackPointExtension>
            <gpxtpx:hr>167</gpxtpx:hr>
          </gpxtpx:TrackPointExtension>
        </extensions>
      </trkpt>
      <trkpt lat="31.472105330377083" lon="120.2545231569821">
        <ele>6.622950074262917</ele>
        <time>2025-01-10T14:49:11Z</time>
        <extensions>
          <gpxtpx:TrackPointExtension>
            <gpxtpx:hr>167</gpxtpx:hr>
          </gpxtpx:TrackPointExtension>
        </extensions>
      </trkpt>
      <trkpt lat="31.47212797553376" lon="120.2545272647158">
        <ele>6.623061132617295</ele>
        <time>2025-01-10T14:49:12Z</time>
        <extensions>
          <gpxtpx:TrackPointExtension>
            <gpxtpx:hr>167</gpxtpx:hr>
          </gpxtpx:TrackPointExtension>
        </extensions>
      </trkpt>
      <trkpt lat="31.472151891570874" lon="120.25453045544721">
        <ele>6.628070586360991</ele>
        <time>2025-01-10T14:49:13Z</time>
        <extensions>
          <gpxtpx:TrackPointExtension>
            <gpxtpx:hr>166</gpxtpx:hr>
          </gpxtpx:TrackPointExtension>
        </extensions>
      </trkpt>
      <trkpt lat="31.47217469168558" lon="120.25453380352229">
        <ele>6.633191904984415</ele>
        <time>2025-01-10T14:49:14Z</time>
        <extensions>
          <gpxtpx:TrackPointExtension>
            <gpxtpx:hr>166</gpxtpx:hr>
          </gpxtpx:TrackPointExtension>
        </extensions>
      </trkpt>
      <trkpt lat="31.47219535327924" lon="120.25453756899007">
        <ele>6.6475237756967545</ele>
        <time>2025-01-10T14:49:15Z</time>
        <extensions>
          <gpxtpx:TrackPointExtension>
            <gpxtpx:hr>166</gpxtpx:hr>
          </gpxtpx:TrackPointExtension>
        </extensions>
      </trkpt>
      <trkpt lat="31.472215898616955" lon="120.25454109613437">
        <ele>6.64596295170486</ele>
        <time>2025-01-10T14:49:16Z</time>
        <extensions>
          <gpxtpx:TrackPointExtension>
            <gpxtpx:hr>166</gpxtpx:hr>
          </gpxtpx:TrackPointExtension>
        </extensions>
      </trkpt>
      <trkpt lat="31.47223656073842" lon="120.25454595168912">
        <ele>6.641953894868493</ele>
        <time>2025-01-10T14:49:17Z</time>
        <extensions>
          <gpxtpx:TrackPointExtension>
            <gpxtpx:hr>166</gpxtpx:hr>
          </gpxtpx:TrackPointExtension>
        </extensions>
      </trkpt>
      <trkpt lat="31.472257226216378" lon="120.25455115592035">
        <ele>6.649112842045724</ele>
        <time>2025-01-10T14:49:18Z</time>
        <extensions>
          <gpxtpx:TrackPointExtension>
            <gpxtpx:hr>165</gpxtpx:hr>
          </gpxtpx:TrackPointExtension>
        </extensions>
      </trkpt>
      <trkpt lat="31.47227953913933" lon="120.2545548750267">
        <ele>6.64262852165848</ele>
        <time>2025-01-10T14:49:19Z</time>
        <extensions>
          <gpxtpx:TrackPointExtension>
            <gpxtpx:hr>165</gpxtpx:hr>
          </gpxtpx:TrackPointExtension>
        </extensions>
      </trkpt>
      <trkpt lat="31.472302668701747" lon="120.25455863945093">
        <ele>6.625361956655979</ele>
        <time>2025-01-10T14:49:20Z</time>
        <extensions>
          <gpxtpx:TrackPointExtension>
            <gpxtpx:hr>165</gpxtpx:hr>
          </gpxtpx:TrackPointExtension>
        </extensions>
      </trkpt>
      <trkpt lat="31.472324560000395" lon="120.25456412705041">
        <ele>6.5989147471264005</ele>
        <time>2025-01-10T14:49:21Z</time>
        <extensions>
          <gpxtpx:TrackPointExtension>
            <gpxtpx:hr>165</gpxtpx:hr>
          </gpxtpx:TrackPointExtension>
        </extensions>
      </trkpt>
      <trkpt lat="31.472345988146284" lon="120.2545705136761">
        <ele>6.5844360534101725</ele>
        <time>2025-01-10T14:49:22Z</time>
        <extensions>
          <gpxtpx:TrackPointExtension>
            <gpxtpx:hr>165</gpxtpx:hr>
          </gpxtpx:TrackPointExtension>
        </extensions>
      </trkpt>
      <trkpt lat="31.47236816760199" lon="120.25457611667368">
        <ele>6.568358154967427</ele>
        <time>2025-01-10T14:49:23Z</time>
        <extensions>
          <gpxtpx:TrackPointExtension>
            <gpxtpx:hr>165</gpxtpx:hr>
          </gpxtpx:TrackPointExtension>
        </extensions>
      </trkpt>
      <trkpt lat="31.472389336502314" lon="120.25458037233045">
        <ele>6.538520748727024</ele>
        <time>2025-01-10T14:49:24Z</time>
        <extensions>
          <gpxtpx:TrackPointExtension>
            <gpxtpx:hr>165</gpxtpx:hr>
          </gpxtpx:TrackPointExtension>
        </extensions>
      </trkpt>
      <trkpt lat="31.47240918017227" lon="120.2545839168367">
        <ele>6.508911899290979</ele>
        <time>2025-01-10T14:49:25Z</time>
        <extensions>
          <gpxtpx:TrackPointExtension>
            <gpxtpx:hr>166</gpxtpx:hr>
          </gpxtpx:TrackPointExtension>
        </extensions>
      </trkpt>
      <trkpt lat="31.472430560763552" lon="120.25458804053984">
        <ele>6.488432300277054</ele>
        <time>2025-01-10T14:49:26Z</time>
        <extensions>
          <gpxtpx:TrackPointExtension>
            <gpxtpx:hr>166</gpxtpx:hr>
          </gpxtpx:TrackPointExtension>
        </extensions>
      </trkpt>
      <trkpt lat="31.472451735480327" lon="120.25459246434784">
        <ele>6.4855371452867985</ele>
        <time>2025-01-10T14:49:27Z</time>
        <extensions>
          <gpxtpx:TrackPointExtension>
            <gpxtpx:hr>166</gpxtpx:hr>
          </gpxtpx:TrackPointExtension>
        </extensions>
      </trkpt>
      <trkpt lat="31.472471256591" lon="120.25459570678628">
        <ele>6.505497535690665</ele>
        <time>2025-01-10T14:49:28Z</time>
        <extensions>
          <gpxtpx:TrackPointExtension>
            <gpxtpx:hr>166</gpxtpx:hr>
          </gpxtpx:TrackPointExtension>
        </extensions>
      </trkpt>
      <trkpt lat="31.47249066242632" lon="120.25459837433155">
        <ele>6.543859169818461</ele>
        <time>2025-01-10T14:49:29Z</time>
        <extensions>
          <gpxtpx:TrackPointExtension>
            <gpxtpx:hr>166</gpxtpx:hr>
          </gpxtpx:TrackPointExtension>
        </extensions>
      </trkpt>
      <trkpt lat="31.47250976720164" lon="120.25460126985712">
        <ele>6.60151616577059</ele>
        <time>2025-01-10T14:49:30Z</time>
        <extensions>
          <gpxtpx:TrackPointExtension>
            <gpxtpx:hr>166</gpxtpx:hr>
          </gpxtpx:TrackPointExtension>
        </extensions>
      </trkpt>
      <trkpt lat="31.47252740619326" lon="120.25460396794199">
        <ele>6.669139366596937</ele>
        <time>2025-01-10T14:49:31Z</time>
        <extensions>
          <gpxtpx:TrackPointExtension>
            <gpxtpx:hr>166</gpxtpx:hr>
          </gpxtpx:TrackPointExtension>
        </extensions>
      </trkpt>
      <trkpt lat="31.472544705401724" lon="120.25460658000362">
        <ele>6.7409709841012955</ele>
        <time>2025-01-10T14:49:32Z</time>
        <extensions>
          <gpxtpx:TrackPointExtension>
            <gpxtpx:hr>166</gpxtpx:hr>
          </gpxtpx:TrackPointExtension>
        </extensions>
      </trkpt>
      <trkpt lat="31.472563726885294" lon="120.25461005978212">
        <ele>6.821720690466464</ele>
        <time>2025-01-10T14:49:33Z</time>
        <extensions>
          <gpxtpx:TrackPointExtension>
            <gpxtpx:hr>166</gpxtpx:hr>
          </gpxtpx:TrackPointExtension>
        </extensions>
      </trkpt>
      <trkpt lat="31.472583006413124" lon="120.25461556051418">
        <ele>6.903770922683179</ele>
        <time>2025-01-10T14:49:34Z</time>
        <extensions>
          <gpxtpx:TrackPointExtension>
            <gpxtpx:hr>166</gpxtpx:hr>
          </gpxtpx:TrackPointExtension>
        </extensions>
      </trkpt>
      <trkpt lat="31.472600534199543" lon="120.25462198996146">
        <ele>6.998465093784034</ele>
        <time>2025-01-10T14:49:35Z</time>
        <extensions>
          <gpxtpx:TrackPointExtension>
            <gpxtpx:hr>166</gpxtpx:hr>
          </gpxtpx:TrackPointExtension>
        </extensions>
      </trkpt>
      <trkpt lat="31.472615892546592" lon="120.25462593502364">
        <ele>7.1022913018241525</ele>
        <time>2025-01-10T14:49:36Z</time>
        <extensions>
          <gpxtpx:TrackPointExtension>
            <gpxtpx:hr>162</gpxtpx:hr>
          </gpxtpx:TrackPointExtension>
        </extensions>
      </trkpt>
      <trkpt lat="31.472630426294053" lon="120.25462505739705">
        <ele>7.215500373393297</ele>
        <time>2025-01-10T14:49:37Z</time>
        <extensions>
          <gpxtpx:TrackPointExtension>
            <gpxtpx:hr>162</gpxtpx:hr>
          </gpxtpx:TrackPointExtension>
        </extensions>
      </trkpt>
      <trkpt lat="31.472645498645047" lon="120.25462164991498">
        <ele>7.347327937372029</ele>
        <time>2025-01-10T14:49:38Z</time>
        <extensions>
          <gpxtpx:TrackPointExtension>
            <gpxtpx:hr>162</gpxtpx:hr>
          </gpxtpx:TrackPointExtension>
        </extensions>
      </trkpt>
      <trkpt lat="31.47266137832686" lon="120.25462028461098">
        <ele>7.453602936118841</ele>
        <time>2025-01-10T14:49:39Z</time>
        <extensions>
          <gpxtpx:TrackPointExtension>
            <gpxtpx:hr>162</gpxtpx:hr>
          </gpxtpx:TrackPointExtension>
        </extensions>
      </trkpt>
      <trkpt lat="31.47267734850947" lon="120.25462159396963">
        <ele>7.535552500747144</ele>
        <time>2025-01-10T14:49:40Z</time>
        <extensions>
          <gpxtpx:TrackPointExtension>
            <gpxtpx:hr>162</gpxtpx:hr>
          </gpxtpx:TrackPointExtension>
        </extensions>
      </trkpt>
      <trkpt lat="31.472695759054886" lon="120.25462379809227">
        <ele>7.589707701466978</ele>
        <time>2025-01-10T14:49:41Z</time>
        <extensions>
          <gpxtpx:TrackPointExtension>
            <gpxtpx:hr>160</gpxtpx:hr>
          </gpxtpx:TrackPointExtension>
        </extensions>
      </trkpt>
      <trkpt lat="31.472718189705883" lon="120.2546261584771">
        <ele>7.6439687963575125</ele>
        <time>2025-01-10T14:49:42Z</time>
        <extensions>
          <gpxtpx:TrackPointExtension>
            <gpxtpx:hr>160</gpxtpx:hr>
          </gpxtpx:TrackPointExtension>
        </extensions>
      </trkpt>
      <trkpt lat="31.472740882807955" lon="120.25462913002755">
        <ele>7.684631980955601</ele>
        <time>2025-01-10T14:49:43Z</time>
        <extensions>
          <gpxtpx:TrackPointExtension>
            <gpxtpx:hr>160</gpxtpx:hr>
          </gpxtpx:TrackPointExtension>
        </extensions>
      </trkpt>
      <trkpt lat="31.472757194740968" lon="120.25463159272205">
        <ele>7.71405122615397</ele>
        <time>2025-01-10T14:49:44Z</time>
        <extensions>
          <gpxtpx:TrackPointExtension>
            <gpxtpx:hr>160</gpxtpx:hr>
          </gpxtpx:TrackPointExtension>
        </extensions>
      </trkpt>
      <trkpt lat="31.472772111636935" lon="120.2546324165371">
        <ele>7.726724605076015</ele>
        <time>2025-01-10T14:49:45Z</time>
        <extensions>
          <gpxtpx:TrackPointExtension>
            <gpxtpx:hr>160</gpxtpx:hr>
          </gpxtpx:TrackPointExtension>
        </extensions>
      </trkpt>
      <trkpt lat="31.472787624893627" lon="120.25463176947287">
        <ele>7.731664880178869</ele>
        <time>2025-01-10T14:49:46Z</time>
        <extensions>
          <gpxtpx:TrackPointExtension>
            <gpxtpx:hr>160</gpxtpx:hr>
          </gpxtpx:TrackPointExtension>
        </extensions>
      </trkpt>
      <trkpt lat="31.472804960343257" lon="120.25462894493145">
        <ele>7.728210651315749</ele>
        <time>2025-01-10T14:49:47Z</time>
        <extensions>
          <gpxtpx:TrackPointExtension>
            <gpxtpx:hr>160</gpxtpx:hr>
          </gpxtpx:TrackPointExtension>
        </extensions>
      </trkpt>
      <trkpt lat="31.472829322287215" lon="120.25462424201756">
        <ele>7.7158098584041</ele>
        <time>2025-01-10T14:49:48Z</time>
        <extensions>
          <gpxtpx:TrackPointExtension>
            <gpxtpx:hr>161</gpxtpx:hr>
          </gpxtpx:TrackPointExtension>
        </extensions>
      </trkpt>
      <trkpt lat="31.47285468870144" lon="120.25461963177351">
        <ele>7.688919267617166</ele>
        <time>2025-01-10T14:49:49Z</time>
        <extensions>
          <gpxtpx:TrackPointExtension>
            <gpxtpx:hr>161</gpxtpx:hr>
          </gpxtpx:TrackPointExtension>
        </extensions>
      </trkpt>
      <trkpt lat="31.472876608813827" lon="120.25461500517672">
        <ele>7.6625576401129365</ele>
        <time>2025-01-10T14:49:50Z</time>
        <extensions>
          <gpxtpx:TrackPointExtension>
            <gpxtpx:hr>161</gpxtpx:hr>
          </gpxtpx:TrackPointExtension>
        </extensions>
      </trkpt>
      <trkpt lat="31.472896083230555" lon="120.25460693114323">
        <ele>7.633697386831045</ele>
        <time>2025-01-10T14:49:51Z</time>
        <extensions>
          <gpxtpx:TrackPointExtension>
            <gpxtpx:hr>161</gpxtpx:hr>
          </gpxtpx:TrackPointExtension>
        </extensions>
      </trkpt>
      <trkpt lat="31.4729138847364" lon="120.25459639986373">
        <ele>7.593476799316704</ele>
        <time>2025-01-10T14:49:52Z</time>
        <extensions>
          <gpxtpx:TrackPointExtension>
            <gpxtpx:hr>161</gpxtpx:hr>
          </gpxtpx:TrackPointExtension>
        </extensions>
      </trkpt>
      <trkpt lat="31.472929671971194" lon="120.25458648239301">
        <ele>7.5477401884272695</ele>
        <time>2025-01-10T14:49:53Z</time>
        <extensions>
          <gpxtpx:TrackPointExtension>
            <gpxtpx:hr>161</gpxtpx:hr>
          </gpxtpx:TrackPointExtension>
        </extensions>
      </trkpt>
      <trkpt lat="31.47294562620269" lon="120.25457576299847">
        <ele>7.48806884046644</ele>
        <time>2025-01-10T14:49:54Z</time>
        <extensions>
          <gpxtpx:TrackPointExtension>
            <gpxtpx:hr>161</gpxtpx:hr>
          </gpxtpx:TrackPointExtension>
        </extensions>
      </trkpt>
      <trkpt lat="31.47296348540396" lon="120.25456214714346">
        <ele>7.43367325887084</ele>
        <time>2025-01-10T14:49:55Z</time>
        <extensions>
          <gpxtpx:TrackPointExtension>
            <gpxtpx:hr>165</gpxtpx:hr>
          </gpxtpx:TrackPointExtension>
        </extensions>
      </trkpt>
      <trkpt lat="31.472982290400196" lon="120.25454681206513">
        <ele>7.372570770792663</ele>
        <time>2025-01-10T14:49:56Z</time>
        <extensions>
          <gpxtpx:TrackPointExtension>
            <gpxtpx:hr>165</gpxtpx:hr>
          </gpxtpx:TrackPointExtension>
        </extensions>
      </trkpt>
      <trkpt lat="31.472998805102478" lon="120.25453040510848">
        <ele>7.321445746347308</ele>
        <time>2025-01-10T14:49:57Z</time>
        <extensions>
          <gpxtpx:TrackPointExtension>
            <gpxtpx:hr>165</gpxtpx:hr>
          </gpxtpx:TrackPointExtension>
        </extensions>
      </trkpt>
      <trkpt lat="31.47301317238681" lon="120.25451151456895">
        <ele>7.267809893004596</ele>
        <time>2025-01-10T14:49:58Z</time>
        <extensions>
          <gpxtpx:TrackPointExtension>
            <gpxtpx:hr>164</gpxtpx:hr>
          </gpxtpx:TrackPointExtension>
        </extensions>
      </trkpt>
      <trkpt lat="31.473026687805923" lon="120.25449058298601">
        <ele>7.211813827976584</ele>
        <time>2025-01-10T14:49:59Z</time>
        <extensions>
          <gpxtpx:TrackPointExtension>
            <gpxtpx:hr>164</gpxtpx:hr>
          </gpxtpx:TrackPointExtension>
        </extensions>
      </trkpt>
      <trkpt lat="31.47303939742618" lon="120.25446952526636">
        <ele>7.157622076570988</ele>
        <time>2025-01-10T14:50:00Z</time>
        <extensions>
          <gpxtpx:TrackPointExtension>
            <gpxtpx:hr>164</gpxtpx:hr>
          </gpxtpx:TrackPointExtension>
        </extensions>
      </trkpt>
      <trkpt lat="31.47305164526367" lon="120.25444786607015">
        <ele>7.104518698528409</ele>
        <time>2025-01-10T14:50:01Z</time>
        <extensions>
          <gpxtpx:TrackPointExtension>
            <gpxtpx:hr>164</gpxtpx:hr>
          </gpxtpx:TrackPointExtension>
        </extensions>
      </trkpt>
      <trkpt lat="31.47306328668514" lon="120.25442497401788">
        <ele>7.062855718657374</ele>
        <time>2025-01-10T14:50:02Z</time>
        <extensions>
          <gpxtpx:TrackPointExtension>
            <gpxtpx:hr>164</gpxtpx:hr>
          </gpxtpx:TrackPointExtension>
        </extensions>
      </trkpt>
      <trkpt lat="31.47307323253448" lon="120.25440310701647">
        <ele>7.026647335849702</ele>
        <time>2025-01-10T14:50:03Z</time>
        <extensions>
          <gpxtpx:TrackPointExtension>
            <gpxtpx:hr>164</gpxtpx:hr>
          </gpxtpx:TrackPointExtension>
        </extensions>
      </trkpt>
      <trkpt lat="31.473081436678463" lon="120.25438228368246">
        <ele>6.990211185067892</ele>
        <time>2025-01-10T14:50:04Z</time>
        <extensions>
          <gpxtpx:TrackPointExtension>
            <gpxtpx:hr>164</gpxtpx:hr>
          </gpxtpx:TrackPointExtension>
        </extensions>
      </trkpt>
      <trkpt lat="31.473088425641084" lon="120.25436013093677">
        <ele>6.974238152615726</ele>
        <time>2025-01-10T14:50:05Z</time>
        <extensions>
          <gpxtpx:TrackPointExtension>
            <gpxtpx:hr>164</gpxtpx:hr>
          </gpxtpx:TrackPointExtension>
        </extensions>
      </trkpt>
      <trkpt lat="31.473094008739867" lon="120.25433678335848">
        <ele>6.969384948723018</ele>
        <time>2025-01-10T14:50:06Z</time>
        <extensions>
          <gpxtpx:TrackPointExtension>
            <gpxtpx:hr>164</gpxtpx:hr>
          </gpxtpx:TrackPointExtension>
        </extensions>
      </trkpt>
      <trkpt lat="31.473098187459225" lon="120.25431416428846">
        <ele>6.976261142641306</ele>
        <time>2025-01-10T14:50:07Z</time>
        <extensions>
          <gpxtpx:TrackPointExtension>
            <gpxtpx:hr>164</gpxtpx:hr>
          </gpxtpx:TrackPointExtension>
        </extensions>
      </trkpt>
      <trkpt lat="31.473101852169062" lon="120.25429219033938">
        <ele>7.001932419836521</ele>
        <time>2025-01-10T14:50:08Z</time>
        <extensions>
          <gpxtpx:TrackPointExtension>
            <gpxtpx:hr>164</gpxtpx:hr>
          </gpxtpx:TrackPointExtension>
        </extensions>
      </trkpt>
      <trkpt lat="31.47310540610919" lon="120.2542696881044">
        <ele>7.031405471265316</ele>
        <time>2025-01-10T14:50:09Z</time>
        <extensions>
          <gpxtpx:TrackPointExtension>
            <gpxtpx:hr>164</gpxtpx:hr>
          </gpxtpx:TrackPointExtension>
        </extensions>
      </trkpt>
      <trkpt lat="31.473107585835507" lon="120.25424667522908">
        <ele>7.05417824909091</ele>
        <time>2025-01-10T14:50:10Z</time>
        <extensions>
          <gpxtpx:TrackPointExtension>
            <gpxtpx:hr>164</gpxtpx:hr>
          </gpxtpx:TrackPointExtension>
        </extensions>
      </trkpt>
      <trkpt lat="31.47310865574497" lon="120.25422334057568">
        <ele>7.091090408153832</ele>
        <time>2025-01-10T14:50:11Z</time>
        <extensions>
          <gpxtpx:TrackPointExtension>
            <gpxtpx:hr>164</gpxtpx:hr>
          </gpxtpx:TrackPointExtension>
        </extensions>
      </trkpt>
      <trkpt lat="31.47310857947141" lon="120.25419837023577">
        <ele>7.149841244332492</ele>
        <time>2025-01-10T14:50:12Z</time>
        <extensions>
          <gpxtpx:TrackPointExtension>
            <gpxtpx:hr>164</gpxtpx:hr>
          </gpxtpx:TrackPointExtension>
        </extensions>
      </trkpt>
      <trkpt lat="31.47310622580121" lon="120.25417226469182">
        <ele>7.213834575377405</ele>
        <time>2025-01-10T14:50:12Z</time>
        <extensions>
          <gpxtpx:TrackPointExtension>
            <gpxtpx:hr>164</gpxtpx:hr>
          </gpxtpx:TrackPointExtension>
        </extensions>
      </trkpt>
      <trkpt lat="31.473101388437588" lon="120.25414727643783">
        <ele>7.28703451436013</ele>
        <time>2025-01-10T14:50:13Z</time>
        <extensions>
          <gpxtpx:TrackPointExtension>
            <gpxtpx:hr>164</gpxtpx:hr>
          </gpxtpx:TrackPointExtension>
        </extensions>
      </trkpt>
      <trkpt lat="31.47309362355882" lon="120.25412339629108">
        <ele>7.369657347910106</ele>
        <time>2025-01-10T14:50:14Z</time>
        <extensions>
          <gpxtpx:TrackPointExtension>
            <gpxtpx:hr>164</gpxtpx:hr>
          </gpxtpx:TrackPointExtension>
        </extensions>
      </trkpt>
      <trkpt lat="31.473083402894737" lon="120.25410090793865">
        <ele>7.452985541895032</ele>
        <time>2025-01-10T14:50:15Z</time>
        <extensions>
          <gpxtpx:TrackPointExtension>
            <gpxtpx:hr>164</gpxtpx:hr>
          </gpxtpx:TrackPointExtension>
        </extensions>
      </trkpt>
      <trkpt lat="31.473072774962446" lon="120.25407934366145">
        <ele>7.5473457193002105</ele>
        <time>2025-01-10T14:50:16Z</time>
        <extensions>
          <gpxtpx:TrackPointExtension>
            <gpxtpx:hr>161</gpxtpx:hr>
          </gpxtpx:TrackPointExtension>
        </extensions>
      </trkpt>
      <trkpt lat="31.473061733341645" lon="120.25405757067878">
        <ele>7.645690399222076</ele>
        <time>2025-01-10T14:50:17Z</time>
        <extensions>
          <gpxtpx:TrackPointExtension>
            <gpxtpx:hr>161</gpxtpx:hr>
          </gpxtpx:TrackPointExtension>
        </extensions>
      </trkpt>
      <trkpt lat="31.473048740595036" lon="120.25403636784108">
        <ele>7.726401282474399</ele>
        <time>2025-01-10T14:50:18Z</time>
        <extensions>
          <gpxtpx:TrackPointExtension>
            <gpxtpx:hr>161</gpxtpx:hr>
          </gpxtpx:TrackPointExtension>
        </extensions>
      </trkpt>
      <trkpt lat="31.473036317677813" lon="120.2540153898956">
        <ele>7.808630798943341</ele>
        <time>2025-01-10T14:50:19Z</time>
        <extensions>
          <gpxtpx:TrackPointExtension>
            <gpxtpx:hr>161</gpxtpx:hr>
          </gpxtpx:TrackPointExtension>
        </extensions>
      </trkpt>
      <trkpt lat="31.473025054372577" lon="120.25399383317747">
        <ele>7.898998320102692</ele>
        <time>2025-01-10T14:50:20Z</time>
        <extensions>
          <gpxtpx:TrackPointExtension>
            <gpxtpx:hr>161</gpxtpx:hr>
          </gpxtpx:TrackPointExtension>
        </extensions>
      </trkpt>
      <trkpt lat="31.47301225830742" lon="120.25397292381018">
        <ele>7.989427588880062</ele>
        <time>2025-01-10T14:50:21Z</time>
        <extensions>
          <gpxtpx:TrackPointExtension>
            <gpxtpx:hr>161</gpxtpx:hr>
          </gpxtpx:TrackPointExtension>
        </extensions>
      </trkpt>
      <trkpt lat="31.47299779824988" lon="120.25395312048572">
        <ele>8.056915426626801</ele>
        <time>2025-01-10T14:50:22Z</time>
        <extensions>
          <gpxtpx:TrackPointExtension>
            <gpxtpx:hr>161</gpxtpx:hr>
          </gpxtpx:TrackPointExtension>
        </extensions>
      </trkpt>
      <trkpt lat="31.472983222432546" lon="120.25393509875695">
        <ele>8.100879336707294</ele>
        <time>2025-01-10T14:50:23Z</time>
        <extensions>
          <gpxtpx:TrackPointExtension>
            <gpxtpx:hr>162</gpxtpx:hr>
          </gpxtpx:TrackPointExtension>
        </extensions>
      </trkpt>
      <trkpt lat="31.472967850263245" lon="120.25391903434013">
        <ele>8.131738773547113</ele>
        <time>2025-01-10T14:50:24Z</time>
        <extensions>
          <gpxtpx:TrackPointExtension>
            <gpxtpx:hr>162</gpxtpx:hr>
          </gpxtpx:TrackPointExtension>
        </extensions>
      </trkpt>
      <trkpt lat="31.47295027977886" lon="120.25390333908554">
        <ele>8.143029561266303</ele>
        <time>2025-01-10T14:50:25Z</time>
        <extensions>
          <gpxtpx:TrackPointExtension>
            <gpxtpx:hr>162</gpxtpx:hr>
          </gpxtpx:TrackPointExtension>
        </extensions>
      </trkpt>
      <trkpt lat="31.472931758969487" lon="120.25388805955319">
        <ele>8.15195958595723</ele>
        <time>2025-01-10T14:50:26Z</time>
        <extensions>
          <gpxtpx:TrackPointExtension>
            <gpxtpx:hr>162</gpxtpx:hr>
          </gpxtpx:TrackPointExtension>
        </extensions>
      </trkpt>
      <trkpt lat="31.472912124634707" lon="120.25387508628805">
        <ele>8.129437731578946</ele>
        <time>2025-01-10T14:50:27Z</time>
        <extensions>
          <gpxtpx:TrackPointExtension>
            <gpxtpx:hr>162</gpxtpx:hr>
          </gpxtpx:TrackPointExtension>
        </extensions>
      </trkpt>
      <trkpt lat="31.47289043641662" lon="120.25386485804121">
        <ele>8.087413023225963</ele>
        <time>2025-01-10T14:50:28Z</time>
        <extensions>
          <gpxtpx:TrackPointExtension>
            <gpxtpx:hr>162</gpxtpx:hr>
          </gpxtpx:TrackPointExtension>
        </extensions>
      </trkpt>
      <trkpt lat="31.472868850667428" lon="120.25385642474866">
        <ele>8.041040292009711</ele>
        <time>2025-01-10T14:50:29Z</time>
        <extensions>
          <gpxtpx:TrackPointExtension>
            <gpxtpx:hr>162</gpxtpx:hr>
          </gpxtpx:TrackPointExtension>
        </extensions>
      </trkpt>
      <trkpt lat="31.47284847744329" lon="120.25384948921719">
        <ele>7.971744045615196</ele>
        <time>2025-01-10T14:50:30Z</time>
        <extensions>
          <gpxtpx:TrackPointExtension>
            <gpxtpx:hr>162</gpxtpx:hr>
          </gpxtpx:TrackPointExtension>
        </extensions>
      </trkpt>
      <trkpt lat="31.472827860954126" lon="120.25384392380286">
        <ele>7.8987046498805285</ele>
        <time>2025-01-10T14:50:31Z</time>
        <extensions>
          <gpxtpx:TrackPointExtension>
            <gpxtpx:hr>161</gpxtpx:hr>
          </gpxtpx:TrackPointExtension>
        </extensions>
      </trkpt>
      <trkpt lat="31.47280618237221" lon="120.25383861951366">
        <ele>7.814090219326317</ele>
        <time>2025-01-10T14:50:32Z</time>
        <extensions>
          <gpxtpx:TrackPointExtension>
            <gpxtpx:hr>161</gpxtpx:hr>
          </gpxtpx:TrackPointExtension>
        </extensions>
      </trkpt>
      <trkpt lat="31.47278440872176" lon="120.2538322075474">
        <ele>7.725670798681676</ele>
        <time>2025-01-10T14:50:33Z</time>
        <extensions>
          <gpxtpx:TrackPointExtension>
            <gpxtpx:hr>161</gpxtpx:hr>
          </gpxtpx:TrackPointExtension>
        </extensions>
      </trkpt>
      <trkpt lat="31.472762637813634" lon="120.25382453371724">
        <ele>7.649217150174081</ele>
        <time>2025-01-10T14:50:34Z</time>
        <extensions>
          <gpxtpx:TrackPointExtension>
            <gpxtpx:hr>161</gpxtpx:hr>
          </gpxtpx:TrackPointExtension>
        </extensions>
      </trkpt>
      <trkpt lat="31.472740786565755" lon="120.2538168289018">
        <ele>7.555174957960844</ele>
        <time>2025-01-10T14:50:35Z</time>
        <extensions>
          <gpxtpx:TrackPointExtension>
            <gpxtpx:hr>161</gpxtpx:hr>
          </gpxtpx:TrackPointExtension>
        </extensions>
      </trkpt>
      <trkpt lat="31.472718748093854" lon="120.25381061745868">
        <ele>7.453844820149243</ele>
        <time>2025-01-10T14:50:36Z</time>
        <extensions>
          <gpxtpx:TrackPointExtension>
            <gpxtpx:hr>162</gpxtpx:hr>
          </gpxtpx:TrackPointExtension>
        </extensions>
      </trkpt>
      <trkpt lat="31.472695591956153" lon="120.25380530230699">
        <ele>7.360907088033855</ele>
        <time>2025-01-10T14:50:37Z</time>
        <extensions>
          <gpxtpx:TrackPointExtension>
            <gpxtpx:hr>162</gpxtpx:hr>
          </gpxtpx:TrackPointExtension>
        </extensions>
      </trkpt>
      <trkpt lat="31.472671814485036" lon="120.25380064763579">
        <ele>7.264587696641684</ele>
        <time>2025-01-10T14:50:38Z</time>
        <extensions>
          <gpxtpx:TrackPointExtension>
            <gpxtpx:hr>162</gpxtpx:hr>
          </gpxtpx:TrackPointExtension>
        </extensions>
      </trkpt>
      <trkpt lat="31.47264782240574" lon="120.25379600564925">
        <ele>7.165060292929411</ele>
        <time>2025-01-10T14:50:39Z</time>
        <extensions>
          <gpxtpx:TrackPointExtension>
            <gpxtpx:hr>162</gpxtpx:hr>
          </gpxtpx:TrackPointExtension>
        </extensions>
      </trkpt>
      <trkpt lat="31.4726233152283" lon="120.25379042291677">
        <ele>7.066708226688206</ele>
        <time>2025-01-10T14:50:40Z</time>
        <extensions>
          <gpxtpx:TrackPointExtension>
            <gpxtpx:hr>161</gpxtpx:hr>
          </gpxtpx:TrackPointExtension>
        </extensions>
      </trkpt>
      <trkpt lat="31.472597825905748" lon="120.25378434101455">
        <ele>6.975633483380079</ele>
        <time>2025-01-10T14:50:41Z</time>
        <extensions>
          <gpxtpx:TrackPointExtension>
            <gpxtpx:hr>161</gpxtpx:hr>
          </gpxtpx:TrackPointExtension>
        </extensions>
      </trkpt>
      <trkpt lat="31.4725725422549" lon="120.25377807964888">
        <ele>6.8938541719689965</ele>
        <time>2025-01-10T14:50:42Z</time>
        <extensions>
          <gpxtpx:TrackPointExtension>
            <gpxtpx:hr>161</gpxtpx:hr>
          </gpxtpx:TrackPointExtension>
        </extensions>
      </trkpt>
      <trkpt lat="31.47254910086817" lon="120.25377124060662">
        <ele>6.81439193431288</ele>
        <time>2025-01-10T14:50:43Z</time>
        <extensions>
          <gpxtpx:TrackPointExtension>
            <gpxtpx:hr>161</gpxtpx:hr>
          </gpxtpx:TrackPointExtension>
        </extensions>
      </trkpt>
      <trkpt lat="31.47252530448061" lon="120.2537635830822">
        <ele>6.733811225742102</ele>
        <time>2025-01-10T14:50:44Z</time>
        <extensions>
          <gpxtpx:TrackPointExtension>
            <gpxtpx:hr>161</gpxtpx:hr>
          </gpxtpx:TrackPointExtension>
        </extensions>
      </trkpt>
      <trkpt lat="31.472499696630447" lon="120.25375674295731">
        <ele>6.664937945082784</ele>
        <time>2025-01-10T14:50:45Z</time>
        <extensions>
          <gpxtpx:TrackPointExtension>
            <gpxtpx:hr>163</gpxtpx:hr>
          </gpxtpx:TrackPointExtension>
        </extensions>
      </trkpt>
      <trkpt lat="31.47247444658503" lon="120.25375151301623">
        <ele>6.597953428514302</ele>
        <time>2025-01-10T14:50:46Z</time>
        <extensions>
          <gpxtpx:TrackPointExtension>
            <gpxtpx:hr>163</gpxtpx:hr>
          </gpxtpx:TrackPointExtension>
        </extensions>
      </trkpt>
      <trkpt lat="31.472450298751617" lon="120.25374742637509">
        <ele>6.547728080302477</ele>
        <time>2025-01-10T14:50:47Z</time>
        <extensions>
          <gpxtpx:TrackPointExtension>
            <gpxtpx:hr>163</gpxtpx:hr>
          </gpxtpx:TrackPointExtension>
        </extensions>
      </trkpt>
      <trkpt lat="31.47242551077736" lon="120.25374468553736">
        <ele>6.5027500335127115</ele>
        <time>2025-01-10T14:50:48Z</time>
        <extensions>
          <gpxtpx:TrackPointExtension>
            <gpxtpx:hr>163</gpxtpx:hr>
          </gpxtpx:TrackPointExtension>
        </extensions>
      </trkpt>
      <trkpt lat="31.472399478594852" lon="120.25374334586293">
        <ele>6.469589413143694</ele>
        <time>2025-01-10T14:50:49Z</time>
        <extensions>
          <gpxtpx:TrackPointExtension>
            <gpxtpx:hr>163</gpxtpx:hr>
          </gpxtpx:TrackPointExtension>
        </extensions>
      </trkpt>
      <trkpt lat="31.47237266229601" lon="120.25374342073924">
        <ele>6.444700847379863</ele>
        <time>2025-01-10T14:50:50Z</time>
        <extensions>
          <gpxtpx:TrackPointExtension>
            <gpxtpx:hr>164</gpxtpx:hr>
          </gpxtpx:TrackPointExtension>
        </extensions>
      </trkpt>
      <trkpt lat="31.472345131139267" lon="120.25374488409179">
        <ele>6.430184996686876</ele>
        <time>2025-01-10T14:50:51Z</time>
        <extensions>
          <gpxtpx:TrackPointExtension>
            <gpxtpx:hr>164</gpxtpx:hr>
          </gpxtpx:TrackPointExtension>
        </extensions>
      </trkpt>
      <trkpt lat="31.4723183172732" lon="120.25374522927864">
        <ele>6.418689614161849</ele>
        <time>2025-01-10T14:50:52Z</time>
        <extensions>
          <gpxtpx:TrackPointExtension>
            <gpxtpx:hr>164</gpxtpx:hr>
          </gpxtpx:TrackPointExtension>
        </extensions>
      </trkpt>
      <trkpt lat="31.472293603583136" lon="120.25374215474308">
        <ele>6.414502501487732</ele>
        <time>2025-01-10T14:50:53Z</time>
        <extensions>
          <gpxtpx:TrackPointExtension>
            <gpxtpx:hr>164</gpxtpx:hr>
          </gpxtpx:TrackPointExtension>
        </extensions>
      </trkpt>
      <trkpt lat="31.47226859925965" lon="120.25373707965568">
        <ele>6.41529574804008</ele>
        <time>2025-01-10T14:50:54Z</time>
        <extensions>
          <gpxtpx:TrackPointExtension>
            <gpxtpx:hr>164</gpxtpx:hr>
          </gpxtpx:TrackPointExtension>
        </extensions>
      </trkpt>
      <trkpt lat="31.472242460896357" lon="120.25373193048115">
        <ele>6.416012953966856</ele>
        <time>2025-01-10T14:50:55Z</time>
        <extensions>
          <gpxtpx:TrackPointExtension>
            <gpxtpx:hr>164</gpxtpx:hr>
          </gpxtpx:TrackPointExtension>
        </extensions>
      </trkpt>
      <trkpt lat="31.472218498346145" lon="120.25372660980982">
        <ele>6.417989390902221</ele>
        <time>2025-01-10T14:50:56Z</time>
        <extensions>
          <gpxtpx:TrackPointExtension>
            <gpxtpx:hr>164</gpxtpx:hr>
          </gpxtpx:TrackPointExtension>
        </extensions>
      </trkpt>
      <trkpt lat="31.47219667071861" lon="120.25372057202759">
        <ele>6.429381676018238</ele>
        <time>2025-01-10T14:50:57Z</time>
        <extensions>
          <gpxtpx:TrackPointExtension>
            <gpxtpx:hr>168</gpxtpx:hr>
          </gpxtpx:TrackPointExtension>
        </extensions>
      </trkpt>
      <trkpt lat="31.47217438817713" lon="120.25371415226367">
        <ele>6.427184549160302</ele>
        <time>2025-01-10T14:50:58Z</time>
        <extensions>
          <gpxtpx:TrackPointExtension>
            <gpxtpx:hr>168</gpxtpx:hr>
          </gpxtpx:TrackPointExtension>
        </extensions>
      </trkpt>
      <trkpt lat="31.472151658277113" lon="120.25370891783965">
        <ele>6.397166846320033</ele>
        <time>2025-01-10T14:50:59Z</time>
        <extensions>
          <gpxtpx:TrackPointExtension>
            <gpxtpx:hr>168</gpxtpx:hr>
          </gpxtpx:TrackPointExtension>
        </extensions>
      </trkpt>
      <trkpt lat="31.472129333190466" lon="120.25370556022362">
        <ele>6.3697504522278905</ele>
        <time>2025-01-10T14:51:00Z</time>
        <extensions>
          <gpxtpx:TrackPointExtension>
            <gpxtpx:hr>168</gpxtpx:hr>
          </gpxtpx:TrackPointExtension>
        </extensions>
      </trkpt>
      <trkpt lat="31.472107219330628" lon="120.25370248172874">
        <ele>6.342432716861367</ele>
        <time>2025-01-10T14:51:01Z</time>
        <extensions>
          <gpxtpx:TrackPointExtension>
            <gpxtpx:hr>168</gpxtpx:hr>
          </gpxtpx:TrackPointExtension>
        </extensions>
      </trkpt>
      <trkpt lat="31.472085986338204" lon="120.25369964141042">
        <ele>6.312497911974788</ele>
        <time>2025-01-10T14:51:02Z</time>
        <extensions>
          <gpxtpx:TrackPointExtension>
            <gpxtpx:hr>168</gpxtpx:hr>
          </gpxtpx:TrackPointExtension>
        </extensions>
      </trkpt>
      <trkpt lat="31.472065409860573" lon="120.25369860470117">
        <ele>6.2684306195005774</ele>
        <time>2025-01-10T14:51:03Z</time>
        <extensions>
          <gpxtpx:TrackPointExtension>
            <gpxtpx:hr>170</gpxtpx:hr>
          </gpxtpx:TrackPointExtension>
        </extensions>
      </trkpt>
      <trkpt lat="31.472043933590882" lon="120.25369944445387">
        <ele>6.21398648340255</ele>
        <time>2025-01-10T14:51:04Z</time>
        <extensions>
          <gpxtpx:TrackPointExtension>
            <gpxtpx:hr>170</gpxtpx:hr>
          </gpxtpx:TrackPointExtension>
        </extensions>
      </trkpt>
      <trkpt lat="31.472021374357475" lon="120.25370147863721">
        <ele>6.153049757704139</ele>
        <time>2025-01-10T14:51:05Z</time>
        <extensions>
          <gpxtpx:TrackPointExtension>
            <gpxtpx:hr>170</gpxtpx:hr>
          </gpxtpx:TrackPointExtension>
        </extensions>
      </trkpt>
      <trkpt lat="31.47199883236462" lon="120.25370428017686">
        <ele>6.095822874456644</ele>
        <time>2025-01-10T14:51:06Z</time>
        <extensions>
          <gpxtpx:TrackPointExtension>
            <gpxtpx:hr>170</gpxtpx:hr>
          </gpxtpx:TrackPointExtension>
        </extensions>
      </trkpt>
      <trkpt lat="31.471976720903676" lon="120.25370856438269">
        <ele>6.06141965650022</ele>
        <time>2025-01-10T14:51:07Z</time>
        <extensions>
          <gpxtpx:TrackPointExtension>
            <gpxtpx:hr>170</gpxtpx:hr>
          </gpxtpx:TrackPointExtension>
        </extensions>
      </trkpt>
      <trkpt lat="31.47195468439316" lon="120.25371568530103">
        <ele>6.01913468260318</ele>
        <time>2025-01-10T14:51:08Z</time>
        <extensions>
          <gpxtpx:TrackPointExtension>
            <gpxtpx:hr>169</gpxtpx:hr>
          </gpxtpx:TrackPointExtension>
        </extensions>
      </trkpt>
      <trkpt lat="31.47193382936268" lon="120.25372508009416">
        <ele>5.977053358219564</ele>
        <time>2025-01-10T14:51:09Z</time>
        <extensions>
          <gpxtpx:TrackPointExtension>
            <gpxtpx:hr>169</gpxtpx:hr>
          </gpxtpx:TrackPointExtension>
        </extensions>
      </trkpt>
      <trkpt lat="31.47191383327025" lon="120.25373536609946">
        <ele>5.929572499357164</ele>
        <time>2025-01-10T14:51:10Z</time>
        <extensions>
          <gpxtpx:TrackPointExtension>
            <gpxtpx:hr>169</gpxtpx:hr>
          </gpxtpx:TrackPointExtension>
        </extensions>
      </trkpt>
      <trkpt lat="31.471893562926557" lon="120.25374675417123">
        <ele>5.889523282647133</ele>
        <time>2025-01-10T14:51:11Z</time>
        <extensions>
          <gpxtpx:TrackPointExtension>
            <gpxtpx:hr>169</gpxtpx:hr>
          </gpxtpx:TrackPointExtension>
        </extensions>
      </trkpt>
      <trkpt lat="31.471873652253116" lon="120.25375993658116">
        <ele>5.865712197497487</ele>
        <time>2025-01-10T14:51:12Z</time>
        <extensions>
          <gpxtpx:TrackPointExtension>
            <gpxtpx:hr>170</gpxtpx:hr>
          </gpxtpx:TrackPointExtension>
        </extensions>
      </trkpt>
      <trkpt lat="31.47185447112736" lon="120.2537750424974">
        <ele>5.85005285218358</ele>
        <time>2025-01-10T14:51:13Z</time>
        <extensions>
          <gpxtpx:TrackPointExtension>
            <gpxtpx:hr>170</gpxtpx:hr>
          </gpxtpx:TrackPointExtension>
        </extensions>
      </trkpt>
      <trkpt lat="31.47183554557866" lon="120.2537927128771">
        <ele>5.841420073993504</ele>
        <time>2025-01-10T14:51:14Z</time>
        <extensions>
          <gpxtpx:TrackPointExtension>
            <gpxtpx:hr>170</gpxtpx:hr>
          </gpxtpx:TrackPointExtension>
        </extensions>
      </trkpt>
      <trkpt lat="31.47181905615307" lon="120.25381107706706">
        <ele>5.835751562379301</ele>
        <time>2025-01-10T14:51:15Z</time>
        <extensions>
          <gpxtpx:TrackPointExtension>
            <gpxtpx:hr>170</gpxtpx:hr>
          </gpxtpx:TrackPointExtension>
        </extensions>
      </trkpt>
      <trkpt lat="31.471805084635868" lon="120.25382768058189">
        <ele>5.8420568043366075</ele>
        <time>2025-01-10T14:51:16Z</time>
        <extensions>
          <gpxtpx:TrackPointExtension>
            <gpxtpx:hr>168</gpxtpx:hr>
          </gpxtpx:TrackPointExtension>
        </extensions>
      </trkpt>
      <trkpt lat="31.471791070915458" lon="120.25384452662003">
        <ele>5.857501968741417</ele>
        <time>2025-01-10T14:51:17Z</time>
        <extensions>
          <gpxtpx:TrackPointExtension>
            <gpxtpx:hr>168</gpxtpx:hr>
          </gpxtpx:TrackPointExtension>
        </extensions>
      </trkpt>
      <trkpt lat="31.47177795162266" lon="120.25386304477696">
        <ele>5.881163186393678</ele>
        <time>2025-01-10T14:51:18Z</time>
        <extensions>
          <gpxtpx:TrackPointExtension>
            <gpxtpx:hr>168</gpxtpx:hr>
          </gpxtpx:TrackPointExtension>
        </extensions>
      </trkpt>
      <trkpt lat="31.471765734416024" lon="120.25388216645464">
        <ele>5.899522750638425</ele>
        <time>2025-01-10T14:51:19Z</time>
        <extensions>
          <gpxtpx:TrackPointExtension>
            <gpxtpx:hr>168</gpxtpx:hr>
          </gpxtpx:TrackPointExtension>
        </extensions>
      </trkpt>
      <trkpt lat="31.471753929882727" lon="120.25390376059875">
        <ele>5.935482500120997</ele>
        <time>2025-01-10T14:51:20Z</time>
        <extensions>
          <gpxtpx:TrackPointExtension>
            <gpxtpx:hr>168</gpxtpx:hr>
          </gpxtpx:TrackPointExtension>
        </extensions>
      </trkpt>
      <trkpt lat="31.471742820406796" lon="120.25392996053255">
        <ele>5.9756296360865235</ele>
        <time>2025-01-10T14:51:21Z</time>
        <extensions>
          <gpxtpx:TrackPointExtension>
            <gpxtpx:hr>168</gpxtpx:hr>
          </gpxtpx:TrackPointExtension>
        </extensions>
      </trkpt>
      <trkpt lat="31.47173239769259" lon="120.25395918556005">
        <ele>6.024549566209316</ele>
        <time>2025-01-10T14:51:22Z</time>
        <extensions>
          <gpxtpx:TrackPointExtension>
            <gpxtpx:hr>168</gpxtpx:hr>
          </gpxtpx:TrackPointExtension>
        </extensions>
      </trkpt>
      <trkpt lat="31.471723858836977" lon="120.2539884757252">
        <ele>6.055589004419744</ele>
        <time>2025-01-10T14:51:23Z</time>
        <extensions>
          <gpxtpx:TrackPointExtension>
            <gpxtpx:hr>168</gpxtpx:hr>
          </gpxtpx:TrackPointExtension>
        </extensions>
      </trkpt>
      <trkpt lat="31.47171673354805" lon="120.25401826657779">
        <ele>6.080251692794263</ele>
        <time>2025-01-10T14:51:24Z</time>
        <extensions>
          <gpxtpx:TrackPointExtension>
            <gpxtpx:hr>168</gpxtpx:hr>
          </gpxtpx:TrackPointExtension>
        </extensions>
      </trkpt>
      <trkpt lat="31.47170912267856" lon="120.25404758374896">
        <ele>6.098096516914666</ele>
        <time>2025-01-10T14:51:25Z</time>
        <extensions>
          <gpxtpx:TrackPointExtension>
            <gpxtpx:hr>168</gpxtpx:hr>
          </gpxtpx:TrackPointExtension>
        </extensions>
      </trkpt>
      <trkpt lat="31.47170170285134" lon="120.254073587377">
        <ele>6.125152379274368</ele>
        <time>2025-01-10T14:51:26Z</time>
        <extensions>
          <gpxtpx:TrackPointExtension>
            <gpxtpx:hr>168</gpxtpx:hr>
          </gpxtpx:TrackPointExtension>
        </extensions>
      </trkpt>
      <trkpt lat="31.471696981271464" lon="120.25409831811187">
        <ele>6.135110135190189</ele>
        <time>2025-01-10T14:51:27Z</time>
        <extensions>
          <gpxtpx:TrackPointExtension>
            <gpxtpx:hr>168</gpxtpx:hr>
          </gpxtpx:TrackPointExtension>
        </extensions>
      </trkpt>
      <trkpt lat="31.471695836900373" lon="120.25412437815159">
        <ele>6.151202087290585</ele>
        <time>2025-01-10T14:51:28Z</time>
        <extensions>
          <gpxtpx:TrackPointExtension>
            <gpxtpx:hr>168</gpxtpx:hr>
          </gpxtpx:TrackPointExtension>
        </extensions>
      </trkpt>
      <trkpt lat="31.47169677396432" lon="120.2541515004539">
        <ele>6.1751026539132</ele>
        <time>2025-01-10T14:51:29Z</time>
        <extensions>
          <gpxtpx:TrackPointExtension>
            <gpxtpx:hr>168</gpxtpx:hr>
          </gpxtpx:TrackPointExtension>
        </extensions>
      </trkpt>
      <trkpt lat="31.471698872327917" lon="120.25417799027139">
        <ele>6.204954314976931</ele>
        <time>2025-01-10T14:51:30Z</time>
        <extensions>
          <gpxtpx:TrackPointExtension>
            <gpxtpx:hr>168</gpxtpx:hr>
          </gpxtpx:TrackPointExtension>
        </extensions>
      </trkpt>
      <trkpt lat="31.47170290680268" lon="120.25420292885589">
        <ele>6.217195873148739</ele>
        <time>2025-01-10T14:51:31Z</time>
        <extensions>
          <gpxtpx:TrackPointExtension>
            <gpxtpx:hr>168</gpxtpx:hr>
          </gpxtpx:TrackPointExtension>
        </extensions>
      </trkpt>
      <trkpt lat="31.471709109464534" lon="120.25422651133843">
        <ele>6.234788462519646</ele>
        <time>2025-01-10T14:51:32Z</time>
        <extensions>
          <gpxtpx:TrackPointExtension>
            <gpxtpx:hr>172</gpxtpx:hr>
          </gpxtpx:TrackPointExtension>
        </extensions>
      </trkpt>
      <trkpt lat="31.47171810718005" lon="120.25425100655575">
        <ele>6.2497715801000595</ele>
        <time>2025-01-10T14:51:33Z</time>
        <extensions>
          <gpxtpx:TrackPointExtension>
            <gpxtpx:hr>172</gpxtpx:hr>
          </gpxtpx:TrackPointExtension>
        </extensions>
      </trkpt>
      <trkpt lat="31.471729690469033" lon="120.25427817108006">
        <ele>6.2614771611988544</ele>
        <time>2025-01-10T14:51:34Z</time>
        <extensions>
          <gpxtpx:TrackPointExtension>
            <gpxtpx:hr>172</gpxtpx:hr>
          </gpxtpx:TrackPointExtension>
        </extensions>
      </trkpt>
      <trkpt lat="31.47174188969497" lon="120.25430500896904">
        <ele>6.291987380944192</ele>
        <time>2025-01-10T14:51:35Z</time>
        <extensions>
          <gpxtpx:TrackPointExtension>
            <gpxtpx:hr>172</gpxtpx:hr>
          </gpxtpx:TrackPointExtension>
        </extensions>
      </trkpt>
      <trkpt lat="31.471755794071186" lon="120.25432890330457">
        <ele>6.325658607296646</ele>
        <time>2025-01-10T14:51:36Z</time>
        <extensions>
          <gpxtpx:TrackPointExtension>
            <gpxtpx:hr>172</gpxtpx:hr>
          </gpxtpx:TrackPointExtension>
        </extensions>
      </trkpt>
      <trkpt lat="31.47177271747785" lon="120.25435211684339">
        <ele>6.365354924462736</ele>
        <time>2025-01-10T14:51:37Z</time>
        <extensions>
          <gpxtpx:TrackPointExtension>
            <gpxtpx:hr>173</gpxtpx:hr>
          </gpxtpx:TrackPointExtension>
        </extensions>
      </trkpt>
      <trkpt lat="31.471791024230605" lon="120.25437632227586">
        <ele>6.40304156858474</ele>
        <time>2025-01-10T14:51:38Z</time>
        <extensions>
          <gpxtpx:TrackPointExtension>
            <gpxtpx:hr>173</gpxtpx:hr>
          </gpxtpx:TrackPointExtension>
        </extensions>
      </trkpt>
      <trkpt lat="31.47181121969673" lon="120.2543993779761">
        <ele>6.4506905963644385</ele>
        <time>2025-01-10T14:51:39Z</time>
        <extensions>
          <gpxtpx:TrackPointExtension>
            <gpxtpx:hr>173</gpxtpx:hr>
          </gpxtpx:TrackPointExtension>
        </extensions>
      </trkpt>
      <trkpt lat="31.471833641864507" lon="120.25441998181734">
        <ele>6.488849094137549</ele>
        <time>2025-01-10T14:51:40Z</time>
        <extensions>
          <gpxtpx:TrackPointExtension>
            <gpxtpx:hr>172</gpxtpx:hr>
          </gpxtpx:TrackPointExtension>
        </extensions>
      </trkpt>
      <trkpt lat="31.47185726158652" lon="120.25443894114768">
        <ele>6.5309527814388275</ele>
        <time>2025-01-10T14:51:41Z</time>
        <extensions>
          <gpxtpx:TrackPointExtension>
            <gpxtpx:hr>172</gpxtpx:hr>
          </gpxtpx:TrackPointExtension>
        </extensions>
      </trkpt>
      <trkpt lat="31.47188110758176" lon="120.25445592561725">
        <ele>6.554396183229983</ele>
        <time>2025-01-10T14:51:42Z</time>
        <extensions>
          <gpxtpx:TrackPointExtension>
            <gpxtpx:hr>172</gpxtpx:hr>
          </gpxtpx:TrackPointExtension>
        </extensions>
      </trkpt>
      <trkpt lat="31.47190529348925" lon="120.25446990124031">
        <ele>6.5624242424964905</ele>
        <time>2025-01-10T14:51:43Z</time>
        <extensions>
          <gpxtpx:TrackPointExtension>
            <gpxtpx:hr>172</gpxtpx:hr>
          </gpxtpx:TrackPointExtension>
        </extensions>
      </trkpt>
      <trkpt lat="31.47193051247771" lon="120.25447998619651">
        <ele>6.568631762638688</ele>
        <time>2025-01-10T14:51:44Z</time>
        <extensions>
          <gpxtpx:TrackPointExtension>
            <gpxtpx:hr>172</gpxtpx:hr>
          </gpxtpx:TrackPointExtension>
        </extensions>
      </trkpt>
      <trkpt lat="31.471954641863636" lon="120.25448658118529">
        <ele>6.567682762630284</ele>
        <time>2025-01-10T14:51:45Z</time>
        <extensions>
          <gpxtpx:TrackPointExtension>
            <gpxtpx:hr>172</gpxtpx:hr>
          </gpxtpx:TrackPointExtension>
        </extensions>
      </trkpt>
      <trkpt lat="31.471978624589195" lon="120.2544914341197">
        <ele>6.552130331285298</ele>
        <time>2025-01-10T14:51:46Z</time>
        <extensions>
          <gpxtpx:TrackPointExtension>
            <gpxtpx:hr>172</gpxtpx:hr>
          </gpxtpx:TrackPointExtension>
        </extensions>
      </trkpt>
      <trkpt lat="31.47200375878893" lon="120.25449584242175">
        <ele>6.535947183147073</ele>
        <time>2025-01-10T14:51:47Z</time>
        <extensions>
          <gpxtpx:TrackPointExtension>
            <gpxtpx:hr>172</gpxtpx:hr>
          </gpxtpx:TrackPointExtension>
        </extensions>
      </trkpt>
      <trkpt lat="31.47202703633372" lon="120.25450217065647">
        <ele>6.4947373596951365</ele>
        <time>2025-01-10T14:51:48Z</time>
        <extensions>
          <gpxtpx:TrackPointExtension>
            <gpxtpx:hr>172</gpxtpx:hr>
          </gpxtpx:TrackPointExtension>
        </extensions>
      </trkpt>
      <trkpt lat="31.47204766785116" lon="120.25451065328741">
        <ele>6.454657096415758</ele>
        <time>2025-01-10T14:51:49Z</time>
        <extensions>
          <gpxtpx:TrackPointExtension>
            <gpxtpx:hr>172</gpxtpx:hr>
          </gpxtpx:TrackPointExtension>
        </extensions>
      </trkpt>
      <trkpt lat="31.472069144121328" lon="120.25451808867719">
        <ele>6.40814889781177</ele>
        <time>2025-01-10T14:51:50Z</time>
        <extensions>
          <gpxtpx:TrackPointExtension>
            <gpxtpx:hr>172</gpxtpx:hr>
          </gpxtpx:TrackPointExtension>
        </extensions>
      </trkpt>
      <trkpt lat="31.472092317099282" lon="120.25452385858878">
        <ele>6.36748456582427</ele>
        <time>2025-01-10T14:51:51Z</time>
        <extensions>
          <gpxtpx:TrackPointExtension>
            <gpxtpx:hr>172</gpxtpx:hr>
          </gpxtpx:TrackPointExtension>
        </extensions>
      </trkpt>
      <trkpt lat="31.472116083632915" lon="120.25452771118556">
        <ele>6.334032813087106</ele>
        <time>2025-01-10T14:51:52Z</time>
        <extensions>
          <gpxtpx:TrackPointExtension>
            <gpxtpx:hr>170</gpxtpx:hr>
          </gpxtpx:TrackPointExtension>
        </extensions>
      </trkpt>
      <trkpt lat="31.472140320396623" lon="120.25452953611412">
        <ele>6.294873401522636</ele>
        <time>2025-01-10T14:51:53Z</time>
        <extensions>
          <gpxtpx:TrackPointExtension>
            <gpxtpx:hr>170</gpxtpx:hr>
          </gpxtpx:TrackPointExtension>
        </extensions>
      </trkpt>
      <trkpt lat="31.472164100713652" lon="120.2545332346729">
        <ele>6.257330787368119</ele>
        <time>2025-01-10T14:51:54Z</time>
        <extensions>
          <gpxtpx:TrackPointExtension>
            <gpxtpx:hr>170</gpxtpx:hr>
          </gpxtpx:TrackPointExtension>
        </extensions>
      </trkpt>
      <trkpt lat="31.472187296332105" lon="120.25454065291355">
        <ele>6.231670432724059</ele>
        <time>2025-01-10T14:51:55Z</time>
        <extensions>
          <gpxtpx:TrackPointExtension>
            <gpxtpx:hr>170</gpxtpx:hr>
          </gpxtpx:TrackPointExtension>
        </extensions>
      </trkpt>
      <trkpt lat="31.472212571299174" lon="120.25454893568181">
        <ele>6.204096847213805</ele>
        <time>2025-01-10T14:51:56Z</time>
        <extensions>
          <gpxtpx:TrackPointExtension>
            <gpxtpx:hr>170</gpxtpx:hr>
          </gpxtpx:TrackPointExtension>
        </extensions>
      </trkpt>
      <trkpt lat="31.472238829588022" lon="120.25455553126658">
        <ele>6.168139388784766</ele>
        <time>2025-01-10T14:51:57Z</time>
        <extensions>
          <gpxtpx:TrackPointExtension>
            <gpxtpx:hr>170</gpxtpx:hr>
          </gpxtpx:TrackPointExtension>
        </extensions>
      </trkpt>
      <trkpt lat="31.472262543856992" lon="120.25456154915467">
        <ele>6.133324592374265</ele>
        <time>2025-01-10T14:51:58Z</time>
        <extensions>
          <gpxtpx:TrackPointExtension>
            <gpxtpx:hr>170</gpxtpx:hr>
          </gpxtpx:TrackPointExtension>
        </extensions>
      </trkpt>
      <trkpt lat="31.472285754862337" lon="120.25456823341226">
        <ele>6.107737121172249</ele>
        <time>2025-01-10T14:51:59Z</time>
        <extensions>
          <gpxtpx:TrackPointExtension>
            <gpxtpx:hr>170</gpxtpx:hr>
          </gpxtpx:TrackPointExtension>
        </extensions>
      </trkpt>
      <trkpt lat="31.47230964870834" lon="120.25457545225629">
        <ele>6.0744246281683445</ele>
        <time>2025-01-10T14:52:00Z</time>
        <extensions>
          <gpxtpx:TrackPointExtension>
            <gpxtpx:hr>170</gpxtpx:hr>
          </gpxtpx:TrackPointExtension>
        </extensions>
      </trkpt>
      <trkpt lat="31.472332153367294" lon="120.25458178593074">
        <ele>6.022906723432243</ele>
        <time>2025-01-10T14:52:01Z</time>
        <extensions>
          <gpxtpx:TrackPointExtension>
            <gpxtpx:hr>170</gpxtpx:hr>
          </gpxtpx:TrackPointExtension>
        </extensions>
      </trkpt>
      <trkpt lat="31.472354788099842" lon="120.25458592725336">
        <ele>5.965110405348241</ele>
        <time>2025-01-10T14:52:02Z</time>
        <extensions>
          <gpxtpx:TrackPointExtension>
            <gpxtpx:hr>170</gpxtpx:hr>
          </gpxtpx:TrackPointExtension>
        </extensions>
      </trkpt>
      <trkpt lat="31.472379457520326" lon="120.2545898025107">
        <ele>5.9333114409819245</ele>
        <time>2025-01-10T14:52:03Z</time>
        <extensions>
          <gpxtpx:TrackPointExtension>
            <gpxtpx:hr>171</gpxtpx:hr>
          </gpxtpx:TrackPointExtension>
        </extensions>
      </trkpt>
      <trkpt lat="31.472405075558907" lon="120.25459446159425">
        <ele>5.901588413864374</ele>
        <time>2025-01-10T14:52:04Z</time>
        <extensions>
          <gpxtpx:TrackPointExtension>
            <gpxtpx:hr>171</gpxtpx:hr>
          </gpxtpx:TrackPointExtension>
        </extensions>
      </trkpt>
      <trkpt lat="31.472430781419874" lon="120.25459922884238">
        <ele>5.875976279377937</ele>
        <time>2025-01-10T14:52:05Z</time>
        <extensions>
          <gpxtpx:TrackPointExtension>
            <gpxtpx:hr>171</gpxtpx:hr>
          </gpxtpx:TrackPointExtension>
        </extensions>
      </trkpt>
      <trkpt lat="31.472454737743384" lon="120.25460442351081">
        <ele>5.849989821203053</ele>
        <time>2025-01-10T14:52:06Z</time>
        <extensions>
          <gpxtpx:TrackPointExtension>
            <gpxtpx:hr>171</gpxtpx:hr>
          </gpxtpx:TrackPointExtension>
        </extensions>
      </trkpt>
      <trkpt lat="31.472476603399375" lon="120.25460948770106">
        <ele>5.832129296846688</ele>
        <time>2025-01-10T14:52:07Z</time>
        <extensions>
          <gpxtpx:TrackPointExtension>
            <gpxtpx:hr>171</gpxtpx:hr>
          </gpxtpx:TrackPointExtension>
        </extensions>
      </trkpt>
      <trkpt lat="31.472500350661484" lon="120.25461301066387">
        <ele>5.816655638627708</ele>
        <time>2025-01-10T14:52:08Z</time>
        <extensions>
          <gpxtpx:TrackPointExtension>
            <gpxtpx:hr>171</gpxtpx:hr>
          </gpxtpx:TrackPointExtension>
        </extensions>
      </trkpt>
      <trkpt lat="31.47252735072684" lon="120.25461532863925">
        <ele>5.814845997840166</ele>
        <time>2025-01-10T14:52:09Z</time>
        <extensions>
          <gpxtpx:TrackPointExtension>
            <gpxtpx:hr>171</gpxtpx:hr>
          </gpxtpx:TrackPointExtension>
        </extensions>
      </trkpt>
      <trkpt lat="31.472555164567098" lon="120.25461803574626">
        <ele>5.838943535462022</ele>
        <time>2025-01-10T14:52:10Z</time>
        <extensions>
          <gpxtpx:TrackPointExtension>
            <gpxtpx:hr>171</gpxtpx:hr>
          </gpxtpx:TrackPointExtension>
        </extensions>
      </trkpt>
      <trkpt lat="31.472583579421446" lon="120.25462201828839">
        <ele>5.873830341733992</ele>
        <time>2025-01-10T14:52:11Z</time>
        <extensions>
          <gpxtpx:TrackPointExtension>
            <gpxtpx:hr>171</gpxtpx:hr>
          </gpxtpx:TrackPointExtension>
        </extensions>
      </trkpt>
      <trkpt lat="31.47261199330666" lon="120.2546275522789">
        <ele>5.925852054730058</ele>
        <time>2025-01-10T14:52:12Z</time>
        <extensions>
          <gpxtpx:TrackPointExtension>
            <gpxtpx:hr>172</gpxtpx:hr>
          </gpxtpx:TrackPointExtension>
        </extensions>
      </trkpt>
      <trkpt lat="31.47263821124915" lon="120.25463393289202">
        <ele>5.981818629428744</ele>
        <time>2025-01-10T14:52:13Z</time>
        <extensions>
          <gpxtpx:TrackPointExtension>
            <gpxtpx:hr>172</gpxtpx:hr>
          </gpxtpx:TrackPointExtension>
        </extensions>
      </trkpt>
      <trkpt lat="31.472662773964178" lon="120.25463963207856">
        <ele>6.04255411401391</ele>
        <time>2025-01-10T14:52:14Z</time>
        <extensions>
          <gpxtpx:TrackPointExtension>
            <gpxtpx:hr>172</gpxtpx:hr>
          </gpxtpx:TrackPointExtension>
        </extensions>
      </trkpt>
      <trkpt lat="31.47268751310693" lon="120.25464360373584">
        <ele>6.088895075023174</ele>
        <time>2025-01-10T14:52:15Z</time>
        <extensions>
          <gpxtpx:TrackPointExtension>
            <gpxtpx:hr>172</gpxtpx:hr>
          </gpxtpx:TrackPointExtension>
        </extensions>
      </trkpt>
      <trkpt lat="31.47271197392415" lon="120.2546467891012">
        <ele>6.150083621032536</ele>
        <time>2025-01-10T14:52:16Z</time>
        <extensions>
          <gpxtpx:TrackPointExtension>
            <gpxtpx:hr>172</gpxtpx:hr>
          </gpxtpx:TrackPointExtension>
        </extensions>
      </trkpt>
      <trkpt lat="31.472736122536965" lon="120.25464990478575">
        <ele>6.202565218321979</ele>
        <time>2025-01-10T14:52:17Z</time>
        <extensions>
          <gpxtpx:TrackPointExtension>
            <gpxtpx:hr>171</gpxtpx:hr>
          </gpxtpx:TrackPointExtension>
        </extensions>
      </trkpt>
      <trkpt lat="31.47276141828672" lon="120.25465172907133">
        <ele>6.243234910070896</ele>
        <time>2025-01-10T14:52:18Z</time>
        <extensions>
          <gpxtpx:TrackPointExtension>
            <gpxtpx:hr>171</gpxtpx:hr>
          </gpxtpx:TrackPointExtension>
        </extensions>
      </trkpt>
      <trkpt lat="31.472786636679782" lon="120.25465174084758">
        <ele>6.302605823613703</ele>
        <time>2025-01-10T14:52:19Z</time>
        <extensions>
          <gpxtpx:TrackPointExtension>
            <gpxtpx:hr>171</gpxtpx:hr>
          </gpxtpx:TrackPointExtension>
        </extensions>
      </trkpt>
      <trkpt lat="31.472810867432393" lon="120.25464893352714">
        <ele>6.350915040820837</ele>
        <time>2025-01-10T14:52:20Z</time>
        <extensions>
          <gpxtpx:TrackPointExtension>
            <gpxtpx:hr>171</gpxtpx:hr>
          </gpxtpx:TrackPointExtension>
        </extensions>
      </trkpt>
      <trkpt lat="31.472834327499825" lon="120.25464387473122">
        <ele>6.392661460675299</ele>
        <time>2025-01-10T14:52:21Z</time>
        <extensions>
          <gpxtpx:TrackPointExtension>
            <gpxtpx:hr>170</gpxtpx:hr>
          </gpxtpx:TrackPointExtension>
        </extensions>
      </trkpt>
      <trkpt lat="31.472856743201394" lon="120.25463851981111">
        <ele>6.430580321699381</ele>
        <time>2025-01-10T14:52:22Z</time>
        <extensions>
          <gpxtpx:TrackPointExtension>
            <gpxtpx:hr>170</gpxtpx:hr>
          </gpxtpx:TrackPointExtension>
        </extensions>
      </trkpt>
      <trkpt lat="31.472878656049733" lon="120.25463222460421">
        <ele>6.459074129350483</ele>
        <time>2025-01-10T14:52:23Z</time>
        <extensions>
          <gpxtpx:TrackPointExtension>
            <gpxtpx:hr>170</gpxtpx:hr>
          </gpxtpx:TrackPointExtension>
        </extensions>
      </trkpt>
      <trkpt lat="31.472900301160923" lon="120.2546232007812">
        <ele>6.481931989081204</ele>
        <time>2025-01-10T14:52:24Z</time>
        <extensions>
          <gpxtpx:TrackPointExtension>
            <gpxtpx:hr>170</gpxtpx:hr>
          </gpxtpx:TrackPointExtension>
        </extensions>
      </trkpt>
      <trkpt lat="31.472920782304655" lon="120.254611209171">
        <ele>6.517122607678175</ele>
        <time>2025-01-10T14:52:25Z</time>
        <extensions>
          <gpxtpx:TrackPointExtension>
            <gpxtpx:hr>170</gpxtpx:hr>
          </gpxtpx:TrackPointExtension>
        </extensions>
      </trkpt>
      <trkpt lat="31.4729401749148" lon="120.2545954321153">
        <ele>6.555189887061715</ele>
        <time>2025-01-10T14:52:26Z</time>
        <extensions>
          <gpxtpx:TrackPointExtension>
            <gpxtpx:hr>170</gpxtpx:hr>
          </gpxtpx:TrackPointExtension>
        </extensions>
      </trkpt>
      <trkpt lat="31.472959492325717" lon="120.2545765343624">
        <ele>6.59885820467025</ele>
        <time>2025-01-10T14:52:27Z</time>
        <extensions>
          <gpxtpx:TrackPointExtension>
            <gpxtpx:hr>176</gpxtpx:hr>
          </gpxtpx:TrackPointExtension>
        </extensions>
      </trkpt>
      <trkpt lat="31.472978861607277" lon="120.25455781514191">
        <ele>6.646695316769183</ele>
        <time>2025-01-10T14:52:28Z</time>
        <extensions>
          <gpxtpx:TrackPointExtension>
            <gpxtpx:hr>176</gpxtpx:hr>
          </gpxtpx:TrackPointExtension>
        </extensions>
      </trkpt>
      <trkpt lat="31.472996107837243" lon="120.25453870051294">
        <ele>6.700401089154184</ele>
        <time>2025-01-10T14:52:29Z</time>
        <extensions>
          <gpxtpx:TrackPointExtension>
            <gpxtpx:hr>176</gpxtpx:hr>
          </gpxtpx:TrackPointExtension>
        </extensions>
      </trkpt>
      <trkpt lat="31.473010786014726" lon="120.25451777875769">
        <ele>6.757147856988013</ele>
        <time>2025-01-10T14:52:30Z</time>
        <extensions>
          <gpxtpx:TrackPointExtension>
            <gpxtpx:hr>176</gpxtpx:hr>
          </gpxtpx:TrackPointExtension>
        </extensions>
      </trkpt>
      <trkpt lat="31.473024566270297" lon="120.25449674627261">
        <ele>6.819468893110752</ele>
        <time>2025-01-10T14:52:31Z</time>
        <extensions>
          <gpxtpx:TrackPointExtension>
            <gpxtpx:hr>176</gpxtpx:hr>
          </gpxtpx:TrackPointExtension>
        </extensions>
      </trkpt>
      <trkpt lat="31.4730377166025" lon="120.25447520660929">
        <ele>6.868933810852468</ele>
        <time>2025-01-10T14:52:32Z</time>
        <extensions>
          <gpxtpx:TrackPointExtension>
            <gpxtpx:hr>176</gpxtpx:hr>
          </gpxtpx:TrackPointExtension>
        </extensions>
      </trkpt>
      <trkpt lat="31.47305082323236" lon="120.25445184893725">
        <ele>6.918206751346588</ele>
        <time>2025-01-10T14:52:33Z</time>
        <extensions>
          <gpxtpx:TrackPointExtension>
            <gpxtpx:hr>176</gpxtpx:hr>
          </gpxtpx:TrackPointExtension>
        </extensions>
      </trkpt>
      <trkpt lat="31.473063043779145" lon="120.25442806311318">
        <ele>6.9579743994399905</ele>
        <time>2025-01-10T14:52:34Z</time>
        <extensions>
          <gpxtpx:TrackPointExtension>
            <gpxtpx:hr>176</gpxtpx:hr>
          </gpxtpx:TrackPointExtension>
        </extensions>
      </trkpt>
      <trkpt lat="31.473073240497452" lon="120.25440408951755">
        <ele>6.99071759916842</ele>
        <time>2025-01-10T14:52:35Z</time>
        <extensions>
          <gpxtpx:TrackPointExtension>
            <gpxtpx:hr>176</gpxtpx:hr>
          </gpxtpx:TrackPointExtension>
        </extensions>
      </trkpt>
      <trkpt lat="31.473082057913576" lon="120.25437813186954">
        <ele>7.029516128823161</ele>
        <time>2025-01-10T14:52:36Z</time>
        <extensions>
          <gpxtpx:TrackPointExtension>
            <gpxtpx:hr>176</gpxtpx:hr>
          </gpxtpx:TrackPointExtension>
        </extensions>
      </trkpt>
      <trkpt lat="31.47308974873169" lon="120.25435140103305">
        <ele>7.060740947723389</ele>
        <time>2025-01-10T14:52:37Z</time>
        <extensions>
          <gpxtpx:TrackPointExtension>
            <gpxtpx:hr>176</gpxtpx:hr>
          </gpxtpx:TrackPointExtension>
        </extensions>
      </trkpt>
      <trkpt lat="31.473096369569376" lon="120.2543244906708">
        <ele>7.0906631629914045</ele>
        <time>2025-01-10T14:52:38Z</time>
        <extensions>
          <gpxtpx:TrackPointExtension>
            <gpxtpx:hr>176</gpxtpx:hr>
          </gpxtpx:TrackPointExtension>
        </extensions>
      </trkpt>
      <trkpt lat="31.47310116179471" lon="120.25429567763685">
        <ele>7.10251450072974</ele>
        <time>2025-01-10T14:52:39Z</time>
        <extensions>
          <gpxtpx:TrackPointExtension>
            <gpxtpx:hr>176</gpxtpx:hr>
          </gpxtpx:TrackPointExtension>
        </extensions>
      </trkpt>
      <trkpt lat="31.47310417510407" lon="120.25426503451476">
        <ele>7.097354991361499</ele>
        <time>2025-01-10T14:52:40Z</time>
        <extensions>
          <gpxtpx:TrackPointExtension>
            <gpxtpx:hr>177</gpxtpx:hr>
          </gpxtpx:TrackPointExtension>
        </extensions>
      </trkpt>
      <trkpt lat="31.473105709527168" lon="120.25423460921229">
        <ele>7.090049149468541</ele>
        <time>2025-01-10T14:52:41Z</time>
        <extensions>
          <gpxtpx:TrackPointExtension>
            <gpxtpx:hr>177</gpxtpx:hr>
          </gpxtpx:TrackPointExtension>
        </extensions>
      </trkpt>
      <trkpt lat="31.47310490703017" lon="120.25420544560546">
        <ele>7.078360480256379</ele>
        <time>2025-01-10T14:52:42Z</time>
        <extensions>
          <gpxtpx:TrackPointExtension>
            <gpxtpx:hr>177</gpxtpx:hr>
          </gpxtpx:TrackPointExtension>
        </extensions>
      </trkpt>
      <trkpt lat="31.473102304462824" lon="120.25417725334268">
        <ele>7.066267056390643</ele>
        <time>2025-01-10T14:52:43Z</time>
        <extensions>
          <gpxtpx:TrackPointExtension>
            <gpxtpx:hr>177</gpxtpx:hr>
          </gpxtpx:TrackPointExtension>
        </extensions>
      </trkpt>
      <trkpt lat="31.47309803648732" lon="120.25415081615103">
        <ele>7.068510606884956</ele>
        <time>2025-01-10T14:52:44Z</time>
        <extensions>
          <gpxtpx:TrackPointExtension>
            <gpxtpx:hr>177</gpxtpx:hr>
          </gpxtpx:TrackPointExtension>
        </extensions>
      </trkpt>
      <trkpt lat="31.47309131048062" lon="120.25412450481407">
        <ele>7.072221992537379</ele>
        <time>2025-01-10T14:52:45Z</time>
        <extensions>
          <gpxtpx:TrackPointExtension>
            <gpxtpx:hr>177</gpxtpx:hr>
          </gpxtpx:TrackPointExtension>
        </extensions>
      </trkpt>
      <trkpt lat="31.473082763803127" lon="120.25409630499132">
        <ele>7.078229544684291</ele>
        <time>2025-01-10T14:52:46Z</time>
        <extensions>
          <gpxtpx:TrackPointExtension>
            <gpxtpx:hr>178</gpxtpx:hr>
          </gpxtpx:TrackPointExtension>
        </extensions>
      </trkpt>
      <trkpt lat="31.473073259172278" lon="120.25406763055157">
        <ele>7.102152002044022</ele>
        <time>2025-01-10T14:52:47Z</time>
        <extensions>
          <gpxtpx:TrackPointExtension>
            <gpxtpx:hr>178</gpxtpx:hr>
          </gpxtpx:TrackPointExtension>
        </extensions>
      </trkpt>
      <trkpt lat="31.47306224133381" lon="120.25404031175219">
        <ele>7.100299432873726</ele>
        <time>2025-01-10T14:52:48Z</time>
        <extensions>
          <gpxtpx:TrackPointExtension>
            <gpxtpx:hr>178</gpxtpx:hr>
          </gpxtpx:TrackPointExtension>
        </extensions>
      </trkpt>
      <trkpt lat="31.473049750131302" lon="120.25401459222806">
        <ele>7.101765518076718</ele>
        <time>2025-01-10T14:52:49Z</time>
        <extensions>
          <gpxtpx:TrackPointExtension>
            <gpxtpx:hr>178</gpxtpx:hr>
          </gpxtpx:TrackPointExtension>
        </extensions>
      </trkpt>
      <trkpt lat="31.47303668974218" lon="120.25399012883962">
        <ele>7.124992339871824</ele>
        <time>2025-01-10T14:52:50Z</time>
        <extensions>
          <gpxtpx:TrackPointExtension>
            <gpxtpx:hr>178</gpxtpx:hr>
          </gpxtpx:TrackPointExtension>
        </extensions>
      </trkpt>
      <trkpt lat="31.473021747711247" lon="120.2539672856365">
        <ele>7.123382207937539</ele>
        <time>2025-01-10T14:52:51Z</time>
        <extensions>
          <gpxtpx:TrackPointExtension>
            <gpxtpx:hr>178</gpxtpx:hr>
          </gpxtpx:TrackPointExtension>
        </extensions>
      </trkpt>
      <trkpt lat="31.4730032008263" lon="120.2539459928021">
        <ele>7.121476473286748</ele>
        <time>2025-01-10T14:52:52Z</time>
        <extensions>
          <gpxtpx:TrackPointExtension>
            <gpxtpx:hr>178</gpxtpx:hr>
          </gpxtpx:TrackPointExtension>
        </extensions>
      </trkpt>
      <trkpt lat="31.472983104701722" lon="120.25392572288251">
        <ele>7.12160500138998</ele>
        <time>2025-01-10T14:52:53Z</time>
        <extensions>
          <gpxtpx:TrackPointExtension>
            <gpxtpx:hr>179</gpxtpx:hr>
          </gpxtpx:TrackPointExtension>
        </extensions>
      </trkpt>
      <trkpt lat="31.47296310222417" lon="120.25390711096131">
        <ele>7.124587521888316</ele>
        <time>2025-01-10T14:52:54Z</time>
        <extensions>
          <gpxtpx:TrackPointExtension>
            <gpxtpx:hr>179</gpxtpx:hr>
          </gpxtpx:TrackPointExtension>
        </extensions>
      </trkpt>
      <trkpt lat="31.47294273695494" lon="120.25389044509903">
        <ele>7.13345452118665</ele>
        <time>2025-01-10T14:52:55Z</time>
        <extensions>
          <gpxtpx:TrackPointExtension>
            <gpxtpx:hr>179</gpxtpx:hr>
          </gpxtpx:TrackPointExtension>
        </extensions>
      </trkpt>
      <trkpt lat="31.47292308956847" lon="120.25387525113044">
        <ele>7.135336848907173</ele>
        <time>2025-01-10T14:52:56Z</time>
        <extensions>
          <gpxtpx:TrackPointExtension>
            <gpxtpx:hr>179</gpxtpx:hr>
          </gpxtpx:TrackPointExtension>
        </extensions>
      </trkpt>
      <trkpt lat="31.47290375009418" lon="120.25386086171768">
        <ele>7.122040863148868</ele>
        <time>2025-01-10T14:52:57Z</time>
        <extensions>
          <gpxtpx:TrackPointExtension>
            <gpxtpx:hr>178</gpxtpx:hr>
          </gpxtpx:TrackPointExtension>
        </extensions>
      </trkpt>
      <trkpt lat="31.472882478005943" lon="120.25384702156727">
        <ele>7.110339243896306</ele>
        <time>2025-01-10T14:52:58Z</time>
        <extensions>
          <gpxtpx:TrackPointExtension>
            <gpxtpx:hr>178</gpxtpx:hr>
          </gpxtpx:TrackPointExtension>
        </extensions>
      </trkpt>
      <trkpt lat="31.47286045162089" lon="120.25383511898643">
        <ele>7.089479109272361</ele>
        <time>2025-01-10T14:52:59Z</time>
        <extensions>
          <gpxtpx:TrackPointExtension>
            <gpxtpx:hr>178</gpxtpx:hr>
          </gpxtpx:TrackPointExtension>
        </extensions>
      </trkpt>
      <trkpt lat="31.472837540066138" lon="120.25382666526647">
        <ele>7.054927623830736</ele>
        <time>2025-01-10T14:53:00Z</time>
        <extensions>
          <gpxtpx:TrackPointExtension>
            <gpxtpx:hr>178</gpxtpx:hr>
          </gpxtpx:TrackPointExtension>
        </extensions>
      </trkpt>
      <trkpt lat="31.47281303982597" lon="120.25382228202443">
        <ele>7.0160880936309695</ele>
        <time>2025-01-10T14:53:01Z</time>
        <extensions>
          <gpxtpx:TrackPointExtension>
            <gpxtpx:hr>178</gpxtpx:hr>
          </gpxtpx:TrackPointExtension>
        </extensions>
      </trkpt>
      <trkpt lat="31.47278937835821" lon="120.2538202189594">
        <ele>6.968221850693226</ele>
        <time>2025-01-10T14:53:02Z</time>
        <extensions>
          <gpxtpx:TrackPointExtension>
            <gpxtpx:hr>178</gpxtpx:hr>
          </gpxtpx:TrackPointExtension>
        </extensions>
      </trkpt>
      <trkpt lat="31.472766234731253" lon="120.2538181801858">
        <ele>6.916207551024854</ele>
        <time>2025-01-10T14:53:03Z</time>
        <extensions>
          <gpxtpx:TrackPointExtension>
            <gpxtpx:hr>178</gpxtpx:hr>
          </gpxtpx:TrackPointExtension>
        </extensions>
      </trkpt>
      <trkpt lat="31.472740531544467" lon="120.25381533267728">
        <ele>6.879744276404381</ele>
        <time>2025-01-10T14:53:04Z</time>
        <extensions>
          <gpxtpx:TrackPointExtension>
            <gpxtpx:hr>178</gpxtpx:hr>
          </gpxtpx:TrackPointExtension>
        </extensions>
      </trkpt>
      <trkpt lat="31.472712524527815" lon="120.25381105454628">
        <ele>6.852468118071556</ele>
        <time>2025-01-10T14:53:05Z</time>
        <extensions>
          <gpxtpx:TrackPointExtension>
            <gpxtpx:hr>178</gpxtpx:hr>
          </gpxtpx:TrackPointExtension>
        </extensions>
      </trkpt>
      <trkpt lat="31.472684406189558" lon="120.25380624813084">
        <ele>6.825406194664538</ele>
        <time>2025-01-10T14:53:06Z</time>
        <extensions>
          <gpxtpx:TrackPointExtension>
            <gpxtpx:hr>178</gpxtpx:hr>
          </gpxtpx:TrackPointExtension>
        </extensions>
      </trkpt>
      <trkpt lat="31.47265690699198" lon="120.25380185779643">
        <ele>6.801137291826308</ele>
        <time>2025-01-10T14:53:07Z</time>
        <extensions>
          <gpxtpx:TrackPointExtension>
            <gpxtpx:hr>178</gpxtpx:hr>
          </gpxtpx:TrackPointExtension>
        </extensions>
      </trkpt>
      <trkpt lat="31.472631178353993" lon="120.25379775496114">
        <ele>6.785100981593132</ele>
        <time>2025-01-10T14:53:08Z</time>
        <extensions>
          <gpxtpx:TrackPointExtension>
            <gpxtpx:hr>178</gpxtpx:hr>
          </gpxtpx:TrackPointExtension>
        </extensions>
      </trkpt>
      <trkpt lat="31.47260638339256" lon="120.25379461693427">
        <ele>6.7729509472846985</ele>
        <time>2025-01-10T14:53:09Z</time>
        <extensions>
          <gpxtpx:TrackPointExtension>
            <gpxtpx:hr>178</gpxtpx:hr>
          </gpxtpx:TrackPointExtension>
        </extensions>
      </trkpt>
      <trkpt lat="31.472580140802357" lon="120.25379250443673">
        <ele>6.765408751554787</ele>
        <time>2025-01-10T14:53:10Z</time>
        <extensions>
          <gpxtpx:TrackPointExtension>
            <gpxtpx:hr>177</gpxtpx:hr>
          </gpxtpx:TrackPointExtension>
        </extensions>
      </trkpt>
      <trkpt lat="31.472554215933428" lon="120.2537893923189">
        <ele>6.766741409897804</ele>
        <time>2025-01-10T14:53:11Z</time>
        <extensions>
          <gpxtpx:TrackPointExtension>
            <gpxtpx:hr>177</gpxtpx:hr>
          </gpxtpx:TrackPointExtension>
        </extensions>
      </trkpt>
      <trkpt lat="31.472529785729115" lon="120.2537844441882">
        <ele>6.776968913152814</ele>
        <time>2025-01-10T14:53:12Z</time>
        <extensions>
          <gpxtpx:TrackPointExtension>
            <gpxtpx:hr>177</gpxtpx:hr>
          </gpxtpx:TrackPointExtension>
        </extensions>
      </trkpt>
      <trkpt lat="31.472503980572448" lon="120.2537777716436">
        <ele>6.782230155542493</ele>
        <time>2025-01-10T14:53:13Z</time>
        <extensions>
          <gpxtpx:TrackPointExtension>
            <gpxtpx:hr>177</gpxtpx:hr>
          </gpxtpx:TrackPointExtension>
        </extensions>
      </trkpt>
      <trkpt lat="31.47247793749241" lon="120.25376874985902">
        <ele>6.783058585599065</ele>
        <time>2025-01-10T14:53:14Z</time>
        <extensions>
          <gpxtpx:TrackPointExtension>
            <gpxtpx:hr>177</gpxtpx:hr>
          </gpxtpx:TrackPointExtension>
        </extensions>
      </trkpt>
      <trkpt lat="31.472453581391818" lon="120.25375949581064">
        <ele>6.787237358279526</ele>
        <time>2025-01-10T14:53:15Z</time>
        <extensions>
          <gpxtpx:TrackPointExtension>
            <gpxtpx:hr>177</gpxtpx:hr>
          </gpxtpx:TrackPointExtension>
        </extensions>
      </trkpt>
      <trkpt lat="31.47242916878565" lon="120.25375358908305">
        <ele>6.785358515568078</ele>
        <time>2025-01-10T14:53:16Z</time>
        <extensions>
          <gpxtpx:TrackPointExtension>
            <gpxtpx:hr>177</gpxtpx:hr>
          </gpxtpx:TrackPointExtension>
        </extensions>
      </trkpt>
      <trkpt lat="31.47240534412443" lon="120.2537505060175">
        <ele>6.7821378177031875</ele>
        <time>2025-01-10T14:53:17Z</time>
        <extensions>
          <gpxtpx:TrackPointExtension>
            <gpxtpx:hr>177</gpxtpx:hr>
          </gpxtpx:TrackPointExtension>
        </extensions>
      </trkpt>
      <trkpt lat="31.47238297818151" lon="120.25374717614298">
        <ele>6.782598101533949</ele>
        <time>2025-01-10T14:53:18Z</time>
        <extensions>
          <gpxtpx:TrackPointExtension>
            <gpxtpx:hr>177</gpxtpx:hr>
          </gpxtpx:TrackPointExtension>
        </extensions>
      </trkpt>
      <trkpt lat="31.47236024280446" lon="120.25374289870678">
        <ele>6.7760500172153115</ele>
        <time>2025-01-10T14:53:19Z</time>
        <extensions>
          <gpxtpx:TrackPointExtension>
            <gpxtpx:hr>177</gpxtpx:hr>
          </gpxtpx:TrackPointExtension>
        </extensions>
      </trkpt>
      <trkpt lat="31.47233717122623" lon="120.25373741371018">
        <ele>6.772419168613851</ele>
        <time>2025-01-10T14:53:20Z</time>
        <extensions>
          <gpxtpx:TrackPointExtension>
            <gpxtpx:hr>177</gpxtpx:hr>
          </gpxtpx:TrackPointExtension>
        </extensions>
      </trkpt>
      <trkpt lat="31.472314511717254" lon="120.25373112287637">
        <ele>6.767054311931133</ele>
        <time>2025-01-10T14:53:21Z</time>
        <extensions>
          <gpxtpx:TrackPointExtension>
            <gpxtpx:hr>177</gpxtpx:hr>
          </gpxtpx:TrackPointExtension>
        </extensions>
      </trkpt>
      <trkpt lat="31.472290917952883" lon="120.25372577996262">
        <ele>6.7523208046332</ele>
        <time>2025-01-10T14:53:22Z</time>
        <extensions>
          <gpxtpx:TrackPointExtension>
            <gpxtpx:hr>177</gpxtpx:hr>
          </gpxtpx:TrackPointExtension>
        </extensions>
      </trkpt>
      <trkpt lat="31.472266612070865" lon="120.25372121435707">
        <ele>6.731173493899405</ele>
        <time>2025-01-10T14:53:23Z</time>
        <extensions>
          <gpxtpx:TrackPointExtension>
            <gpxtpx:hr>177</gpxtpx:hr>
          </gpxtpx:TrackPointExtension>
        </extensions>
      </trkpt>
      <trkpt lat="31.472243524264698" lon="120.2537164611977">
        <ele>6.7035639667883515</ele>
        <time>2025-01-10T14:53:24Z</time>
        <extensions>
          <gpxtpx:TrackPointExtension>
            <gpxtpx:hr>177</gpxtpx:hr>
          </gpxtpx:TrackPointExtension>
        </extensions>
      </trkpt>
      <trkpt lat="31.47222026673007" lon="120.2537118193363">
        <ele>6.661747551523149</ele>
        <time>2025-01-10T14:53:25Z</time>
        <extensions>
          <gpxtpx:TrackPointExtension>
            <gpxtpx:hr>177</gpxtpx:hr>
          </gpxtpx:TrackPointExtension>
        </extensions>
      </trkpt>
      <trkpt lat="31.47219569686881" lon="120.2537077328798">
        <ele>6.617758388631046</ele>
        <time>2025-01-10T14:53:26Z</time>
        <extensions>
          <gpxtpx:TrackPointExtension>
            <gpxtpx:hr>179</gpxtpx:hr>
          </gpxtpx:TrackPointExtension>
        </extensions>
      </trkpt>
      <trkpt lat="31.472170844154846" lon="120.25370421200381">
        <ele>6.565201750956476</ele>
        <time>2025-01-10T14:53:27Z</time>
        <extensions>
          <gpxtpx:TrackPointExtension>
            <gpxtpx:hr>179</gpxtpx:hr>
          </gpxtpx:TrackPointExtension>
        </extensions>
      </trkpt>
      <trkpt lat="31.472144926823145" lon="120.25370150837972">
        <ele>6.506300347857177</ele>
        <time>2025-01-10T14:53:28Z</time>
        <extensions>
          <gpxtpx:TrackPointExtension>
            <gpxtpx:hr>179</gpxtpx:hr>
          </gpxtpx:TrackPointExtension>
        </extensions>
      </trkpt>
      <trkpt lat="31.472117499994518" lon="120.25369904299127">
        <ele>6.464122198522091</ele>
        <time>2025-01-10T14:53:29Z</time>
        <extensions>
          <gpxtpx:TrackPointExtension>
            <gpxtpx:hr>179</gpxtpx:hr>
          </gpxtpx:TrackPointExtension>
        </extensions>
      </trkpt>
      <trkpt lat="31.472090480598087" lon="120.25369680529663">
        <ele>6.404915472492576</ele>
        <time>2025-01-10T14:53:30Z</time>
        <extensions>
          <gpxtpx:TrackPointExtension>
            <gpxtpx:hr>179</gpxtpx:hr>
          </gpxtpx:TrackPointExtension>
        </extensions>
      </trkpt>
      <trkpt lat="31.472064539783013" lon="120.25369510307004">
        <ele>6.345643660053611</ele>
        <time>2025-01-10T14:53:31Z</time>
        <extensions>
          <gpxtpx:TrackPointExtension>
            <gpxtpx:hr>179</gpxtpx:hr>
          </gpxtpx:TrackPointExtension>
        </extensions>
      </trkpt>
      <trkpt lat="31.4720396998081" lon="120.25369440263924">
        <ele>6.2854580683633685</ele>
        <time>2025-01-10T14:53:32Z</time>
        <extensions>
          <gpxtpx:TrackPointExtension>
            <gpxtpx:hr>179</gpxtpx:hr>
          </gpxtpx:TrackPointExtension>
        </extensions>
      </trkpt>
      <trkpt lat="31.47201665933243" lon="120.2536950051277">
        <ele>6.215826508589089</ele>
        <time>2025-01-10T14:53:33Z</time>
        <extensions>
          <gpxtpx:TrackPointExtension>
            <gpxtpx:hr>180</gpxtpx:hr>
          </gpxtpx:TrackPointExtension>
        </extensions>
      </trkpt>
      <trkpt lat="31.471994471251183" lon="120.25369761053834">
        <ele>6.142497681081295</ele>
        <time>2025-01-10T14:53:34Z</time>
        <extensions>
          <gpxtpx:TrackPointExtension>
            <gpxtpx:hr>180</gpxtpx:hr>
          </gpxtpx:TrackPointExtension>
        </extensions>
      </trkpt>
      <trkpt lat="31.471971552179806" lon="120.25370268247283">
        <ele>6.070821152068675</ele>
        <time>2025-01-10T14:53:35Z</time>
        <extensions>
          <gpxtpx:TrackPointExtension>
            <gpxtpx:hr>180</gpxtpx:hr>
          </gpxtpx:TrackPointExtension>
        </extensions>
      </trkpt>
      <trkpt lat="31.471948302636036" lon="120.25370896445311">
        <ele>5.990225348621607</ele>
        <time>2025-01-10T14:53:36Z</time>
        <extensions>
          <gpxtpx:TrackPointExtension>
            <gpxtpx:hr>180</gpxtpx:hr>
          </gpxtpx:TrackPointExtension>
        </extensions>
      </trkpt>
      <trkpt lat="31.471925204512434" lon="120.25371717135202">
        <ele>5.919513866305351</ele>
        <time>2025-01-10T14:53:37Z</time>
        <extensions>
          <gpxtpx:TrackPointExtension>
            <gpxtpx:hr>179</gpxtpx:hr>
          </gpxtpx:TrackPointExtension>
        </extensions>
      </trkpt>
      <trkpt lat="31.471901667602676" lon="120.2537280575323">
        <ele>5.853870711289346</ele>
        <time>2025-01-10T14:53:39Z</time>
        <extensions>
          <gpxtpx:TrackPointExtension>
            <gpxtpx:hr>179</gpxtpx:hr>
          </gpxtpx:TrackPointExtension>
        </extensions>
      </trkpt>
      <trkpt lat="31.471878623282112" lon="120.2537402274312">
        <ele>5.799657036550343</ele>
        <time>2025-01-10T14:53:40Z</time>
        <extensions>
          <gpxtpx:TrackPointExtension>
            <gpxtpx:hr>179</gpxtpx:hr>
          </gpxtpx:TrackPointExtension>
        </extensions>
      </trkpt>
      <trkpt lat="31.47185668783772" lon="120.25375322691787">
        <ele>5.764364678412676</ele>
        <time>2025-01-10T14:53:41Z</time>
        <extensions>
          <gpxtpx:TrackPointExtension>
            <gpxtpx:hr>179</gpxtpx:hr>
          </gpxtpx:TrackPointExtension>
        </extensions>
      </trkpt>
      <trkpt lat="31.471835868004593" lon="120.25376957180825">
        <ele>5.7361780647188425</ele>
        <time>2025-01-10T14:53:42Z</time>
        <extensions>
          <gpxtpx:TrackPointExtension>
            <gpxtpx:hr>178</gpxtpx:hr>
          </gpxtpx:TrackPointExtension>
        </extensions>
      </trkpt>
      <trkpt lat="31.47181658030636" lon="120.25379048940016">
        <ele>5.709149478003383</ele>
        <time>2025-01-10T14:53:43Z</time>
        <extensions>
          <gpxtpx:TrackPointExtension>
            <gpxtpx:hr>178</gpxtpx:hr>
          </gpxtpx:TrackPointExtension>
        </extensions>
      </trkpt>
      <trkpt lat="31.471799510764928" lon="120.25381311925476">
        <ele>5.68709453754127</ele>
        <time>2025-01-10T14:53:44Z</time>
        <extensions>
          <gpxtpx:TrackPointExtension>
            <gpxtpx:hr>178</gpxtpx:hr>
          </gpxtpx:TrackPointExtension>
        </extensions>
      </trkpt>
      <trkpt lat="31.471783855117273" lon="120.25383602190698">
        <ele>5.673409312963486</ele>
        <time>2025-01-10T14:53:45Z</time>
        <extensions>
          <gpxtpx:TrackPointExtension>
            <gpxtpx:hr>178</gpxtpx:hr>
          </gpxtpx:TrackPointExtension>
        </extensions>
      </trkpt>
      <trkpt lat="31.471768514917855" lon="120.25385946249196">
        <ele>5.671259983442724</ele>
        <time>2025-01-10T14:53:46Z</time>
        <extensions>
          <gpxtpx:TrackPointExtension>
            <gpxtpx:hr>178</gpxtpx:hr>
          </gpxtpx:TrackPointExtension>
        </extensions>
      </trkpt>
      <trkpt lat="31.471753837832896" lon="120.25388359489922">
        <ele>5.678191103041172</ele>
        <time>2025-01-10T14:53:47Z</time>
        <extensions>
          <gpxtpx:TrackPointExtension>
            <gpxtpx:hr>179</gpxtpx:hr>
          </gpxtpx:TrackPointExtension>
        </extensions>
      </trkpt>
      <trkpt lat="31.47174060561144" lon="120.25390934564034">
        <ele>5.694166881032288</ele>
        <time>2025-01-10T14:53:48Z</time>
        <extensions>
          <gpxtpx:TrackPointExtension>
            <gpxtpx:hr>179</gpxtpx:hr>
          </gpxtpx:TrackPointExtension>
        </extensions>
      </trkpt>
      <trkpt lat="31.47173002829736" lon="120.25393607850225">
        <ele>5.712850729003549</ele>
        <time>2025-01-10T14:53:49Z</time>
        <extensions>
          <gpxtpx:TrackPointExtension>
            <gpxtpx:hr>179</gpxtpx:hr>
          </gpxtpx:TrackPointExtension>
        </extensions>
      </trkpt>
      <trkpt lat="31.471721418435987" lon="120.25396235529668">
        <ele>5.732841447927058</ele>
        <time>2025-01-10T14:53:50Z</time>
        <extensions>
          <gpxtpx:TrackPointExtension>
            <gpxtpx:hr>179</gpxtpx:hr>
          </gpxtpx:TrackPointExtension>
        </extensions>
      </trkpt>
      <trkpt lat="31.47171306215428" lon="120.25398901211385">
        <ele>5.755577435716987</ele>
        <time>2025-01-10T14:53:51Z</time>
        <extensions>
          <gpxtpx:TrackPointExtension>
            <gpxtpx:hr>177</gpxtpx:hr>
          </gpxtpx:TrackPointExtension>
        </extensions>
      </trkpt>
      <trkpt lat="31.471705317819932" lon="120.25401591928254">
        <ele>5.789186245761812</ele>
        <time>2025-01-10T14:53:52Z</time>
        <extensions>
          <gpxtpx:TrackPointExtension>
            <gpxtpx:hr>177</gpxtpx:hr>
          </gpxtpx:TrackPointExtension>
        </extensions>
      </trkpt>
      <trkpt lat="31.471699164036252" lon="120.25404179566696">
        <ele>5.82003640756011</ele>
        <time>2025-01-10T14:53:53Z</time>
        <extensions>
          <gpxtpx:TrackPointExtension>
            <gpxtpx:hr>177</gpxtpx:hr>
          </gpxtpx:TrackPointExtension>
        </extensions>
      </trkpt>
      <trkpt lat="31.47169422447871" lon="120.25406807773042">
        <ele>5.854086713865399</ele>
        <time>2025-01-10T14:53:54Z</time>
        <extensions>
          <gpxtpx:TrackPointExtension>
            <gpxtpx:hr>177</gpxtpx:hr>
          </gpxtpx:TrackPointExtension>
        </extensions>
      </trkpt>
      <trkpt lat="31.47169085497975" lon="120.25409577309392">
        <ele>5.888642219826579</ele>
        <time>2025-01-10T14:53:55Z</time>
        <extensions>
          <gpxtpx:TrackPointExtension>
            <gpxtpx:hr>177</gpxtpx:hr>
          </gpxtpx:TrackPointExtension>
        </extensions>
      </trkpt>
      <trkpt lat="31.471689633372893" lon="120.25412384612673">
        <ele>5.925917879678309</ele>
        <time>2025-01-10T14:53:56Z</time>
        <extensions>
          <gpxtpx:TrackPointExtension>
            <gpxtpx:hr>178</gpxtpx:hr>
          </gpxtpx:TrackPointExtension>
        </extensions>
      </trkpt>
      <trkpt lat="31.471689216609665" lon="120.2541510487295">
        <ele>5.956418971531093</ele>
        <time>2025-01-10T14:53:57Z</time>
        <extensions>
          <gpxtpx:TrackPointExtension>
            <gpxtpx:hr>178</gpxtpx:hr>
          </gpxtpx:TrackPointExtension>
        </extensions>
      </trkpt>
      <trkpt lat="31.471689014358425" lon="120.25417853261688">
        <ele>5.976117270067334</ele>
        <time>2025-01-10T14:53:58Z</time>
        <extensions>
          <gpxtpx:TrackPointExtension>
            <gpxtpx:hr>178</gpxtpx:hr>
          </gpxtpx:TrackPointExtension>
        </extensions>
      </trkpt>
      <trkpt lat="31.47169014556873" lon="120.2542057271554">
        <ele>5.989549353718758</ele>
        <time>2025-01-10T14:53:59Z</time>
        <extensions>
          <gpxtpx:TrackPointExtension>
            <gpxtpx:hr>178</gpxtpx:hr>
          </gpxtpx:TrackPointExtension>
        </extensions>
      </trkpt>
      <trkpt lat="31.471694056199095" lon="120.2542299461146">
        <ele>6.006284249946475</ele>
        <time>2025-01-10T14:54:00Z</time>
        <extensions>
          <gpxtpx:TrackPointExtension>
            <gpxtpx:hr>178</gpxtpx:hr>
          </gpxtpx:TrackPointExtension>
        </extensions>
      </trkpt>
      <trkpt lat="31.471701671238254" lon="120.2542532117847">
        <ele>6.003353109583259</ele>
        <time>2025-01-10T14:54:01Z</time>
        <extensions>
          <gpxtpx:TrackPointExtension>
            <gpxtpx:hr>179</gpxtpx:hr>
          </gpxtpx:TrackPointExtension>
        </extensions>
      </trkpt>
      <trkpt lat="31.471712197322457" lon="120.25427873489744">
        <ele>6.008938360027969</ele>
        <time>2025-01-10T14:54:02Z</time>
        <extensions>
          <gpxtpx:TrackPointExtension>
            <gpxtpx:hr>179</gpxtpx:hr>
          </gpxtpx:TrackPointExtension>
        </extensions>
      </trkpt>
      <trkpt lat="31.471723598435087" lon="120.25430511677243">
        <ele>6.008057091385126</ele>
        <time>2025-01-10T14:54:03Z</time>
        <extensions>
          <gpxtpx:TrackPointExtension>
            <gpxtpx:hr>179</gpxtpx:hr>
          </gpxtpx:TrackPointExtension>
        </extensions>
      </trkpt>
      <trkpt lat="31.471736053141417" lon="120.25432992417478">
        <ele>6.010723712854087</ele>
        <time>2025-01-10T14:54:04Z</time>
        <extensions>
          <gpxtpx:TrackPointExtension>
            <gpxtpx:hr>179</gpxtpx:hr>
          </gpxtpx:TrackPointExtension>
        </extensions>
      </trkpt>
      <trkpt lat="31.471751268283587" lon="120.25435391551933">
        <ele>6.0141745042055845</ele>
        <time>2025-01-10T14:54:05Z</time>
        <extensions>
          <gpxtpx:TrackPointExtension>
            <gpxtpx:hr>179</gpxtpx:hr>
          </gpxtpx:TrackPointExtension>
        </extensions>
      </trkpt>
      <trkpt lat="31.471769339200645" lon="120.25437787091288">
        <ele>6.0223729237914085</ele>
        <time>2025-01-10T14:54:06Z</time>
        <extensions>
          <gpxtpx:TrackPointExtension>
            <gpxtpx:hr>179</gpxtpx:hr>
          </gpxtpx:TrackPointExtension>
        </extensions>
      </trkpt>
      <trkpt lat="31.471789659557928" lon="120.2544004266553">
        <ele>6.021152760833502</ele>
        <time>2025-01-10T14:54:07Z</time>
        <extensions>
          <gpxtpx:TrackPointExtension>
            <gpxtpx:hr>178</gpxtpx:hr>
          </gpxtpx:TrackPointExtension>
        </extensions>
      </trkpt>
      <trkpt lat="31.47181223168809" lon="120.25442134326033">
        <ele>6.022047348320484</ele>
        <time>2025-01-10T14:54:08Z</time>
        <extensions>
          <gpxtpx:TrackPointExtension>
            <gpxtpx:hr>178</gpxtpx:hr>
          </gpxtpx:TrackPointExtension>
        </extensions>
      </trkpt>
      <trkpt lat="31.471835059229566" lon="120.25444158528612">
        <ele>6.047659964300692</ele>
        <time>2025-01-10T14:54:09Z</time>
        <extensions>
          <gpxtpx:TrackPointExtension>
            <gpxtpx:hr>178</gpxtpx:hr>
          </gpxtpx:TrackPointExtension>
        </extensions>
      </trkpt>
      <trkpt lat="31.47185781298553" lon="120.25446009247284">
        <ele>6.074279457330704</ele>
        <time>2025-01-10T14:54:09Z</time>
        <extensions>
          <gpxtpx:TrackPointExtension>
            <gpxtpx:hr>178</gpxtpx:hr>
          </gpxtpx:TrackPointExtension>
        </extensions>
      </trkpt>
      <trkpt lat="31.471883898166436" lon="120.25447596921663">
        <ele>6.110372858121991</ele>
        <time>2025-01-10T14:54:10Z</time>
        <extensions>
          <gpxtpx:TrackPointExtension>
            <gpxtpx:hr>178</gpxtpx:hr>
          </gpxtpx:TrackPointExtension>
        </extensions>
      </trkpt>
      <trkpt lat="31.47191498801504" lon="120.25449065296476">
        <ele>6.139022961258888</ele>
        <time>2025-01-10T14:54:11Z</time>
        <extensions>
          <gpxtpx:TrackPointExtension>
            <gpxtpx:hr>178</gpxtpx:hr>
          </gpxtpx:TrackPointExtension>
        </extensions>
      </trkpt>
      <trkpt lat="31.471950075408877" lon="120.25450366395859">
        <ele>6.162041530013084</ele>
        <time>2025-01-10T14:54:12Z</time>
        <extensions>
          <gpxtpx:TrackPointExtension>
            <gpxtpx:hr>178</gpxtpx:hr>
          </gpxtpx:TrackPointExtension>
        </extensions>
      </trkpt>
      <trkpt lat="31.471985294316298" lon="120.25451380984534">
        <ele>6.201818460598588</ele>
        <time>2025-01-10T14:54:13Z</time>
        <extensions>
          <gpxtpx:TrackPointExtension>
            <gpxtpx:hr>178</gpxtpx:hr>
          </gpxtpx:TrackPointExtension>
        </extensions>
      </trkpt>
      <trkpt lat="31.472016376904666" lon="120.25452281113147">
        <ele>6.245869650505483</ele>
        <time>2025-01-10T14:54:14Z</time>
        <extensions>
          <gpxtpx:TrackPointExtension>
            <gpxtpx:hr>178</gpxtpx:hr>
          </gpxtpx:TrackPointExtension>
        </extensions>
      </trkpt>
      <trkpt lat="31.47204703320463" lon="120.25452990978738">
        <ele>6.289303550496697</ele>
        <time>2025-01-10T14:54:15Z</time>
        <extensions>
          <gpxtpx:TrackPointExtension>
            <gpxtpx:hr>178</gpxtpx:hr>
          </gpxtpx:TrackPointExtension>
        </extensions>
      </trkpt>
      <trkpt lat="31.472080395204515" lon="120.25453621846565">
        <ele>6.324714699760079</ele>
        <time>2025-01-10T14:54:16Z</time>
        <extensions>
          <gpxtpx:TrackPointExtension>
            <gpxtpx:hr>178</gpxtpx:hr>
          </gpxtpx:TrackPointExtension>
        </extensions>
      </trkpt>
      <trkpt lat="31.472112849410983" lon="120.25454511621206">
        <ele>6.347801213152707</ele>
        <time>2025-01-10T14:54:17Z</time>
        <extensions>
          <gpxtpx:TrackPointExtension>
            <gpxtpx:hr>178</gpxtpx:hr>
          </gpxtpx:TrackPointExtension>
        </extensions>
      </trkpt>
      <trkpt lat="31.472144221546824" lon="120.25455469780361">
        <ele>6.362434058450162</ele>
        <time>2025-01-10T14:54:18Z</time>
        <extensions>
          <gpxtpx:TrackPointExtension>
            <gpxtpx:hr>178</gpxtpx:hr>
          </gpxtpx:TrackPointExtension>
        </extensions>
      </trkpt>
      <trkpt lat="31.47217604815765" lon="120.25456241085716">
        <ele>6.36462739855051</ele>
        <time>2025-01-10T14:54:19Z</time>
        <extensions>
          <gpxtpx:TrackPointExtension>
            <gpxtpx:hr>178</gpxtpx:hr>
          </gpxtpx:TrackPointExtension>
        </extensions>
      </trkpt>
      <trkpt lat="31.472208827019614" lon="120.25456617160165">
        <ele>6.343861548230052</ele>
        <time>2025-01-10T14:54:20Z</time>
        <extensions>
          <gpxtpx:TrackPointExtension>
            <gpxtpx:hr>178</gpxtpx:hr>
          </gpxtpx:TrackPointExtension>
        </extensions>
      </trkpt>
      <trkpt lat="31.47224088038585" lon="120.25456723919127">
        <ele>6.316057520918548</ele>
        <time>2025-01-10T14:54:21Z</time>
        <extensions>
          <gpxtpx:TrackPointExtension>
            <gpxtpx:hr>178</gpxtpx:hr>
          </gpxtpx:TrackPointExtension>
        </extensions>
      </trkpt>
      <trkpt lat="31.472269493472528" lon="120.25456984912736">
        <ele>6.2812045104801655</ele>
        <time>2025-01-10T14:54:22Z</time>
        <extensions>
          <gpxtpx:TrackPointExtension>
            <gpxtpx:hr>178</gpxtpx:hr>
          </gpxtpx:TrackPointExtension>
        </extensions>
      </trkpt>
      <trkpt lat="31.472295960543768" lon="120.25457401063466">
        <ele>6.2326230043545365</ele>
        <time>2025-01-10T14:54:23Z</time>
        <extensions>
          <gpxtpx:TrackPointExtension>
            <gpxtpx:hr>178</gpxtpx:hr>
          </gpxtpx:TrackPointExtension>
        </extensions>
      </trkpt>
      <trkpt lat="31.472322864617187" lon="120.2545785443508">
        <ele>6.173961743712425</ele>
        <time>2025-01-10T14:54:24Z</time>
        <extensions>
          <gpxtpx:TrackPointExtension>
            <gpxtpx:hr>178</gpxtpx:hr>
          </gpxtpx:TrackPointExtension>
        </extensions>
      </trkpt>
      <trkpt lat="31.47235028274695" lon="120.25458369487544">
        <ele>6.11752594076097</ele>
        <time>2025-01-10T14:54:25Z</time>
        <extensions>
          <gpxtpx:TrackPointExtension>
            <gpxtpx:hr>179</gpxtpx:hr>
          </gpxtpx:TrackPointExtension>
        </extensions>
      </trkpt>
      <trkpt lat="31.472379501755075" lon="120.25458797065296">
        <ele>6.065974815748632</ele>
        <time>2025-01-10T14:54:26Z</time>
        <extensions>
          <gpxtpx:TrackPointExtension>
            <gpxtpx:hr>179</gpxtpx:hr>
          </gpxtpx:TrackPointExtension>
        </extensions>
      </trkpt>
      <trkpt lat="31.472409092111835" lon="120.25459186707683">
        <ele>6.019810215570033</ele>
        <time>2025-01-10T14:54:27Z</time>
        <extensions>
          <gpxtpx:TrackPointExtension>
            <gpxtpx:hr>179</gpxtpx:hr>
          </gpxtpx:TrackPointExtension>
        </extensions>
      </trkpt>
      <trkpt lat="31.472436360895763" lon="120.25459698367801">
        <ele>5.9809287786483765</ele>
        <time>2025-01-10T14:54:28Z</time>
        <extensions>
          <gpxtpx:TrackPointExtension>
            <gpxtpx:hr>179</gpxtpx:hr>
          </gpxtpx:TrackPointExtension>
        </extensions>
      </trkpt>
      <trkpt lat="31.47246413620518" lon="120.25460180109891">
        <ele>5.95311994291842</ele>
        <time>2025-01-10T14:54:29Z</time>
        <extensions>
          <gpxtpx:TrackPointExtension>
            <gpxtpx:hr>179</gpxtpx:hr>
          </gpxtpx:TrackPointExtension>
        </extensions>
      </trkpt>
      <trkpt lat="31.47249275720007" lon="120.25460715094762">
        <ele>5.916890827938914</ele>
        <time>2025-01-10T14:54:30Z</time>
        <extensions>
          <gpxtpx:TrackPointExtension>
            <gpxtpx:hr>180</gpxtpx:hr>
          </gpxtpx:TrackPointExtension>
        </extensions>
      </trkpt>
      <trkpt lat="31.47252091925932" lon="120.25461326681705">
        <ele>5.8933941796422005</ele>
        <time>2025-01-10T14:54:31Z</time>
        <extensions>
          <gpxtpx:TrackPointExtension>
            <gpxtpx:hr>180</gpxtpx:hr>
          </gpxtpx:TrackPointExtension>
        </extensions>
      </trkpt>
      <trkpt lat="31.47254850312244" lon="120.25461834804658">
        <ele>5.876843095757067</ele>
        <time>2025-01-10T14:54:32Z</time>
        <extensions>
          <gpxtpx:TrackPointExtension>
            <gpxtpx:hr>180</gpxtpx:hr>
          </gpxtpx:TrackPointExtension>
        </extensions>
      </trkpt>
      <trkpt lat="31.47257417280317" lon="120.25462325766168">
        <ele>5.850493335165083</ele>
        <time>2025-01-10T14:54:33Z</time>
        <extensions>
          <gpxtpx:TrackPointExtension>
            <gpxtpx:hr>180</gpxtpx:hr>
          </gpxtpx:TrackPointExtension>
        </extensions>
      </trkpt>
      <trkpt lat="31.47259822665594" lon="120.25462811378515">
        <ele>5.846724972128868</ele>
        <time>2025-01-10T14:54:34Z</time>
        <extensions>
          <gpxtpx:TrackPointExtension>
            <gpxtpx:hr>180</gpxtpx:hr>
          </gpxtpx:TrackPointExtension>
        </extensions>
      </trkpt>
      <trkpt lat="31.472620865225483" lon="120.25463114006932">
        <ele>5.843598454259336</ele>
        <time>2025-01-10T14:54:35Z</time>
        <extensions>
          <gpxtpx:TrackPointExtension>
            <gpxtpx:hr>180</gpxtpx:hr>
          </gpxtpx:TrackPointExtension>
        </extensions>
      </trkpt>
      <trkpt lat="31.47264141131966" lon="120.25463304600946">
        <ele>5.848243782296777</ele>
        <time>2025-01-10T14:54:36Z</time>
        <extensions>
          <gpxtpx:TrackPointExtension>
            <gpxtpx:hr>180</gpxtpx:hr>
          </gpxtpx:TrackPointExtension>
        </extensions>
      </trkpt>
      <trkpt lat="31.472662020405185" lon="120.25463502307166">
        <ele>5.865270416252315</ele>
        <time>2025-01-10T14:54:37Z</time>
        <extensions>
          <gpxtpx:TrackPointExtension>
            <gpxtpx:hr>180</gpxtpx:hr>
          </gpxtpx:TrackPointExtension>
        </extensions>
      </trkpt>
      <trkpt lat="31.472684443155295" lon="120.25463605519128">
        <ele>5.88696251064539</ele>
        <time>2025-01-10T14:54:38Z</time>
        <extensions>
          <gpxtpx:TrackPointExtension>
            <gpxtpx:hr>180</gpxtpx:hr>
          </gpxtpx:TrackPointExtension>
        </extensions>
      </trkpt>
      <trkpt lat="31.472706824059696" lon="120.25463659506377">
        <ele>5.925272299908102</ele>
        <time>2025-01-10T14:54:39Z</time>
        <extensions>
          <gpxtpx:TrackPointExtension>
            <gpxtpx:hr>180</gpxtpx:hr>
          </gpxtpx:TrackPointExtension>
        </extensions>
      </trkpt>
      <trkpt lat="31.472727003418875" lon="120.25463787819383">
        <ele>5.961525174789131</ele>
        <time>2025-01-10T14:54:40Z</time>
        <extensions>
          <gpxtpx:TrackPointExtension>
            <gpxtpx:hr>180</gpxtpx:hr>
          </gpxtpx:TrackPointExtension>
        </extensions>
      </trkpt>
      <trkpt lat="31.472747671767937" lon="120.25463903395429">
        <ele>5.988311206921935</ele>
        <time>2025-01-10T14:54:41Z</time>
        <extensions>
          <gpxtpx:TrackPointExtension>
            <gpxtpx:hr>180</gpxtpx:hr>
          </gpxtpx:TrackPointExtension>
        </extensions>
      </trkpt>
      <trkpt lat="31.472771323883684" lon="120.25464003832336">
        <ele>6.0299023147672415</ele>
        <time>2025-01-10T14:54:42Z</time>
        <extensions>
          <gpxtpx:TrackPointExtension>
            <gpxtpx:hr>180</gpxtpx:hr>
          </gpxtpx:TrackPointExtension>
        </extensions>
      </trkpt>
      <trkpt lat="31.47279501172227" lon="120.25464091599233">
        <ele>6.076733473688364</ele>
        <time>2025-01-10T14:54:43Z</time>
        <extensions>
          <gpxtpx:TrackPointExtension>
            <gpxtpx:hr>180</gpxtpx:hr>
          </gpxtpx:TrackPointExtension>
        </extensions>
      </trkpt>
      <trkpt lat="31.472817621231275" lon="120.25463829753828">
        <ele>6.133490783162415</ele>
        <time>2025-01-10T14:54:44Z</time>
        <extensions>
          <gpxtpx:TrackPointExtension>
            <gpxtpx:hr>179</gpxtpx:hr>
          </gpxtpx:TrackPointExtension>
        </extensions>
      </trkpt>
      <trkpt lat="31.472840744062044" lon="120.25463077458807">
        <ele>6.199674614705145</ele>
        <time>2025-01-10T14:54:45Z</time>
        <extensions>
          <gpxtpx:TrackPointExtension>
            <gpxtpx:hr>179</gpxtpx:hr>
          </gpxtpx:TrackPointExtension>
        </extensions>
      </trkpt>
      <trkpt lat="31.472863179922847" lon="120.25462141768725">
        <ele>6.267419691197574</ele>
        <time>2025-01-10T14:54:46Z</time>
        <extensions>
          <gpxtpx:TrackPointExtension>
            <gpxtpx:hr>179</gpxtpx:hr>
          </gpxtpx:TrackPointExtension>
        </extensions>
      </trkpt>
      <trkpt lat="31.472885190956482" lon="120.2546121046104">
        <ele>6.350953799672425</ele>
        <time>2025-01-10T14:54:47Z</time>
        <extensions>
          <gpxtpx:TrackPointExtension>
            <gpxtpx:hr>179</gpxtpx:hr>
          </gpxtpx:TrackPointExtension>
        </extensions>
      </trkpt>
      <trkpt lat="31.472909231932107" lon="120.25460151429245">
        <ele>6.4339672746136785</ele>
        <time>2025-01-10T14:54:48Z</time>
        <extensions>
          <gpxtpx:TrackPointExtension>
            <gpxtpx:hr>179</gpxtpx:hr>
          </gpxtpx:TrackPointExtension>
        </extensions>
      </trkpt>
      <trkpt lat="31.47293392218387" lon="120.25458875287613">
        <ele>6.517703637480736</ele>
        <time>2025-01-10T14:54:49Z</time>
        <extensions>
          <gpxtpx:TrackPointExtension>
            <gpxtpx:hr>179</gpxtpx:hr>
          </gpxtpx:TrackPointExtension>
        </extensions>
      </trkpt>
      <trkpt lat="31.47295639585073" lon="120.2545733412617">
        <ele>6.602559134364128</ele>
        <time>2025-01-10T14:54:50Z</time>
        <extensions>
          <gpxtpx:TrackPointExtension>
            <gpxtpx:hr>178</gpxtpx:hr>
          </gpxtpx:TrackPointExtension>
        </extensions>
      </trkpt>
      <trkpt lat="31.472976586220764" lon="120.25455350844437">
        <ele>6.685932097025216</ele>
        <time>2025-01-10T14:54:51Z</time>
        <extensions>
          <gpxtpx:TrackPointExtension>
            <gpxtpx:hr>178</gpxtpx:hr>
          </gpxtpx:TrackPointExtension>
        </extensions>
      </trkpt>
      <trkpt lat="31.472995418539764" lon="120.2545299093001">
        <ele>6.785358431749046</ele>
        <time>2025-01-10T14:54:52Z</time>
        <extensions>
          <gpxtpx:TrackPointExtension>
            <gpxtpx:hr>178</gpxtpx:hr>
          </gpxtpx:TrackPointExtension>
        </extensions>
      </trkpt>
      <trkpt lat="31.473013143651958" lon="120.25450624595062">
        <ele>6.889322689734399</ele>
        <time>2025-01-10T14:54:53Z</time>
        <extensions>
          <gpxtpx:TrackPointExtension>
            <gpxtpx:hr>178</gpxtpx:hr>
          </gpxtpx:TrackPointExtension>
        </extensions>
      </trkpt>
      <trkpt lat="31.473030772398452" lon="120.25448225921203">
        <ele>6.989454469643533</ele>
        <time>2025-01-10T14:54:54Z</time>
        <extensions>
          <gpxtpx:TrackPointExtension>
            <gpxtpx:hr>178</gpxtpx:hr>
          </gpxtpx:TrackPointExtension>
        </extensions>
      </trkpt>
      <trkpt lat="31.473048015230113" lon="120.25445676396187">
        <ele>7.093538801185787</ele>
        <time>2025-01-10T14:54:55Z</time>
        <extensions>
          <gpxtpx:TrackPointExtension>
            <gpxtpx:hr>177</gpxtpx:hr>
          </gpxtpx:TrackPointExtension>
        </extensions>
      </trkpt>
      <trkpt lat="31.47306330460491" lon="120.25443197844432">
        <ele>7.183987216092646</ele>
        <time>2025-01-10T14:54:56Z</time>
        <extensions>
          <gpxtpx:TrackPointExtension>
            <gpxtpx:hr>177</gpxtpx:hr>
          </gpxtpx:TrackPointExtension>
        </extensions>
      </trkpt>
      <trkpt lat="31.473076297153412" lon="120.25440766942054">
        <ele>7.289748961105943</ele>
        <time>2025-01-10T14:54:57Z</time>
        <extensions>
          <gpxtpx:TrackPointExtension>
            <gpxtpx:hr>177</gpxtpx:hr>
          </gpxtpx:TrackPointExtension>
        </extensions>
      </trkpt>
      <trkpt lat="31.473087445277308" lon="120.25438004431084">
        <ele>7.358966941013932</ele>
        <time>2025-01-10T14:54:58Z</time>
        <extensions>
          <gpxtpx:TrackPointExtension>
            <gpxtpx:hr>177</gpxtpx:hr>
          </gpxtpx:TrackPointExtension>
        </extensions>
      </trkpt>
      <trkpt lat="31.473098159995317" lon="120.25434977126862">
        <ele>7.3907055258750916</ele>
        <time>2025-01-10T14:54:59Z</time>
        <extensions>
          <gpxtpx:TrackPointExtension>
            <gpxtpx:hr>177</gpxtpx:hr>
          </gpxtpx:TrackPointExtension>
        </extensions>
      </trkpt>
      <trkpt lat="31.473108171823334" lon="120.25431966944988">
        <ele>7.42283707857132</ele>
        <time>2025-01-10T14:55:00Z</time>
        <extensions>
          <gpxtpx:TrackPointExtension>
            <gpxtpx:hr>177</gpxtpx:hr>
          </gpxtpx:TrackPointExtension>
        </extensions>
      </trkpt>
      <trkpt lat="31.4731154432656" lon="120.25428915977363">
        <ele>7.462983834557235</ele>
        <time>2025-01-10T14:55:01Z</time>
        <extensions>
          <gpxtpx:TrackPointExtension>
            <gpxtpx:hr>177</gpxtpx:hr>
          </gpxtpx:TrackPointExtension>
        </extensions>
      </trkpt>
      <trkpt lat="31.47312051143575" lon="120.25425825085249">
        <ele>7.478590075857937</ele>
        <time>2025-01-10T14:55:02Z</time>
        <extensions>
          <gpxtpx:TrackPointExtension>
            <gpxtpx:hr>177</gpxtpx:hr>
          </gpxtpx:TrackPointExtension>
        </extensions>
      </trkpt>
      <trkpt lat="31.473123448012508" lon="120.25422654356791">
        <ele>7.481256423518062</ele>
        <time>2025-01-10T14:55:03Z</time>
        <extensions>
          <gpxtpx:TrackPointExtension>
            <gpxtpx:hr>177</gpxtpx:hr>
          </gpxtpx:TrackPointExtension>
        </extensions>
      </trkpt>
      <trkpt lat="31.473123533752375" lon="120.25419365404373">
        <ele>7.448224525898695</ele>
        <time>2025-01-10T14:55:04Z</time>
        <extensions>
          <gpxtpx:TrackPointExtension>
            <gpxtpx:hr>177</gpxtpx:hr>
          </gpxtpx:TrackPointExtension>
        </extensions>
      </trkpt>
      <trkpt lat="31.473121409339413" lon="120.25416160410943">
        <ele>7.422893358394504</ele>
        <time>2025-01-10T14:55:05Z</time>
        <extensions>
          <gpxtpx:TrackPointExtension>
            <gpxtpx:hr>177</gpxtpx:hr>
          </gpxtpx:TrackPointExtension>
        </extensions>
      </trkpt>
      <trkpt lat="31.473116816047174" lon="120.25413112305606">
        <ele>7.380166693590581</ele>
        <time>2025-01-10T14:55:06Z</time>
        <extensions>
          <gpxtpx:TrackPointExtension>
            <gpxtpx:hr>177</gpxtpx:hr>
          </gpxtpx:TrackPointExtension>
        </extensions>
      </trkpt>
      <trkpt lat="31.47310971212727" lon="120.25410108092426">
        <ele>7.333219655789435</ele>
        <time>2025-01-10T14:55:07Z</time>
        <extensions>
          <gpxtpx:TrackPointExtension>
            <gpxtpx:hr>178</gpxtpx:hr>
          </gpxtpx:TrackPointExtension>
        </extensions>
      </trkpt>
      <trkpt lat="31.473101231159568" lon="120.25407076854164">
        <ele>7.293385651893914</ele>
        <time>2025-01-10T14:55:08Z</time>
        <extensions>
          <gpxtpx:TrackPointExtension>
            <gpxtpx:hr>178</gpxtpx:hr>
          </gpxtpx:TrackPointExtension>
        </extensions>
      </trkpt>
      <trkpt lat="31.47309048666535" lon="120.25403930560998">
        <ele>7.23485663253814</ele>
        <time>2025-01-10T14:55:09Z</time>
        <extensions>
          <gpxtpx:TrackPointExtension>
            <gpxtpx:hr>178</gpxtpx:hr>
          </gpxtpx:TrackPointExtension>
        </extensions>
      </trkpt>
      <trkpt lat="31.473074087860294" lon="120.25400747046096">
        <ele>7.176223969087005</ele>
        <time>2025-01-10T14:55:10Z</time>
        <extensions>
          <gpxtpx:TrackPointExtension>
            <gpxtpx:hr>178</gpxtpx:hr>
          </gpxtpx:TrackPointExtension>
        </extensions>
      </trkpt>
      <trkpt lat="31.473053133099047" lon="120.25397879298131">
        <ele>7.126595445908606</ele>
        <time>2025-01-10T14:55:11Z</time>
        <extensions>
          <gpxtpx:TrackPointExtension>
            <gpxtpx:hr>178</gpxtpx:hr>
          </gpxtpx:TrackPointExtension>
        </extensions>
      </trkpt>
      <trkpt lat="31.473031438887958" lon="120.25395425965374">
        <ele>7.088191321119666</ele>
        <time>2025-01-10T14:55:12Z</time>
        <extensions>
          <gpxtpx:TrackPointExtension>
            <gpxtpx:hr>178</gpxtpx:hr>
          </gpxtpx:TrackPointExtension>
        </extensions>
      </trkpt>
      <trkpt lat="31.473010236148394" lon="120.25393089806383">
        <ele>7.048627462238073</ele>
        <time>2025-01-10T14:55:13Z</time>
        <extensions>
          <gpxtpx:TrackPointExtension>
            <gpxtpx:hr>178</gpxtpx:hr>
          </gpxtpx:TrackPointExtension>
        </extensions>
      </trkpt>
      <trkpt lat="31.472991213273296" lon="120.25390944518021">
        <ele>7.011259395629168</ele>
        <time>2025-01-10T14:55:14Z</time>
        <extensions>
          <gpxtpx:TrackPointExtension>
            <gpxtpx:hr>178</gpxtpx:hr>
          </gpxtpx:TrackPointExtension>
        </extensions>
      </trkpt>
      <trkpt lat="31.472974842165222" lon="120.25389297420307">
        <ele>6.9861682169139385</ele>
        <time>2025-01-10T14:55:15Z</time>
        <extensions>
          <gpxtpx:TrackPointExtension>
            <gpxtpx:hr>178</gpxtpx:hr>
          </gpxtpx:TrackPointExtension>
        </extensions>
      </trkpt>
      <trkpt lat="31.472957469782564" lon="120.25388024370774">
        <ele>6.970515210181475</ele>
        <time>2025-01-10T14:55:16Z</time>
        <extensions>
          <gpxtpx:TrackPointExtension>
            <gpxtpx:hr>178</gpxtpx:hr>
          </gpxtpx:TrackPointExtension>
        </extensions>
      </trkpt>
      <trkpt lat="31.472937117278043" lon="120.2538693117378">
        <ele>6.974687828682363</ele>
        <time>2025-01-10T14:55:17Z</time>
        <extensions>
          <gpxtpx:TrackPointExtension>
            <gpxtpx:hr>178</gpxtpx:hr>
          </gpxtpx:TrackPointExtension>
        </extensions>
      </trkpt>
      <trkpt lat="31.472915291756593" lon="120.2538602366571">
        <ele>6.989129176363349</ele>
        <time>2025-01-10T14:55:18Z</time>
        <extensions>
          <gpxtpx:TrackPointExtension>
            <gpxtpx:hr>178</gpxtpx:hr>
          </gpxtpx:TrackPointExtension>
        </extensions>
      </trkpt>
      <trkpt lat="31.472891344962658" lon="120.25385214505127">
        <ele>7.005534525029361</ele>
        <time>2025-01-10T14:55:19Z</time>
        <extensions>
          <gpxtpx:TrackPointExtension>
            <gpxtpx:hr>178</gpxtpx:hr>
          </gpxtpx:TrackPointExtension>
        </extensions>
      </trkpt>
      <trkpt lat="31.472864160697423" lon="120.2538437592453">
        <ele>7.027342518791556</ele>
        <time>2025-01-10T14:55:20Z</time>
        <extensions>
          <gpxtpx:TrackPointExtension>
            <gpxtpx:hr>178</gpxtpx:hr>
          </gpxtpx:TrackPointExtension>
        </extensions>
      </trkpt>
      <trkpt lat="31.472835897086526" lon="120.25383477368379">
        <ele>7.051536116749048</ele>
        <time>2025-01-10T14:55:21Z</time>
        <extensions>
          <gpxtpx:TrackPointExtension>
            <gpxtpx:hr>178</gpxtpx:hr>
          </gpxtpx:TrackPointExtension>
        </extensions>
      </trkpt>
      <trkpt lat="31.472808364125047" lon="120.25382788949779">
        <ele>7.077086084522307</ele>
        <time>2025-01-10T14:55:22Z</time>
        <extensions>
          <gpxtpx:TrackPointExtension>
            <gpxtpx:hr>178</gpxtpx:hr>
          </gpxtpx:TrackPointExtension>
        </extensions>
      </trkpt>
      <trkpt lat="31.472781404543056" lon="120.2538251699843">
        <ele>7.100366348400712</ele>
        <time>2025-01-10T14:55:23Z</time>
        <extensions>
          <gpxtpx:TrackPointExtension>
            <gpxtpx:hr>177</gpxtpx:hr>
          </gpxtpx:TrackPointExtension>
        </extensions>
      </trkpt>
      <trkpt lat="31.472754400806092" lon="120.25382392758411">
        <ele>7.126693184487522</ele>
        <time>2025-01-10T14:55:24Z</time>
        <extensions>
          <gpxtpx:TrackPointExtension>
            <gpxtpx:hr>177</gpxtpx:hr>
          </gpxtpx:TrackPointExtension>
        </extensions>
      </trkpt>
      <trkpt lat="31.472726014522994" lon="120.25382174009097">
        <ele>7.159744944423437</ele>
        <time>2025-01-10T14:55:25Z</time>
        <extensions>
          <gpxtpx:TrackPointExtension>
            <gpxtpx:hr>177</gpxtpx:hr>
          </gpxtpx:TrackPointExtension>
        </extensions>
      </trkpt>
      <trkpt lat="31.472695128032917" lon="120.25381700528027">
        <ele>7.18877462670207</ele>
        <time>2025-01-10T14:55:26Z</time>
        <extensions>
          <gpxtpx:TrackPointExtension>
            <gpxtpx:hr>177</gpxtpx:hr>
          </gpxtpx:TrackPointExtension>
        </extensions>
      </trkpt>
      <trkpt lat="31.472664553005277" lon="120.2538077730896">
        <ele>7.210893173702061</ele>
        <time>2025-01-10T14:55:27Z</time>
        <extensions>
          <gpxtpx:TrackPointExtension>
            <gpxtpx:hr>177</gpxtpx:hr>
          </gpxtpx:TrackPointExtension>
        </extensions>
      </trkpt>
      <trkpt lat="31.47263654212298" lon="120.25379597314131">
        <ele>7.234100800938904</ele>
        <time>2025-01-10T14:55:28Z</time>
        <extensions>
          <gpxtpx:TrackPointExtension>
            <gpxtpx:hr>177</gpxtpx:hr>
          </gpxtpx:TrackPointExtension>
        </extensions>
      </trkpt>
      <trkpt lat="31.472609268560763" lon="120.25378550267175">
        <ele>7.24910369515419</ele>
        <time>2025-01-10T14:55:29Z</time>
        <extensions>
          <gpxtpx:TrackPointExtension>
            <gpxtpx:hr>177</gpxtpx:hr>
          </gpxtpx:TrackPointExtension>
        </extensions>
      </trkpt>
      <trkpt lat="31.47258235446366" lon="120.25377695305039">
        <ele>7.2690350683405995</ele>
        <time>2025-01-10T14:55:30Z</time>
        <extensions>
          <gpxtpx:TrackPointExtension>
            <gpxtpx:hr>177</gpxtpx:hr>
          </gpxtpx:TrackPointExtension>
        </extensions>
      </trkpt>
      <trkpt lat="31.472555437739235" lon="120.25377019637482">
        <ele>7.278225271962583</ele>
        <time>2025-01-10T14:55:31Z</time>
        <extensions>
          <gpxtpx:TrackPointExtension>
            <gpxtpx:hr>177</gpxtpx:hr>
          </gpxtpx:TrackPointExtension>
        </extensions>
      </trkpt>
      <trkpt lat="31.472527977424093" lon="120.25376530737073">
        <ele>7.28355082962662</ele>
        <time>2025-01-10T14:55:32Z</time>
        <extensions>
          <gpxtpx:TrackPointExtension>
            <gpxtpx:hr>177</gpxtpx:hr>
          </gpxtpx:TrackPointExtension>
        </extensions>
      </trkpt>
      <trkpt lat="31.472500347517194" lon="120.2537598471167">
        <ele>7.278436122462153</ele>
        <time>2025-01-10T14:55:33Z</time>
        <extensions>
          <gpxtpx:TrackPointExtension>
            <gpxtpx:hr>177</gpxtpx:hr>
          </gpxtpx:TrackPointExtension>
        </extensions>
      </trkpt>
      <trkpt lat="31.472472255972818" lon="120.25375247237258">
        <ele>7.268508976325393</ele>
        <time>2025-01-10T14:55:34Z</time>
        <extensions>
          <gpxtpx:TrackPointExtension>
            <gpxtpx:hr>177</gpxtpx:hr>
          </gpxtpx:TrackPointExtension>
        </extensions>
      </trkpt>
      <trkpt lat="31.472444078239096" lon="120.25374440103076">
        <ele>7.26872462593019</ele>
        <time>2025-01-10T14:55:35Z</time>
        <extensions>
          <gpxtpx:TrackPointExtension>
            <gpxtpx:hr>177</gpxtpx:hr>
          </gpxtpx:TrackPointExtension>
        </extensions>
      </trkpt>
      <trkpt lat="31.47241647348646" lon="120.25373522024414">
        <ele>7.25150840729475</ele>
        <time>2025-01-10T14:55:36Z</time>
        <extensions>
          <gpxtpx:TrackPointExtension>
            <gpxtpx:hr>177</gpxtpx:hr>
          </gpxtpx:TrackPointExtension>
        </extensions>
      </trkpt>
      <trkpt lat="31.472389771675704" lon="120.25372551442953">
        <ele>7.2282176138833165</ele>
        <time>2025-01-10T14:55:37Z</time>
        <extensions>
          <gpxtpx:TrackPointExtension>
            <gpxtpx:hr>177</gpxtpx:hr>
          </gpxtpx:TrackPointExtension>
        </extensions>
      </trkpt>
      <trkpt lat="31.472363303378554" lon="120.25371779562109">
        <ele>7.204085936769843</ele>
        <time>2025-01-10T14:55:38Z</time>
        <extensions>
          <gpxtpx:TrackPointExtension>
            <gpxtpx:hr>177</gpxtpx:hr>
          </gpxtpx:TrackPointExtension>
        </extensions>
      </trkpt>
      <trkpt lat="31.47233747983901" lon="120.2537123432219">
        <ele>7.176943026483059</ele>
        <time>2025-01-10T14:55:39Z</time>
        <extensions>
          <gpxtpx:TrackPointExtension>
            <gpxtpx:hr>177</gpxtpx:hr>
          </gpxtpx:TrackPointExtension>
        </extensions>
      </trkpt>
      <trkpt lat="31.472312256841366" lon="120.25370796530855">
        <ele>7.129628637805581</ele>
        <time>2025-01-10T14:55:40Z</time>
        <extensions>
          <gpxtpx:TrackPointExtension>
            <gpxtpx:hr>177</gpxtpx:hr>
          </gpxtpx:TrackPointExtension>
        </extensions>
      </trkpt>
      <trkpt lat="31.472286414878898" lon="120.25370426504395">
        <ele>7.08526252862066</ele>
        <time>2025-01-10T14:55:41Z</time>
        <extensions>
          <gpxtpx:TrackPointExtension>
            <gpxtpx:hr>177</gpxtpx:hr>
          </gpxtpx:TrackPointExtension>
        </extensions>
      </trkpt>
      <trkpt lat="31.472260477590723" lon="120.25370081098234">
        <ele>7.040137176401913</ele>
        <time>2025-01-10T14:55:42Z</time>
        <extensions>
          <gpxtpx:TrackPointExtension>
            <gpxtpx:hr>177</gpxtpx:hr>
          </gpxtpx:TrackPointExtension>
        </extensions>
      </trkpt>
      <trkpt lat="31.472234957282343" lon="120.25369634269674">
        <ele>6.979258043691516</ele>
        <time>2025-01-10T14:55:43Z</time>
        <extensions>
          <gpxtpx:TrackPointExtension>
            <gpxtpx:hr>177</gpxtpx:hr>
          </gpxtpx:TrackPointExtension>
        </extensions>
      </trkpt>
      <trkpt lat="31.47220927777821" lon="120.25369126860431">
        <ele>6.908000246621668</ele>
        <time>2025-01-10T14:55:44Z</time>
        <extensions>
          <gpxtpx:TrackPointExtension>
            <gpxtpx:hr>177</gpxtpx:hr>
          </gpxtpx:TrackPointExtension>
        </extensions>
      </trkpt>
      <trkpt lat="31.472183145086042" lon="120.25368614278857">
        <ele>6.814824723638594</ele>
        <time>2025-01-10T14:55:45Z</time>
        <extensions>
          <gpxtpx:TrackPointExtension>
            <gpxtpx:hr>177</gpxtpx:hr>
          </gpxtpx:TrackPointExtension>
        </extensions>
      </trkpt>
      <trkpt lat="31.472156384610262" lon="120.25368064338892">
        <ele>6.7054164968431</ele>
        <time>2025-01-10T14:55:46Z</time>
        <extensions>
          <gpxtpx:TrackPointExtension>
            <gpxtpx:hr>178</gpxtpx:hr>
          </gpxtpx:TrackPointExtension>
        </extensions>
      </trkpt>
      <trkpt lat="31.472128265113774" lon="120.25367512794435">
        <ele>6.595032615587115</ele>
        <time>2025-01-10T14:55:47Z</time>
        <extensions>
          <gpxtpx:TrackPointExtension>
            <gpxtpx:hr>178</gpxtpx:hr>
          </gpxtpx:TrackPointExtension>
        </extensions>
      </trkpt>
      <trkpt lat="31.472100307967576" lon="120.25366882723996">
        <ele>6.487512340769172</ele>
        <time>2025-01-10T14:55:48Z</time>
        <extensions>
          <gpxtpx:TrackPointExtension>
            <gpxtpx:hr>178</gpxtpx:hr>
          </gpxtpx:TrackPointExtension>
        </extensions>
      </trkpt>
      <trkpt lat="31.472073289263854" lon="120.2536637932454">
        <ele>6.381990575231612</ele>
        <time>2025-01-10T14:55:49Z</time>
        <extensions>
          <gpxtpx:TrackPointExtension>
            <gpxtpx:hr>178</gpxtpx:hr>
          </gpxtpx:TrackPointExtension>
        </extensions>
      </trkpt>
      <trkpt lat="31.472045485230723" lon="120.25366288932962">
        <ele>6.275102464482188</ele>
        <time>2025-01-10T14:55:50Z</time>
        <extensions>
          <gpxtpx:TrackPointExtension>
            <gpxtpx:hr>178</gpxtpx:hr>
          </gpxtpx:TrackPointExtension>
        </extensions>
      </trkpt>
      <trkpt lat="31.472017775741772" lon="120.25366422061563">
        <ele>6.168722230009735</ele>
        <time>2025-01-10T14:55:51Z</time>
        <extensions>
          <gpxtpx:TrackPointExtension>
            <gpxtpx:hr>180</gpxtpx:hr>
          </gpxtpx:TrackPointExtension>
        </extensions>
      </trkpt>
      <trkpt lat="31.471991789079908" lon="120.25366694565997">
        <ele>6.051493474282324</ele>
        <time>2025-01-10T14:55:52Z</time>
        <extensions>
          <gpxtpx:TrackPointExtension>
            <gpxtpx:hr>180</gpxtpx:hr>
          </gpxtpx:TrackPointExtension>
        </extensions>
      </trkpt>
      <trkpt lat="31.471967358527777" lon="120.25367293557589">
        <ele>5.948067396879196</ele>
        <time>2025-01-10T14:55:53Z</time>
        <extensions>
          <gpxtpx:TrackPointExtension>
            <gpxtpx:hr>180</gpxtpx:hr>
          </gpxtpx:TrackPointExtension>
        </extensions>
      </trkpt>
      <trkpt lat="31.47194314932791" lon="120.25368063506133">
        <ele>5.847196763381362</ele>
        <time>2025-01-10T14:55:54Z</time>
        <extensions>
          <gpxtpx:TrackPointExtension>
            <gpxtpx:hr>180</gpxtpx:hr>
          </gpxtpx:TrackPointExtension>
        </extensions>
      </trkpt>
      <trkpt lat="31.471917923215795" lon="120.25369139604607">
        <ele>5.752322130836546</ele>
        <time>2025-01-10T14:55:55Z</time>
        <extensions>
          <gpxtpx:TrackPointExtension>
            <gpxtpx:hr>180</gpxtpx:hr>
          </gpxtpx:TrackPointExtension>
        </extensions>
      </trkpt>
      <trkpt lat="31.471893009215332" lon="120.25370779725098">
        <ele>5.660692793317139</ele>
        <time>2025-01-10T14:55:56Z</time>
        <extensions>
          <gpxtpx:TrackPointExtension>
            <gpxtpx:hr>180</gpxtpx:hr>
          </gpxtpx:TrackPointExtension>
        </extensions>
      </trkpt>
      <trkpt lat="31.471870097802658" lon="120.25372558473208">
        <ele>5.581595042720437</ele>
        <time>2025-01-10T14:55:57Z</time>
        <extensions>
          <gpxtpx:TrackPointExtension>
            <gpxtpx:hr>180</gpxtpx:hr>
          </gpxtpx:TrackPointExtension>
        </extensions>
      </trkpt>
      <trkpt lat="31.47184846970138" lon="120.25374267255387">
        <ele>5.516430918127298</ele>
        <time>2025-01-10T14:55:58Z</time>
        <extensions>
          <gpxtpx:TrackPointExtension>
            <gpxtpx:hr>180</gpxtpx:hr>
          </gpxtpx:TrackPointExtension>
        </extensions>
      </trkpt>
      <trkpt lat="31.471827240726597" lon="120.25376091615186">
        <ele>5.480618041008711</ele>
        <time>2025-01-10T14:55:59Z</time>
        <extensions>
          <gpxtpx:TrackPointExtension>
            <gpxtpx:hr>180</gpxtpx:hr>
          </gpxtpx:TrackPointExtension>
        </extensions>
      </trkpt>
      <trkpt lat="31.471807477806873" lon="120.25378039474434">
        <ele>5.467212345451117</ele>
        <time>2025-01-10T14:56:00Z</time>
        <extensions>
          <gpxtpx:TrackPointExtension>
            <gpxtpx:hr>180</gpxtpx:hr>
          </gpxtpx:TrackPointExtension>
        </extensions>
      </trkpt>
      <trkpt lat="31.471789346995095" lon="120.25380205189478">
        <ele>5.449606876820326</ele>
        <time>2025-01-10T14:56:01Z</time>
        <extensions>
          <gpxtpx:TrackPointExtension>
            <gpxtpx:hr>180</gpxtpx:hr>
          </gpxtpx:TrackPointExtension>
        </extensions>
      </trkpt>
      <trkpt lat="31.47177262089149" lon="120.25382577990418">
        <ele>5.436289004981518</ele>
        <time>2025-01-10T14:56:02Z</time>
        <extensions>
          <gpxtpx:TrackPointExtension>
            <gpxtpx:hr>179</gpxtpx:hr>
          </gpxtpx:TrackPointExtension>
        </extensions>
      </trkpt>
      <trkpt lat="31.471757563661413" lon="120.25384973661">
        <ele>5.440226961858571</ele>
        <time>2025-01-10T14:56:03Z</time>
        <extensions>
          <gpxtpx:TrackPointExtension>
            <gpxtpx:hr>179</gpxtpx:hr>
          </gpxtpx:TrackPointExtension>
        </extensions>
      </trkpt>
      <trkpt lat="31.471744167361287" lon="120.25387445354274">
        <ele>5.4361386355012655</ele>
        <time>2025-01-10T14:56:04Z</time>
        <extensions>
          <gpxtpx:TrackPointExtension>
            <gpxtpx:hr>179</gpxtpx:hr>
          </gpxtpx:TrackPointExtension>
        </extensions>
      </trkpt>
      <trkpt lat="31.47173211376647" lon="120.25390306685942">
        <ele>5.439213956706226</ele>
        <time>2025-01-10T14:56:05Z</time>
        <extensions>
          <gpxtpx:TrackPointExtension>
            <gpxtpx:hr>179</gpxtpx:hr>
          </gpxtpx:TrackPointExtension>
        </extensions>
      </trkpt>
      <trkpt lat="31.471720727780202" lon="120.25393381659211">
        <ele>5.440839570015669</ele>
        <time>2025-01-10T14:56:06Z</time>
        <extensions>
          <gpxtpx:TrackPointExtension>
            <gpxtpx:hr>179</gpxtpx:hr>
          </gpxtpx:TrackPointExtension>
        </extensions>
      </trkpt>
      <trkpt lat="31.471710097742232" lon="120.25396179033166">
        <ele>5.449863747693598</ele>
        <time>2025-01-10T14:56:07Z</time>
        <extensions>
          <gpxtpx:TrackPointExtension>
            <gpxtpx:hr>179</gpxtpx:hr>
          </gpxtpx:TrackPointExtension>
        </extensions>
      </trkpt>
      <trkpt lat="31.471700931458884" lon="120.25398902511937">
        <ele>5.475754770450294</ele>
        <time>2025-01-10T14:56:08Z</time>
        <extensions>
          <gpxtpx:TrackPointExtension>
            <gpxtpx:hr>179</gpxtpx:hr>
          </gpxtpx:TrackPointExtension>
        </extensions>
      </trkpt>
      <trkpt lat="31.4716939241283" lon="120.25401732494805">
        <ele>5.510911718010902</ele>
        <time>2025-01-10T14:56:09Z</time>
        <extensions>
          <gpxtpx:TrackPointExtension>
            <gpxtpx:hr>179</gpxtpx:hr>
          </gpxtpx:TrackPointExtension>
        </extensions>
      </trkpt>
      <trkpt lat="31.47168893023024" lon="120.2540449832208">
        <ele>5.525918840430677</ele>
        <time>2025-01-10T14:56:10Z</time>
        <extensions>
          <gpxtpx:TrackPointExtension>
            <gpxtpx:hr>179</gpxtpx:hr>
          </gpxtpx:TrackPointExtension>
        </extensions>
      </trkpt>
      <trkpt lat="31.471685556197926" lon="120.25407355324427">
        <ele>5.535301576368511</ele>
        <time>2025-01-10T14:56:11Z</time>
        <extensions>
          <gpxtpx:TrackPointExtension>
            <gpxtpx:hr>179</gpxtpx:hr>
          </gpxtpx:TrackPointExtension>
        </extensions>
      </trkpt>
      <trkpt lat="31.471684113479373" lon="120.25410336968713">
        <ele>5.562529950402677</ele>
        <time>2025-01-10T14:56:12Z</time>
        <extensions>
          <gpxtpx:TrackPointExtension>
            <gpxtpx:hr>179</gpxtpx:hr>
          </gpxtpx:TrackPointExtension>
        </extensions>
      </trkpt>
      <trkpt lat="31.471683963384933" lon="120.25413271138986">
        <ele>5.561011522077024</ele>
        <time>2025-01-10T14:56:13Z</time>
        <extensions>
          <gpxtpx:TrackPointExtension>
            <gpxtpx:hr>179</gpxtpx:hr>
          </gpxtpx:TrackPointExtension>
        </extensions>
      </trkpt>
      <trkpt lat="31.47168540210779" lon="120.2541621645195">
        <ele>5.552790840156376</ele>
        <time>2025-01-10T14:56:14Z</time>
        <extensions>
          <gpxtpx:TrackPointExtension>
            <gpxtpx:hr>179</gpxtpx:hr>
          </gpxtpx:TrackPointExtension>
        </extensions>
      </trkpt>
      <trkpt lat="31.471688663089846" lon="120.25419246005177">
        <ele>5.5414134645834565</ele>
        <time>2025-01-10T14:56:15Z</time>
        <extensions>
          <gpxtpx:TrackPointExtension>
            <gpxtpx:hr>179</gpxtpx:hr>
          </gpxtpx:TrackPointExtension>
        </extensions>
      </trkpt>
      <trkpt lat="31.471692419880604" lon="120.25422282095258">
        <ele>5.522182950749993</ele>
        <time>2025-01-10T14:56:16Z</time>
        <extensions>
          <gpxtpx:TrackPointExtension>
            <gpxtpx:hr>179</gpxtpx:hr>
          </gpxtpx:TrackPointExtension>
        </extensions>
      </trkpt>
      <trkpt lat="31.471696845133575" lon="120.2542529406951">
        <ele>5.494713282212615</ele>
        <time>2025-01-10T14:56:17Z</time>
        <extensions>
          <gpxtpx:TrackPointExtension>
            <gpxtpx:hr>179</gpxtpx:hr>
          </gpxtpx:TrackPointExtension>
        </extensions>
      </trkpt>
      <trkpt lat="31.471703855234797" lon="120.25428254593558">
        <ele>5.4677808387205005</ele>
        <time>2025-01-10T14:56:18Z</time>
        <extensions>
          <gpxtpx:TrackPointExtension>
            <gpxtpx:hr>179</gpxtpx:hr>
          </gpxtpx:TrackPointExtension>
        </extensions>
      </trkpt>
      <trkpt lat="31.47171491105961" lon="120.25430994788834">
        <ele>5.42682208865881</ele>
        <time>2025-01-10T14:56:19Z</time>
        <extensions>
          <gpxtpx:TrackPointExtension>
            <gpxtpx:hr>179</gpxtpx:hr>
          </gpxtpx:TrackPointExtension>
        </extensions>
      </trkpt>
      <trkpt lat="31.471728592705617" lon="120.25433509147005">
        <ele>5.387100512161851</ele>
        <time>2025-01-10T14:56:20Z</time>
        <extensions>
          <gpxtpx:TrackPointExtension>
            <gpxtpx:hr>179</gpxtpx:hr>
          </gpxtpx:TrackPointExtension>
        </extensions>
      </trkpt>
      <trkpt lat="31.471744156843048" lon="120.25435959825052">
        <ele>5.347603849135339</ele>
        <time>2025-01-10T14:56:21Z</time>
        <extensions>
          <gpxtpx:TrackPointExtension>
            <gpxtpx:hr>179</gpxtpx:hr>
          </gpxtpx:TrackPointExtension>
        </extensions>
      </trkpt>
      <trkpt lat="31.47176162503861" lon="120.254383623427">
        <ele>5.317648000083864</ele>
        <time>2025-01-10T14:56:22Z</time>
        <extensions>
          <gpxtpx:TrackPointExtension>
            <gpxtpx:hr>179</gpxtpx:hr>
          </gpxtpx:TrackPointExtension>
        </extensions>
      </trkpt>
      <trkpt lat="31.471779584948354" lon="120.25440647433835">
        <ele>5.29967028927058</ele>
        <time>2025-01-10T14:56:23Z</time>
        <extensions>
          <gpxtpx:TrackPointExtension>
            <gpxtpx:hr>179</gpxtpx:hr>
          </gpxtpx:TrackPointExtension>
        </extensions>
      </trkpt>
      <trkpt lat="31.471798034426083" lon="120.25442764411437">
        <ele>5.286564953625202</ele>
        <time>2025-01-10T14:56:24Z</time>
        <extensions>
          <gpxtpx:TrackPointExtension>
            <gpxtpx:hr>179</gpxtpx:hr>
          </gpxtpx:TrackPointExtension>
        </extensions>
      </trkpt>
      <trkpt lat="31.47181780199946" lon="120.25444453334018">
        <ele>5.270196106284857</ele>
        <time>2025-01-10T14:56:25Z</time>
        <extensions>
          <gpxtpx:TrackPointExtension>
            <gpxtpx:hr>179</gpxtpx:hr>
          </gpxtpx:TrackPointExtension>
        </extensions>
      </trkpt>
      <trkpt lat="31.47183809498744" lon="120.25445847750503">
        <ele>5.251770463772118</ele>
        <time>2025-01-10T14:56:26Z</time>
        <extensions>
          <gpxtpx:TrackPointExtension>
            <gpxtpx:hr>179</gpxtpx:hr>
          </gpxtpx:TrackPointExtension>
        </extensions>
      </trkpt>
      <trkpt lat="31.47185868069679" lon="120.25447212874427">
        <ele>5.247367258183658</ele>
        <time>2025-01-10T14:56:27Z</time>
        <extensions>
          <gpxtpx:TrackPointExtension>
            <gpxtpx:hr>179</gpxtpx:hr>
          </gpxtpx:TrackPointExtension>
        </extensions>
      </trkpt>
      <trkpt lat="31.471880108509968" lon="120.25448473788829">
        <ele>5.262866824865341</ele>
        <time>2025-01-10T14:56:28Z</time>
        <extensions>
          <gpxtpx:TrackPointExtension>
            <gpxtpx:hr>179</gpxtpx:hr>
          </gpxtpx:TrackPointExtension>
        </extensions>
      </trkpt>
      <trkpt lat="31.471901251893016" lon="120.25449670179117">
        <ele>5.2806317042559385</ele>
        <time>2025-01-10T14:56:29Z</time>
        <extensions>
          <gpxtpx:TrackPointExtension>
            <gpxtpx:hr>179</gpxtpx:hr>
          </gpxtpx:TrackPointExtension>
        </extensions>
      </trkpt>
      <trkpt lat="31.471921820544964" lon="120.25450762171259">
        <ele>5.312667810358107</ele>
        <time>2025-01-10T14:56:30Z</time>
        <extensions>
          <gpxtpx:TrackPointExtension>
            <gpxtpx:hr>179</gpxtpx:hr>
          </gpxtpx:TrackPointExtension>
        </extensions>
      </trkpt>
      <trkpt lat="31.47194313629207" lon="120.25451634765732">
        <ele>5.339092367328703</ele>
        <time>2025-01-10T14:56:31Z</time>
        <extensions>
          <gpxtpx:TrackPointExtension>
            <gpxtpx:hr>178</gpxtpx:hr>
          </gpxtpx:TrackPointExtension>
        </extensions>
      </trkpt>
      <trkpt lat="31.471965265119664" lon="120.25452313769567">
        <ele>5.3833031337708235</ele>
        <time>2025-01-10T14:56:32Z</time>
        <extensions>
          <gpxtpx:TrackPointExtension>
            <gpxtpx:hr>178</gpxtpx:hr>
          </gpxtpx:TrackPointExtension>
        </extensions>
      </trkpt>
      <trkpt lat="31.47198752721321" lon="120.25452790791456">
        <ele>5.436749237589538</ele>
        <time>2025-01-10T14:56:33Z</time>
        <extensions>
          <gpxtpx:TrackPointExtension>
            <gpxtpx:hr>178</gpxtpx:hr>
          </gpxtpx:TrackPointExtension>
        </extensions>
      </trkpt>
      <trkpt lat="31.47201053870807" lon="120.25452973605825">
        <ele>5.4779322650283575</ele>
        <time>2025-01-10T14:56:34Z</time>
        <extensions>
          <gpxtpx:TrackPointExtension>
            <gpxtpx:hr>178</gpxtpx:hr>
          </gpxtpx:TrackPointExtension>
        </extensions>
      </trkpt>
      <trkpt lat="31.472034050366304" lon="120.2545310321312">
        <ele>5.516358789987862</ele>
        <time>2025-01-10T14:56:35Z</time>
        <extensions>
          <gpxtpx:TrackPointExtension>
            <gpxtpx:hr>178</gpxtpx:hr>
          </gpxtpx:TrackPointExtension>
        </extensions>
      </trkpt>
      <trkpt lat="31.47205668158304" lon="120.25453501679036">
        <ele>5.5355040198192</ele>
        <time>2025-01-10T14:56:36Z</time>
        <extensions>
          <gpxtpx:TrackPointExtension>
            <gpxtpx:hr>178</gpxtpx:hr>
          </gpxtpx:TrackPointExtension>
        </extensions>
      </trkpt>
      <trkpt lat="31.472079879427216" lon="120.25454044018998">
        <ele>5.535702179186046</ele>
        <time>2025-01-10T14:56:37Z</time>
        <extensions>
          <gpxtpx:TrackPointExtension>
            <gpxtpx:hr>176</gpxtpx:hr>
          </gpxtpx:TrackPointExtension>
        </extensions>
      </trkpt>
      <trkpt lat="31.472103376056666" lon="120.25454533604051">
        <ele>5.543643374927342</ele>
        <time>2025-01-10T14:56:38Z</time>
        <extensions>
          <gpxtpx:TrackPointExtension>
            <gpxtpx:hr>176</gpxtpx:hr>
          </gpxtpx:TrackPointExtension>
        </extensions>
      </trkpt>
      <trkpt lat="31.472124732354608" lon="120.2545494221259">
        <ele>5.550709982402623</ele>
        <time>2025-01-10T14:56:39Z</time>
        <extensions>
          <gpxtpx:TrackPointExtension>
            <gpxtpx:hr>176</gpxtpx:hr>
          </gpxtpx:TrackPointExtension>
        </extensions>
      </trkpt>
      <trkpt lat="31.472145348189287" lon="120.25455339737786">
        <ele>5.557667888700962</ele>
        <time>2025-01-10T14:56:40Z</time>
        <extensions>
          <gpxtpx:TrackPointExtension>
            <gpxtpx:hr>176</gpxtpx:hr>
          </gpxtpx:TrackPointExtension>
        </extensions>
      </trkpt>
      <trkpt lat="31.472166353081466" lon="120.2545578789441">
        <ele>5.559404695406556</ele>
        <time>2025-01-10T14:56:41Z</time>
        <extensions>
          <gpxtpx:TrackPointExtension>
            <gpxtpx:hr>176</gpxtpx:hr>
          </gpxtpx:TrackPointExtension>
        </extensions>
      </trkpt>
      <trkpt lat="31.47218676174175" lon="120.25456234839174">
        <ele>5.558843148872256</ele>
        <time>2025-01-10T14:56:42Z</time>
        <extensions>
          <gpxtpx:TrackPointExtension>
            <gpxtpx:hr>176</gpxtpx:hr>
          </gpxtpx:TrackPointExtension>
        </extensions>
      </trkpt>
      <trkpt lat="31.472207984643493" lon="120.25456574859868">
        <ele>5.5451637245714664</ele>
        <time>2025-01-10T14:56:43Z</time>
        <extensions>
          <gpxtpx:TrackPointExtension>
            <gpxtpx:hr>175</gpxtpx:hr>
          </gpxtpx:TrackPointExtension>
        </extensions>
      </trkpt>
      <trkpt lat="31.4722324446757" lon="120.25456742891338">
        <ele>5.535843630321324</ele>
        <time>2025-01-10T14:56:44Z</time>
        <extensions>
          <gpxtpx:TrackPointExtension>
            <gpxtpx:hr>175</gpxtpx:hr>
          </gpxtpx:TrackPointExtension>
        </extensions>
      </trkpt>
      <trkpt lat="31.472258551007638" lon="120.25456824913378">
        <ele>5.526930587366223</ele>
        <time>2025-01-10T14:56:45Z</time>
        <extensions>
          <gpxtpx:TrackPointExtension>
            <gpxtpx:hr>175</gpxtpx:hr>
          </gpxtpx:TrackPointExtension>
        </extensions>
      </trkpt>
      <trkpt lat="31.472283084645444" lon="120.25456928548996">
        <ele>5.524143226444721</ele>
        <time>2025-01-10T14:56:46Z</time>
        <extensions>
          <gpxtpx:TrackPointExtension>
            <gpxtpx:hr>175</gpxtpx:hr>
          </gpxtpx:TrackPointExtension>
        </extensions>
      </trkpt>
      <trkpt lat="31.472307652698113" lon="120.25457190877427">
        <ele>5.536632226780057</ele>
        <time>2025-01-10T14:56:47Z</time>
        <extensions>
          <gpxtpx:TrackPointExtension>
            <gpxtpx:hr>175</gpxtpx:hr>
          </gpxtpx:TrackPointExtension>
        </extensions>
      </trkpt>
      <trkpt lat="31.472333064740706" lon="120.25457584164175">
        <ele>5.5480460757389665</ele>
        <time>2025-01-10T14:56:48Z</time>
        <extensions>
          <gpxtpx:TrackPointExtension>
            <gpxtpx:hr>175</gpxtpx:hr>
          </gpxtpx:TrackPointExtension>
        </extensions>
      </trkpt>
      <trkpt lat="31.472357228141778" lon="120.25458058349086">
        <ele>5.583605946972966</ele>
        <time>2025-01-10T14:56:49Z</time>
        <extensions>
          <gpxtpx:TrackPointExtension>
            <gpxtpx:hr>175</gpxtpx:hr>
          </gpxtpx:TrackPointExtension>
        </extensions>
      </trkpt>
      <trkpt lat="31.47238136661658" lon="120.25458576886764">
        <ele>5.624333795160055</ele>
        <time>2025-01-10T14:56:50Z</time>
        <extensions>
          <gpxtpx:TrackPointExtension>
            <gpxtpx:hr>175</gpxtpx:hr>
          </gpxtpx:TrackPointExtension>
        </extensions>
      </trkpt>
      <trkpt lat="31.472407495274112" lon="120.25459085812635">
        <ele>5.660896540619433</ele>
        <time>2025-01-10T14:56:51Z</time>
        <extensions>
          <gpxtpx:TrackPointExtension>
            <gpxtpx:hr>175</gpxtpx:hr>
          </gpxtpx:TrackPointExtension>
        </extensions>
      </trkpt>
      <trkpt lat="31.47243444764677" lon="120.25459698320864">
        <ele>5.70877122040838</ele>
        <time>2025-01-10T14:56:52Z</time>
        <extensions>
          <gpxtpx:TrackPointExtension>
            <gpxtpx:hr>176</gpxtpx:hr>
          </gpxtpx:TrackPointExtension>
        </extensions>
      </trkpt>
      <trkpt lat="31.4724604355635" lon="120.25460354129511">
        <ele>5.752719238400459</ele>
        <time>2025-01-10T14:56:53Z</time>
        <extensions>
          <gpxtpx:TrackPointExtension>
            <gpxtpx:hr>176</gpxtpx:hr>
          </gpxtpx:TrackPointExtension>
        </extensions>
      </trkpt>
      <trkpt lat="31.47248670549195" lon="120.25460900732585">
        <ele>5.805522923357785</ele>
        <time>2025-01-10T14:56:54Z</time>
        <extensions>
          <gpxtpx:TrackPointExtension>
            <gpxtpx:hr>176</gpxtpx:hr>
          </gpxtpx:TrackPointExtension>
        </extensions>
      </trkpt>
      <trkpt lat="31.472514131694343" lon="120.2546134935535">
        <ele>5.864482347853482</ele>
        <time>2025-01-10T14:56:55Z</time>
        <extensions>
          <gpxtpx:TrackPointExtension>
            <gpxtpx:hr>176</gpxtpx:hr>
          </gpxtpx:TrackPointExtension>
        </extensions>
      </trkpt>
      <trkpt lat="31.472540925291018" lon="120.25461684521517">
        <ele>5.922681204043329</ele>
        <time>2025-01-10T14:56:56Z</time>
        <extensions>
          <gpxtpx:TrackPointExtension>
            <gpxtpx:hr>176</gpxtpx:hr>
          </gpxtpx:TrackPointExtension>
        </extensions>
      </trkpt>
      <trkpt lat="31.472567354500395" lon="120.2546177203026">
        <ele>5.984550680033863</ele>
        <time>2025-01-10T14:56:57Z</time>
        <extensions>
          <gpxtpx:TrackPointExtension>
            <gpxtpx:hr>176</gpxtpx:hr>
          </gpxtpx:TrackPointExtension>
        </extensions>
      </trkpt>
      <trkpt lat="31.472593795222892" lon="120.2546187075188">
        <ele>6.051303804852068</ele>
        <time>2025-01-10T14:56:58Z</time>
        <extensions>
          <gpxtpx:TrackPointExtension>
            <gpxtpx:hr>176</gpxtpx:hr>
          </gpxtpx:TrackPointExtension>
        </extensions>
      </trkpt>
      <trkpt lat="31.47261878778168" lon="120.25462258467431">
        <ele>6.118161445483565</ele>
        <time>2025-01-10T14:56:59Z</time>
        <extensions>
          <gpxtpx:TrackPointExtension>
            <gpxtpx:hr>176</gpxtpx:hr>
          </gpxtpx:TrackPointExtension>
        </extensions>
      </trkpt>
      <trkpt lat="31.472642449141162" lon="120.25462806677037">
        <ele>6.1808560667559505</ele>
        <time>2025-01-10T14:57:00Z</time>
        <extensions>
          <gpxtpx:TrackPointExtension>
            <gpxtpx:hr>176</gpxtpx:hr>
          </gpxtpx:TrackPointExtension>
        </extensions>
      </trkpt>
      <trkpt lat="31.47266535786372" lon="120.25463470192152">
        <ele>6.259513711556792</ele>
        <time>2025-01-10T14:57:01Z</time>
        <extensions>
          <gpxtpx:TrackPointExtension>
            <gpxtpx:hr>176</gpxtpx:hr>
          </gpxtpx:TrackPointExtension>
        </extensions>
      </trkpt>
      <trkpt lat="31.47268744533105" lon="120.25464089953698">
        <ele>6.343565131537616</ele>
        <time>2025-01-10T14:57:02Z</time>
        <extensions>
          <gpxtpx:TrackPointExtension>
            <gpxtpx:hr>177</gpxtpx:hr>
          </gpxtpx:TrackPointExtension>
        </extensions>
      </trkpt>
      <trkpt lat="31.47270841364968" lon="120.25464490027395">
        <ele>6.415124303661287</ele>
        <time>2025-01-10T14:57:03Z</time>
        <extensions>
          <gpxtpx:TrackPointExtension>
            <gpxtpx:hr>177</gpxtpx:hr>
          </gpxtpx:TrackPointExtension>
        </extensions>
      </trkpt>
      <trkpt lat="31.472730533152077" lon="120.2546484906567">
        <ele>6.4843488447368145</ele>
        <time>2025-01-10T14:57:04Z</time>
        <extensions>
          <gpxtpx:TrackPointExtension>
            <gpxtpx:hr>177</gpxtpx:hr>
          </gpxtpx:TrackPointExtension>
        </extensions>
      </trkpt>
      <trkpt lat="31.472754759463378" lon="120.25465224392022">
        <ele>6.542384416796267</ele>
        <time>2025-01-10T14:57:05Z</time>
        <extensions>
          <gpxtpx:TrackPointExtension>
            <gpxtpx:hr>177</gpxtpx:hr>
          </gpxtpx:TrackPointExtension>
        </extensions>
      </trkpt>
      <trkpt lat="31.472780116579084" lon="120.25465385546624">
        <ele>6.5850314646959305</ele>
        <time>2025-01-10T14:57:06Z</time>
        <extensions>
          <gpxtpx:TrackPointExtension>
            <gpxtpx:hr>177</gpxtpx:hr>
          </gpxtpx:TrackPointExtension>
        </extensions>
      </trkpt>
      <trkpt lat="31.472806930257175" lon="120.25465168837648">
        <ele>6.638050471432507</ele>
        <time>2025-01-10T14:57:07Z</time>
        <extensions>
          <gpxtpx:TrackPointExtension>
            <gpxtpx:hr>177</gpxtpx:hr>
          </gpxtpx:TrackPointExtension>
        </extensions>
      </trkpt>
      <trkpt lat="31.47283335693373" lon="120.25464595179739">
        <ele>6.68648714851588</ele>
        <time>2025-01-10T14:57:08Z</time>
        <extensions>
          <gpxtpx:TrackPointExtension>
            <gpxtpx:hr>176</gpxtpx:hr>
          </gpxtpx:TrackPointExtension>
        </extensions>
      </trkpt>
      <trkpt lat="31.47285782788559" lon="120.25463761621074">
        <ele>6.741688908077776</ele>
        <time>2025-01-10T14:57:09Z</time>
        <extensions>
          <gpxtpx:TrackPointExtension>
            <gpxtpx:hr>176</gpxtpx:hr>
          </gpxtpx:TrackPointExtension>
        </extensions>
      </trkpt>
      <trkpt lat="31.47288181835035" lon="120.25462764961668">
        <ele>6.794881250709295</ele>
        <time>2025-01-10T14:57:10Z</time>
        <extensions>
          <gpxtpx:TrackPointExtension>
            <gpxtpx:hr>176</gpxtpx:hr>
          </gpxtpx:TrackPointExtension>
        </extensions>
      </trkpt>
      <trkpt lat="31.472906457769252" lon="120.25461602474947">
        <ele>6.839200752787292</ele>
        <time>2025-01-10T14:57:11Z</time>
        <extensions>
          <gpxtpx:TrackPointExtension>
            <gpxtpx:hr>176</gpxtpx:hr>
          </gpxtpx:TrackPointExtension>
        </extensions>
      </trkpt>
      <trkpt lat="31.47293021502336" lon="120.25460220984966">
        <ele>6.879778205417097</ele>
        <time>2025-01-10T14:57:12Z</time>
        <extensions>
          <gpxtpx:TrackPointExtension>
            <gpxtpx:hr>176</gpxtpx:hr>
          </gpxtpx:TrackPointExtension>
        </extensions>
      </trkpt>
      <trkpt lat="31.472951971490264" lon="120.25458482303655">
        <ele>6.91672173794359</ele>
        <time>2025-01-10T14:57:13Z</time>
        <extensions>
          <gpxtpx:TrackPointExtension>
            <gpxtpx:hr>176</gpxtpx:hr>
          </gpxtpx:TrackPointExtension>
        </extensions>
      </trkpt>
      <trkpt lat="31.472971581172892" lon="120.25456472481982">
        <ele>6.950620487332344</ele>
        <time>2025-01-10T14:57:14Z</time>
        <extensions>
          <gpxtpx:TrackPointExtension>
            <gpxtpx:hr>176</gpxtpx:hr>
          </gpxtpx:TrackPointExtension>
        </extensions>
      </trkpt>
      <trkpt lat="31.47298887477097" lon="120.25454490647587">
        <ele>6.982349433004856</ele>
        <time>2025-01-10T14:57:15Z</time>
        <extensions>
          <gpxtpx:TrackPointExtension>
            <gpxtpx:hr>176</gpxtpx:hr>
          </gpxtpx:TrackPointExtension>
        </extensions>
      </trkpt>
      <trkpt lat="31.47300457705805" lon="120.25452415597411">
        <ele>7.012851565144956</ele>
        <time>2025-01-10T14:57:16Z</time>
        <extensions>
          <gpxtpx:TrackPointExtension>
            <gpxtpx:hr>176</gpxtpx:hr>
          </gpxtpx:TrackPointExtension>
        </extensions>
      </trkpt>
      <trkpt lat="31.473020722159617" lon="120.25450101666434">
        <ele>7.042852551676333</ele>
        <time>2025-01-10T14:57:17Z</time>
        <extensions>
          <gpxtpx:TrackPointExtension>
            <gpxtpx:hr>176</gpxtpx:hr>
          </gpxtpx:TrackPointExtension>
        </extensions>
      </trkpt>
      <trkpt lat="31.4730373824134" lon="120.25447855143479">
        <ele>7.072688197717071</ele>
        <time>2025-01-10T14:57:18Z</time>
        <extensions>
          <gpxtpx:TrackPointExtension>
            <gpxtpx:hr>176</gpxtpx:hr>
          </gpxtpx:TrackPointExtension>
        </extensions>
      </trkpt>
      <trkpt lat="31.473053760140495" lon="120.25445903404085">
        <ele>7.102424833923578</ele>
        <time>2025-01-10T14:57:19Z</time>
        <extensions>
          <gpxtpx:TrackPointExtension>
            <gpxtpx:hr>176</gpxtpx:hr>
          </gpxtpx:TrackPointExtension>
        </extensions>
      </trkpt>
      <trkpt lat="31.47306919924574" lon="120.25444221877436">
        <ele>7.132037138566375</ele>
        <time>2025-01-10T14:57:20Z</time>
        <extensions>
          <gpxtpx:TrackPointExtension>
            <gpxtpx:hr>176</gpxtpx:hr>
          </gpxtpx:TrackPointExtension>
        </extensions>
      </trkpt>
    </trkseg>
  </trk>
</gpx>