<?xml version="1.0" encoding="UTF-8"?>
<gpx xmlns="http://www.topografix.com/GPX/1/1" xmlns:gpxtpx="http://www.garmin.com/xmlschemas/TrackPointExtension/v1" xmlns:xsi="http://www.w3.org/2001/XMLSchema-instance" xsi:schemaLocation="http://www.topografix.com/GPX/1/1 http://www.topografix.com/GPX/1/1/gpx.xsd" version="1.1" creator="gpx.py -- https://github.com/tkrajina/gpxpy">
  <trk>
    <name>gpx from keep</name>
    <type>Ride</type>
    <trkseg>
      <trkpt lat="32.05650805112023" lon="118.79639772767479">
        <ele>0</ele>
        <time>2026-06-12T06:27:23Z</time>
      </trkpt>
      <trkpt lat="32.056507580385905" lon="118.79639678660516">
        <ele>0</ele>
        <time>2026-06-12T06:27:23Z</time>
      </trkpt>
      <trkpt lat="32.05650708003793" lon="118.79639572710578">
        <ele>0</ele>
        <time>2026-06-12T06:27:24Z</time>
      </trkpt>
      <trkpt lat="32.056506572065885" lon="118.79639454056915">
        <ele>0</ele>
        <time>2026-06-12T06:27:25Z</time>
      </trkpt>
      <trkpt lat="32.05650610395327" lon="118.7963933056535">
        <ele>0</ele>
        <time>2026-06-12T06:27:26Z</time>
      </trkpt>
      <trkpt lat="32.05650572230373" lon="118.79639208728233">
        <ele>0</ele>
        <time>2026-06-12T06:27:27Z</time>
      </trkpt>
      <trkpt lat="32.05650546652709" lon="118.79639107434129">
        <ele>0</ele>
        <time>2026-06-12T06:27:28Z</time>
      </trkpt>
      <trkpt lat="32.05650534279912" lon="118.79639039377432">
        <ele>0</ele>
        <time>2026-06-12T06:27:29Z</time>
      </trkpt>
      <trkpt lat="32.0565052416021" lon="118.796389641602">
        <ele>0</ele>
        <time>2026-06-12T06:27:30Z</time>
      </trkpt>
      <trkpt lat="32.05650517574704" lon="118.796388812448">
        <ele>0</ele>
        <time>2026-06-12T06:27:31Z</time>
      </trkpt>
      <trkpt lat="32.05650511294677" lon="118.79638769639072">
        <ele>0</ele>
        <time>2026-06-12T06:27:32Z</time>
      </trkpt>
      <trkpt lat="32.05650504298738" lon="118.79638624919494">
        <ele>0</ele>
        <time>2026-06-12T06:27:33Z</time>
      </trkpt>
      <trkpt lat="32.05650496462496" lon="118.79638455270258">
        <ele>0</ele>
        <time>2026-06-12T06:27:34Z</time>
      </trkpt>
      <trkpt lat="32.05650488222404" lon="118.79638263179568">
        <ele>0</ele>
        <time>2026-06-12T06:27:35Z</time>
      </trkpt>
      <trkpt lat="32.05650479276171" lon="118.7963803809113">
        <ele>0</ele>
        <time>2026-06-12T06:27:36Z</time>
      </trkpt>
      <trkpt lat="32.05650470368901" lon="118.79637776231687">
        <ele>0</ele>
        <time>2026-06-12T06:27:37Z</time>
      </trkpt>
      <trkpt lat="32.056504642390884" lon="118.79637479142207">
        <ele>0</ele>
        <time>2026-06-12T06:27:38Z</time>
      </trkpt>
      <trkpt lat="32.0565046507984" lon="118.7963711724647">
        <ele>0</ele>
        <time>2026-06-12T06:27:39Z</time>
      </trkpt>
      <trkpt lat="32.05650480504796" lon="118.79636621381513">
        <ele>0</ele>
        <time>2026-06-12T06:27:40Z</time>
      </trkpt>
      <trkpt lat="32.05650523501965" lon="118.79635918337503">
        <ele>0</ele>
        <time>2026-06-12T06:27:41Z</time>
        <extensions>
          <gpxtpx:TrackPointExtension>
            <gpxtpx:hr>125</gpxtpx:hr>
          </gpxtpx:TrackPointExtension>
        </extensions>
      </trkpt>
      <trkpt lat="32.05650626253365" lon="118.7963477743493">
        <ele>0</ele>
        <time>2026-06-12T06:27:42Z</time>
        <extensions>
          <gpxtpx:TrackPointExtension>
            <gpxtpx:hr>125</gpxtpx:hr>
          </gpxtpx:TrackPointExtension>
        </extensions>
      </trkpt>
      <trkpt lat="32.056508076828564" lon="118.79633114431691">
        <ele>0</ele>
        <time>2026-06-12T06:27:43Z</time>
        <extensions>
          <gpxtpx:TrackPointExtension>
            <gpxtpx:hr>125</gpxtpx:hr>
          </gpxtpx:TrackPointExtension>
        </extensions>
      </trkpt>
      <trkpt lat="32.056510173958415" lon="118.79631246435936">
        <ele>0</ele>
        <time>2026-06-12T06:27:44Z</time>
        <extensions>
          <gpxtpx:TrackPointExtension>
            <gpxtpx:hr>125</gpxtpx:hr>
          </gpxtpx:TrackPointExtension>
        </extensions>
      </trkpt>
      <trkpt lat="32.056512972201865" lon="118.79629015000295">
        <ele>0</ele>
        <time>2026-06-12T06:27:45Z</time>
        <extensions>
          <gpxtpx:TrackPointExtension>
            <gpxtpx:hr>125</gpxtpx:hr>
          </gpxtpx:TrackPointExtension>
        </extensions>
      </trkpt>
      <trkpt lat="32.05651687127223" lon="118.7962629887451">
        <ele>0</ele>
        <time>2026-06-12T06:27:46Z</time>
        <extensions>
          <gpxtpx:TrackPointExtension>
            <gpxtpx:hr>125</gpxtpx:hr>
          </gpxtpx:TrackPointExtension>
        </extensions>
      </trkpt>
      <trkpt lat="32.056521245601445" lon="118.79623418020294">
        <ele>0</ele>
        <time>2026-06-12T06:27:47Z</time>
        <extensions>
          <gpxtpx:TrackPointExtension>
            <gpxtpx:hr>125</gpxtpx:hr>
          </gpxtpx:TrackPointExtension>
        </extensions>
      </trkpt>
      <trkpt lat="32.05652606608404" lon="118.79620401792829">
        <ele>0</ele>
        <time>2026-06-12T06:27:48Z</time>
        <extensions>
          <gpxtpx:TrackPointExtension>
            <gpxtpx:hr>125</gpxtpx:hr>
          </gpxtpx:TrackPointExtension>
        </extensions>
      </trkpt>
      <trkpt lat="32.056531359598594" lon="118.79617251847515">
        <ele>0</ele>
        <time>2026-06-12T06:27:49Z</time>
        <extensions>
          <gpxtpx:TrackPointExtension>
            <gpxtpx:hr>125</gpxtpx:hr>
          </gpxtpx:TrackPointExtension>
        </extensions>
      </trkpt>
      <trkpt lat="32.0565372935523" lon="118.79613947820604">
        <ele>0</ele>
        <time>2026-06-12T06:27:50Z</time>
        <extensions>
          <gpxtpx:TrackPointExtension>
            <gpxtpx:hr>125</gpxtpx:hr>
          </gpxtpx:TrackPointExtension>
        </extensions>
      </trkpt>
      <trkpt lat="32.0565438996087" lon="118.79610573876786">
        <ele>0</ele>
        <time>2026-06-12T06:27:51Z</time>
        <extensions>
          <gpxtpx:TrackPointExtension>
            <gpxtpx:hr>125</gpxtpx:hr>
          </gpxtpx:TrackPointExtension>
        </extensions>
      </trkpt>
      <trkpt lat="32.056551320897036" lon="118.79607044775085">
        <ele>0</ele>
        <time>2026-06-12T06:27:52Z</time>
        <extensions>
          <gpxtpx:TrackPointExtension>
            <gpxtpx:hr>125</gpxtpx:hr>
          </gpxtpx:TrackPointExtension>
        </extensions>
      </trkpt>
      <trkpt lat="32.05655963104685" lon="118.79603338679189">
        <ele>0</ele>
        <time>2026-06-12T06:27:53Z</time>
        <extensions>
          <gpxtpx:TrackPointExtension>
            <gpxtpx:hr>125</gpxtpx:hr>
          </gpxtpx:TrackPointExtension>
        </extensions>
      </trkpt>
      <trkpt lat="32.05656847272652" lon="118.79599703231668">
        <ele>0</ele>
        <time>2026-06-12T06:27:54Z</time>
        <extensions>
          <gpxtpx:TrackPointExtension>
            <gpxtpx:hr>125</gpxtpx:hr>
          </gpxtpx:TrackPointExtension>
        </extensions>
      </trkpt>
      <trkpt lat="32.05657778011225" lon="118.79596132427515">
        <ele>0</ele>
        <time>2026-06-12T06:27:55Z</time>
        <extensions>
          <gpxtpx:TrackPointExtension>
            <gpxtpx:hr>125</gpxtpx:hr>
          </gpxtpx:TrackPointExtension>
        </extensions>
      </trkpt>
      <trkpt lat="32.05658748179117" lon="118.79592578178655">
        <ele>0</ele>
        <time>2026-06-12T06:27:56Z</time>
        <extensions>
          <gpxtpx:TrackPointExtension>
            <gpxtpx:hr>125</gpxtpx:hr>
          </gpxtpx:TrackPointExtension>
        </extensions>
      </trkpt>
      <trkpt lat="32.056597572346995" lon="118.79588924847431">
        <ele>0</ele>
        <time>2026-06-12T06:27:57Z</time>
        <extensions>
          <gpxtpx:TrackPointExtension>
            <gpxtpx:hr>122</gpxtpx:hr>
          </gpxtpx:TrackPointExtension>
        </extensions>
      </trkpt>
      <trkpt lat="32.05660781379371" lon="118.79585143498186">
        <ele>0</ele>
        <time>2026-06-12T06:27:58Z</time>
        <extensions>
          <gpxtpx:TrackPointExtension>
            <gpxtpx:hr>122</gpxtpx:hr>
          </gpxtpx:TrackPointExtension>
        </extensions>
      </trkpt>
      <trkpt lat="32.0566179897549" lon="118.79581266882778">
        <ele>0</ele>
        <time>2026-06-12T06:27:59Z</time>
        <extensions>
          <gpxtpx:TrackPointExtension>
            <gpxtpx:hr>122</gpxtpx:hr>
          </gpxtpx:TrackPointExtension>
        </extensions>
      </trkpt>
      <trkpt lat="32.05662785665055" lon="118.7957734464053">
        <ele>0</ele>
        <time>2026-06-12T06:28:00Z</time>
        <extensions>
          <gpxtpx:TrackPointExtension>
            <gpxtpx:hr>122</gpxtpx:hr>
          </gpxtpx:TrackPointExtension>
        </extensions>
      </trkpt>
      <trkpt lat="32.05663725889689" lon="118.79573406597989">
        <ele>0</ele>
        <time>2026-06-12T06:28:01Z</time>
        <extensions>
          <gpxtpx:TrackPointExtension>
            <gpxtpx:hr>122</gpxtpx:hr>
          </gpxtpx:TrackPointExtension>
        </extensions>
      </trkpt>
      <trkpt lat="32.05664639735188" lon="118.79569387312456">
        <ele>0</ele>
        <time>2026-06-12T06:28:02Z</time>
        <extensions>
          <gpxtpx:TrackPointExtension>
            <gpxtpx:hr>122</gpxtpx:hr>
          </gpxtpx:TrackPointExtension>
        </extensions>
      </trkpt>
      <trkpt lat="32.0566553069023" lon="118.79565312084638">
        <ele>0</ele>
        <time>2026-06-12T06:28:03Z</time>
        <extensions>
          <gpxtpx:TrackPointExtension>
            <gpxtpx:hr>122</gpxtpx:hr>
          </gpxtpx:TrackPointExtension>
        </extensions>
      </trkpt>
      <trkpt lat="32.05666404551276" lon="118.79561226988722">
        <ele>0</ele>
        <time>2026-06-12T06:28:04Z</time>
        <extensions>
          <gpxtpx:TrackPointExtension>
            <gpxtpx:hr>121</gpxtpx:hr>
          </gpxtpx:TrackPointExtension>
        </extensions>
      </trkpt>
      <trkpt lat="32.05667270551006" lon="118.7955718851582">
        <ele>0</ele>
        <time>2026-06-12T06:28:05Z</time>
        <extensions>
          <gpxtpx:TrackPointExtension>
            <gpxtpx:hr>121</gpxtpx:hr>
          </gpxtpx:TrackPointExtension>
        </extensions>
      </trkpt>
      <trkpt lat="32.05668146952229" lon="118.79553208320799">
        <ele>0</ele>
        <time>2026-06-12T06:28:06Z</time>
        <extensions>
          <gpxtpx:TrackPointExtension>
            <gpxtpx:hr>121</gpxtpx:hr>
          </gpxtpx:TrackPointExtension>
        </extensions>
      </trkpt>
      <trkpt lat="32.05669051386107" lon="118.79549280338284">
        <ele>0</ele>
        <time>2026-06-12T06:28:07Z</time>
        <extensions>
          <gpxtpx:TrackPointExtension>
            <gpxtpx:hr>120</gpxtpx:hr>
          </gpxtpx:TrackPointExtension>
        </extensions>
      </trkpt>
      <trkpt lat="32.056699882589385" lon="118.79545442910525">
        <ele>0</ele>
        <time>2026-06-12T06:28:08Z</time>
        <extensions>
          <gpxtpx:TrackPointExtension>
            <gpxtpx:hr>120</gpxtpx:hr>
          </gpxtpx:TrackPointExtension>
        </extensions>
      </trkpt>
      <trkpt lat="32.056709560125775" lon="118.79541744614349">
        <ele>0</ele>
        <time>2026-06-12T06:28:09Z</time>
        <extensions>
          <gpxtpx:TrackPointExtension>
            <gpxtpx:hr>120</gpxtpx:hr>
          </gpxtpx:TrackPointExtension>
        </extensions>
      </trkpt>
      <trkpt lat="32.056719498897486" lon="118.79538165074703">
        <ele>0</ele>
        <time>2026-06-12T06:28:10Z</time>
        <extensions>
          <gpxtpx:TrackPointExtension>
            <gpxtpx:hr>120</gpxtpx:hr>
          </gpxtpx:TrackPointExtension>
        </extensions>
      </trkpt>
      <trkpt lat="32.05673019157194" lon="118.79534420372244">
        <ele>0</ele>
        <time>2026-06-12T06:28:11Z</time>
        <extensions>
          <gpxtpx:TrackPointExtension>
            <gpxtpx:hr>120</gpxtpx:hr>
          </gpxtpx:TrackPointExtension>
        </extensions>
      </trkpt>
      <trkpt lat="32.056741803002566" lon="118.79530309002789">
        <ele>0</ele>
        <time>2026-06-12T06:28:12Z</time>
        <extensions>
          <gpxtpx:TrackPointExtension>
            <gpxtpx:hr>120</gpxtpx:hr>
          </gpxtpx:TrackPointExtension>
        </extensions>
      </trkpt>
      <trkpt lat="32.05675329744858" lon="118.79525967316903">
        <ele>0</ele>
        <time>2026-06-12T06:28:13Z</time>
        <extensions>
          <gpxtpx:TrackPointExtension>
            <gpxtpx:hr>120</gpxtpx:hr>
          </gpxtpx:TrackPointExtension>
        </extensions>
      </trkpt>
      <trkpt lat="32.05676334293535" lon="118.79521545560954">
        <ele>0</ele>
        <time>2026-06-12T06:28:14Z</time>
        <extensions>
          <gpxtpx:TrackPointExtension>
            <gpxtpx:hr>120</gpxtpx:hr>
          </gpxtpx:TrackPointExtension>
        </extensions>
      </trkpt>
      <trkpt lat="32.05677047808207" lon="118.7951712745038">
        <ele>0</ele>
        <time>2026-06-12T06:28:15Z</time>
        <extensions>
          <gpxtpx:TrackPointExtension>
            <gpxtpx:hr>120</gpxtpx:hr>
          </gpxtpx:TrackPointExtension>
        </extensions>
      </trkpt>
      <trkpt lat="32.0567730241492" lon="118.79512874252373">
        <ele>0</ele>
        <time>2026-06-12T06:28:16Z</time>
        <extensions>
          <gpxtpx:TrackPointExtension>
            <gpxtpx:hr>119</gpxtpx:hr>
          </gpxtpx:TrackPointExtension>
        </extensions>
      </trkpt>
      <trkpt lat="32.05676932344164" lon="118.79509032449147">
        <ele>0</ele>
        <time>2026-06-12T06:28:17Z</time>
        <extensions>
          <gpxtpx:TrackPointExtension>
            <gpxtpx:hr>119</gpxtpx:hr>
          </gpxtpx:TrackPointExtension>
        </extensions>
      </trkpt>
      <trkpt lat="32.05675838528287" lon="118.79505730658224">
        <ele>0</ele>
        <time>2026-06-12T06:28:18Z</time>
        <extensions>
          <gpxtpx:TrackPointExtension>
            <gpxtpx:hr>119</gpxtpx:hr>
          </gpxtpx:TrackPointExtension>
        </extensions>
      </trkpt>
      <trkpt lat="32.05674008786138" lon="118.79503064226466">
        <ele>0</ele>
        <time>2026-06-12T06:28:19Z</time>
        <extensions>
          <gpxtpx:TrackPointExtension>
            <gpxtpx:hr>119</gpxtpx:hr>
          </gpxtpx:TrackPointExtension>
        </extensions>
      </trkpt>
      <trkpt lat="32.05671572829196" lon="118.79501108069485">
        <ele>0</ele>
        <time>2026-06-12T06:28:20Z</time>
        <extensions>
          <gpxtpx:TrackPointExtension>
            <gpxtpx:hr>119</gpxtpx:hr>
          </gpxtpx:TrackPointExtension>
        </extensions>
      </trkpt>
      <trkpt lat="32.0566870431099" lon="118.79499742273283">
        <ele>0</ele>
        <time>2026-06-12T06:28:21Z</time>
        <extensions>
          <gpxtpx:TrackPointExtension>
            <gpxtpx:hr>119</gpxtpx:hr>
          </gpxtpx:TrackPointExtension>
        </extensions>
      </trkpt>
      <trkpt lat="32.05665467504551" lon="118.79498776047755">
        <ele>0</ele>
        <time>2026-06-12T06:28:22Z</time>
        <extensions>
          <gpxtpx:TrackPointExtension>
            <gpxtpx:hr>121</gpxtpx:hr>
          </gpxtpx:TrackPointExtension>
        </extensions>
      </trkpt>
      <trkpt lat="32.0566201161688" lon="118.79498100590656">
        <ele>0</ele>
        <time>2026-06-12T06:28:23Z</time>
        <extensions>
          <gpxtpx:TrackPointExtension>
            <gpxtpx:hr>121</gpxtpx:hr>
          </gpxtpx:TrackPointExtension>
        </extensions>
      </trkpt>
      <trkpt lat="32.05658574754131" lon="118.79497743280393">
        <ele>0</ele>
        <time>2026-06-12T06:28:24Z</time>
        <extensions>
          <gpxtpx:TrackPointExtension>
            <gpxtpx:hr>121</gpxtpx:hr>
          </gpxtpx:TrackPointExtension>
        </extensions>
      </trkpt>
      <trkpt lat="32.056552215823835" lon="118.79497750505773">
        <ele>0</ele>
        <time>2026-06-12T06:28:25Z</time>
        <extensions>
          <gpxtpx:TrackPointExtension>
            <gpxtpx:hr>121</gpxtpx:hr>
          </gpxtpx:TrackPointExtension>
        </extensions>
      </trkpt>
      <trkpt lat="32.056519502984315" lon="118.79498143872142">
        <ele>0</ele>
        <time>2026-06-12T06:28:26Z</time>
        <extensions>
          <gpxtpx:TrackPointExtension>
            <gpxtpx:hr>121</gpxtpx:hr>
          </gpxtpx:TrackPointExtension>
        </extensions>
      </trkpt>
      <trkpt lat="32.056488552894486" lon="118.7949893962056">
        <ele>0</ele>
        <time>2026-06-12T06:28:27Z</time>
        <extensions>
          <gpxtpx:TrackPointExtension>
            <gpxtpx:hr>121</gpxtpx:hr>
          </gpxtpx:TrackPointExtension>
        </extensions>
      </trkpt>
      <trkpt lat="32.05646016838872" lon="118.79500287698063">
        <ele>0</ele>
        <time>2026-06-12T06:28:28Z</time>
        <extensions>
          <gpxtpx:TrackPointExtension>
            <gpxtpx:hr>124</gpxtpx:hr>
          </gpxtpx:TrackPointExtension>
        </extensions>
      </trkpt>
      <trkpt lat="32.056434851357395" lon="118.79502267803974">
        <ele>0</ele>
        <time>2026-06-12T06:28:29Z</time>
        <extensions>
          <gpxtpx:TrackPointExtension>
            <gpxtpx:hr>124</gpxtpx:hr>
          </gpxtpx:TrackPointExtension>
        </extensions>
      </trkpt>
      <trkpt lat="32.056412692506285" lon="118.7950468745074">
        <ele>0</ele>
        <time>2026-06-12T06:28:30Z</time>
        <extensions>
          <gpxtpx:TrackPointExtension>
            <gpxtpx:hr>124</gpxtpx:hr>
          </gpxtpx:TrackPointExtension>
        </extensions>
      </trkpt>
      <trkpt lat="32.056393041200415" lon="118.79507294492326">
        <ele>0</ele>
        <time>2026-06-12T06:28:31Z</time>
        <extensions>
          <gpxtpx:TrackPointExtension>
            <gpxtpx:hr>124</gpxtpx:hr>
          </gpxtpx:TrackPointExtension>
        </extensions>
      </trkpt>
      <trkpt lat="32.05637555323479" lon="118.79509927620931">
        <ele>0</ele>
        <time>2026-06-12T06:28:32Z</time>
        <extensions>
          <gpxtpx:TrackPointExtension>
            <gpxtpx:hr>124</gpxtpx:hr>
          </gpxtpx:TrackPointExtension>
        </extensions>
      </trkpt>
      <trkpt lat="32.0563601425577" lon="118.7951258814857">
        <ele>0</ele>
        <time>2026-06-12T06:28:33Z</time>
        <extensions>
          <gpxtpx:TrackPointExtension>
            <gpxtpx:hr>122</gpxtpx:hr>
          </gpxtpx:TrackPointExtension>
        </extensions>
      </trkpt>
      <trkpt lat="32.056346726766066" lon="118.79515265889977">
        <ele>0</ele>
        <time>2026-06-12T06:28:34Z</time>
        <extensions>
          <gpxtpx:TrackPointExtension>
            <gpxtpx:hr>122</gpxtpx:hr>
          </gpxtpx:TrackPointExtension>
        </extensions>
      </trkpt>
      <trkpt lat="32.05633461723632" lon="118.7951789929164">
        <ele>0</ele>
        <time>2026-06-12T06:28:35Z</time>
        <extensions>
          <gpxtpx:TrackPointExtension>
            <gpxtpx:hr>122</gpxtpx:hr>
          </gpxtpx:TrackPointExtension>
        </extensions>
      </trkpt>
      <trkpt lat="32.05632162060796" lon="118.79520345680734">
        <ele>0</ele>
        <time>2026-06-12T06:28:36Z</time>
        <extensions>
          <gpxtpx:TrackPointExtension>
            <gpxtpx:hr>122</gpxtpx:hr>
          </gpxtpx:TrackPointExtension>
        </extensions>
      </trkpt>
      <trkpt lat="32.05630571076993" lon="118.79522298391383">
        <ele>0</ele>
        <time>2026-06-12T06:28:37Z</time>
        <extensions>
          <gpxtpx:TrackPointExtension>
            <gpxtpx:hr>123</gpxtpx:hr>
          </gpxtpx:TrackPointExtension>
        </extensions>
      </trkpt>
      <trkpt lat="32.0562863444217" lon="118.79523463584917">
        <ele>0</ele>
        <time>2026-06-12T06:28:38Z</time>
        <extensions>
          <gpxtpx:TrackPointExtension>
            <gpxtpx:hr>123</gpxtpx:hr>
          </gpxtpx:TrackPointExtension>
        </extensions>
      </trkpt>
      <trkpt lat="32.05626574200595" lon="118.79523924497626">
        <ele>0</ele>
        <time>2026-06-12T06:28:39Z</time>
        <extensions>
          <gpxtpx:TrackPointExtension>
            <gpxtpx:hr>123</gpxtpx:hr>
          </gpxtpx:TrackPointExtension>
        </extensions>
      </trkpt>
      <trkpt lat="32.05624646935251" lon="118.79523829527048">
        <ele>0</ele>
        <time>2026-06-12T06:28:40Z</time>
        <extensions>
          <gpxtpx:TrackPointExtension>
            <gpxtpx:hr>123</gpxtpx:hr>
          </gpxtpx:TrackPointExtension>
        </extensions>
      </trkpt>
      <trkpt lat="32.05622743408642" lon="118.79523437012827">
        <ele>0</ele>
        <time>2026-06-12T06:28:41Z</time>
        <extensions>
          <gpxtpx:TrackPointExtension>
            <gpxtpx:hr>123</gpxtpx:hr>
          </gpxtpx:TrackPointExtension>
        </extensions>
      </trkpt>
      <trkpt lat="32.05620601320222" lon="118.79523057950647">
        <ele>0</ele>
        <time>2026-06-12T06:28:42Z</time>
        <extensions>
          <gpxtpx:TrackPointExtension>
            <gpxtpx:hr>123</gpxtpx:hr>
          </gpxtpx:TrackPointExtension>
        </extensions>
      </trkpt>
      <trkpt lat="32.05618089147998" lon="118.79522603071412">
        <ele>0</ele>
        <time>2026-06-12T06:28:43Z</time>
        <extensions>
          <gpxtpx:TrackPointExtension>
            <gpxtpx:hr>127</gpxtpx:hr>
          </gpxtpx:TrackPointExtension>
        </extensions>
      </trkpt>
      <trkpt lat="32.05615341002051" lon="118.79522007122627">
        <ele>0</ele>
        <time>2026-06-12T06:28:44Z</time>
        <extensions>
          <gpxtpx:TrackPointExtension>
            <gpxtpx:hr>127</gpxtpx:hr>
          </gpxtpx:TrackPointExtension>
        </extensions>
      </trkpt>
      <trkpt lat="32.05612521233334" lon="118.7952128339423">
        <ele>0</ele>
        <time>2026-06-12T06:28:45Z</time>
        <extensions>
          <gpxtpx:TrackPointExtension>
            <gpxtpx:hr>127</gpxtpx:hr>
          </gpxtpx:TrackPointExtension>
        </extensions>
      </trkpt>
      <trkpt lat="32.05609669768188" lon="118.79520430068392">
        <ele>0</ele>
        <time>2026-06-12T06:28:46Z</time>
        <extensions>
          <gpxtpx:TrackPointExtension>
            <gpxtpx:hr>127</gpxtpx:hr>
          </gpxtpx:TrackPointExtension>
        </extensions>
      </trkpt>
      <trkpt lat="32.05606868070182" lon="118.79519547454642">
        <ele>0</ele>
        <time>2026-06-12T06:28:47Z</time>
        <extensions>
          <gpxtpx:TrackPointExtension>
            <gpxtpx:hr>125</gpxtpx:hr>
          </gpxtpx:TrackPointExtension>
        </extensions>
      </trkpt>
      <trkpt lat="32.0560404248709" lon="118.79518687327159">
        <ele>0</ele>
        <time>2026-06-12T06:28:48Z</time>
        <extensions>
          <gpxtpx:TrackPointExtension>
            <gpxtpx:hr>125</gpxtpx:hr>
          </gpxtpx:TrackPointExtension>
        </extensions>
      </trkpt>
      <trkpt lat="32.05601109269425" lon="118.79517889180315">
        <ele>0</ele>
        <time>2026-06-12T06:28:49Z</time>
        <extensions>
          <gpxtpx:TrackPointExtension>
            <gpxtpx:hr>125</gpxtpx:hr>
          </gpxtpx:TrackPointExtension>
        </extensions>
      </trkpt>
      <trkpt lat="32.055981228497814" lon="118.79517196240235">
        <ele>0</ele>
        <time>2026-06-12T06:28:50Z</time>
        <extensions>
          <gpxtpx:TrackPointExtension>
            <gpxtpx:hr>121</gpxtpx:hr>
          </gpxtpx:TrackPointExtension>
        </extensions>
      </trkpt>
      <trkpt lat="32.055951086508486" lon="118.79516539451474">
        <ele>0</ele>
        <time>2026-06-12T06:28:51Z</time>
        <extensions>
          <gpxtpx:TrackPointExtension>
            <gpxtpx:hr>121</gpxtpx:hr>
          </gpxtpx:TrackPointExtension>
        </extensions>
      </trkpt>
      <trkpt lat="32.055920951215846" lon="118.79515874635831">
        <ele>0</ele>
        <time>2026-06-12T06:28:52Z</time>
        <extensions>
          <gpxtpx:TrackPointExtension>
            <gpxtpx:hr>121</gpxtpx:hr>
          </gpxtpx:TrackPointExtension>
        </extensions>
      </trkpt>
      <trkpt lat="32.05589073243576" lon="118.79515142694581">
        <ele>0</ele>
        <time>2026-06-12T06:28:53Z</time>
        <extensions>
          <gpxtpx:TrackPointExtension>
            <gpxtpx:hr>121</gpxtpx:hr>
          </gpxtpx:TrackPointExtension>
        </extensions>
      </trkpt>
      <trkpt lat="32.05586058456615" lon="118.79514242799675">
        <ele>0</ele>
        <time>2026-06-12T06:28:54Z</time>
        <extensions>
          <gpxtpx:TrackPointExtension>
            <gpxtpx:hr>121</gpxtpx:hr>
          </gpxtpx:TrackPointExtension>
        </extensions>
      </trkpt>
      <trkpt lat="32.055831650199885" lon="118.79513069270027">
        <ele>0</ele>
        <time>2026-06-12T06:28:55Z</time>
        <extensions>
          <gpxtpx:TrackPointExtension>
            <gpxtpx:hr>121</gpxtpx:hr>
          </gpxtpx:TrackPointExtension>
        </extensions>
      </trkpt>
      <trkpt lat="32.05580596398526" lon="118.79511493218364">
        <ele>0</ele>
        <time>2026-06-12T06:28:56Z</time>
        <extensions>
          <gpxtpx:TrackPointExtension>
            <gpxtpx:hr>121</gpxtpx:hr>
          </gpxtpx:TrackPointExtension>
        </extensions>
      </trkpt>
      <trkpt lat="32.05578747262778" lon="118.79509441191992">
        <ele>0</ele>
        <time>2026-06-12T06:28:57Z</time>
        <extensions>
          <gpxtpx:TrackPointExtension>
            <gpxtpx:hr>119</gpxtpx:hr>
          </gpxtpx:TrackPointExtension>
        </extensions>
      </trkpt>
      <trkpt lat="32.05577833154663" lon="118.79506653364271">
        <ele>0</ele>
        <time>2026-06-12T06:28:58Z</time>
        <extensions>
          <gpxtpx:TrackPointExtension>
            <gpxtpx:hr>119</gpxtpx:hr>
          </gpxtpx:TrackPointExtension>
        </extensions>
      </trkpt>
      <trkpt lat="32.05577564441674" lon="118.79503258271497">
        <ele>0</ele>
        <time>2026-06-12T06:28:59Z</time>
        <extensions>
          <gpxtpx:TrackPointExtension>
            <gpxtpx:hr>119</gpxtpx:hr>
          </gpxtpx:TrackPointExtension>
        </extensions>
      </trkpt>
      <trkpt lat="32.05577591928262" lon="118.7949969134302">
        <ele>0</ele>
        <time>2026-06-12T06:29:00Z</time>
        <extensions>
          <gpxtpx:TrackPointExtension>
            <gpxtpx:hr>119</gpxtpx:hr>
          </gpxtpx:TrackPointExtension>
        </extensions>
      </trkpt>
      <trkpt lat="32.05577760832656" lon="118.79496079522424">
        <ele>0</ele>
        <time>2026-06-12T06:29:01Z</time>
        <extensions>
          <gpxtpx:TrackPointExtension>
            <gpxtpx:hr>119</gpxtpx:hr>
          </gpxtpx:TrackPointExtension>
        </extensions>
      </trkpt>
      <trkpt lat="32.05578045225423" lon="118.79492391750087">
        <ele>0</ele>
        <time>2026-06-12T06:29:02Z</time>
        <extensions>
          <gpxtpx:TrackPointExtension>
            <gpxtpx:hr>119</gpxtpx:hr>
          </gpxtpx:TrackPointExtension>
        </extensions>
      </trkpt>
      <trkpt lat="32.05578426815192" lon="118.79488584151794">
        <ele>0</ele>
        <time>2026-06-12T06:29:03Z</time>
        <extensions>
          <gpxtpx:TrackPointExtension>
            <gpxtpx:hr>119</gpxtpx:hr>
          </gpxtpx:TrackPointExtension>
        </extensions>
      </trkpt>
      <trkpt lat="32.05578844444246" lon="118.79484773717273">
        <ele>0</ele>
        <time>2026-06-12T06:29:04Z</time>
        <extensions>
          <gpxtpx:TrackPointExtension>
            <gpxtpx:hr>119</gpxtpx:hr>
          </gpxtpx:TrackPointExtension>
        </extensions>
      </trkpt>
      <trkpt lat="32.05579261632834" lon="118.79480910490071">
        <ele>0</ele>
        <time>2026-06-12T06:29:05Z</time>
        <extensions>
          <gpxtpx:TrackPointExtension>
            <gpxtpx:hr>119</gpxtpx:hr>
          </gpxtpx:TrackPointExtension>
        </extensions>
      </trkpt>
      <trkpt lat="32.0557963872649" lon="118.79476950892305">
        <ele>0</ele>
        <time>2026-06-12T06:29:06Z</time>
        <extensions>
          <gpxtpx:TrackPointExtension>
            <gpxtpx:hr>119</gpxtpx:hr>
          </gpxtpx:TrackPointExtension>
        </extensions>
      </trkpt>
      <trkpt lat="32.055799605299484" lon="118.79472978735193">
        <ele>0</ele>
        <time>2026-06-12T06:29:07Z</time>
        <extensions>
          <gpxtpx:TrackPointExtension>
            <gpxtpx:hr>119</gpxtpx:hr>
          </gpxtpx:TrackPointExtension>
        </extensions>
      </trkpt>
      <trkpt lat="32.05580243090148" lon="118.7946906939896">
        <ele>0</ele>
        <time>2026-06-12T06:29:08Z</time>
        <extensions>
          <gpxtpx:TrackPointExtension>
            <gpxtpx:hr>119</gpxtpx:hr>
          </gpxtpx:TrackPointExtension>
        </extensions>
      </trkpt>
      <trkpt lat="32.05580498057455" lon="118.79465226890309">
        <ele>0</ele>
        <time>2026-06-12T06:29:09Z</time>
        <extensions>
          <gpxtpx:TrackPointExtension>
            <gpxtpx:hr>119</gpxtpx:hr>
          </gpxtpx:TrackPointExtension>
        </extensions>
      </trkpt>
      <trkpt lat="32.055807317735095" lon="118.79461390740009">
        <ele>0</ele>
        <time>2026-06-12T06:29:10Z</time>
        <extensions>
          <gpxtpx:TrackPointExtension>
            <gpxtpx:hr>119</gpxtpx:hr>
          </gpxtpx:TrackPointExtension>
        </extensions>
      </trkpt>
      <trkpt lat="32.0558096233288" lon="118.79457533914365">
        <ele>0</ele>
        <time>2026-06-12T06:29:11Z</time>
        <extensions>
          <gpxtpx:TrackPointExtension>
            <gpxtpx:hr>119</gpxtpx:hr>
          </gpxtpx:TrackPointExtension>
        </extensions>
      </trkpt>
      <trkpt lat="32.05581238022094" lon="118.79453629129878">
        <ele>0</ele>
        <time>2026-06-12T06:29:12Z</time>
        <extensions>
          <gpxtpx:TrackPointExtension>
            <gpxtpx:hr>119</gpxtpx:hr>
          </gpxtpx:TrackPointExtension>
        </extensions>
      </trkpt>
      <trkpt lat="32.05581557595738" lon="118.79449691283897">
        <ele>0</ele>
        <time>2026-06-12T06:29:13Z</time>
        <extensions>
          <gpxtpx:TrackPointExtension>
            <gpxtpx:hr>119</gpxtpx:hr>
          </gpxtpx:TrackPointExtension>
        </extensions>
      </trkpt>
      <trkpt lat="32.05581902827052" lon="118.79445744302151">
        <ele>0</ele>
        <time>2026-06-12T06:29:14Z</time>
        <extensions>
          <gpxtpx:TrackPointExtension>
            <gpxtpx:hr>118</gpxtpx:hr>
          </gpxtpx:TrackPointExtension>
        </extensions>
      </trkpt>
      <trkpt lat="32.055822701538816" lon="118.79441756014349">
        <ele>0</ele>
        <time>2026-06-12T06:29:15Z</time>
        <extensions>
          <gpxtpx:TrackPointExtension>
            <gpxtpx:hr>118</gpxtpx:hr>
          </gpxtpx:TrackPointExtension>
        </extensions>
      </trkpt>
      <trkpt lat="32.05582616239141" lon="118.79437723468877">
        <ele>0</ele>
        <time>2026-06-12T06:29:16Z</time>
        <extensions>
          <gpxtpx:TrackPointExtension>
            <gpxtpx:hr>118</gpxtpx:hr>
          </gpxtpx:TrackPointExtension>
        </extensions>
      </trkpt>
      <trkpt lat="32.05582909311573" lon="118.79433642000114">
        <ele>0</ele>
        <time>2026-06-12T06:29:17Z</time>
        <extensions>
          <gpxtpx:TrackPointExtension>
            <gpxtpx:hr>119</gpxtpx:hr>
          </gpxtpx:TrackPointExtension>
        </extensions>
      </trkpt>
      <trkpt lat="32.05583123625641" lon="118.79429512538066">
        <ele>0</ele>
        <time>2026-06-12T06:29:18Z</time>
        <extensions>
          <gpxtpx:TrackPointExtension>
            <gpxtpx:hr>119</gpxtpx:hr>
          </gpxtpx:TrackPointExtension>
        </extensions>
      </trkpt>
      <trkpt lat="32.05583270415953" lon="118.79425380682363">
        <ele>0</ele>
        <time>2026-06-12T06:29:19Z</time>
        <extensions>
          <gpxtpx:TrackPointExtension>
            <gpxtpx:hr>119</gpxtpx:hr>
          </gpxtpx:TrackPointExtension>
        </extensions>
      </trkpt>
      <trkpt lat="32.05583407527237" lon="118.79421250961713">
        <ele>0</ele>
        <time>2026-06-12T06:29:20Z</time>
        <extensions>
          <gpxtpx:TrackPointExtension>
            <gpxtpx:hr>118</gpxtpx:hr>
          </gpxtpx:TrackPointExtension>
        </extensions>
      </trkpt>
      <trkpt lat="32.055836083054864" lon="118.79417113320751">
        <ele>0</ele>
        <time>2026-06-12T06:29:21Z</time>
        <extensions>
          <gpxtpx:TrackPointExtension>
            <gpxtpx:hr>118</gpxtpx:hr>
          </gpxtpx:TrackPointExtension>
        </extensions>
      </trkpt>
      <trkpt lat="32.05583931021929" lon="118.7941300696715">
        <ele>0</ele>
        <time>2026-06-12T06:29:22Z</time>
        <extensions>
          <gpxtpx:TrackPointExtension>
            <gpxtpx:hr>118</gpxtpx:hr>
          </gpxtpx:TrackPointExtension>
        </extensions>
      </trkpt>
      <trkpt lat="32.05584386414169" lon="118.79408959354703">
        <ele>0</ele>
        <time>2026-06-12T06:29:23Z</time>
        <extensions>
          <gpxtpx:TrackPointExtension>
            <gpxtpx:hr>118</gpxtpx:hr>
          </gpxtpx:TrackPointExtension>
        </extensions>
      </trkpt>
      <trkpt lat="32.05585019903451" lon="118.79404980415009">
        <ele>0</ele>
        <time>2026-06-12T06:29:24Z</time>
        <extensions>
          <gpxtpx:TrackPointExtension>
            <gpxtpx:hr>118</gpxtpx:hr>
          </gpxtpx:TrackPointExtension>
        </extensions>
      </trkpt>
      <trkpt lat="32.05585854362724" lon="118.79401098683994">
        <ele>0</ele>
        <time>2026-06-12T06:29:25Z</time>
        <extensions>
          <gpxtpx:TrackPointExtension>
            <gpxtpx:hr>118</gpxtpx:hr>
          </gpxtpx:TrackPointExtension>
        </extensions>
      </trkpt>
      <trkpt lat="32.05586816095282" lon="118.79397314236809">
        <ele>0</ele>
        <time>2026-06-12T06:29:26Z</time>
        <extensions>
          <gpxtpx:TrackPointExtension>
            <gpxtpx:hr>118</gpxtpx:hr>
          </gpxtpx:TrackPointExtension>
        </extensions>
      </trkpt>
      <trkpt lat="32.055878224716615" lon="118.79393575903157">
        <ele>0</ele>
        <time>2026-06-12T06:29:27Z</time>
        <extensions>
          <gpxtpx:TrackPointExtension>
            <gpxtpx:hr>119</gpxtpx:hr>
          </gpxtpx:TrackPointExtension>
        </extensions>
      </trkpt>
      <trkpt lat="32.05588818918608" lon="118.79389822195948">
        <ele>0</ele>
        <time>2026-06-12T06:29:28Z</time>
        <extensions>
          <gpxtpx:TrackPointExtension>
            <gpxtpx:hr>119</gpxtpx:hr>
          </gpxtpx:TrackPointExtension>
        </extensions>
      </trkpt>
      <trkpt lat="32.055897522839544" lon="118.79386036736913">
        <ele>0</ele>
        <time>2026-06-12T06:29:29Z</time>
        <extensions>
          <gpxtpx:TrackPointExtension>
            <gpxtpx:hr>119</gpxtpx:hr>
          </gpxtpx:TrackPointExtension>
        </extensions>
      </trkpt>
      <trkpt lat="32.055905751683596" lon="118.7938219633055">
        <ele>0</ele>
        <time>2026-06-12T06:29:30Z</time>
        <extensions>
          <gpxtpx:TrackPointExtension>
            <gpxtpx:hr>119</gpxtpx:hr>
          </gpxtpx:TrackPointExtension>
        </extensions>
      </trkpt>
      <trkpt lat="32.05591324781812" lon="118.79378304796045">
        <ele>0</ele>
        <time>2026-06-12T06:29:31Z</time>
        <extensions>
          <gpxtpx:TrackPointExtension>
            <gpxtpx:hr>119</gpxtpx:hr>
          </gpxtpx:TrackPointExtension>
        </extensions>
      </trkpt>
      <trkpt lat="32.05592061165662" lon="118.79374375833683">
        <ele>0</ele>
        <time>2026-06-12T06:29:32Z</time>
        <extensions>
          <gpxtpx:TrackPointExtension>
            <gpxtpx:hr>119</gpxtpx:hr>
          </gpxtpx:TrackPointExtension>
        </extensions>
      </trkpt>
      <trkpt lat="32.05592810422946" lon="118.79370397496052">
        <ele>0</ele>
        <time>2026-06-12T06:29:33Z</time>
        <extensions>
          <gpxtpx:TrackPointExtension>
            <gpxtpx:hr>119</gpxtpx:hr>
          </gpxtpx:TrackPointExtension>
        </extensions>
      </trkpt>
      <trkpt lat="32.05593571688974" lon="118.79366381938694">
        <ele>0</ele>
        <time>2026-06-12T06:29:34Z</time>
        <extensions>
          <gpxtpx:TrackPointExtension>
            <gpxtpx:hr>119</gpxtpx:hr>
          </gpxtpx:TrackPointExtension>
        </extensions>
      </trkpt>
      <trkpt lat="32.05594329310355" lon="118.79362330161383">
        <ele>0</ele>
        <time>2026-06-12T06:29:35Z</time>
        <extensions>
          <gpxtpx:TrackPointExtension>
            <gpxtpx:hr>119</gpxtpx:hr>
          </gpxtpx:TrackPointExtension>
        </extensions>
      </trkpt>
      <trkpt lat="32.055950781592394" lon="118.79358248719016">
        <ele>0</ele>
        <time>2026-06-12T06:29:36Z</time>
        <extensions>
          <gpxtpx:TrackPointExtension>
            <gpxtpx:hr>119</gpxtpx:hr>
          </gpxtpx:TrackPointExtension>
        </extensions>
      </trkpt>
      <trkpt lat="32.055957834267375" lon="118.79354169846162">
        <ele>0</ele>
        <time>2026-06-12T06:29:37Z</time>
        <extensions>
          <gpxtpx:TrackPointExtension>
            <gpxtpx:hr>119</gpxtpx:hr>
          </gpxtpx:TrackPointExtension>
        </extensions>
      </trkpt>
      <trkpt lat="32.05596424359669" lon="118.79350094707117">
        <ele>0</ele>
        <time>2026-06-12T06:29:38Z</time>
        <extensions>
          <gpxtpx:TrackPointExtension>
            <gpxtpx:hr>121</gpxtpx:hr>
          </gpxtpx:TrackPointExtension>
        </extensions>
      </trkpt>
      <trkpt lat="32.0559702922516" lon="118.79346016054544">
        <ele>0</ele>
        <time>2026-06-12T06:29:39Z</time>
        <extensions>
          <gpxtpx:TrackPointExtension>
            <gpxtpx:hr>121</gpxtpx:hr>
          </gpxtpx:TrackPointExtension>
        </extensions>
      </trkpt>
      <trkpt lat="32.05597630640458" lon="118.79341946945205">
        <ele>0</ele>
        <time>2026-06-12T06:29:40Z</time>
        <extensions>
          <gpxtpx:TrackPointExtension>
            <gpxtpx:hr>121</gpxtpx:hr>
          </gpxtpx:TrackPointExtension>
        </extensions>
      </trkpt>
      <trkpt lat="32.055982477525134" lon="118.79337901890028">
        <ele>0</ele>
        <time>2026-06-12T06:29:41Z</time>
        <extensions>
          <gpxtpx:TrackPointExtension>
            <gpxtpx:hr>121</gpxtpx:hr>
          </gpxtpx:TrackPointExtension>
        </extensions>
      </trkpt>
      <trkpt lat="32.055988929185766" lon="118.79333881961041">
        <ele>0</ele>
        <time>2026-06-12T06:29:42Z</time>
        <extensions>
          <gpxtpx:TrackPointExtension>
            <gpxtpx:hr>121</gpxtpx:hr>
          </gpxtpx:TrackPointExtension>
        </extensions>
      </trkpt>
      <trkpt lat="32.0559956101678" lon="118.79329890919713">
        <ele>0</ele>
        <time>2026-06-12T06:29:43Z</time>
        <extensions>
          <gpxtpx:TrackPointExtension>
            <gpxtpx:hr>121</gpxtpx:hr>
          </gpxtpx:TrackPointExtension>
        </extensions>
      </trkpt>
      <trkpt lat="32.056002348645954" lon="118.79325925746521">
        <ele>0</ele>
        <time>2026-06-12T06:29:44Z</time>
        <extensions>
          <gpxtpx:TrackPointExtension>
            <gpxtpx:hr>121</gpxtpx:hr>
          </gpxtpx:TrackPointExtension>
        </extensions>
      </trkpt>
      <trkpt lat="32.05600843670348" lon="118.79321970827833">
        <ele>0</ele>
        <time>2026-06-12T06:29:45Z</time>
        <extensions>
          <gpxtpx:TrackPointExtension>
            <gpxtpx:hr>121</gpxtpx:hr>
          </gpxtpx:TrackPointExtension>
        </extensions>
      </trkpt>
      <trkpt lat="32.056011748408515" lon="118.79318044986073">
        <ele>0</ele>
        <time>2026-06-12T06:29:46Z</time>
        <extensions>
          <gpxtpx:TrackPointExtension>
            <gpxtpx:hr>121</gpxtpx:hr>
          </gpxtpx:TrackPointExtension>
        </extensions>
      </trkpt>
      <trkpt lat="32.05601001014642" lon="118.79314345234116">
        <ele>0</ele>
        <time>2026-06-12T06:29:47Z</time>
        <extensions>
          <gpxtpx:TrackPointExtension>
            <gpxtpx:hr>121</gpxtpx:hr>
          </gpxtpx:TrackPointExtension>
        </extensions>
      </trkpt>
      <trkpt lat="32.0560012174169" lon="118.79311172104957">
        <ele>0</ele>
        <time>2026-06-12T06:29:48Z</time>
        <extensions>
          <gpxtpx:TrackPointExtension>
            <gpxtpx:hr>121</gpxtpx:hr>
          </gpxtpx:TrackPointExtension>
        </extensions>
      </trkpt>
      <trkpt lat="32.05598499725304" lon="118.79308677779262">
        <ele>0</ele>
        <time>2026-06-12T06:29:49Z</time>
        <extensions>
          <gpxtpx:TrackPointExtension>
            <gpxtpx:hr>121</gpxtpx:hr>
          </gpxtpx:TrackPointExtension>
        </extensions>
      </trkpt>
      <trkpt lat="32.0559630039211" lon="118.79306854932666">
        <ele>0</ele>
        <time>2026-06-12T06:29:50Z</time>
        <extensions>
          <gpxtpx:TrackPointExtension>
            <gpxtpx:hr>121</gpxtpx:hr>
          </gpxtpx:TrackPointExtension>
        </extensions>
      </trkpt>
      <trkpt lat="32.05593768843866" lon="118.7930551576231">
        <ele>0</ele>
        <time>2026-06-12T06:29:51Z</time>
        <extensions>
          <gpxtpx:TrackPointExtension>
            <gpxtpx:hr>121</gpxtpx:hr>
          </gpxtpx:TrackPointExtension>
        </extensions>
      </trkpt>
      <trkpt lat="32.055911159766225" lon="118.79304408995354">
        <ele>0</ele>
        <time>2026-06-12T06:29:52Z</time>
        <extensions>
          <gpxtpx:TrackPointExtension>
            <gpxtpx:hr>122</gpxtpx:hr>
          </gpxtpx:TrackPointExtension>
        </extensions>
      </trkpt>
      <trkpt lat="32.05588379053818" lon="118.79303410746941">
        <ele>0</ele>
        <time>2026-06-12T06:29:53Z</time>
        <extensions>
          <gpxtpx:TrackPointExtension>
            <gpxtpx:hr>122</gpxtpx:hr>
          </gpxtpx:TrackPointExtension>
        </extensions>
      </trkpt>
      <trkpt lat="32.055855292388436" lon="118.7930250028369">
        <ele>0</ele>
        <time>2026-06-12T06:29:54Z</time>
        <extensions>
          <gpxtpx:TrackPointExtension>
            <gpxtpx:hr>122</gpxtpx:hr>
          </gpxtpx:TrackPointExtension>
        </extensions>
      </trkpt>
      <trkpt lat="32.055825991896235" lon="118.79301688554511">
        <ele>0</ele>
        <time>2026-06-12T06:29:55Z</time>
        <extensions>
          <gpxtpx:TrackPointExtension>
            <gpxtpx:hr>122</gpxtpx:hr>
          </gpxtpx:TrackPointExtension>
        </extensions>
      </trkpt>
      <trkpt lat="32.05579627957196" lon="118.79300986650814">
        <ele>0</ele>
        <time>2026-06-12T06:29:56Z</time>
        <extensions>
          <gpxtpx:TrackPointExtension>
            <gpxtpx:hr>122</gpxtpx:hr>
          </gpxtpx:TrackPointExtension>
        </extensions>
      </trkpt>
      <trkpt lat="32.05576593453845" lon="118.79300338796287">
        <ele>0</ele>
        <time>2026-06-12T06:29:57Z</time>
        <extensions>
          <gpxtpx:TrackPointExtension>
            <gpxtpx:hr>119</gpxtpx:hr>
          </gpxtpx:TrackPointExtension>
        </extensions>
      </trkpt>
      <trkpt lat="32.05573519213818" lon="118.79299586259123">
        <ele>0</ele>
        <time>2026-06-12T06:29:58Z</time>
        <extensions>
          <gpxtpx:TrackPointExtension>
            <gpxtpx:hr>119</gpxtpx:hr>
          </gpxtpx:TrackPointExtension>
        </extensions>
      </trkpt>
      <trkpt lat="32.05570442350414" lon="118.79298682687394">
        <ele>0</ele>
        <time>2026-06-12T06:29:59Z</time>
        <extensions>
          <gpxtpx:TrackPointExtension>
            <gpxtpx:hr>119</gpxtpx:hr>
          </gpxtpx:TrackPointExtension>
        </extensions>
      </trkpt>
      <trkpt lat="32.055673593957664" lon="118.79297685581389">
        <ele>0</ele>
        <time>2026-06-12T06:30:00Z</time>
        <extensions>
          <gpxtpx:TrackPointExtension>
            <gpxtpx:hr>119</gpxtpx:hr>
          </gpxtpx:TrackPointExtension>
        </extensions>
      </trkpt>
      <trkpt lat="32.05564266926698" lon="118.79296599878252">
        <ele>0</ele>
        <time>2026-06-12T06:30:01Z</time>
        <extensions>
          <gpxtpx:TrackPointExtension>
            <gpxtpx:hr>119</gpxtpx:hr>
          </gpxtpx:TrackPointExtension>
        </extensions>
      </trkpt>
      <trkpt lat="32.05561162609833" lon="118.79295449166816">
        <ele>0</ele>
        <time>2026-06-12T06:30:02Z</time>
        <extensions>
          <gpxtpx:TrackPointExtension>
            <gpxtpx:hr>119</gpxtpx:hr>
          </gpxtpx:TrackPointExtension>
        </extensions>
      </trkpt>
      <trkpt lat="32.05558043182372" lon="118.79294301228508">
        <ele>0</ele>
        <time>2026-06-12T06:30:03Z</time>
        <extensions>
          <gpxtpx:TrackPointExtension>
            <gpxtpx:hr>119</gpxtpx:hr>
          </gpxtpx:TrackPointExtension>
        </extensions>
      </trkpt>
      <trkpt lat="32.05554926102919" lon="118.79293243394284">
        <ele>0</ele>
        <time>2026-06-12T06:30:04Z</time>
        <extensions>
          <gpxtpx:TrackPointExtension>
            <gpxtpx:hr>119</gpxtpx:hr>
          </gpxtpx:TrackPointExtension>
        </extensions>
      </trkpt>
      <trkpt lat="32.05551794183551" lon="118.79292292716923">
        <ele>0</ele>
        <time>2026-06-12T06:30:05Z</time>
        <extensions>
          <gpxtpx:TrackPointExtension>
            <gpxtpx:hr>119</gpxtpx:hr>
          </gpxtpx:TrackPointExtension>
        </extensions>
      </trkpt>
      <trkpt lat="32.055486631254475" lon="118.79291429408448">
        <ele>0</ele>
        <time>2026-06-12T06:30:06Z</time>
        <extensions>
          <gpxtpx:TrackPointExtension>
            <gpxtpx:hr>119</gpxtpx:hr>
          </gpxtpx:TrackPointExtension>
        </extensions>
      </trkpt>
      <trkpt lat="32.05545617144761" lon="118.7929061243045">
        <ele>0</ele>
        <time>2026-06-12T06:30:07Z</time>
        <extensions>
          <gpxtpx:TrackPointExtension>
            <gpxtpx:hr>119</gpxtpx:hr>
          </gpxtpx:TrackPointExtension>
        </extensions>
      </trkpt>
      <trkpt lat="32.05542669836964" lon="118.79289790687986">
        <ele>0</ele>
        <time>2026-06-12T06:30:08Z</time>
        <extensions>
          <gpxtpx:TrackPointExtension>
            <gpxtpx:hr>119</gpxtpx:hr>
          </gpxtpx:TrackPointExtension>
        </extensions>
      </trkpt>
      <trkpt lat="32.05539788210685" lon="118.79288974893508">
        <ele>0</ele>
        <time>2026-06-12T06:30:09Z</time>
        <extensions>
          <gpxtpx:TrackPointExtension>
            <gpxtpx:hr>119</gpxtpx:hr>
          </gpxtpx:TrackPointExtension>
        </extensions>
      </trkpt>
      <trkpt lat="32.05536916795479" lon="118.792881688843">
        <ele>0</ele>
        <time>2026-06-12T06:30:10Z</time>
        <extensions>
          <gpxtpx:TrackPointExtension>
            <gpxtpx:hr>119</gpxtpx:hr>
          </gpxtpx:TrackPointExtension>
        </extensions>
      </trkpt>
      <trkpt lat="32.05534059218018" lon="118.79287341842192">
        <ele>0</ele>
        <time>2026-06-12T06:30:11Z</time>
        <extensions>
          <gpxtpx:TrackPointExtension>
            <gpxtpx:hr>119</gpxtpx:hr>
          </gpxtpx:TrackPointExtension>
        </extensions>
      </trkpt>
      <trkpt lat="32.055312968302246" lon="118.79286401649551">
        <ele>0</ele>
        <time>2026-06-12T06:30:12Z</time>
        <extensions>
          <gpxtpx:TrackPointExtension>
            <gpxtpx:hr>118</gpxtpx:hr>
          </gpxtpx:TrackPointExtension>
        </extensions>
      </trkpt>
      <trkpt lat="32.05528933494463" lon="118.7928521620338">
        <ele>0</ele>
        <time>2026-06-12T06:30:13Z</time>
        <extensions>
          <gpxtpx:TrackPointExtension>
            <gpxtpx:hr>118</gpxtpx:hr>
          </gpxtpx:TrackPointExtension>
        </extensions>
      </trkpt>
      <trkpt lat="32.05527295465456" lon="118.79283720116948">
        <ele>0</ele>
        <time>2026-06-12T06:30:14Z</time>
        <extensions>
          <gpxtpx:TrackPointExtension>
            <gpxtpx:hr>118</gpxtpx:hr>
          </gpxtpx:TrackPointExtension>
        </extensions>
      </trkpt>
      <trkpt lat="32.055263355745986" lon="118.79281893449537">
        <ele>0</ele>
        <time>2026-06-12T06:30:15Z</time>
        <extensions>
          <gpxtpx:TrackPointExtension>
            <gpxtpx:hr>118</gpxtpx:hr>
          </gpxtpx:TrackPointExtension>
        </extensions>
      </trkpt>
      <trkpt lat="32.05525902324566" lon="118.7927983093212">
        <ele>0</ele>
        <time>2026-06-12T06:30:16Z</time>
        <extensions>
          <gpxtpx:TrackPointExtension>
            <gpxtpx:hr>119</gpxtpx:hr>
          </gpxtpx:TrackPointExtension>
        </extensions>
      </trkpt>
      <trkpt lat="32.05525906414607" lon="118.7927774508949">
        <ele>0</ele>
        <time>2026-06-12T06:30:17Z</time>
        <extensions>
          <gpxtpx:TrackPointExtension>
            <gpxtpx:hr>119</gpxtpx:hr>
          </gpxtpx:TrackPointExtension>
        </extensions>
      </trkpt>
      <trkpt lat="32.05526167961691" lon="118.79275791811408">
        <ele>0</ele>
        <time>2026-06-12T06:30:18Z</time>
        <extensions>
          <gpxtpx:TrackPointExtension>
            <gpxtpx:hr>119</gpxtpx:hr>
          </gpxtpx:TrackPointExtension>
        </extensions>
      </trkpt>
      <trkpt lat="32.05526414574837" lon="118.79273930658897">
        <ele>0</ele>
        <time>2026-06-12T06:30:19Z</time>
        <extensions>
          <gpxtpx:TrackPointExtension>
            <gpxtpx:hr>119</gpxtpx:hr>
          </gpxtpx:TrackPointExtension>
        </extensions>
      </trkpt>
      <trkpt lat="32.05526635879873" lon="118.79271940266617">
        <ele>0</ele>
        <time>2026-06-12T06:30:20Z</time>
        <extensions>
          <gpxtpx:TrackPointExtension>
            <gpxtpx:hr>119</gpxtpx:hr>
          </gpxtpx:TrackPointExtension>
        </extensions>
      </trkpt>
      <trkpt lat="32.05526827345659" lon="118.79269773646269">
        <ele>0</ele>
        <time>2026-06-12T06:30:21Z</time>
        <extensions>
          <gpxtpx:TrackPointExtension>
            <gpxtpx:hr>119</gpxtpx:hr>
          </gpxtpx:TrackPointExtension>
        </extensions>
      </trkpt>
      <trkpt lat="32.055268993140444" lon="118.79267454641331">
        <ele>0</ele>
        <time>2026-06-12T06:30:22Z</time>
        <extensions>
          <gpxtpx:TrackPointExtension>
            <gpxtpx:hr>119</gpxtpx:hr>
          </gpxtpx:TrackPointExtension>
        </extensions>
      </trkpt>
      <trkpt lat="32.05527060855019" lon="118.79264956792113">
        <ele>0</ele>
        <time>2026-06-12T06:30:23Z</time>
        <extensions>
          <gpxtpx:TrackPointExtension>
            <gpxtpx:hr>119</gpxtpx:hr>
          </gpxtpx:TrackPointExtension>
        </extensions>
      </trkpt>
      <trkpt lat="32.05527671788647" lon="118.79262250448146">
        <ele>0</ele>
        <time>2026-06-12T06:30:24Z</time>
        <extensions>
          <gpxtpx:TrackPointExtension>
            <gpxtpx:hr>119</gpxtpx:hr>
          </gpxtpx:TrackPointExtension>
        </extensions>
      </trkpt>
      <trkpt lat="32.055287685133045" lon="118.79259450912534">
        <ele>0</ele>
        <time>2026-06-12T06:30:25Z</time>
        <extensions>
          <gpxtpx:TrackPointExtension>
            <gpxtpx:hr>118</gpxtpx:hr>
          </gpxtpx:TrackPointExtension>
        </extensions>
      </trkpt>
      <trkpt lat="32.055300806925594" lon="118.79256701743479">
        <ele>0</ele>
        <time>2026-06-12T06:30:26Z</time>
        <extensions>
          <gpxtpx:TrackPointExtension>
            <gpxtpx:hr>118</gpxtpx:hr>
          </gpxtpx:TrackPointExtension>
        </extensions>
      </trkpt>
      <trkpt lat="32.055329827304945" lon="118.79251302207336">
        <ele>16.479435530491173</ele>
        <time>2026-06-12T06:30:28Z</time>
        <extensions>
          <gpxtpx:TrackPointExtension>
            <gpxtpx:hr>118</gpxtpx:hr>
          </gpxtpx:TrackPointExtension>
        </extensions>
      </trkpt>
      <trkpt lat="32.055345915790895" lon="118.79248667963986">
        <ele>16.550132445059717</ele>
        <time>2026-06-12T06:30:29Z</time>
        <extensions>
          <gpxtpx:TrackPointExtension>
            <gpxtpx:hr>118</gpxtpx:hr>
          </gpxtpx:TrackPointExtension>
        </extensions>
      </trkpt>
      <trkpt lat="32.05536241775147" lon="118.79246056963693">
        <ele>16.60770156327635</ele>
        <time>2026-06-12T06:30:30Z</time>
        <extensions>
          <gpxtpx:TrackPointExtension>
            <gpxtpx:hr>119</gpxtpx:hr>
          </gpxtpx:TrackPointExtension>
        </extensions>
      </trkpt>
      <trkpt lat="32.05537754945527" lon="118.79243463262645">
        <ele>16.657794893719256</ele>
        <time>2026-06-12T06:30:31Z</time>
        <extensions>
          <gpxtpx:TrackPointExtension>
            <gpxtpx:hr>119</gpxtpx:hr>
          </gpxtpx:TrackPointExtension>
        </extensions>
      </trkpt>
      <trkpt lat="32.055390215687545" lon="118.79240818936623">
        <ele>16.701914832927287</ele>
        <time>2026-06-12T06:30:32Z</time>
        <extensions>
          <gpxtpx:TrackPointExtension>
            <gpxtpx:hr>119</gpxtpx:hr>
          </gpxtpx:TrackPointExtension>
        </extensions>
      </trkpt>
      <trkpt lat="32.05540028722613" lon="118.79238014104284">
        <ele>16.738720641471446</ele>
        <time>2026-06-12T06:30:33Z</time>
        <extensions>
          <gpxtpx:TrackPointExtension>
            <gpxtpx:hr>119</gpxtpx:hr>
          </gpxtpx:TrackPointExtension>
        </extensions>
      </trkpt>
      <trkpt lat="32.055406959636045" lon="118.79235023735025">
        <ele>16.766555028036237</ele>
        <time>2026-06-12T06:30:34Z</time>
        <extensions>
          <gpxtpx:TrackPointExtension>
            <gpxtpx:hr>119</gpxtpx:hr>
          </gpxtpx:TrackPointExtension>
        </extensions>
      </trkpt>
      <trkpt lat="32.05540886679855" lon="118.79231917817178">
        <ele>16.784721395000815</ele>
        <time>2026-06-12T06:30:35Z</time>
        <extensions>
          <gpxtpx:TrackPointExtension>
            <gpxtpx:hr>119</gpxtpx:hr>
          </gpxtpx:TrackPointExtension>
        </extensions>
      </trkpt>
      <trkpt lat="32.05540568376552" lon="118.79228856453557">
        <ele>16.79336983617395</ele>
        <time>2026-06-12T06:30:36Z</time>
        <extensions>
          <gpxtpx:TrackPointExtension>
            <gpxtpx:hr>119</gpxtpx:hr>
          </gpxtpx:TrackPointExtension>
        </extensions>
      </trkpt>
      <trkpt lat="32.055399037899086" lon="118.79225889905437">
        <ele>16.79326473083347</ele>
        <time>2026-06-12T06:30:37Z</time>
        <extensions>
          <gpxtpx:TrackPointExtension>
            <gpxtpx:hr>123</gpxtpx:hr>
          </gpxtpx:TrackPointExtension>
        </extensions>
      </trkpt>
      <trkpt lat="32.05538983047451" lon="118.79223013850475">
        <ele>16.785530163906515</ele>
        <time>2026-06-12T06:30:38Z</time>
        <extensions>
          <gpxtpx:TrackPointExtension>
            <gpxtpx:hr>123</gpxtpx:hr>
          </gpxtpx:TrackPointExtension>
        </extensions>
      </trkpt>
      <trkpt lat="32.05537753827364" lon="118.79220491959441">
        <ele>16.771617674268782</ele>
        <time>2026-06-12T06:30:39Z</time>
        <extensions>
          <gpxtpx:TrackPointExtension>
            <gpxtpx:hr>123</gpxtpx:hr>
          </gpxtpx:TrackPointExtension>
        </extensions>
      </trkpt>
      <trkpt lat="32.055362433730096" lon="118.79218446542035">
        <ele>16.75334119796753</ele>
        <time>2026-06-12T06:30:40Z</time>
        <extensions>
          <gpxtpx:TrackPointExtension>
            <gpxtpx:hr>123</gpxtpx:hr>
          </gpxtpx:TrackPointExtension>
        </extensions>
      </trkpt>
      <trkpt lat="32.05534438112817" lon="118.79216748935093">
        <ele>16.732679510489106</ele>
        <time>2026-06-12T06:30:41Z</time>
        <extensions>
          <gpxtpx:TrackPointExtension>
            <gpxtpx:hr>123</gpxtpx:hr>
          </gpxtpx:TrackPointExtension>
        </extensions>
      </trkpt>
      <trkpt lat="32.05532312806223" lon="118.79215347308728">
        <ele>16.711491427384317</ele>
        <time>2026-06-12T06:30:42Z</time>
        <extensions>
          <gpxtpx:TrackPointExtension>
            <gpxtpx:hr>123</gpxtpx:hr>
          </gpxtpx:TrackPointExtension>
        </extensions>
      </trkpt>
      <trkpt lat="32.05529843207702" lon="118.79214179089058">
        <ele>16.6913454933092</ele>
        <time>2026-06-12T06:30:43Z</time>
        <extensions>
          <gpxtpx:TrackPointExtension>
            <gpxtpx:hr>124</gpxtpx:hr>
          </gpxtpx:TrackPointExtension>
        </extensions>
      </trkpt>
      <trkpt lat="32.055269090729254" lon="118.79213147453956">
        <ele>16.673411685042083</ele>
        <time>2026-06-12T06:30:44Z</time>
        <extensions>
          <gpxtpx:TrackPointExtension>
            <gpxtpx:hr>124</gpxtpx:hr>
          </gpxtpx:TrackPointExtension>
        </extensions>
      </trkpt>
      <trkpt lat="32.05523531638413" lon="118.79212158839289">
        <ele>16.65845761448145</ele>
        <time>2026-06-12T06:30:45Z</time>
        <extensions>
          <gpxtpx:TrackPointExtension>
            <gpxtpx:hr>124</gpxtpx:hr>
          </gpxtpx:TrackPointExtension>
        </extensions>
      </trkpt>
      <trkpt lat="32.05519905054513" lon="118.79211170834233">
        <ele>16.647044222801924</ele>
        <time>2026-06-12T06:30:46Z</time>
        <extensions>
          <gpxtpx:TrackPointExtension>
            <gpxtpx:hr>122</gpxtpx:hr>
          </gpxtpx:TrackPointExtension>
        </extensions>
      </trkpt>
      <trkpt lat="32.055161681120076" lon="118.79210173277117">
        <ele>16.639751723967493</ele>
        <time>2026-06-12T06:30:47Z</time>
        <extensions>
          <gpxtpx:TrackPointExtension>
            <gpxtpx:hr>122</gpxtpx:hr>
          </gpxtpx:TrackPointExtension>
        </extensions>
      </trkpt>
      <trkpt lat="32.0551239071181" lon="118.79209175329211">
        <ele>16.637168146669865</ele>
        <time>2026-06-12T06:30:48Z</time>
        <extensions>
          <gpxtpx:TrackPointExtension>
            <gpxtpx:hr>122</gpxtpx:hr>
          </gpxtpx:TrackPointExtension>
        </extensions>
      </trkpt>
      <trkpt lat="32.05508614236303" lon="118.79208173642729">
        <ele>16.63958108611405</ele>
        <time>2026-06-12T06:30:49Z</time>
        <extensions>
          <gpxtpx:TrackPointExtension>
            <gpxtpx:hr>122</gpxtpx:hr>
          </gpxtpx:TrackPointExtension>
        </extensions>
      </trkpt>
      <trkpt lat="32.05504886940676" lon="118.79207169979436">
        <ele>16.646616549231112</ele>
        <time>2026-06-12T06:30:50Z</time>
        <extensions>
          <gpxtpx:TrackPointExtension>
            <gpxtpx:hr>122</gpxtpx:hr>
          </gpxtpx:TrackPointExtension>
        </extensions>
      </trkpt>
      <trkpt lat="32.055012358322955" lon="118.79206144197666">
        <ele>16.657058774493635</ele>
        <time>2026-06-12T06:30:51Z</time>
        <extensions>
          <gpxtpx:TrackPointExtension>
            <gpxtpx:hr>122</gpxtpx:hr>
          </gpxtpx:TrackPointExtension>
        </extensions>
      </trkpt>
      <trkpt lat="32.05497680213617" lon="118.79205023631377">
        <ele>16.668813111260533</ele>
        <time>2026-06-12T06:30:52Z</time>
        <extensions>
          <gpxtpx:TrackPointExtension>
            <gpxtpx:hr>122</gpxtpx:hr>
          </gpxtpx:TrackPointExtension>
        </extensions>
      </trkpt>
      <trkpt lat="32.054942767540695" lon="118.79203686949076">
        <ele>16.679182215593755</ele>
        <time>2026-06-12T06:30:53Z</time>
        <extensions>
          <gpxtpx:TrackPointExtension>
            <gpxtpx:hr>122</gpxtpx:hr>
          </gpxtpx:TrackPointExtension>
        </extensions>
      </trkpt>
      <trkpt lat="32.0549113247829" lon="118.79201979832996">
        <ele>16.68564440589398</ele>
        <time>2026-06-12T06:30:54Z</time>
        <extensions>
          <gpxtpx:TrackPointExtension>
            <gpxtpx:hr>122</gpxtpx:hr>
          </gpxtpx:TrackPointExtension>
        </extensions>
      </trkpt>
      <trkpt lat="32.05488418105035" lon="118.79199762662259">
        <ele>16.68667477555573</ele>
        <time>2026-06-12T06:30:55Z</time>
        <extensions>
          <gpxtpx:TrackPointExtension>
            <gpxtpx:hr>122</gpxtpx:hr>
          </gpxtpx:TrackPointExtension>
        </extensions>
      </trkpt>
      <trkpt lat="32.05486282936761" lon="118.79196996723357">
        <ele>16.68214876856655</ele>
        <time>2026-06-12T06:30:56Z</time>
        <extensions>
          <gpxtpx:TrackPointExtension>
            <gpxtpx:hr>122</gpxtpx:hr>
          </gpxtpx:TrackPointExtension>
        </extensions>
      </trkpt>
      <trkpt lat="32.05484809952267" lon="118.79193767046303">
        <ele>16.673469258472323</ele>
        <time>2026-06-12T06:30:57Z</time>
        <extensions>
          <gpxtpx:TrackPointExtension>
            <gpxtpx:hr>122</gpxtpx:hr>
          </gpxtpx:TrackPointExtension>
        </extensions>
      </trkpt>
      <trkpt lat="32.05483932233737" lon="118.79190219413695">
        <ele>16.663314155302942</ele>
        <time>2026-06-12T06:30:58Z</time>
        <extensions>
          <gpxtpx:TrackPointExtension>
            <gpxtpx:hr>123</gpxtpx:hr>
          </gpxtpx:TrackPointExtension>
        </extensions>
      </trkpt>
      <trkpt lat="32.05483469330401" lon="118.79186469212132">
        <ele>16.654753400944173</ele>
        <time>2026-06-12T06:30:59Z</time>
        <extensions>
          <gpxtpx:TrackPointExtension>
            <gpxtpx:hr>123</gpxtpx:hr>
          </gpxtpx:TrackPointExtension>
        </extensions>
      </trkpt>
      <trkpt lat="32.05483316214392" lon="118.79182534631616">
        <ele>16.65031022205949</ele>
        <time>2026-06-12T06:31:00Z</time>
        <extensions>
          <gpxtpx:TrackPointExtension>
            <gpxtpx:hr>123</gpxtpx:hr>
          </gpxtpx:TrackPointExtension>
        </extensions>
      </trkpt>
      <trkpt lat="32.0548342956263" lon="118.79178418496092">
        <ele>16.651590835303068</ele>
        <time>2026-06-12T06:31:01Z</time>
        <extensions>
          <gpxtpx:TrackPointExtension>
            <gpxtpx:hr>123</gpxtpx:hr>
          </gpxtpx:TrackPointExtension>
        </extensions>
      </trkpt>
      <trkpt lat="32.05483768821914" lon="118.79174161958096">
        <ele>16.659301532432437</ele>
        <time>2026-06-12T06:31:02Z</time>
        <extensions>
          <gpxtpx:TrackPointExtension>
            <gpxtpx:hr>123</gpxtpx:hr>
          </gpxtpx:TrackPointExtension>
        </extensions>
      </trkpt>
      <trkpt lat="32.05484286497572" lon="118.79169813492607">
        <ele>16.673375089652836</ele>
        <time>2026-06-12T06:31:03Z</time>
        <extensions>
          <gpxtpx:TrackPointExtension>
            <gpxtpx:hr>125</gpxtpx:hr>
          </gpxtpx:TrackPointExtension>
        </extensions>
      </trkpt>
      <trkpt lat="32.05484944696599" lon="118.79165419866456">
        <ele>16.693182923831046</ele>
        <time>2026-06-12T06:31:04Z</time>
        <extensions>
          <gpxtpx:TrackPointExtension>
            <gpxtpx:hr>125</gpxtpx:hr>
          </gpxtpx:TrackPointExtension>
        </extensions>
      </trkpt>
      <trkpt lat="32.05485699677185" lon="118.79161018425629">
        <ele>16.717720983549953</ele>
        <time>2026-06-12T06:31:05Z</time>
        <extensions>
          <gpxtpx:TrackPointExtension>
            <gpxtpx:hr>125</gpxtpx:hr>
          </gpxtpx:TrackPointExtension>
        </extensions>
      </trkpt>
      <trkpt lat="32.05486501638339" lon="118.791566376749">
        <ele>16.745701198466122</ele>
        <time>2026-06-12T06:31:06Z</time>
        <extensions>
          <gpxtpx:TrackPointExtension>
            <gpxtpx:hr>125</gpxtpx:hr>
          </gpxtpx:TrackPointExtension>
        </extensions>
      </trkpt>
      <trkpt lat="32.05487321301673" lon="118.79152275846303">
        <ele>16.77557530067861</ele>
        <time>2026-06-12T06:31:07Z</time>
        <extensions>
          <gpxtpx:TrackPointExtension>
            <gpxtpx:hr>125</gpxtpx:hr>
          </gpxtpx:TrackPointExtension>
        </extensions>
      </trkpt>
      <trkpt lat="32.05488154440821" lon="118.79147899705562">
        <ele>16.80557303968817</ele>
        <time>2026-06-12T06:31:08Z</time>
        <extensions>
          <gpxtpx:TrackPointExtension>
            <gpxtpx:hr>125</gpxtpx:hr>
          </gpxtpx:TrackPointExtension>
        </extensions>
      </trkpt>
      <trkpt lat="32.05489012284901" lon="118.79143478736925">
        <ele>16.833867851644754</ele>
        <time>2026-06-12T06:31:09Z</time>
        <extensions>
          <gpxtpx:TrackPointExtension>
            <gpxtpx:hr>125</gpxtpx:hr>
          </gpxtpx:TrackPointExtension>
        </extensions>
      </trkpt>
      <trkpt lat="32.05489908700723" lon="118.79139004068877">
        <ele>16.858796319924295</ele>
        <time>2026-06-12T06:31:10Z</time>
        <extensions>
          <gpxtpx:TrackPointExtension>
            <gpxtpx:hr>125</gpxtpx:hr>
          </gpxtpx:TrackPointExtension>
        </extensions>
      </trkpt>
      <trkpt lat="32.054908501614335" lon="118.79134470562495">
        <ele>16.87902109697461</ele>
        <time>2026-06-12T06:31:11Z</time>
        <extensions>
          <gpxtpx:TrackPointExtension>
            <gpxtpx:hr>125</gpxtpx:hr>
          </gpxtpx:TrackPointExtension>
        </extensions>
      </trkpt>
      <trkpt lat="32.05491830846281" lon="118.79129856631542">
        <ele>16.89367867819965</ele>
        <time>2026-06-12T06:31:12Z</time>
        <extensions>
          <gpxtpx:TrackPointExtension>
            <gpxtpx:hr>125</gpxtpx:hr>
          </gpxtpx:TrackPointExtension>
        </extensions>
      </trkpt>
      <trkpt lat="32.05492839861165" lon="118.7912513256086">
        <ele>16.902457506395876</ele>
        <time>2026-06-12T06:31:13Z</time>
        <extensions>
          <gpxtpx:TrackPointExtension>
            <gpxtpx:hr>125</gpxtpx:hr>
          </gpxtpx:TrackPointExtension>
        </extensions>
      </trkpt>
      <trkpt lat="32.05493874771344" lon="118.79120296786726">
        <ele>16.905480449087918</ele>
        <time>2026-06-12T06:31:14Z</time>
        <extensions>
          <gpxtpx:TrackPointExtension>
            <gpxtpx:hr>125</gpxtpx:hr>
          </gpxtpx:TrackPointExtension>
        </extensions>
      </trkpt>
      <trkpt lat="32.054949447233774" lon="118.7911536334535">
        <ele>16.90312650706619</ele>
        <time>2026-06-12T06:31:15Z</time>
        <extensions>
          <gpxtpx:TrackPointExtension>
            <gpxtpx:hr>125</gpxtpx:hr>
          </gpxtpx:TrackPointExtension>
        </extensions>
      </trkpt>
      <trkpt lat="32.05496055881764" lon="118.79110355705434">
        <ele>16.895919039845467</ele>
        <time>2026-06-12T06:31:16Z</time>
        <extensions>
          <gpxtpx:TrackPointExtension>
            <gpxtpx:hr>125</gpxtpx:hr>
          </gpxtpx:TrackPointExtension>
        </extensions>
      </trkpt>
      <trkpt lat="32.05497218276263" lon="118.79105260970974">
        <ele>16.884467371739447</ele>
        <time>2026-06-12T06:31:17Z</time>
        <extensions>
          <gpxtpx:TrackPointExtension>
            <gpxtpx:hr>125</gpxtpx:hr>
          </gpxtpx:TrackPointExtension>
        </extensions>
      </trkpt>
      <trkpt lat="32.05498439407178" lon="118.79100047520647">
        <ele>16.86944054812193</ele>
        <time>2026-06-12T06:31:18Z</time>
        <extensions>
          <gpxtpx:TrackPointExtension>
            <gpxtpx:hr>125</gpxtpx:hr>
          </gpxtpx:TrackPointExtension>
        </extensions>
      </trkpt>
      <trkpt lat="32.05499684503078" lon="118.79094761104263">
        <ele>16.851522157900035</ele>
        <time>2026-06-12T06:31:19Z</time>
        <extensions>
          <gpxtpx:TrackPointExtension>
            <gpxtpx:hr>125</gpxtpx:hr>
          </gpxtpx:TrackPointExtension>
        </extensions>
      </trkpt>
      <trkpt lat="32.05500923885409" lon="118.79089456631021">
        <ele>16.831364163197577</ele>
        <time>2026-06-12T06:31:20Z</time>
        <extensions>
          <gpxtpx:TrackPointExtension>
            <gpxtpx:hr>125</gpxtpx:hr>
          </gpxtpx:TrackPointExtension>
        </extensions>
      </trkpt>
      <trkpt lat="32.05502179135231" lon="118.79084192680173">
        <ele>16.809571534395218</ele>
        <time>2026-06-12T06:31:21Z</time>
        <extensions>
          <gpxtpx:TrackPointExtension>
            <gpxtpx:hr>127</gpxtpx:hr>
          </gpxtpx:TrackPointExtension>
        </extensions>
      </trkpt>
      <trkpt lat="32.055034571075076" lon="118.79079068246043">
        <ele>16.786706995218992</ele>
        <time>2026-06-12T06:31:22Z</time>
        <extensions>
          <gpxtpx:TrackPointExtension>
            <gpxtpx:hr>127</gpxtpx:hr>
          </gpxtpx:TrackPointExtension>
        </extensions>
      </trkpt>
      <trkpt lat="32.055047482817876" lon="118.790742030211">
        <ele>16.763314093463123</ele>
        <time>2026-06-12T06:31:23Z</time>
        <extensions>
          <gpxtpx:TrackPointExtension>
            <gpxtpx:hr>127</gpxtpx:hr>
          </gpxtpx:TrackPointExtension>
        </extensions>
      </trkpt>
      <trkpt lat="32.05506082686325" lon="118.79069669879104">
        <ele>16.73995274491608</ele>
        <time>2026-06-12T06:31:24Z</time>
        <extensions>
          <gpxtpx:TrackPointExtension>
            <gpxtpx:hr>127</gpxtpx:hr>
          </gpxtpx:TrackPointExtension>
        </extensions>
      </trkpt>
      <trkpt lat="32.05507514855515" lon="118.7906553863757">
        <ele>16.71723733469844</ele>
        <time>2026-06-12T06:31:25Z</time>
        <extensions>
          <gpxtpx:TrackPointExtension>
            <gpxtpx:hr>127</gpxtpx:hr>
          </gpxtpx:TrackPointExtension>
        </extensions>
      </trkpt>
      <trkpt lat="32.055091106675206" lon="118.79061915376138">
        <ele>16.695847941562533</ele>
        <time>2026-06-12T06:31:26Z</time>
        <extensions>
          <gpxtpx:TrackPointExtension>
            <gpxtpx:hr>127</gpxtpx:hr>
          </gpxtpx:TrackPointExtension>
        </extensions>
      </trkpt>
      <trkpt lat="32.0551093936623" lon="118.79058917713755">
        <ele>16.67648808285594</ele>
        <time>2026-06-12T06:31:27Z</time>
        <extensions>
          <gpxtpx:TrackPointExtension>
            <gpxtpx:hr>127</gpxtpx:hr>
          </gpxtpx:TrackPointExtension>
        </extensions>
      </trkpt>
      <trkpt lat="32.05513077248438" lon="118.79056663641485">
        <ele>16.659813111647964</ele>
        <time>2026-06-12T06:31:28Z</time>
        <extensions>
          <gpxtpx:TrackPointExtension>
            <gpxtpx:hr>127</gpxtpx:hr>
          </gpxtpx:TrackPointExtension>
        </extensions>
      </trkpt>
      <trkpt lat="32.055155340188726" lon="118.7905518927515">
        <ele>16.646358592435718</ele>
        <time>2026-06-12T06:31:29Z</time>
        <extensions>
          <gpxtpx:TrackPointExtension>
            <gpxtpx:hr>127</gpxtpx:hr>
          </gpxtpx:TrackPointExtension>
        </extensions>
      </trkpt>
      <trkpt lat="32.05518268698522" lon="118.79054398424115">
        <ele>16.636447947472334</ele>
        <time>2026-06-12T06:31:30Z</time>
        <extensions>
          <gpxtpx:TrackPointExtension>
            <gpxtpx:hr>127</gpxtpx:hr>
          </gpxtpx:TrackPointExtension>
        </extensions>
      </trkpt>
      <trkpt lat="32.055212436550654" lon="118.79054107553546">
        <ele>16.630126546137035</ele>
        <time>2026-06-12T06:31:31Z</time>
        <extensions>
          <gpxtpx:TrackPointExtension>
            <gpxtpx:hr>127</gpxtpx:hr>
          </gpxtpx:TrackPointExtension>
        </extensions>
      </trkpt>
      <trkpt lat="32.055244261707045" lon="118.79054164849649">
        <ele>16.627182837575674</ele>
        <time>2026-06-12T06:31:32Z</time>
        <extensions>
          <gpxtpx:TrackPointExtension>
            <gpxtpx:hr>126</gpxtpx:hr>
          </gpxtpx:TrackPointExtension>
        </extensions>
      </trkpt>
      <trkpt lat="32.055277611500436" lon="118.7905446277711">
        <ele>16.627209812402725</ele>
        <time>2026-06-12T06:31:33Z</time>
        <extensions>
          <gpxtpx:TrackPointExtension>
            <gpxtpx:hr>126</gpxtpx:hr>
          </gpxtpx:TrackPointExtension>
        </extensions>
      </trkpt>
      <trkpt lat="32.05531166924325" lon="118.79054917620911">
        <ele>16.629724443890154</ele>
        <time>2026-06-12T06:31:34Z</time>
        <extensions>
          <gpxtpx:TrackPointExtension>
            <gpxtpx:hr>126</gpxtpx:hr>
          </gpxtpx:TrackPointExtension>
        </extensions>
      </trkpt>
      <trkpt lat="32.05534606529939" lon="118.79055461337852">
        <ele>16.634360800497234</ele>
        <time>2026-06-12T06:31:35Z</time>
        <extensions>
          <gpxtpx:TrackPointExtension>
            <gpxtpx:hr>126</gpxtpx:hr>
          </gpxtpx:TrackPointExtension>
        </extensions>
      </trkpt>
      <trkpt lat="32.05538081413723" lon="118.79056048411529">
        <ele>16.640977322123945</ele>
        <time>2026-06-12T06:31:36Z</time>
        <extensions>
          <gpxtpx:TrackPointExtension>
            <gpxtpx:hr>129</gpxtpx:hr>
          </gpxtpx:TrackPointExtension>
        </extensions>
      </trkpt>
      <trkpt lat="32.05541568094787" lon="118.79056642876947">
        <ele>16.649557624012232</ele>
        <time>2026-06-12T06:31:37Z</time>
        <extensions>
          <gpxtpx:TrackPointExtension>
            <gpxtpx:hr>129</gpxtpx:hr>
          </gpxtpx:TrackPointExtension>
        </extensions>
      </trkpt>
      <trkpt lat="32.05545053103261" lon="118.79057232571627">
        <ele>16.660030704922974</ele>
        <time>2026-06-12T06:31:38Z</time>
        <extensions>
          <gpxtpx:TrackPointExtension>
            <gpxtpx:hr>129</gpxtpx:hr>
          </gpxtpx:TrackPointExtension>
        </extensions>
      </trkpt>
      <trkpt lat="32.055485556891156" lon="118.79057825983509">
        <ele>16.672192162834108</ele>
        <time>2026-06-12T06:31:39Z</time>
        <extensions>
          <gpxtpx:TrackPointExtension>
            <gpxtpx:hr>129</gpxtpx:hr>
          </gpxtpx:TrackPointExtension>
        </extensions>
      </trkpt>
      <trkpt lat="32.05552063891023" lon="118.79058420588119">
        <ele>16.685739442706108</ele>
        <time>2026-06-12T06:31:40Z</time>
        <extensions>
          <gpxtpx:TrackPointExtension>
            <gpxtpx:hr>129</gpxtpx:hr>
          </gpxtpx:TrackPointExtension>
        </extensions>
      </trkpt>
      <trkpt lat="32.055555534260705" lon="118.79059014039582">
        <ele>16.7003154149279</ele>
        <time>2026-06-12T06:31:41Z</time>
        <extensions>
          <gpxtpx:TrackPointExtension>
            <gpxtpx:hr>129</gpxtpx:hr>
          </gpxtpx:TrackPointExtension>
        </extensions>
      </trkpt>
      <trkpt lat="32.055590467016785" lon="118.79059608257579">
        <ele>16.715518213808537</ele>
        <time>2026-06-12T06:31:42Z</time>
        <extensions>
          <gpxtpx:TrackPointExtension>
            <gpxtpx:hr>129</gpxtpx:hr>
          </gpxtpx:TrackPointExtension>
        </extensions>
      </trkpt>
      <trkpt lat="32.0556253931957" lon="118.79060210524626">
        <ele>16.73089123517275</ele>
        <time>2026-06-12T06:31:43Z</time>
        <extensions>
          <gpxtpx:TrackPointExtension>
            <gpxtpx:hr>127</gpxtpx:hr>
          </gpxtpx:TrackPointExtension>
        </extensions>
      </trkpt>
      <trkpt lat="32.055660263663384" lon="118.79060834669488">
        <ele>16.745931649580598</ele>
        <time>2026-06-12T06:31:44Z</time>
        <extensions>
          <gpxtpx:TrackPointExtension>
            <gpxtpx:hr>127</gpxtpx:hr>
          </gpxtpx:TrackPointExtension>
        </extensions>
      </trkpt>
      <trkpt lat="32.055695118817724" lon="118.79061488669838">
        <ele>16.760138732381165</ele>
        <time>2026-06-12T06:31:45Z</time>
        <extensions>
          <gpxtpx:TrackPointExtension>
            <gpxtpx:hr>127</gpxtpx:hr>
          </gpxtpx:TrackPointExtension>
        </extensions>
      </trkpt>
      <trkpt lat="32.055729710626906" lon="118.79062168082523">
        <ele>16.773049690760672</ele>
        <time>2026-06-12T06:31:46Z</time>
        <extensions>
          <gpxtpx:TrackPointExtension>
            <gpxtpx:hr>127</gpxtpx:hr>
          </gpxtpx:TrackPointExtension>
        </extensions>
      </trkpt>
      <trkpt lat="32.055764073717086" lon="118.79062865147971">
        <ele>16.78420919459313</ele>
        <time>2026-06-12T06:31:47Z</time>
        <extensions>
          <gpxtpx:TrackPointExtension>
            <gpxtpx:hr>127</gpxtpx:hr>
          </gpxtpx:TrackPointExtension>
        </extensions>
      </trkpt>
      <trkpt lat="32.055798391580396" lon="118.79063581947186">
        <ele>16.793126066215336</ele>
        <time>2026-06-12T06:31:48Z</time>
        <extensions>
          <gpxtpx:TrackPointExtension>
            <gpxtpx:hr>128</gpxtpx:hr>
          </gpxtpx:TrackPointExtension>
        </extensions>
      </trkpt>
      <trkpt lat="32.055832547804734" lon="118.79064330924683">
        <ele>16.7993420092389</ele>
        <time>2026-06-12T06:31:49Z</time>
        <extensions>
          <gpxtpx:TrackPointExtension>
            <gpxtpx:hr>128</gpxtpx:hr>
          </gpxtpx:TrackPointExtension>
        </extensions>
      </trkpt>
      <trkpt lat="32.055866386339325" lon="118.79065120876362">
        <ele>16.80267534032464</ele>
        <time>2026-06-12T06:31:50Z</time>
        <extensions>
          <gpxtpx:TrackPointExtension>
            <gpxtpx:hr>128</gpxtpx:hr>
          </gpxtpx:TrackPointExtension>
        </extensions>
      </trkpt>
      <trkpt lat="32.055899921114026" lon="118.7906593692242">
        <ele>16.803459181450307</ele>
        <time>2026-06-12T06:31:51Z</time>
        <extensions>
          <gpxtpx:TrackPointExtension>
            <gpxtpx:hr>128</gpxtpx:hr>
          </gpxtpx:TrackPointExtension>
        </extensions>
      </trkpt>
      <trkpt lat="32.05593337869172" lon="118.79066758563047">
        <ele>16.80254071392119</ele>
        <time>2026-06-12T06:31:52Z</time>
        <extensions>
          <gpxtpx:TrackPointExtension>
            <gpxtpx:hr>128</gpxtpx:hr>
          </gpxtpx:TrackPointExtension>
        </extensions>
      </trkpt>
      <trkpt lat="32.05596678778385" lon="118.79067574215873">
        <ele>16.801105216145515</ele>
        <time>2026-06-12T06:31:53Z</time>
        <extensions>
          <gpxtpx:TrackPointExtension>
            <gpxtpx:hr>128</gpxtpx:hr>
          </gpxtpx:TrackPointExtension>
        </extensions>
      </trkpt>
      <trkpt lat="32.05600031123827" lon="118.79068381096751">
        <ele>16.80043833795935</ele>
        <time>2026-06-12T06:31:54Z</time>
        <extensions>
          <gpxtpx:TrackPointExtension>
            <gpxtpx:hr>128</gpxtpx:hr>
          </gpxtpx:TrackPointExtension>
        </extensions>
      </trkpt>
      <trkpt lat="32.05603427677203" lon="118.79069182627833">
        <ele>16.80160142760724</ele>
        <time>2026-06-12T06:31:55Z</time>
        <extensions>
          <gpxtpx:TrackPointExtension>
            <gpxtpx:hr>128</gpxtpx:hr>
          </gpxtpx:TrackPointExtension>
        </extensions>
      </trkpt>
      <trkpt lat="32.056068556809414" lon="118.79069988455252">
        <ele>16.80512961745262</ele>
        <time>2026-06-12T06:31:56Z</time>
        <extensions>
          <gpxtpx:TrackPointExtension>
            <gpxtpx:hr>128</gpxtpx:hr>
          </gpxtpx:TrackPointExtension>
        </extensions>
      </trkpt>
      <trkpt lat="32.05610287396466" lon="118.79070801239791">
        <ele>16.810950851999223</ele>
        <time>2026-06-12T06:31:57Z</time>
        <extensions>
          <gpxtpx:TrackPointExtension>
            <gpxtpx:hr>125</gpxtpx:hr>
          </gpxtpx:TrackPointExtension>
        </extensions>
      </trkpt>
      <trkpt lat="32.056137224449266" lon="118.79071615039098">
        <ele>16.81850086618215</ele>
        <time>2026-06-12T06:31:58Z</time>
        <extensions>
          <gpxtpx:TrackPointExtension>
            <gpxtpx:hr>125</gpxtpx:hr>
          </gpxtpx:TrackPointExtension>
        </extensions>
      </trkpt>
      <trkpt lat="32.056171615914515" lon="118.79072421551028">
        <ele>16.826844185590744</ele>
        <time>2026-06-12T06:31:59Z</time>
        <extensions>
          <gpxtpx:TrackPointExtension>
            <gpxtpx:hr>125</gpxtpx:hr>
          </gpxtpx:TrackPointExtension>
        </extensions>
      </trkpt>
      <trkpt lat="32.056206038602426" lon="118.79073222997766">
        <ele>16.834907902404666</ele>
        <time>2026-06-12T06:32:00Z</time>
        <extensions>
          <gpxtpx:TrackPointExtension>
            <gpxtpx:hr>125</gpxtpx:hr>
          </gpxtpx:TrackPointExtension>
        </extensions>
      </trkpt>
      <trkpt lat="32.05624031930242" lon="118.79074023079878">
        <ele>16.84172784537077</ele>
        <time>2026-06-12T06:32:01Z</time>
        <extensions>
          <gpxtpx:TrackPointExtension>
            <gpxtpx:hr>125</gpxtpx:hr>
          </gpxtpx:TrackPointExtension>
        </extensions>
      </trkpt>
      <trkpt lat="32.056274364280924" lon="118.7907481850268">
        <ele>16.84658605605364</ele>
        <time>2026-06-12T06:32:02Z</time>
        <extensions>
          <gpxtpx:TrackPointExtension>
            <gpxtpx:hr>125</gpxtpx:hr>
          </gpxtpx:TrackPointExtension>
        </extensions>
      </trkpt>
      <trkpt lat="32.056308295463644" lon="118.79075605458648">
        <ele>16.849080291576684</ele>
        <time>2026-06-12T06:32:03Z</time>
        <extensions>
          <gpxtpx:TrackPointExtension>
            <gpxtpx:hr>126</gpxtpx:hr>
          </gpxtpx:TrackPointExtension>
        </extensions>
      </trkpt>
      <trkpt lat="32.056342256385896" lon="118.7907638073819">
        <ele>16.849144316278398</ele>
        <time>2026-06-12T06:32:04Z</time>
        <extensions>
          <gpxtpx:TrackPointExtension>
            <gpxtpx:hr>126</gpxtpx:hr>
          </gpxtpx:TrackPointExtension>
        </extensions>
      </trkpt>
      <trkpt lat="32.056376240956304" lon="118.79077144918476">
        <ele>16.846984160132706</ele>
        <time>2026-06-12T06:32:05Z</time>
        <extensions>
          <gpxtpx:TrackPointExtension>
            <gpxtpx:hr>126</gpxtpx:hr>
          </gpxtpx:TrackPointExtension>
        </extensions>
      </trkpt>
      <trkpt lat="32.05641014895721" lon="118.79077899067778">
        <ele>16.842978036031127</ele>
        <time>2026-06-12T06:32:06Z</time>
        <extensions>
          <gpxtpx:TrackPointExtension>
            <gpxtpx:hr>126</gpxtpx:hr>
          </gpxtpx:TrackPointExtension>
        </extensions>
      </trkpt>
      <trkpt lat="32.05644393934349" lon="118.79078634588292">
        <ele>16.837548871524632</ele>
        <time>2026-06-12T06:32:07Z</time>
        <extensions>
          <gpxtpx:TrackPointExtension>
            <gpxtpx:hr>126</gpxtpx:hr>
          </gpxtpx:TrackPointExtension>
        </extensions>
      </trkpt>
      <trkpt lat="32.056477803411205" lon="118.79079350379358">
        <ele>16.83098230417818</ele>
        <time>2026-06-12T06:32:08Z</time>
        <extensions>
          <gpxtpx:TrackPointExtension>
            <gpxtpx:hr>125</gpxtpx:hr>
          </gpxtpx:TrackPointExtension>
        </extensions>
      </trkpt>
      <trkpt lat="32.05651185785999" lon="118.7908005745797">
        <ele>16.82334295194596</ele>
        <time>2026-06-12T06:32:09Z</time>
        <extensions>
          <gpxtpx:TrackPointExtension>
            <gpxtpx:hr>125</gpxtpx:hr>
          </gpxtpx:TrackPointExtension>
        </extensions>
      </trkpt>
      <trkpt lat="32.05654587960558" lon="118.79080763114717">
        <ele>16.81464426126331</ele>
        <time>2026-06-12T06:32:10Z</time>
        <extensions>
          <gpxtpx:TrackPointExtension>
            <gpxtpx:hr>125</gpxtpx:hr>
          </gpxtpx:TrackPointExtension>
        </extensions>
      </trkpt>
      <trkpt lat="32.05657971365621" lon="118.79081456127673">
        <ele>16.805130892433226</ele>
        <time>2026-06-12T06:32:11Z</time>
        <extensions>
          <gpxtpx:TrackPointExtension>
            <gpxtpx:hr>125</gpxtpx:hr>
          </gpxtpx:TrackPointExtension>
        </extensions>
      </trkpt>
      <trkpt lat="32.056613289286986" lon="118.7908212021495">
        <ele>16.795385447330773</ele>
        <time>2026-06-12T06:32:12Z</time>
        <extensions>
          <gpxtpx:TrackPointExtension>
            <gpxtpx:hr>125</gpxtpx:hr>
          </gpxtpx:TrackPointExtension>
        </extensions>
      </trkpt>
      <trkpt lat="32.05664653122975" lon="118.7908274655669">
        <ele>16.786181061528623</ele>
        <time>2026-06-12T06:32:13Z</time>
        <extensions>
          <gpxtpx:TrackPointExtension>
            <gpxtpx:hr>125</gpxtpx:hr>
          </gpxtpx:TrackPointExtension>
        </extensions>
      </trkpt>
      <trkpt lat="32.056679465672396" lon="118.79083338682378">
        <ele>16.778269172646105</ele>
        <time>2026-06-12T06:32:14Z</time>
        <extensions>
          <gpxtpx:TrackPointExtension>
            <gpxtpx:hr>125</gpxtpx:hr>
          </gpxtpx:TrackPointExtension>
        </extensions>
      </trkpt>
      <trkpt lat="32.056712457985434" lon="118.79083897325603">
        <ele>16.77223503496498</ele>
        <time>2026-06-12T06:32:15Z</time>
        <extensions>
          <gpxtpx:TrackPointExtension>
            <gpxtpx:hr>125</gpxtpx:hr>
          </gpxtpx:TrackPointExtension>
        </extensions>
      </trkpt>
      <trkpt lat="32.05674579752517" lon="118.7908441455083">
        <ele>16.76839630305767</ele>
        <time>2026-06-12T06:32:16Z</time>
        <extensions>
          <gpxtpx:TrackPointExtension>
            <gpxtpx:hr>126</gpxtpx:hr>
          </gpxtpx:TrackPointExtension>
        </extensions>
      </trkpt>
      <trkpt lat="32.05677933232815" lon="118.79084905979217">
        <ele>16.7668066509068</ele>
        <time>2026-06-12T06:32:17Z</time>
        <extensions>
          <gpxtpx:TrackPointExtension>
            <gpxtpx:hr>126</gpxtpx:hr>
          </gpxtpx:TrackPointExtension>
        </extensions>
      </trkpt>
      <trkpt lat="32.05681301970615" lon="118.79085373835561">
        <ele>16.767418219707906</ele>
        <time>2026-06-12T06:32:18Z</time>
        <extensions>
          <gpxtpx:TrackPointExtension>
            <gpxtpx:hr>126</gpxtpx:hr>
          </gpxtpx:TrackPointExtension>
        </extensions>
      </trkpt>
      <trkpt lat="32.056846852546094" lon="118.79085792782416">
        <ele>16.77024162467569</ele>
        <time>2026-06-12T06:32:19Z</time>
        <extensions>
          <gpxtpx:TrackPointExtension>
            <gpxtpx:hr>126</gpxtpx:hr>
          </gpxtpx:TrackPointExtension>
        </extensions>
      </trkpt>
      <trkpt lat="32.056880710602414" lon="118.79086155262499">
        <ele>16.775352601893246</ele>
        <time>2026-06-12T06:32:20Z</time>
        <extensions>
          <gpxtpx:TrackPointExtension>
            <gpxtpx:hr>126</gpxtpx:hr>
          </gpxtpx:TrackPointExtension>
        </extensions>
      </trkpt>
      <trkpt lat="32.05691454678889" lon="118.79086471007311">
        <ele>16.78277707565576</ele>
        <time>2026-06-12T06:32:21Z</time>
        <extensions>
          <gpxtpx:TrackPointExtension>
            <gpxtpx:hr>126</gpxtpx:hr>
          </gpxtpx:TrackPointExtension>
        </extensions>
      </trkpt>
      <trkpt lat="32.056948265211794" lon="118.79086744954466">
        <ele>16.792371986433864</ele>
        <time>2026-06-12T06:32:22Z</time>
        <extensions>
          <gpxtpx:TrackPointExtension>
            <gpxtpx:hr>126</gpxtpx:hr>
          </gpxtpx:TrackPointExtension>
        </extensions>
      </trkpt>
      <trkpt lat="32.0569817979563" lon="118.79086978674401">
        <ele>16.803758756257594</ele>
        <time>2026-06-12T06:32:23Z</time>
        <extensions>
          <gpxtpx:TrackPointExtension>
            <gpxtpx:hr>126</gpxtpx:hr>
          </gpxtpx:TrackPointExtension>
        </extensions>
      </trkpt>
      <trkpt lat="32.05701510282207" lon="118.79087167299053">
        <ele>16.81632405333221</ele>
        <time>2026-06-12T06:32:24Z</time>
        <extensions>
          <gpxtpx:TrackPointExtension>
            <gpxtpx:hr>126</gpxtpx:hr>
          </gpxtpx:TrackPointExtension>
        </extensions>
      </trkpt>
      <trkpt lat="32.0570480698434" lon="118.79087287129505">
        <ele>16.829379024915397</ele>
        <time>2026-06-12T06:32:25Z</time>
        <extensions>
          <gpxtpx:TrackPointExtension>
            <gpxtpx:hr>126</gpxtpx:hr>
          </gpxtpx:TrackPointExtension>
        </extensions>
      </trkpt>
      <trkpt lat="32.057080487558274" lon="118.79087298748568">
        <ele>16.84247361589223</ele>
        <time>2026-06-12T06:32:26Z</time>
        <extensions>
          <gpxtpx:TrackPointExtension>
            <gpxtpx:hr>126</gpxtpx:hr>
          </gpxtpx:TrackPointExtension>
        </extensions>
      </trkpt>
      <trkpt lat="32.05711188181958" lon="118.79087140571137">
        <ele>16.855594038031995</ele>
        <time>2026-06-12T06:32:27Z</time>
        <extensions>
          <gpxtpx:TrackPointExtension>
            <gpxtpx:hr>126</gpxtpx:hr>
          </gpxtpx:TrackPointExtension>
        </extensions>
      </trkpt>
      <trkpt lat="32.05714191295839" lon="118.79086726501743">
        <ele>16.869049731642008</ele>
        <time>2026-06-12T06:32:28Z</time>
        <extensions>
          <gpxtpx:TrackPointExtension>
            <gpxtpx:hr>126</gpxtpx:hr>
          </gpxtpx:TrackPointExtension>
        </extensions>
      </trkpt>
      <trkpt lat="32.05717037350213" lon="118.79086050024297">
        <ele>16.883245299570262</ele>
        <time>2026-06-12T06:32:29Z</time>
        <extensions>
          <gpxtpx:TrackPointExtension>
            <gpxtpx:hr>126</gpxtpx:hr>
          </gpxtpx:TrackPointExtension>
        </extensions>
      </trkpt>
      <trkpt lat="32.057196860601074" lon="118.79085164280458">
        <ele>16.898537144064903</ele>
        <time>2026-06-12T06:32:30Z</time>
        <extensions>
          <gpxtpx:TrackPointExtension>
            <gpxtpx:hr>126</gpxtpx:hr>
          </gpxtpx:TrackPointExtension>
        </extensions>
      </trkpt>
      <trkpt lat="32.05722060502996" lon="118.7908412512211">
        <ele>16.915154504589736</ele>
        <time>2026-06-12T06:32:31Z</time>
        <extensions>
          <gpxtpx:TrackPointExtension>
            <gpxtpx:hr>126</gpxtpx:hr>
          </gpxtpx:TrackPointExtension>
        </extensions>
      </trkpt>
      <trkpt lat="32.05724028950436" lon="118.79082987967573">
        <ele>16.93312057480216</ele>
        <time>2026-06-12T06:32:32Z</time>
        <extensions>
          <gpxtpx:TrackPointExtension>
            <gpxtpx:hr>125</gpxtpx:hr>
          </gpxtpx:TrackPointExtension>
        </extensions>
      </trkpt>
      <trkpt lat="32.0572541862628" lon="118.79081805902257">
        <ele>16.952140051871538</ele>
        <time>2026-06-12T06:32:33Z</time>
        <extensions>
          <gpxtpx:TrackPointExtension>
            <gpxtpx:hr>125</gpxtpx:hr>
          </gpxtpx:TrackPointExtension>
        </extensions>
      </trkpt>
      <trkpt lat="32.057261553101036" lon="118.79080669654256">
        <ele>16.971499236300588</ele>
        <time>2026-06-12T06:32:34Z</time>
        <extensions>
          <gpxtpx:TrackPointExtension>
            <gpxtpx:hr>125</gpxtpx:hr>
          </gpxtpx:TrackPointExtension>
        </extensions>
      </trkpt>
      <trkpt lat="32.05726423517524" lon="118.79079597356193">
        <ele>16.990127369761467</ele>
        <time>2026-06-12T06:32:35Z</time>
        <extensions>
          <gpxtpx:TrackPointExtension>
            <gpxtpx:hr>124</gpxtpx:hr>
          </gpxtpx:TrackPointExtension>
        </extensions>
      </trkpt>
      <trkpt lat="32.05726468942375" lon="118.79078506332104">
        <ele>17.006872300989926</ele>
        <time>2026-06-12T06:32:36Z</time>
        <extensions>
          <gpxtpx:TrackPointExtension>
            <gpxtpx:hr>124</gpxtpx:hr>
          </gpxtpx:TrackPointExtension>
        </extensions>
      </trkpt>
      <trkpt lat="32.05726394323374" lon="118.79077283684308">
        <ele>17.020801906473935</ele>
        <time>2026-06-12T06:32:37Z</time>
        <extensions>
          <gpxtpx:TrackPointExtension>
            <gpxtpx:hr>124</gpxtpx:hr>
          </gpxtpx:TrackPointExtension>
        </extensions>
      </trkpt>
      <trkpt lat="32.05726233021562" lon="118.79075804069794">
        <ele>17.031396482139826</ele>
        <time>2026-06-12T06:32:38Z</time>
        <extensions>
          <gpxtpx:TrackPointExtension>
            <gpxtpx:hr>124</gpxtpx:hr>
          </gpxtpx:TrackPointExtension>
        </extensions>
      </trkpt>
      <trkpt lat="32.05726032711448" lon="118.79073992469709">
        <ele>17.03867206349969</ele>
        <time>2026-06-12T06:32:39Z</time>
        <extensions>
          <gpxtpx:TrackPointExtension>
            <gpxtpx:hr>124</gpxtpx:hr>
          </gpxtpx:TrackPointExtension>
        </extensions>
      </trkpt>
      <trkpt lat="32.05725878615091" lon="118.79071821225843">
        <ele>17.04314875602722</ele>
        <time>2026-06-12T06:32:40Z</time>
        <extensions>
          <gpxtpx:TrackPointExtension>
            <gpxtpx:hr>124</gpxtpx:hr>
          </gpxtpx:TrackPointExtension>
        </extensions>
      </trkpt>
      <trkpt lat="32.0572584477737" lon="118.79069307041898">
        <ele>17.0455948067829</ele>
        <time>2026-06-12T06:32:41Z</time>
        <extensions>
          <gpxtpx:TrackPointExtension>
            <gpxtpx:hr>124</gpxtpx:hr>
          </gpxtpx:TrackPointExtension>
        </extensions>
      </trkpt>
      <trkpt lat="32.05725961869848" lon="118.79066524294198">
        <ele>17.046752009540796</ele>
        <time>2026-06-12T06:32:42Z</time>
        <extensions>
          <gpxtpx:TrackPointExtension>
            <gpxtpx:hr>124</gpxtpx:hr>
          </gpxtpx:TrackPointExtension>
        </extensions>
      </trkpt>
      <trkpt lat="32.057262744043705" lon="118.79063593550329">
        <ele>17.047191563993692</ele>
        <time>2026-06-12T06:32:43Z</time>
        <extensions>
          <gpxtpx:TrackPointExtension>
            <gpxtpx:hr>124</gpxtpx:hr>
          </gpxtpx:TrackPointExtension>
        </extensions>
      </trkpt>
      <trkpt lat="32.05726890555678" lon="118.79060668946306">
        <ele>17.047259151004255</ele>
        <time>2026-06-12T06:32:44Z</time>
        <extensions>
          <gpxtpx:TrackPointExtension>
            <gpxtpx:hr>124</gpxtpx:hr>
          </gpxtpx:TrackPointExtension>
        </extensions>
      </trkpt>
      <trkpt lat="32.05727961143488" lon="118.79057923838828">
        <ele>17.047104336321354</ele>
        <time>2026-06-12T06:32:45Z</time>
        <extensions>
          <gpxtpx:TrackPointExtension>
            <gpxtpx:hr>124</gpxtpx:hr>
          </gpxtpx:TrackPointExtension>
        </extensions>
      </trkpt>
      <trkpt lat="32.05729612177208" lon="118.790555946425">
        <ele>17.046812950633466</ele>
        <time>2026-06-12T06:32:46Z</time>
        <extensions>
          <gpxtpx:TrackPointExtension>
            <gpxtpx:hr>124</gpxtpx:hr>
          </gpxtpx:TrackPointExtension>
        </extensions>
      </trkpt>
      <trkpt lat="32.05731843067786" lon="118.79053893195716">
        <ele>17.04654522612691</ele>
        <time>2026-06-12T06:32:47Z</time>
        <extensions>
          <gpxtpx:TrackPointExtension>
            <gpxtpx:hr>125</gpxtpx:hr>
          </gpxtpx:TrackPointExtension>
        </extensions>
      </trkpt>
      <trkpt lat="32.05734506793465" lon="118.7905283788836">
        <ele>17.046575919725</ele>
        <time>2026-06-12T06:32:48Z</time>
        <extensions>
          <gpxtpx:TrackPointExtension>
            <gpxtpx:hr>125</gpxtpx:hr>
          </gpxtpx:TrackPointExtension>
        </extensions>
      </trkpt>
      <trkpt lat="32.0573745838178" lon="118.79052277622276">
        <ele>17.04725762270391</ele>
        <time>2026-06-12T06:32:49Z</time>
        <extensions>
          <gpxtpx:TrackPointExtension>
            <gpxtpx:hr>125</gpxtpx:hr>
          </gpxtpx:TrackPointExtension>
        </extensions>
      </trkpt>
      <trkpt lat="32.057406306776" lon="118.79052049799856">
        <ele>17.048962177708745</ele>
        <time>2026-06-12T06:32:50Z</time>
        <extensions>
          <gpxtpx:TrackPointExtension>
            <gpxtpx:hr>125</gpxtpx:hr>
          </gpxtpx:TrackPointExtension>
        </extensions>
      </trkpt>
      <trkpt lat="32.057439649921946" lon="118.79052034809085">
        <ele>17.052008718252182</ele>
        <time>2026-06-12T06:32:51Z</time>
        <extensions>
          <gpxtpx:TrackPointExtension>
            <gpxtpx:hr>125</gpxtpx:hr>
          </gpxtpx:TrackPointExtension>
        </extensions>
      </trkpt>
      <trkpt lat="32.05747402816691" lon="118.79052143497472">
        <ele>17.056602343916893</ele>
        <time>2026-06-12T06:32:52Z</time>
        <extensions>
          <gpxtpx:TrackPointExtension>
            <gpxtpx:hr>125</gpxtpx:hr>
          </gpxtpx:TrackPointExtension>
        </extensions>
      </trkpt>
      <trkpt lat="32.057508990398354" lon="118.79052334700188">
        <ele>17.06283865030855</ele>
        <time>2026-06-12T06:32:53Z</time>
        <extensions>
          <gpxtpx:TrackPointExtension>
            <gpxtpx:hr>125</gpxtpx:hr>
          </gpxtpx:TrackPointExtension>
        </extensions>
      </trkpt>
      <trkpt lat="32.057544166926675" lon="118.79052567902023">
        <ele>17.07076014392078</ele>
        <time>2026-06-12T06:32:54Z</time>
        <extensions>
          <gpxtpx:TrackPointExtension>
            <gpxtpx:hr>125</gpxtpx:hr>
          </gpxtpx:TrackPointExtension>
        </extensions>
      </trkpt>
      <trkpt lat="32.05757949764011" lon="118.79052798482819">
        <ele>17.080377219244838</ele>
        <time>2026-06-12T06:32:55Z</time>
        <extensions>
          <gpxtpx:TrackPointExtension>
            <gpxtpx:hr>125</gpxtpx:hr>
          </gpxtpx:TrackPointExtension>
        </extensions>
      </trkpt>
      <trkpt lat="32.057615098790095" lon="118.79052990869991">
        <ele>17.091603649780154</ele>
        <time>2026-06-12T06:32:56Z</time>
        <extensions>
          <gpxtpx:TrackPointExtension>
            <gpxtpx:hr>125</gpxtpx:hr>
          </gpxtpx:TrackPointExtension>
        </extensions>
      </trkpt>
      <trkpt lat="32.05765106161321" lon="118.79053122203776">
        <ele>17.104176519438624</ele>
        <time>2026-06-12T06:32:57Z</time>
        <extensions>
          <gpxtpx:TrackPointExtension>
            <gpxtpx:hr>130</gpxtpx:hr>
          </gpxtpx:TrackPointExtension>
        </extensions>
      </trkpt>
      <trkpt lat="32.057687501088395" lon="118.79053196741262">
        <ele>17.11768810544163</ele>
        <time>2026-06-12T06:32:58Z</time>
        <extensions>
          <gpxtpx:TrackPointExtension>
            <gpxtpx:hr>130</gpxtpx:hr>
          </gpxtpx:TrackPointExtension>
        </extensions>
      </trkpt>
      <trkpt lat="32.057724255619526" lon="118.79053246508562">
        <ele>17.13174409419298</ele>
        <time>2026-06-12T06:32:59Z</time>
        <extensions>
          <gpxtpx:TrackPointExtension>
            <gpxtpx:hr>130</gpxtpx:hr>
          </gpxtpx:TrackPointExtension>
        </extensions>
      </trkpt>
      <trkpt lat="32.05776115644746" lon="118.7905332881027">
        <ele>17.146095213480294</ele>
        <time>2026-06-12T06:33:00Z</time>
        <extensions>
          <gpxtpx:TrackPointExtension>
            <gpxtpx:hr>130</gpxtpx:hr>
          </gpxtpx:TrackPointExtension>
        </extensions>
      </trkpt>
      <trkpt lat="32.057798114268465" lon="118.79053489909013">
        <ele>17.160634011030197</ele>
        <time>2026-06-12T06:33:01Z</time>
        <extensions>
          <gpxtpx:TrackPointExtension>
            <gpxtpx:hr>130</gpxtpx:hr>
          </gpxtpx:TrackPointExtension>
        </extensions>
      </trkpt>
      <trkpt lat="32.05783484786685" lon="118.79053704949281">
        <ele>17.175323287025094</ele>
        <time>2026-06-12T06:33:02Z</time>
        <extensions>
          <gpxtpx:TrackPointExtension>
            <gpxtpx:hr>130</gpxtpx:hr>
          </gpxtpx:TrackPointExtension>
        </extensions>
      </trkpt>
      <trkpt lat="32.05787107171589" lon="118.7905386018085">
        <ele>17.19012630172074</ele>
        <time>2026-06-12T06:33:03Z</time>
        <extensions>
          <gpxtpx:TrackPointExtension>
            <gpxtpx:hr>131</gpxtpx:hr>
          </gpxtpx:TrackPointExtension>
        </extensions>
      </trkpt>
      <trkpt lat="32.05790659032056" lon="118.79053841302283">
        <ele>17.20493921916932</ele>
        <time>2026-06-12T06:33:04Z</time>
        <extensions>
          <gpxtpx:TrackPointExtension>
            <gpxtpx:hr>131</gpxtpx:hr>
          </gpxtpx:TrackPointExtension>
        </extensions>
      </trkpt>
      <trkpt lat="32.057941288414035" lon="118.79053557901388">
        <ele>17.219518795609474</ele>
        <time>2026-06-12T06:33:05Z</time>
        <extensions>
          <gpxtpx:TrackPointExtension>
            <gpxtpx:hr>131</gpxtpx:hr>
          </gpxtpx:TrackPointExtension>
        </extensions>
      </trkpt>
      <trkpt lat="32.05797497947682" lon="118.79052907265803">
        <ele>17.233399678952992</ele>
        <time>2026-06-12T06:33:06Z</time>
        <extensions>
          <gpxtpx:TrackPointExtension>
            <gpxtpx:hr>131</gpxtpx:hr>
          </gpxtpx:TrackPointExtension>
        </extensions>
      </trkpt>
      <trkpt lat="32.05800718574548" lon="118.7905178335887">
        <ele>17.245837077498436</ele>
        <time>2026-06-12T06:33:07Z</time>
        <extensions>
          <gpxtpx:TrackPointExtension>
            <gpxtpx:hr>131</gpxtpx:hr>
          </gpxtpx:TrackPointExtension>
        </extensions>
      </trkpt>
      <trkpt lat="32.058037240018564" lon="118.79050101849609">
        <ele>17.255910157226026</ele>
        <time>2026-06-12T06:33:08Z</time>
        <extensions>
          <gpxtpx:TrackPointExtension>
            <gpxtpx:hr>131</gpxtpx:hr>
          </gpxtpx:TrackPointExtension>
        </extensions>
      </trkpt>
      <trkpt lat="32.058064135740544" lon="118.79047805319682">
        <ele>17.262866803444922</ele>
        <time>2026-06-12T06:33:09Z</time>
        <extensions>
          <gpxtpx:TrackPointExtension>
            <gpxtpx:hr>131</gpxtpx:hr>
          </gpxtpx:TrackPointExtension>
        </extensions>
      </trkpt>
      <trkpt lat="32.05808683840768" lon="118.79044893528659">
        <ele>17.26649869978428</ele>
        <time>2026-06-12T06:33:10Z</time>
        <extensions>
          <gpxtpx:TrackPointExtension>
            <gpxtpx:hr>131</gpxtpx:hr>
          </gpxtpx:TrackPointExtension>
        </extensions>
      </trkpt>
      <trkpt lat="32.05810527601475" lon="118.79041473024795">
        <ele>17.2673269668594</ele>
        <time>2026-06-12T06:33:11Z</time>
        <extensions>
          <gpxtpx:TrackPointExtension>
            <gpxtpx:hr>131</gpxtpx:hr>
          </gpxtpx:TrackPointExtension>
        </extensions>
      </trkpt>
      <trkpt lat="32.05812060146015" lon="118.7903776040704">
        <ele>17.266651104204357</ele>
        <time>2026-06-12T06:33:12Z</time>
        <extensions>
          <gpxtpx:TrackPointExtension>
            <gpxtpx:hr>131</gpxtpx:hr>
          </gpxtpx:TrackPointExtension>
        </extensions>
      </trkpt>
      <trkpt lat="32.058134443750156" lon="118.79033964399054">
        <ele>17.26635957416147</ele>
        <time>2026-06-12T06:33:13Z</time>
        <extensions>
          <gpxtpx:TrackPointExtension>
            <gpxtpx:hr>131</gpxtpx:hr>
          </gpxtpx:TrackPointExtension>
        </extensions>
      </trkpt>
      <trkpt lat="32.05814746056303" lon="118.79030165553824">
        <ele>17.268336767330766</ele>
        <time>2026-06-12T06:33:14Z</time>
        <extensions>
          <gpxtpx:TrackPointExtension>
            <gpxtpx:hr>131</gpxtpx:hr>
          </gpxtpx:TrackPointExtension>
        </extensions>
      </trkpt>
      <trkpt lat="32.05815918208054" lon="118.79026355093977">
        <ele>17.273834930732846</ele>
        <time>2026-06-12T06:33:15Z</time>
        <extensions>
          <gpxtpx:TrackPointExtension>
            <gpxtpx:hr>131</gpxtpx:hr>
          </gpxtpx:TrackPointExtension>
        </extensions>
      </trkpt>
      <trkpt lat="32.05816931726238" lon="118.79022487744527">
        <ele>17.28322922810912</ele>
        <time>2026-06-12T06:33:16Z</time>
        <extensions>
          <gpxtpx:TrackPointExtension>
            <gpxtpx:hr>131</gpxtpx:hr>
          </gpxtpx:TrackPointExtension>
        </extensions>
      </trkpt>
      <trkpt lat="32.05817866927166" lon="118.79018621471228">
        <ele>17.296035854145885</ele>
        <time>2026-06-12T06:33:17Z</time>
        <extensions>
          <gpxtpx:TrackPointExtension>
            <gpxtpx:hr>131</gpxtpx:hr>
          </gpxtpx:TrackPointExtension>
        </extensions>
      </trkpt>
      <trkpt lat="32.05818871546727" lon="118.79014936764366">
        <ele>17.31104976683855</ele>
        <time>2026-06-12T06:33:18Z</time>
        <extensions>
          <gpxtpx:TrackPointExtension>
            <gpxtpx:hr>131</gpxtpx:hr>
          </gpxtpx:TrackPointExtension>
        </extensions>
      </trkpt>
      <trkpt lat="32.05820064580408" lon="118.79011584467948">
        <ele>17.326648412272334</ele>
        <time>2026-06-12T06:33:19Z</time>
        <extensions>
          <gpxtpx:TrackPointExtension>
            <gpxtpx:hr>131</gpxtpx:hr>
          </gpxtpx:TrackPointExtension>
        </extensions>
      </trkpt>
      <trkpt lat="32.05821517712869" lon="118.79008701482717">
        <ele>17.341153567656875</ele>
        <time>2026-06-12T06:33:20Z</time>
        <extensions>
          <gpxtpx:TrackPointExtension>
            <gpxtpx:hr>133</gpxtpx:hr>
          </gpxtpx:TrackPointExtension>
        </extensions>
      </trkpt>
      <trkpt lat="32.05823279052517" lon="118.79006381963075">
        <ele>17.353173253126442</ele>
        <time>2026-06-12T06:33:21Z</time>
        <extensions>
          <gpxtpx:TrackPointExtension>
            <gpxtpx:hr>133</gpxtpx:hr>
          </gpxtpx:TrackPointExtension>
        </extensions>
      </trkpt>
      <trkpt lat="32.05825397268294" lon="118.79004591844">
        <ele>17.361989373341203</ele>
        <time>2026-06-12T06:33:22Z</time>
        <extensions>
          <gpxtpx:TrackPointExtension>
            <gpxtpx:hr>133</gpxtpx:hr>
          </gpxtpx:TrackPointExtension>
        </extensions>
      </trkpt>
      <trkpt lat="32.05827879722064" lon="118.790032398212">
        <ele>17.36780133098364</ele>
        <time>2026-06-12T06:33:23Z</time>
        <extensions>
          <gpxtpx:TrackPointExtension>
            <gpxtpx:hr>133</gpxtpx:hr>
          </gpxtpx:TrackPointExtension>
        </extensions>
      </trkpt>
      <trkpt lat="32.05830700256502" lon="118.79002228099036">
        <ele>17.37161172647029</ele>
        <time>2026-06-12T06:33:24Z</time>
        <extensions>
          <gpxtpx:TrackPointExtension>
            <gpxtpx:hr>133</gpxtpx:hr>
          </gpxtpx:TrackPointExtension>
        </extensions>
      </trkpt>
      <trkpt lat="32.05833861770309" lon="118.79001443140237">
        <ele>17.374912577681243</ele>
        <time>2026-06-12T06:33:25Z</time>
        <extensions>
          <gpxtpx:TrackPointExtension>
            <gpxtpx:hr>133</gpxtpx:hr>
          </gpxtpx:TrackPointExtension>
        </extensions>
      </trkpt>
      <trkpt lat="32.05837283842873" lon="118.79000740120229">
        <ele>17.379195948131382</ele>
        <time>2026-06-12T06:33:26Z</time>
        <extensions>
          <gpxtpx:TrackPointExtension>
            <gpxtpx:hr>133</gpxtpx:hr>
          </gpxtpx:TrackPointExtension>
        </extensions>
      </trkpt>
      <trkpt lat="32.058408006795645" lon="118.78999946204415">
        <ele>17.38519961386919</ele>
        <time>2026-06-12T06:33:27Z</time>
        <extensions>
          <gpxtpx:TrackPointExtension>
            <gpxtpx:hr>133</gpxtpx:hr>
          </gpxtpx:TrackPointExtension>
        </extensions>
      </trkpt>
      <trkpt lat="32.058442933582754" lon="118.78998936528095">
        <ele>17.392383481375873</ele>
        <time>2026-06-12T06:33:28Z</time>
        <extensions>
          <gpxtpx:TrackPointExtension>
            <gpxtpx:hr>133</gpxtpx:hr>
          </gpxtpx:TrackPointExtension>
        </extensions>
      </trkpt>
      <trkpt lat="32.05847656411968" lon="118.78997632500895">
        <ele>17.399125586263835</ele>
        <time>2026-06-12T06:33:29Z</time>
        <extensions>
          <gpxtpx:TrackPointExtension>
            <gpxtpx:hr>133</gpxtpx:hr>
          </gpxtpx:TrackPointExtension>
        </extensions>
      </trkpt>
      <trkpt lat="32.05850790981608" lon="118.78995924598986">
        <ele>17.403300230391324</ele>
        <time>2026-06-12T06:33:30Z</time>
        <extensions>
          <gpxtpx:TrackPointExtension>
            <gpxtpx:hr>133</gpxtpx:hr>
          </gpxtpx:TrackPointExtension>
        </extensions>
      </trkpt>
      <trkpt lat="32.05853584358611" lon="118.78993665398785">
        <ele>17.402887276373804</ele>
        <time>2026-06-12T06:33:31Z</time>
        <extensions>
          <gpxtpx:TrackPointExtension>
            <gpxtpx:hr>133</gpxtpx:hr>
          </gpxtpx:TrackPointExtension>
        </extensions>
      </trkpt>
      <trkpt lat="32.058559319134645" lon="118.7899077105801">
        <ele>17.396675918251276</ele>
        <time>2026-06-12T06:33:32Z</time>
        <extensions>
          <gpxtpx:TrackPointExtension>
            <gpxtpx:hr>133</gpxtpx:hr>
          </gpxtpx:TrackPointExtension>
        </extensions>
      </trkpt>
      <trkpt lat="32.05857795215164" lon="118.78987298021418">
        <ele>17.38478915207088</ele>
        <time>2026-06-12T06:33:33Z</time>
        <extensions>
          <gpxtpx:TrackPointExtension>
            <gpxtpx:hr>133</gpxtpx:hr>
          </gpxtpx:TrackPointExtension>
        </extensions>
      </trkpt>
      <trkpt lat="32.05859233474328" lon="118.78983384546403">
        <ele>17.368644940666854</ele>
        <time>2026-06-12T06:33:34Z</time>
        <extensions>
          <gpxtpx:TrackPointExtension>
            <gpxtpx:hr>133</gpxtpx:hr>
          </gpxtpx:TrackPointExtension>
        </extensions>
      </trkpt>
      <trkpt lat="32.05860376198023" lon="118.78979198467532">
        <ele>17.35056800581515</ele>
        <time>2026-06-12T06:33:35Z</time>
        <extensions>
          <gpxtpx:TrackPointExtension>
            <gpxtpx:hr>133</gpxtpx:hr>
          </gpxtpx:TrackPointExtension>
        </extensions>
      </trkpt>
      <trkpt lat="32.05861321380766" lon="118.78974870112425">
        <ele>17.333212503232062</ele>
        <time>2026-06-12T06:33:36Z</time>
        <extensions>
          <gpxtpx:TrackPointExtension>
            <gpxtpx:hr>133</gpxtpx:hr>
          </gpxtpx:TrackPointExtension>
        </extensions>
      </trkpt>
      <trkpt lat="32.05862127683017" lon="118.78970469404912">
        <ele>17.318675349466503</ele>
        <time>2026-06-12T06:33:37Z</time>
        <extensions>
          <gpxtpx:TrackPointExtension>
            <gpxtpx:hr>134</gpxtpx:hr>
          </gpxtpx:TrackPointExtension>
        </extensions>
      </trkpt>
      <trkpt lat="32.05862848302821" lon="118.7896604276157">
        <ele>17.30781378224492</ele>
        <time>2026-06-12T06:33:38Z</time>
        <extensions>
          <gpxtpx:TrackPointExtension>
            <gpxtpx:hr>134</gpxtpx:hr>
          </gpxtpx:TrackPointExtension>
        </extensions>
      </trkpt>
      <trkpt lat="32.058635600132284" lon="118.78961644634153">
        <ele>17.300417550839484</ele>
        <time>2026-06-12T06:33:39Z</time>
        <extensions>
          <gpxtpx:TrackPointExtension>
            <gpxtpx:hr>134</gpxtpx:hr>
          </gpxtpx:TrackPointExtension>
        </extensions>
      </trkpt>
      <trkpt lat="32.05864361196372" lon="118.78957343975019">
        <ele>17.29593093879521</ele>
        <time>2026-06-12T06:33:40Z</time>
        <extensions>
          <gpxtpx:TrackPointExtension>
            <gpxtpx:hr>134</gpxtpx:hr>
          </gpxtpx:TrackPointExtension>
        </extensions>
      </trkpt>
      <trkpt lat="32.05865334208913" lon="118.78953207050543">
        <ele>17.293974556028843</ele>
        <time>2026-06-12T06:33:41Z</time>
        <extensions>
          <gpxtpx:TrackPointExtension>
            <gpxtpx:hr>134</gpxtpx:hr>
          </gpxtpx:TrackPointExtension>
        </extensions>
      </trkpt>
      <trkpt lat="32.05866492089275" lon="118.78949298990803">
        <ele>17.29441220872104</ele>
        <time>2026-06-12T06:33:42Z</time>
        <extensions>
          <gpxtpx:TrackPointExtension>
            <gpxtpx:hr>134</gpxtpx:hr>
          </gpxtpx:TrackPointExtension>
        </extensions>
      </trkpt>
      <trkpt lat="32.05867798523946" lon="118.78945670871369">
        <ele>17.297227979637682</ele>
        <time>2026-06-12T06:33:43Z</time>
        <extensions>
          <gpxtpx:TrackPointExtension>
            <gpxtpx:hr>133</gpxtpx:hr>
          </gpxtpx:TrackPointExtension>
        </extensions>
      </trkpt>
      <trkpt lat="32.05869278771996" lon="118.78942392230523">
        <ele>17.302436711266637</ele>
        <time>2026-06-12T06:33:44Z</time>
        <extensions>
          <gpxtpx:TrackPointExtension>
            <gpxtpx:hr>133</gpxtpx:hr>
          </gpxtpx:TrackPointExtension>
        </extensions>
      </trkpt>
      <trkpt lat="32.058710096694476" lon="118.78939607193291">
        <ele>17.310012271627784</ele>
        <time>2026-06-12T06:33:45Z</time>
        <extensions>
          <gpxtpx:TrackPointExtension>
            <gpxtpx:hr>133</gpxtpx:hr>
          </gpxtpx:TrackPointExtension>
        </extensions>
      </trkpt>
      <trkpt lat="32.05873000609398" lon="118.78937478358665">
        <ele>17.319820238277316</ele>
        <time>2026-06-12T06:33:46Z</time>
        <extensions>
          <gpxtpx:TrackPointExtension>
            <gpxtpx:hr>133</gpxtpx:hr>
          </gpxtpx:TrackPointExtension>
        </extensions>
      </trkpt>
      <trkpt lat="32.058751383074636" lon="118.78936069970577">
        <ele>17.33156211208552</ele>
        <time>2026-06-12T06:33:47Z</time>
        <extensions>
          <gpxtpx:TrackPointExtension>
            <gpxtpx:hr>133</gpxtpx:hr>
          </gpxtpx:TrackPointExtension>
        </extensions>
      </trkpt>
      <trkpt lat="32.058772330050246" lon="118.78935262660754">
        <ele>17.34475646354258</ele>
        <time>2026-06-12T06:33:48Z</time>
        <extensions>
          <gpxtpx:TrackPointExtension>
            <gpxtpx:hr>133</gpxtpx:hr>
          </gpxtpx:TrackPointExtension>
        </extensions>
      </trkpt>
      <trkpt lat="32.05879187504122" lon="118.78934859222615">
        <ele>17.35883491486311</ele>
        <time>2026-06-12T06:33:49Z</time>
        <extensions>
          <gpxtpx:TrackPointExtension>
            <gpxtpx:hr>134</gpxtpx:hr>
          </gpxtpx:TrackPointExtension>
        </extensions>
      </trkpt>
      <trkpt lat="32.05881105522092" lon="118.78934715598311">
        <ele>17.37336452677846</ele>
        <time>2026-06-12T06:33:50Z</time>
        <extensions>
          <gpxtpx:TrackPointExtension>
            <gpxtpx:hr>134</gpxtpx:hr>
          </gpxtpx:TrackPointExtension>
        </extensions>
      </trkpt>
      <trkpt lat="32.05883127558183" lon="118.78934693787406">
        <ele>17.3882056735456</ele>
        <time>2026-06-12T06:33:51Z</time>
        <extensions>
          <gpxtpx:TrackPointExtension>
            <gpxtpx:hr>134</gpxtpx:hr>
          </gpxtpx:TrackPointExtension>
        </extensions>
      </trkpt>
      <trkpt lat="32.05885290397507" lon="118.7893466482836">
        <ele>17.40346458274871</ele>
        <time>2026-06-12T06:33:52Z</time>
        <extensions>
          <gpxtpx:TrackPointExtension>
            <gpxtpx:hr>134</gpxtpx:hr>
          </gpxtpx:TrackPointExtension>
        </extensions>
      </trkpt>
      <trkpt lat="32.058875317275756" lon="118.78934545445568">
        <ele>17.419354657642543</ele>
        <time>2026-06-12T06:33:53Z</time>
        <extensions>
          <gpxtpx:TrackPointExtension>
            <gpxtpx:hr>134</gpxtpx:hr>
          </gpxtpx:TrackPointExtension>
        </extensions>
      </trkpt>
      <trkpt lat="32.05889668052312" lon="118.7893426559485">
        <ele>17.43608150910586</ele>
        <time>2026-06-12T06:33:54Z</time>
        <extensions>
          <gpxtpx:TrackPointExtension>
            <gpxtpx:hr>134</gpxtpx:hr>
          </gpxtpx:TrackPointExtension>
        </extensions>
      </trkpt>
      <trkpt lat="32.05891504710719" lon="118.78933815141441">
        <ele>17.45374104939401</ele>
        <time>2026-06-12T06:33:55Z</time>
        <extensions>
          <gpxtpx:TrackPointExtension>
            <gpxtpx:hr>134</gpxtpx:hr>
          </gpxtpx:TrackPointExtension>
        </extensions>
      </trkpt>
      <trkpt lat="32.05892998194247" lon="118.78933295572611">
        <ele>17.472243380732834</ele>
        <time>2026-06-12T06:33:56Z</time>
        <extensions>
          <gpxtpx:TrackPointExtension>
            <gpxtpx:hr>134</gpxtpx:hr>
          </gpxtpx:TrackPointExtension>
        </extensions>
      </trkpt>
      <trkpt lat="32.05894212754145" lon="118.78932849075325">
        <ele>17.491293371655047</ele>
        <time>2026-06-12T06:33:57Z</time>
        <extensions>
          <gpxtpx:TrackPointExtension>
            <gpxtpx:hr>134</gpxtpx:hr>
          </gpxtpx:TrackPointExtension>
        </extensions>
      </trkpt>
      <trkpt lat="32.05895232126427" lon="118.78932543224967">
        <ele>17.510405955836177</ele>
        <time>2026-06-12T06:33:58Z</time>
        <extensions>
          <gpxtpx:TrackPointExtension>
            <gpxtpx:hr>134</gpxtpx:hr>
          </gpxtpx:TrackPointExtension>
        </extensions>
      </trkpt>
      <trkpt lat="32.05896138770348" lon="118.78932352955971">
        <ele>17.528964732773602</ele>
        <time>2026-06-12T06:33:59Z</time>
        <extensions>
          <gpxtpx:TrackPointExtension>
            <gpxtpx:hr>134</gpxtpx:hr>
          </gpxtpx:TrackPointExtension>
        </extensions>
      </trkpt>
      <trkpt lat="32.05897001717258" lon="118.78932232834742">
        <ele>17.54634819086641</ele>
        <time>2026-06-12T06:34:00Z</time>
        <extensions>
          <gpxtpx:TrackPointExtension>
            <gpxtpx:hr>134</gpxtpx:hr>
          </gpxtpx:TrackPointExtension>
        </extensions>
      </trkpt>
      <trkpt lat="32.058978679174274" lon="118.7893214668801">
        <ele>17.56207741703838</ele>
        <time>2026-06-12T06:34:01Z</time>
        <extensions>
          <gpxtpx:TrackPointExtension>
            <gpxtpx:hr>134</gpxtpx:hr>
          </gpxtpx:TrackPointExtension>
        </extensions>
      </trkpt>
      <trkpt lat="32.058987590158296" lon="118.78932072259796">
        <ele>17.5759518109262</ele>
        <time>2026-06-12T06:34:02Z</time>
        <extensions>
          <gpxtpx:TrackPointExtension>
            <gpxtpx:hr>134</gpxtpx:hr>
          </gpxtpx:TrackPointExtension>
        </extensions>
      </trkpt>
      <trkpt lat="32.058996791061986" lon="118.78931994561312">
        <ele>17.588156488724053</ele>
        <time>2026-06-12T06:34:03Z</time>
      </trkpt>
      <trkpt lat="32.05900633889684" lon="118.78931893775206">
        <ele>17.599162995815277</ele>
        <time>2026-06-12T06:34:04Z</time>
        <extensions>
          <gpxtpx:TrackPointExtension>
            <gpxtpx:hr>124</gpxtpx:hr>
          </gpxtpx:TrackPointExtension>
        </extensions>
      </trkpt>
      <trkpt lat="32.05901643321862" lon="118.789317398309">
        <ele>17.609307069331408</ele>
        <time>2026-06-12T06:34:05Z</time>
        <extensions>
          <gpxtpx:TrackPointExtension>
            <gpxtpx:hr>124</gpxtpx:hr>
          </gpxtpx:TrackPointExtension>
        </extensions>
      </trkpt>
      <trkpt lat="32.059027104289136" lon="118.78931522006238">
        <ele>17.618248674087226</ele>
        <time>2026-06-12T06:34:06Z</time>
        <extensions>
          <gpxtpx:TrackPointExtension>
            <gpxtpx:hr>124</gpxtpx:hr>
          </gpxtpx:TrackPointExtension>
        </extensions>
      </trkpt>
      <trkpt lat="32.05903824132607" lon="118.78931241406248">
        <ele>17.624472375959158</ele>
        <time>2026-06-12T06:34:07Z</time>
        <extensions>
          <gpxtpx:TrackPointExtension>
            <gpxtpx:hr>124</gpxtpx:hr>
          </gpxtpx:TrackPointExtension>
        </extensions>
      </trkpt>
      <trkpt lat="32.0590497852003" lon="118.78930889936801">
        <ele>17.6248122677207</ele>
        <time>2026-06-12T06:34:08Z</time>
        <extensions>
          <gpxtpx:TrackPointExtension>
            <gpxtpx:hr>124</gpxtpx:hr>
          </gpxtpx:TrackPointExtension>
        </extensions>
      </trkpt>
      <trkpt lat="32.05906168361134" lon="118.78930462154538">
        <ele>17.614188726991415</ele>
        <time>2026-06-12T06:34:09Z</time>
        <extensions>
          <gpxtpx:TrackPointExtension>
            <gpxtpx:hr>124</gpxtpx:hr>
          </gpxtpx:TrackPointExtension>
        </extensions>
      </trkpt>
      <trkpt lat="32.05907393001276" lon="118.78929957060836">
        <ele>17.585757431574166</ele>
        <time>2026-06-12T06:34:10Z</time>
        <extensions>
          <gpxtpx:TrackPointExtension>
            <gpxtpx:hr>124</gpxtpx:hr>
          </gpxtpx:TrackPointExtension>
        </extensions>
      </trkpt>
      <trkpt lat="32.05908651615462" lon="118.7892937754417">
        <ele>17.53126441501081</ele>
        <time>2026-06-12T06:34:11Z</time>
        <extensions>
          <gpxtpx:TrackPointExtension>
            <gpxtpx:hr>124</gpxtpx:hr>
          </gpxtpx:TrackPointExtension>
        </extensions>
      </trkpt>
      <trkpt lat="32.05909948500617" lon="118.78928726755069">
        <ele>17.44143745303154</ele>
        <time>2026-06-12T06:34:12Z</time>
        <extensions>
          <gpxtpx:TrackPointExtension>
            <gpxtpx:hr>124</gpxtpx:hr>
          </gpxtpx:TrackPointExtension>
        </extensions>
      </trkpt>
      <trkpt lat="32.05911366791589" lon="118.7892796607764">
        <ele>17.2948096441105</ele>
        <time>2026-06-12T06:34:13Z</time>
        <extensions>
          <gpxtpx:TrackPointExtension>
            <gpxtpx:hr>124</gpxtpx:hr>
          </gpxtpx:TrackPointExtension>
        </extensions>
      </trkpt>
      <trkpt lat="32.05912759027015" lon="118.78927184719603">
        <ele>17.09580706898123</ele>
        <time>2026-06-12T06:34:14Z</time>
        <extensions>
          <gpxtpx:TrackPointExtension>
            <gpxtpx:hr>124</gpxtpx:hr>
          </gpxtpx:TrackPointExtension>
        </extensions>
      </trkpt>
      <trkpt lat="32.05914176185065" lon="118.78926369897131">
        <ele>16.837987148202956</ele>
        <time>2026-06-12T06:34:15Z</time>
        <extensions>
          <gpxtpx:TrackPointExtension>
            <gpxtpx:hr>124</gpxtpx:hr>
          </gpxtpx:TrackPointExtension>
        </extensions>
      </trkpt>
      <trkpt lat="32.05915655340071" lon="118.78925510126389">
        <ele>16.513699788600206</ele>
        <time>2026-06-12T06:34:16Z</time>
        <extensions>
          <gpxtpx:TrackPointExtension>
            <gpxtpx:hr>124</gpxtpx:hr>
          </gpxtpx:TrackPointExtension>
        </extensions>
      </trkpt>
      <trkpt lat="32.0591716269236" lon="118.78924630964116">
        <ele>16.136513925157487</ele>
        <time>2026-06-12T06:34:17Z</time>
        <extensions>
          <gpxtpx:TrackPointExtension>
            <gpxtpx:hr>124</gpxtpx:hr>
          </gpxtpx:TrackPointExtension>
        </extensions>
      </trkpt>
    </trkseg>
  </trk>
</gpx>