<?xml version="1.0" encoding="UTF-8"?>
<gpx xmlns="http://www.topografix.com/GPX/1/1" xmlns:gpxtpx="http://www.garmin.com/xmlschemas/TrackPointExtension/v1" xmlns:xsi="http://www.w3.org/2001/XMLSchema-instance" xsi:schemaLocation="http://www.topografix.com/GPX/1/1 http://www.topografix.com/GPX/1/1/gpx.xsd" version="1.1" creator="gpx.py -- https://github.com/tkrajina/gpxpy">
  <trk>
    <name>gpx from keep</name>
    <type>Run</type>
    <trkseg>
      <trkpt lat="31.472870304230476" lon="120.25468440560716">
        <ele>6.422577536664903</ele>
        <time>2024-10-22T13:06:30Z</time>
      </trkpt>
      <trkpt lat="31.472870304230476" lon="120.25468440560716">
        <ele>6.422577536664903</ele>
        <time>2024-10-22T13:06:30Z</time>
      </trkpt>
      <trkpt lat="31.47285382311256" lon="120.25465533242902">
        <ele>6.347848775796592</ele>
        <time>2024-10-22T13:06:50Z</time>
        <extensions>
          <gpxtpx:TrackPointExtension>
            <gpxtpx:hr>78</gpxtpx:hr>
          </gpxtpx:TrackPointExtension>
        </extensions>
      </trkpt>
      <trkpt lat="31.473033431423573" lon="120.25457957174689">
        <ele>5.788576134480536</ele>
        <time>2024-10-22T13:06:59Z</time>
        <extensions>
          <gpxtpx:TrackPointExtension>
            <gpxtpx:hr>78</gpxtpx:hr>
          </gpxtpx:TrackPointExtension>
        </extensions>
      </trkpt>
      <trkpt lat="31.473104264952056" lon="120.25450006637666">
        <ele>5.960773919709027</ele>
        <time>2024-10-22T13:07:02Z</time>
        <extensions>
          <gpxtpx:TrackPointExtension>
            <gpxtpx:hr>78</gpxtpx:hr>
          </gpxtpx:TrackPointExtension>
        </extensions>
      </trkpt>
      <trkpt lat="31.47315067376523" lon="120.25429954041479">
        <ele>6.358312522992492</ele>
        <time>2024-10-22T13:07:08Z</time>
      </trkpt>
      <trkpt lat="31.47314865033703" lon="120.25418678505656">
        <ele>5.906989304348826</ele>
        <time>2024-10-22T13:07:11Z</time>
      </trkpt>
      <trkpt lat="31.47298762516484" lon="120.25389719807757">
        <ele>5.544363304041326</ele>
        <time>2024-10-22T13:07:20Z</time>
      </trkpt>
      <trkpt lat="31.472912346931064" lon="120.25381334361875">
        <ele>5.638448699377477</ele>
        <time>2024-10-22T13:07:23Z</time>
      </trkpt>
      <trkpt lat="31.472821078881516" lon="120.25376909702409">
        <ele>5.864460659213364</ele>
        <time>2024-10-22T13:07:26Z</time>
      </trkpt>
      <trkpt lat="31.472630169558908" lon="120.25377869119843">
        <ele>8.397282009012997</ele>
        <time>2024-10-22T13:07:32Z</time>
      </trkpt>
      <trkpt lat="31.47233883558314" lon="120.25371255523036">
        <ele>8.010519939474761</ele>
        <time>2024-10-22T13:07:41Z</time>
      </trkpt>
      <trkpt lat="31.472067079261418" lon="120.25366385919983">
        <ele>6.851353959180415</ele>
        <time>2024-10-22T13:07:50Z</time>
      </trkpt>
      <trkpt lat="31.4718652582254" lon="120.25369320110569">
        <ele>7.942515158094466</ele>
        <time>2024-10-22T13:07:57Z</time>
      </trkpt>
      <trkpt lat="31.47170720944569" lon="120.25381904464307">
        <ele>7.321595745161176</ele>
        <time>2024-10-22T13:08:03Z</time>
      </trkpt>
      <trkpt lat="31.471646885955273" lon="120.25410393131456">
        <ele>5.798558816313744</ele>
        <time>2024-10-22T13:08:12Z</time>
      </trkpt>
      <trkpt lat="31.471663216858992" lon="120.25421004193213">
        <ele>5.778373569250107</ele>
        <time>2024-10-22T13:08:15Z</time>
      </trkpt>
      <trkpt lat="31.47173884902184" lon="120.25438837611937">
        <ele>4.874330732040107</ele>
        <time>2024-10-22T13:08:21Z</time>
      </trkpt>
      <trkpt lat="31.471834079219644" lon="120.2544476544356">
        <ele>5.134327223524451</ele>
        <time>2024-10-22T13:08:24Z</time>
      </trkpt>
      <trkpt lat="31.47188070756456" lon="120.25450351388612">
        <ele>3.8434055875986814</ele>
        <time>2024-10-22T13:08:27Z</time>
      </trkpt>
      <trkpt lat="31.47196133861711" lon="120.25453835062082">
        <ele>6.616439090110362</ele>
        <time>2024-10-22T13:08:30Z</time>
      </trkpt>
      <trkpt lat="31.472037750135314" lon="120.2544829752564">
        <ele>6.680027186870575</ele>
        <time>2024-10-22T13:08:33Z</time>
      </trkpt>
      <trkpt lat="31.472140869141207" lon="120.25458828928248">
        <ele>8.547128058038652</ele>
        <time>2024-10-22T13:08:36Z</time>
      </trkpt>
      <trkpt lat="31.472216713433657" lon="120.2546153805516">
        <ele>8.723051843233407</ele>
        <time>2024-10-22T13:08:39Z</time>
      </trkpt>
      <trkpt lat="31.472571975332308" lon="120.25467246409586">
        <ele>8.369352374225855</ele>
        <time>2024-10-22T13:08:51Z</time>
      </trkpt>
      <trkpt lat="31.47274957329039" lon="120.25470349214841">
        <ele>8.123085836879909</ele>
        <time>2024-10-22T13:08:57Z</time>
      </trkpt>
      <trkpt lat="31.472894809200987" lon="120.25465697657869">
        <ele>8.206138454377651</ele>
        <time>2024-10-22T13:09:03Z</time>
      </trkpt>
      <trkpt lat="31.47297752818643" lon="120.2545917857199">
        <ele>11.522609308362007</ele>
        <time>2024-10-22T13:09:06Z</time>
      </trkpt>
      <trkpt lat="31.47307511124111" lon="120.25441180144364">
        <ele>8.050971652381122</ele>
        <time>2024-10-22T13:09:12Z</time>
      </trkpt>
      <trkpt lat="31.473109007895797" lon="120.25431795640296">
        <ele>7.058742791414261</ele>
        <time>2024-10-22T13:09:15Z</time>
      </trkpt>
      <trkpt lat="31.47310823534257" lon="120.25421623212264">
        <ele>6.508405312895775</ele>
        <time>2024-10-22T13:09:18Z</time>
      </trkpt>
      <trkpt lat="31.473087672147052" lon="120.2541087943042">
        <ele>5.865597803145647</ele>
        <time>2024-10-22T13:09:21Z</time>
      </trkpt>
      <trkpt lat="31.473046484646243" lon="120.25401582557862">
        <ele>6.10894410032779</ele>
        <time>2024-10-22T13:09:24Z</time>
      </trkpt>
      <trkpt lat="31.472922008354967" lon="120.25386546201025">
        <ele>6.643709356896579</ele>
        <time>2024-10-22T13:09:30Z</time>
      </trkpt>
      <trkpt lat="31.472859935836947" lon="120.25382305872841">
        <ele>7.311147795990109</ele>
        <time>2024-10-22T13:09:33Z</time>
      </trkpt>
      <trkpt lat="31.472709206684115" lon="120.25377178412904">
        <ele>7.509397330693901</ele>
        <time>2024-10-22T13:09:39Z</time>
      </trkpt>
      <trkpt lat="31.472641191279862" lon="120.25377642743464">
        <ele>8.138245749287307</ele>
        <time>2024-10-22T13:09:42Z</time>
      </trkpt>
      <trkpt lat="31.472394712056527" lon="120.25370566009772">
        <ele>6.70886492356658</ele>
        <time>2024-10-22T13:09:51Z</time>
      </trkpt>
      <trkpt lat="31.472313930606845" lon="120.25370252281101">
        <ele>6.969842561520636</ele>
        <time>2024-10-22T13:09:54Z</time>
      </trkpt>
      <trkpt lat="31.47223488636282" lon="120.25367382474596">
        <ele>6.205052945762873</ele>
        <time>2024-10-22T13:09:57Z</time>
      </trkpt>
      <trkpt lat="31.47196132073683" lon="120.25364514300003">
        <ele>7.783490924164653</ele>
        <time>2024-10-22T13:10:07Z</time>
      </trkpt>
      <trkpt lat="31.47182045145045" lon="120.25370617202273">
        <ele>7.0115064680576324</ele>
        <time>2024-10-22T13:10:13Z</time>
      </trkpt>
      <trkpt lat="31.47175658180856" lon="120.25376377443888">
        <ele>6.106723273172975</ele>
        <time>2024-10-22T13:10:16Z</time>
      </trkpt>
      <trkpt lat="31.4717033387986" lon="120.25384318000006">
        <ele>5.736078157089651</ele>
        <time>2024-10-22T13:10:19Z</time>
      </trkpt>
      <trkpt lat="31.471650342098147" lon="120.2540141908459">
        <ele>4.810336978174746</ele>
        <time>2024-10-22T13:10:25Z</time>
      </trkpt>
      <trkpt lat="31.47170833391181" lon="120.25429890069114">
        <ele>5.561671772971749</ele>
        <time>2024-10-22T13:10:34Z</time>
      </trkpt>
      <trkpt lat="31.471802606004058" lon="120.25444989672096">
        <ele>4.304400433786213</ele>
        <time>2024-10-22T13:10:40Z</time>
      </trkpt>
      <trkpt lat="31.471948300241124" lon="120.25451727788443">
        <ele>5.577572584152222</ele>
        <time>2024-10-22T13:10:46Z</time>
      </trkpt>
      <trkpt lat="31.472040093157972" lon="120.25451721107486">
        <ele>6.354920506477356</ele>
        <time>2024-10-22T13:10:49Z</time>
      </trkpt>
      <trkpt lat="31.472336338007807" lon="120.25460028643573">
        <ele>9.160924802534282</ele>
        <time>2024-10-22T13:11:01Z</time>
      </trkpt>
      <trkpt lat="31.472412359737298" lon="120.25460186736831">
        <ele>7.524487460963428</ele>
        <time>2024-10-22T13:11:04Z</time>
      </trkpt>
      <trkpt lat="31.47272104934896" lon="120.25467599062563">
        <ele>6.215433411300182</ele>
        <time>2024-10-22T13:11:16Z</time>
      </trkpt>
      <trkpt lat="31.472803477307504" lon="120.25467441477745">
        <ele>6.4875012300908566</ele>
        <time>2024-10-22T13:11:19Z</time>
      </trkpt>
      <trkpt lat="31.472962827110017" lon="120.25458860252168">
        <ele>7.110794514417648</ele>
        <time>2024-10-22T13:11:25Z</time>
      </trkpt>
      <trkpt lat="31.473022549152216" lon="120.25452079618321">
        <ele>8.44305825047195</ele>
        <time>2024-10-22T13:11:28Z</time>
      </trkpt>
      <trkpt lat="31.47308603992688" lon="120.25434795577131">
        <ele>7.687446981668472</ele>
        <time>2024-10-22T13:11:34Z</time>
      </trkpt>
      <trkpt lat="31.473080795180625" lon="120.25414813223355">
        <ele>6.395071789622307</ele>
        <time>2024-10-22T13:11:40Z</time>
      </trkpt>
      <trkpt lat="31.473059255606792" lon="120.25405249160754">
        <ele>6.980201662518084</ele>
        <time>2024-10-22T13:11:43Z</time>
      </trkpt>
      <trkpt lat="31.473020078412546" lon="120.2539632741612">
        <ele>6.785257949493825</ele>
        <time>2024-10-22T13:11:46Z</time>
      </trkpt>
      <trkpt lat="31.472903860391206" lon="120.25384463780344">
        <ele>7.830513110384345</ele>
        <time>2024-10-22T13:11:52Z</time>
      </trkpt>
      <trkpt lat="31.47276668118041" lon="120.25378710332652">
        <ele>7.360177227295935</ele>
        <time>2024-10-22T13:11:58Z</time>
      </trkpt>
      <trkpt lat="31.472458595125566" lon="120.25373198391132">
        <ele>7.0022018207237124</ele>
        <time>2024-10-22T13:12:10Z</time>
      </trkpt>
      <trkpt lat="31.4722507129283" lon="120.25367123883014">
        <ele>7.534550066106021</ele>
        <time>2024-10-22T13:12:18Z</time>
      </trkpt>
      <trkpt lat="31.472039689512826" lon="120.25363973976555">
        <ele>7.016486622393131</ele>
        <time>2024-10-22T13:12:26Z</time>
      </trkpt>
      <trkpt lat="31.47193450676917" lon="120.25364884164215">
        <ele>7.218923737294972</ele>
        <time>2024-10-22T13:12:30Z</time>
      </trkpt>
      <trkpt lat="31.47183347508701" lon="120.2536892068218">
        <ele>7.421388021670282</ele>
        <time>2024-10-22T13:12:34Z</time>
      </trkpt>
      <trkpt lat="31.47176357061177" lon="120.25376168185153">
        <ele>7.637177556753159</ele>
        <time>2024-10-22T13:12:38Z</time>
      </trkpt>
      <trkpt lat="31.47169934392508" lon="120.2538607779199">
        <ele>5.304627121426165</ele>
        <time>2024-10-22T13:12:42Z</time>
      </trkpt>
      <trkpt lat="31.47166135142061" lon="120.25396549056181">
        <ele>6.016505871899426</ele>
        <time>2024-10-22T13:12:46Z</time>
      </trkpt>
      <trkpt lat="31.471652993569297" lon="120.25409798983941">
        <ele>4.097152961418033</ele>
        <time>2024-10-22T13:12:50Z</time>
      </trkpt>
      <trkpt lat="31.47169652339105" lon="120.25428550138797">
        <ele>5.645632232539356</ele>
        <time>2024-10-22T13:12:56Z</time>
      </trkpt>
      <trkpt lat="31.471759670109158" lon="120.25434082344347">
        <ele>7.06243599858135</ele>
        <time>2024-10-22T13:12:59Z</time>
      </trkpt>
      <trkpt lat="31.471787768059936" lon="120.2544071646552">
        <ele>6.172788918949664</ele>
        <time>2024-10-22T13:13:02Z</time>
      </trkpt>
      <trkpt lat="31.47192763874602" lon="120.25449079680538">
        <ele>6.182711377739906</ele>
        <time>2024-10-22T13:13:08Z</time>
      </trkpt>
      <trkpt lat="31.472170214780927" lon="120.25456319315191">
        <ele>9.77339402306825</ele>
        <time>2024-10-22T13:13:17Z</time>
      </trkpt>
      <trkpt lat="31.472251225817054" lon="120.25456560118994">
        <ele>9.12637728638947</ele>
        <time>2024-10-22T13:13:20Z</time>
      </trkpt>
      <trkpt lat="31.47255197243792" lon="120.25465402476893">
        <ele>7.196508886292577</ele>
        <time>2024-10-22T13:13:32Z</time>
      </trkpt>
      <trkpt lat="31.472684116740524" lon="120.25468985998357">
        <ele>7.728902432136238</ele>
        <time>2024-10-22T13:13:38Z</time>
      </trkpt>
      <trkpt lat="31.47282936599945" lon="120.25466415967155">
        <ele>6.7487736558541656</ele>
        <time>2024-10-22T13:13:44Z</time>
      </trkpt>
      <trkpt lat="31.47291222177559" lon="120.25461735268811">
        <ele>6.945786659605801</ele>
        <time>2024-10-22T13:13:47Z</time>
      </trkpt>
      <trkpt lat="31.473024880806506" lon="120.25449172700976">
        <ele>7.8828999027609825</ele>
        <time>2024-10-22T13:13:53Z</time>
      </trkpt>
      <trkpt lat="31.473107739115036" lon="120.25432798784878">
        <ele>6.803995355032384</ele>
        <time>2024-10-22T13:13:59Z</time>
      </trkpt>
      <trkpt lat="31.473055043498455" lon="120.25404997126803">
        <ele>6.7850231975317</ele>
        <time>2024-10-22T13:14:08Z</time>
      </trkpt>
      <trkpt lat="31.47302025169779" lon="120.25396147809478">
        <ele>7.235378402285278</ele>
        <time>2024-10-22T13:14:11Z</time>
      </trkpt>
      <trkpt lat="31.472963249557584" lon="120.2538890079023">
        <ele>7.688399167731404</ele>
        <time>2024-10-22T13:14:14Z</time>
      </trkpt>
      <trkpt lat="31.472874358019013" lon="120.2538270445962">
        <ele>6.506036784499884</ele>
        <time>2024-10-22T13:14:18Z</time>
      </trkpt>
      <trkpt lat="31.472666349440935" lon="120.25376768169775">
        <ele>6.44168693292886</ele>
        <time>2024-10-22T13:14:26Z</time>
      </trkpt>
      <trkpt lat="31.47246470371225" lon="120.25374591305118">
        <ele>8.394939201883972</ele>
        <time>2024-10-22T13:14:34Z</time>
      </trkpt>
      <trkpt lat="31.472259545945903" lon="120.25369141828861">
        <ele>7.953128457069397</ele>
        <time>2024-10-22T13:14:42Z</time>
      </trkpt>
      <trkpt lat="31.472165578607722" lon="120.25369492214178">
        <ele>7.64764232840389</ele>
        <time>2024-10-22T13:14:46Z</time>
      </trkpt>
      <trkpt lat="31.472048073067644" lon="120.25366389001996">
        <ele>7.524189719930291</ele>
        <time>2024-10-22T13:14:50Z</time>
      </trkpt>
      <trkpt lat="31.471836137395705" lon="120.25370242686387">
        <ele>7.886778028681874</ele>
        <time>2024-10-22T13:14:58Z</time>
      </trkpt>
      <trkpt lat="31.471710389585315" lon="120.25386435794489">
        <ele>7.370166847482324</ele>
        <time>2024-10-22T13:15:06Z</time>
      </trkpt>
      <trkpt lat="31.47166672164512" lon="120.25397402656277">
        <ele>6.1048839297145605</ele>
        <time>2024-10-22T13:15:10Z</time>
      </trkpt>
      <trkpt lat="31.47167014424465" lon="120.25417903304422">
        <ele>6.28546760044992</ele>
        <time>2024-10-22T13:15:17Z</time>
      </trkpt>
      <trkpt lat="31.471688143454916" lon="120.25426167453472">
        <ele>4.759347562678158</ele>
        <time>2024-10-22T13:15:20Z</time>
      </trkpt>
      <trkpt lat="31.471765047096316" lon="120.25441100369328">
        <ele>4.5819405084475875</ele>
        <time>2024-10-22T13:15:26Z</time>
      </trkpt>
      <trkpt lat="31.471950443023545" lon="120.25452235558707">
        <ele>5.616877824999392</ele>
        <time>2024-10-22T13:15:34Z</time>
      </trkpt>
      <trkpt lat="31.472044333236152" lon="120.25455895142801">
        <ele>6.884611828252673</ele>
        <time>2024-10-22T13:15:38Z</time>
      </trkpt>
      <trkpt lat="31.47234168996252" lon="120.25460531025323">
        <ele>8.66073971427977</ele>
        <time>2024-10-22T13:15:49Z</time>
      </trkpt>
      <trkpt lat="31.47262443982913" lon="120.2546911302738">
        <ele>8.567714837379754</ele>
        <time>2024-10-22T13:16:01Z</time>
      </trkpt>
      <trkpt lat="31.4726914526198" lon="120.25467861524469">
        <ele>8.763367248699069</ele>
        <time>2024-10-22T13:16:04Z</time>
      </trkpt>
      <trkpt lat="31.472766755960162" lon="120.2546969808777">
        <ele>8.728373935446143</ele>
        <time>2024-10-22T13:16:07Z</time>
      </trkpt>
      <trkpt lat="31.47284679661304" lon="120.25466991485143">
        <ele>7.774692545644939</ele>
        <time>2024-10-22T13:16:10Z</time>
      </trkpt>
      <trkpt lat="31.47297020977228" lon="120.25457803256815">
        <ele>8.700809204950929</ele>
        <time>2024-10-22T13:16:16Z</time>
      </trkpt>
      <trkpt lat="31.473072157223758" lon="120.25442709715135">
        <ele>7.467653015628457</ele>
        <time>2024-10-22T13:16:22Z</time>
      </trkpt>
      <trkpt lat="31.473097962371078" lon="120.25430461564036">
        <ele>7.1642294107005</ele>
        <time>2024-10-22T13:16:26Z</time>
      </trkpt>
      <trkpt lat="31.47310295195356" lon="120.25418706964868">
        <ele>6.973891702480614</ele>
        <time>2024-10-22T13:16:30Z</time>
      </trkpt>
      <trkpt lat="31.473082681682193" lon="120.25405864093901">
        <ele>6.515126160345972</ele>
        <time>2024-10-22T13:16:34Z</time>
      </trkpt>
      <trkpt lat="31.47303355741896" lon="120.25395720217874">
        <ele>6.942824803292751</ele>
        <time>2024-10-22T13:16:38Z</time>
      </trkpt>
      <trkpt lat="31.472895850910653" lon="120.25382475506292">
        <ele>6.700736439786851</ele>
        <time>2024-10-22T13:16:46Z</time>
      </trkpt>
      <trkpt lat="31.472597057398445" lon="120.25375011864337">
        <ele>7.908668915741146</ele>
        <time>2024-10-22T13:16:58Z</time>
      </trkpt>
      <trkpt lat="31.47229037812554" lon="120.25369853455238">
        <ele>9.09730435255915</ele>
        <time>2024-10-22T13:17:10Z</time>
      </trkpt>
      <trkpt lat="31.472182855827366" lon="120.25363488036896">
        <ele>6.012470584362745</ele>
        <time>2024-10-22T13:17:14Z</time>
      </trkpt>
      <trkpt lat="31.472098065618628" lon="120.25365470952998">
        <ele>7.685161156579852</ele>
        <time>2024-10-22T13:17:18Z</time>
      </trkpt>
      <trkpt lat="31.47199491218636" lon="120.25363537859948">
        <ele>7.056682684458792</ele>
        <time>2024-10-22T13:17:22Z</time>
      </trkpt>
      <trkpt lat="31.471893585680547" lon="120.25366376231827">
        <ele>7.280080938711762</ele>
        <time>2024-10-22T13:17:26Z</time>
      </trkpt>
      <trkpt lat="31.47181639216386" lon="120.25372263188211">
        <ele>6.109654671512544</ele>
        <time>2024-10-22T13:17:30Z</time>
      </trkpt>
      <trkpt lat="31.471734012424086" lon="120.25381757923726">
        <ele>5.6189059019088745</ele>
        <time>2024-10-22T13:17:34Z</time>
      </trkpt>
      <trkpt lat="31.471676048133034" lon="120.25391736740715">
        <ele>4.9907204220071435</ele>
        <time>2024-10-22T13:17:38Z</time>
      </trkpt>
      <trkpt lat="31.47165488897837" lon="120.25414553929552">
        <ele>5.052791530266404</ele>
        <time>2024-10-22T13:17:46Z</time>
      </trkpt>
      <trkpt lat="31.471675855176667" lon="120.25425751106003">
        <ele>3.9827865650877357</ele>
        <time>2024-10-22T13:17:50Z</time>
      </trkpt>
      <trkpt lat="31.471802157201935" lon="120.25442826987555">
        <ele>5.024920770898461</ele>
        <time>2024-10-22T13:17:58Z</time>
      </trkpt>
      <trkpt lat="31.471890501260642" lon="120.25449319256299">
        <ele>4.4366304418072104</ele>
        <time>2024-10-22T13:18:02Z</time>
      </trkpt>
      <trkpt lat="31.47207950529864" lon="120.25453676895114">
        <ele>6.458529428578913</ele>
        <time>2024-10-22T13:18:10Z</time>
      </trkpt>
      <trkpt lat="31.472173019339873" lon="120.2545828415536">
        <ele>6.747840846888721</ele>
        <time>2024-10-22T13:18:14Z</time>
      </trkpt>
      <trkpt lat="31.472275457323782" lon="120.25459212008573">
        <ele>7.706326850689948</ele>
        <time>2024-10-22T13:18:18Z</time>
      </trkpt>
      <trkpt lat="31.472574338994704" lon="120.25467911886071">
        <ele>7.528018694370985</ele>
        <time>2024-10-22T13:18:30Z</time>
      </trkpt>
      <trkpt lat="31.4727776913963" lon="120.254700899817">
        <ele>6.719377376139164</ele>
        <time>2024-10-22T13:18:38Z</time>
      </trkpt>
      <trkpt lat="31.472886094800785" lon="120.25464680594406">
        <ele>7.36819997895509</ele>
        <time>2024-10-22T13:18:42Z</time>
      </trkpt>
      <trkpt lat="31.473053356494137" lon="120.25445180208997">
        <ele>6.377168735489249</ele>
        <time>2024-10-22T13:18:50Z</time>
      </trkpt>
      <trkpt lat="31.473086412278935" lon="120.25432283657689">
        <ele>6.1816538432613015</ele>
        <time>2024-10-22T13:18:54Z</time>
      </trkpt>
      <trkpt lat="31.473097067387915" lon="120.25419976373793">
        <ele>5.933682133443654</ele>
        <time>2024-10-22T13:18:58Z</time>
      </trkpt>
      <trkpt lat="31.473082864414764" lon="120.25408450191034">
        <ele>6.3141759522259235</ele>
        <time>2024-10-22T13:19:02Z</time>
      </trkpt>
      <trkpt lat="31.473048205981247" lon="120.25399473621047">
        <ele>6.929972879588604</ele>
        <time>2024-10-22T13:19:06Z</time>
      </trkpt>
      <trkpt lat="31.472937113127713" lon="120.25384805740201">
        <ele>6.045566217973828</ele>
        <time>2024-10-22T13:19:14Z</time>
      </trkpt>
      <trkpt lat="31.472870773578336" lon="120.25380264735982">
        <ele>6.844141472131014</ele>
        <time>2024-10-22T13:19:18Z</time>
      </trkpt>
      <trkpt lat="31.47259834912936" lon="120.25375572562318">
        <ele>6.551500526256859</ele>
        <time>2024-10-22T13:19:30Z</time>
      </trkpt>
      <trkpt lat="31.47231447199784" lon="120.25370690911777">
        <ele>5.390269048511982</ele>
        <time>2024-10-22T13:19:42Z</time>
      </trkpt>
      <trkpt lat="31.472033925171218" lon="120.2536608115464">
        <ele>5.649005418643355</ele>
        <time>2024-10-22T13:19:54Z</time>
      </trkpt>
      <trkpt lat="31.471916774552316" lon="120.25368752567485">
        <ele>6.714033840224147</ele>
        <time>2024-10-22T13:19:58Z</time>
      </trkpt>
      <trkpt lat="31.471822145686243" lon="120.25375584512553">
        <ele>6.660443316213787</ele>
        <time>2024-10-22T13:20:02Z</time>
      </trkpt>
      <trkpt lat="31.47174179391117" lon="120.2538520095301">
        <ele>6.511591125279665</ele>
        <time>2024-10-22T13:20:06Z</time>
      </trkpt>
      <trkpt lat="31.47166980278256" lon="120.25407023194956">
        <ele>6.767616933211684</ele>
        <time>2024-10-22T13:20:14Z</time>
      </trkpt>
      <trkpt lat="31.4716746328124" lon="120.25417587940443">
        <ele>7.655422323383391</ele>
        <time>2024-10-22T13:20:18Z</time>
      </trkpt>
      <trkpt lat="31.471764188766148" lon="120.25436510361862">
        <ele>5.710625532083213</ele>
        <time>2024-10-22T13:20:26Z</time>
      </trkpt>
      <trkpt lat="31.47190938861521" lon="120.25450856390857">
        <ele>5.4714951533824205</ele>
        <time>2024-10-22T13:20:34Z</time>
      </trkpt>
      <trkpt lat="31.472228984987513" lon="120.25460394546926">
        <ele>6.18493514508009</ele>
        <time>2024-10-22T13:20:49Z</time>
      </trkpt>
      <trkpt lat="31.47250795572144" lon="120.25467466495635">
        <ele>7.147689606063068</ele>
        <time>2024-10-22T13:21:00Z</time>
      </trkpt>
      <trkpt lat="31.472826423727607" lon="120.25468690211665">
        <ele>6.952186740003526</ele>
        <time>2024-10-22T13:21:12Z</time>
      </trkpt>
      <trkpt lat="31.47292743455311" lon="120.25461595324553">
        <ele>7.184464459307492</ele>
        <time>2024-10-22T13:21:16Z</time>
      </trkpt>
      <trkpt lat="31.47300867523058" lon="120.25452215177769">
        <ele>7.456212566234171</ele>
        <time>2024-10-22T13:21:20Z</time>
      </trkpt>
      <trkpt lat="31.473062389385547" lon="120.25441583036869">
        <ele>7.119940840639174</ele>
        <time>2024-10-22T13:21:24Z</time>
      </trkpt>
      <trkpt lat="31.47309628476994" lon="120.25429674530824">
        <ele>8.410146021284163</ele>
        <time>2024-10-22T13:21:28Z</time>
      </trkpt>
      <trkpt lat="31.473102547355555" lon="120.25418231604384">
        <ele>6.447537034749985</ele>
        <time>2024-10-22T13:21:32Z</time>
      </trkpt>
      <trkpt lat="31.47307047814012" lon="120.25405515772268">
        <ele>7.202052820473909</ele>
        <time>2024-10-22T13:21:36Z</time>
      </trkpt>
      <trkpt lat="31.473018967040336" lon="120.25394072215418">
        <ele>6.836076716892421</ele>
        <time>2024-10-22T13:21:40Z</time>
      </trkpt>
      <trkpt lat="31.47293602639273" lon="120.25385793186958">
        <ele>7.307852402329445</ele>
        <time>2024-10-22T13:21:44Z</time>
      </trkpt>
      <trkpt lat="31.472761247059125" lon="120.25377958003843">
        <ele>7.004642686806619</ele>
        <time>2024-10-22T13:21:51Z</time>
      </trkpt>
      <trkpt lat="31.472438925443484" lon="120.25372270155523">
        <ele>7.715554532594979</ele>
        <time>2024-10-22T13:22:03Z</time>
      </trkpt>
      <trkpt lat="31.472134465839122" lon="120.25369587282049">
        <ele>6.876614906825125</ele>
        <time>2024-10-22T13:22:15Z</time>
      </trkpt>
      <trkpt lat="31.472029684362347" lon="120.25367543958687">
        <ele>8.96610638126731</ele>
        <time>2024-10-22T13:22:19Z</time>
      </trkpt>
      <trkpt lat="31.47181161947039" lon="120.25373468335388">
        <ele>7.683663258329034</ele>
        <time>2024-10-22T13:22:27Z</time>
      </trkpt>
      <trkpt lat="31.471663866460794" lon="120.25393786316145">
        <ele>6.34673607815057</ele>
        <time>2024-10-22T13:22:35Z</time>
      </trkpt>
      <trkpt lat="31.471650593345746" lon="120.25413167150103">
        <ele>6.137852770276368</ele>
        <time>2024-10-22T13:22:41Z</time>
      </trkpt>
      <trkpt lat="31.47170725627563" lon="120.25432508824133">
        <ele>7.032176364213228</ele>
        <time>2024-10-22T13:22:47Z</time>
      </trkpt>
      <trkpt lat="31.47175755221402" lon="120.25440415890014">
        <ele>6.759887871332467</ele>
        <time>2024-10-22T13:22:50Z</time>
      </trkpt>
      <trkpt lat="31.471856992739813" lon="120.25448618446337">
        <ele>6.437822767533362</ele>
        <time>2024-10-22T13:22:54Z</time>
      </trkpt>
      <trkpt lat="31.472182824326065" lon="120.25459181362304">
        <ele>7.36901262961328</ele>
        <time>2024-10-22T13:23:06Z</time>
      </trkpt>
      <trkpt lat="31.472497193171822" lon="120.25467011050551">
        <ele>8.067515648901463</ele>
        <time>2024-10-22T13:23:18Z</time>
      </trkpt>
      <trkpt lat="31.472695754691134" lon="120.2547175659165">
        <ele>7.809380895458162</ele>
        <time>2024-10-22T13:23:26Z</time>
      </trkpt>
      <trkpt lat="31.472806246292617" lon="120.25471253606146">
        <ele>6.319000531919301</ele>
        <time>2024-10-22T13:23:30Z</time>
      </trkpt>
      <trkpt lat="31.472900562955076" lon="120.25466798234973">
        <ele>7.814994493499398</ele>
        <time>2024-10-22T13:23:34Z</time>
      </trkpt>
      <trkpt lat="31.473047064704872" lon="120.25449854869392">
        <ele>6.329495530575514</ele>
        <time>2024-10-22T13:23:42Z</time>
      </trkpt>
      <trkpt lat="31.473099696681096" lon="120.254389325243">
        <ele>7.701971009373665</ele>
        <time>2024-10-22T13:23:46Z</time>
      </trkpt>
      <trkpt lat="31.47311299983134" lon="120.25426803973302">
        <ele>7.574759841896594</ele>
        <time>2024-10-22T13:23:50Z</time>
      </trkpt>
      <trkpt lat="31.47310714760953" lon="120.25415971733837">
        <ele>8.332582826726139</ele>
        <time>2024-10-22T13:23:54Z</time>
      </trkpt>
      <trkpt lat="31.47306981815817" lon="120.2540417416663">
        <ele>8.037518397904932</ele>
        <time>2024-10-22T13:23:58Z</time>
      </trkpt>
      <trkpt lat="31.473006107169905" lon="120.25395625487606">
        <ele>9.552736048586667</ele>
        <time>2024-10-22T13:24:02Z</time>
      </trkpt>
      <trkpt lat="31.472833040914644" lon="120.25383113491024">
        <ele>8.98813065327704</ele>
        <time>2024-10-22T13:24:10Z</time>
      </trkpt>
      <trkpt lat="31.472561677655257" lon="120.25376869539281">
        <ele>9.38621308747679</ele>
        <time>2024-10-22T13:24:22Z</time>
      </trkpt>
      <trkpt lat="31.47226299269051" lon="120.25369469691898">
        <ele>7.571328695863485</ele>
        <time>2024-10-22T13:24:34Z</time>
      </trkpt>
      <trkpt lat="31.472049192105302" lon="120.25367004872344">
        <ele>9.68900312576443</ele>
        <time>2024-10-22T13:24:42Z</time>
      </trkpt>
      <trkpt lat="31.471961917051466" lon="120.25368219418637">
        <ele>8.607681131921709</ele>
        <time>2024-10-22T13:24:45Z</time>
      </trkpt>
      <trkpt lat="31.471776172103766" lon="120.25381521975456">
        <ele>8.028052002191544</ele>
        <time>2024-10-22T13:24:54Z</time>
      </trkpt>
      <trkpt lat="31.471674468344457" lon="120.25398735494277">
        <ele>6.488644918426871</ele>
        <time>2024-10-22T13:25:01Z</time>
      </trkpt>
      <trkpt lat="31.47168099172419" lon="120.25419207842906">
        <ele>3.026326979510486</ele>
        <time>2024-10-22T13:25:09Z</time>
      </trkpt>
      <trkpt lat="31.471773140468112" lon="120.25440446239041">
        <ele>3.6060009067878127</ele>
        <time>2024-10-22T13:25:17Z</time>
      </trkpt>
      <trkpt lat="31.471846918849682" lon="120.25447596361798">
        <ele>5.783015651628375</ele>
        <time>2024-10-22T13:25:21Z</time>
      </trkpt>
      <trkpt lat="31.47194081957534" lon="120.2545254084417">
        <ele>6.421836071647704</ele>
        <time>2024-10-22T13:25:25Z</time>
      </trkpt>
      <trkpt lat="31.47205086489179" lon="120.25453826946745">
        <ele>6.382309107109904</ele>
        <time>2024-10-22T13:25:29Z</time>
      </trkpt>
      <trkpt lat="31.472162080656357" lon="120.25458626176594">
        <ele>7.260036049410701</ele>
        <time>2024-10-22T13:25:33Z</time>
      </trkpt>
      <trkpt lat="31.472264375064707" lon="120.25459297742755">
        <ele>5.891336237080395</ele>
        <time>2024-10-22T13:25:37Z</time>
      </trkpt>
      <trkpt lat="31.472366336191484" lon="120.25463842346753">
        <ele>6.8181583834812045</ele>
        <time>2024-10-22T13:25:41Z</time>
      </trkpt>
      <trkpt lat="31.472659811540385" lon="120.25470345890032">
        <ele>8.86409784015268</ele>
        <time>2024-10-22T13:25:53Z</time>
      </trkpt>
      <trkpt lat="31.472756796296306" lon="120.25471175585913">
        <ele>8.874668880365789</ele>
        <time>2024-10-22T13:25:57Z</time>
      </trkpt>
      <trkpt lat="31.472851784017355" lon="120.2546778447154">
        <ele>8.41340494249016</ele>
        <time>2024-10-22T13:26:01Z</time>
      </trkpt>
      <trkpt lat="31.472938761628196" lon="120.25462203917148">
        <ele>7.9492269810289145</ele>
        <time>2024-10-22T13:26:05Z</time>
      </trkpt>
      <trkpt lat="31.473063314900504" lon="120.25441203511949">
        <ele>6.946214411407709</ele>
        <time>2024-10-22T13:26:13Z</time>
      </trkpt>
      <trkpt lat="31.47310114889999" lon="120.25429516206655">
        <ele>7.613070824183524</ele>
        <time>2024-10-22T13:26:17Z</time>
      </trkpt>
      <trkpt lat="31.473087722544722" lon="120.2540540536577">
        <ele>6.303870161995292</ele>
        <time>2024-10-22T13:26:25Z</time>
      </trkpt>
      <trkpt lat="31.473034086313373" lon="120.25393627546978">
        <ele>10.330308081582189</ele>
        <time>2024-10-22T13:26:29Z</time>
      </trkpt>
      <trkpt lat="31.472971013680052" lon="120.25386554490262">
        <ele>9.962433054111898</ele>
        <time>2024-10-22T13:26:33Z</time>
      </trkpt>
      <trkpt lat="31.472891821651107" lon="120.25382820951553">
        <ele>9.491294970735908</ele>
        <time>2024-10-22T13:26:37Z</time>
      </trkpt>
      <trkpt lat="31.472891821651107" lon="120.25382820951553">
        <ele>9.491294970735908</ele>
        <time>2024-10-22T13:26:37Z</time>
      </trkpt>
      <trkpt lat="31.472851333785215" lon="120.25380929936006">
        <ele>6.6088008945807815</ele>
        <time>2024-10-22T13:27:04Z</time>
      </trkpt>
      <trkpt lat="31.472654894365018" lon="120.2537377342262">
        <ele>6.677542073652148</ele>
        <time>2024-10-22T13:27:15Z</time>
      </trkpt>
      <trkpt lat="31.47255211316108" lon="120.25373604985836">
        <ele>7.7207237323746085</ele>
        <time>2024-10-22T13:27:19Z</time>
      </trkpt>
      <trkpt lat="31.472227699521703" lon="120.25365638754626">
        <ele>8.323345897719264</ele>
        <time>2024-10-22T13:27:31Z</time>
      </trkpt>
      <trkpt lat="31.47200718415149" lon="120.25365199280728">
        <ele>9.534768584184349</ele>
        <time>2024-10-22T13:27:39Z</time>
      </trkpt>
      <trkpt lat="31.47188971629142" lon="120.25368825277782">
        <ele>8.871926034800708</ele>
        <time>2024-10-22T13:27:43Z</time>
      </trkpt>
      <trkpt lat="31.471706990328553" lon="120.25386376944634">
        <ele>6.7448826022446156</ele>
        <time>2024-10-22T13:27:51Z</time>
      </trkpt>
      <trkpt lat="31.47165979816446" lon="120.25399809431417">
        <ele>6.445458999834955</ele>
        <time>2024-10-22T13:27:55Z</time>
      </trkpt>
      <trkpt lat="31.471676722004148" lon="120.2542212402319">
        <ele>3.5546961901709437</ele>
        <time>2024-10-22T13:28:03Z</time>
      </trkpt>
      <trkpt lat="31.471772867242944" lon="120.25443346605002">
        <ele>5.800530462525785</ele>
        <time>2024-10-22T13:28:11Z</time>
      </trkpt>
      <trkpt lat="31.471847303193147" lon="120.25452534823887">
        <ele>6.030007043853402</ele>
        <time>2024-10-22T13:28:15Z</time>
      </trkpt>
      <trkpt lat="31.471944294087905" lon="120.25456725784296">
        <ele>6.968407751992345</ele>
        <time>2024-10-22T13:28:19Z</time>
      </trkpt>
      <trkpt lat="31.472251216548322" lon="120.25462676330423">
        <ele>8.845391397364438</ele>
        <time>2024-10-22T13:28:31Z</time>
      </trkpt>
      <trkpt lat="31.472358436909783" lon="120.25464708950659">
        <ele>7.955754146911204</ele>
        <time>2024-10-22T13:28:35Z</time>
      </trkpt>
      <trkpt lat="31.472469081394753" lon="120.25464199522776">
        <ele>9.540252066217363</ele>
        <time>2024-10-22T13:28:39Z</time>
      </trkpt>
      <trkpt lat="31.472583806303067" lon="120.25469020442236">
        <ele>8.267984597943723</ele>
        <time>2024-10-22T13:28:43Z</time>
      </trkpt>
      <trkpt lat="31.472863938412573" lon="120.25467401757598">
        <ele>7.19438143260777</ele>
        <time>2024-10-22T13:28:55Z</time>
      </trkpt>
      <trkpt lat="31.4729302568824" lon="120.25463100506131">
        <ele>6.214607306756079</ele>
        <time>2024-10-22T13:28:58Z</time>
      </trkpt>
      <trkpt lat="31.472984041211827" lon="120.25457187174577">
        <ele>6.723801147192717</ele>
        <time>2024-10-22T13:29:01Z</time>
      </trkpt>
      <trkpt lat="31.473060547675686" lon="120.25440871660932">
        <ele>8.75428966525942</ele>
        <time>2024-10-22T13:29:07Z</time>
      </trkpt>
      <trkpt lat="31.47308781452149" lon="120.25428535773268">
        <ele>6.839281938038766</ele>
        <time>2024-10-22T13:29:11Z</time>
      </trkpt>
      <trkpt lat="31.473095664441402" lon="120.25415769995166">
        <ele>7.736183884553611</ele>
        <time>2024-10-22T13:29:15Z</time>
      </trkpt>
      <trkpt lat="31.473068405194724" lon="120.2540578638007">
        <ele>7.170666111633182</ele>
        <time>2024-10-22T13:29:19Z</time>
      </trkpt>
      <trkpt lat="31.472942020003163" lon="120.25386218593539">
        <ele>9.838217762298882</ele>
        <time>2024-10-22T13:29:27Z</time>
      </trkpt>
      <trkpt lat="31.47285264825056" lon="120.25382683768657">
        <ele>7.973721917718649</ele>
        <time>2024-10-22T13:29:31Z</time>
      </trkpt>
      <trkpt lat="31.472545621370152" lon="120.25374056967135">
        <ele>8.989535887725651</ele>
        <time>2024-10-22T13:29:43Z</time>
      </trkpt>
      <trkpt lat="31.47244839834541" lon="120.2537139477752">
        <ele>7.53901712782681</ele>
        <time>2024-10-22T13:29:47Z</time>
      </trkpt>
      <trkpt lat="31.47234711589654" lon="120.25371111931106">
        <ele>8.229906438849866</ele>
        <time>2024-10-22T13:29:51Z</time>
      </trkpt>
      <trkpt lat="31.47223902097198" lon="120.25367096491914">
        <ele>7.539438906125724</ele>
        <time>2024-10-22T13:29:55Z</time>
      </trkpt>
      <trkpt lat="31.472037281901404" lon="120.25363962825557">
        <ele>7.853980279527605</ele>
        <time>2024-10-22T13:30:03Z</time>
      </trkpt>
      <trkpt lat="31.471931162014734" lon="120.25365381363608">
        <ele>10.350606044754386</ele>
        <time>2024-10-22T13:30:07Z</time>
      </trkpt>
      <trkpt lat="31.471755293921536" lon="120.25379268430142">
        <ele>10.80374641623348</ele>
        <time>2024-10-22T13:30:15Z</time>
      </trkpt>
      <trkpt lat="31.47170992076371" lon="120.25388675831832">
        <ele>8.489407687447965</ele>
        <time>2024-10-22T13:30:19Z</time>
      </trkpt>
      <trkpt lat="31.47166109846171" lon="120.25412050543967">
        <ele>3.22598272934556</ele>
        <time>2024-10-22T13:30:27Z</time>
      </trkpt>
      <trkpt lat="31.471679620536847" lon="120.25423631985808">
        <ele>3.7501135794445872</ele>
        <time>2024-10-22T13:30:31Z</time>
      </trkpt>
      <trkpt lat="31.47172308999034" lon="120.25435079701843">
        <ele>3.8935677921399474</ele>
        <time>2024-10-22T13:30:35Z</time>
      </trkpt>
      <trkpt lat="31.471900580446796" lon="120.25454049427513">
        <ele>5.479884980246425</ele>
        <time>2024-10-22T13:30:43Z</time>
      </trkpt>
      <trkpt lat="31.472199483621395" lon="120.25461760124882">
        <ele>9.273388647474349</ele>
        <time>2024-10-22T13:30:55Z</time>
      </trkpt>
      <trkpt lat="31.4725355473466" lon="120.25467051805455">
        <ele>10.175513511523604</ele>
        <time>2024-10-22T13:31:08Z</time>
      </trkpt>
      <trkpt lat="31.47270634658839" lon="120.25471908305464">
        <ele>8.960214173421264</ele>
        <time>2024-10-22T13:31:16Z</time>
      </trkpt>
      <trkpt lat="31.472859993503437" lon="120.2546666629466">
        <ele>8.109609006904066</ele>
        <time>2024-10-22T13:31:22Z</time>
      </trkpt>
      <trkpt lat="31.47292906201479" lon="120.25462082127476">
        <ele>8.30513842124492</ele>
        <time>2024-10-22T13:31:25Z</time>
      </trkpt>
      <trkpt lat="31.47304824819015" lon="120.25444280048262">
        <ele>8.68418169952929</ele>
        <time>2024-10-22T13:31:32Z</time>
      </trkpt>
      <trkpt lat="31.473094828117436" lon="120.25432034063806">
        <ele>8.33479418605566</ele>
        <time>2024-10-22T13:31:36Z</time>
      </trkpt>
      <trkpt lat="31.473096038194896" lon="120.25419915919657">
        <ele>8.206181702204049</ele>
        <time>2024-10-22T13:31:40Z</time>
      </trkpt>
      <trkpt lat="31.47307921549024" lon="120.2540905204962">
        <ele>7.517309229820967</ele>
        <time>2024-10-22T13:31:44Z</time>
      </trkpt>
      <trkpt lat="31.47304247577387" lon="120.25398427688344">
        <ele>7.435768722556531</ele>
        <time>2024-10-22T13:31:48Z</time>
      </trkpt>
      <trkpt lat="31.472962035400112" lon="120.25390577963363">
        <ele>7.735432947985828</ele>
        <time>2024-10-22T13:31:52Z</time>
      </trkpt>
      <trkpt lat="31.472658937564283" lon="120.25380557193557">
        <ele>8.642908342182636</ele>
        <time>2024-10-22T13:32:04Z</time>
      </trkpt>
      <trkpt lat="31.472369718744996" lon="120.25372297538118">
        <ele>9.103924702852964</ele>
        <time>2024-10-22T13:32:16Z</time>
      </trkpt>
      <trkpt lat="31.47205381604278" lon="120.25367741539351">
        <ele>8.019942383281887</ele>
        <time>2024-10-22T13:32:28Z</time>
      </trkpt>
      <trkpt lat="31.47194730619107" lon="120.25367296775515">
        <ele>8.913372318260372</ele>
        <time>2024-10-22T13:32:32Z</time>
      </trkpt>
      <trkpt lat="31.47185337313635" lon="120.25372272900118">
        <ele>8.122026042081416</ele>
        <time>2024-10-22T13:32:36Z</time>
      </trkpt>
      <trkpt lat="31.471715835491082" lon="120.25387046006941">
        <ele>6.896758541464806</ele>
        <time>2024-10-22T13:32:44Z</time>
      </trkpt>
      <trkpt lat="31.471672928583082" lon="120.25398120220227">
        <ele>5.928743687458336</ele>
        <time>2024-10-22T13:32:48Z</time>
      </trkpt>
      <trkpt lat="31.47165987463196" lon="120.25420138885042">
        <ele>3.1692965188995004</ele>
        <time>2024-10-22T13:32:56Z</time>
      </trkpt>
      <trkpt lat="31.47177488120837" lon="120.25441416662301">
        <ele>4.764877564273775</ele>
        <time>2024-10-22T13:33:04Z</time>
      </trkpt>
      <trkpt lat="31.471856707505854" lon="120.25449459990477">
        <ele>5.171132328920066</ele>
        <time>2024-10-22T13:33:08Z</time>
      </trkpt>
      <trkpt lat="31.47195836952142" lon="120.2545421547077">
        <ele>6.3493666695430875</ele>
        <time>2024-10-22T13:33:12Z</time>
      </trkpt>
      <trkpt lat="31.472250273661924" lon="120.2546067519541">
        <ele>7.607451690360904</ele>
        <time>2024-10-22T13:33:24Z</time>
      </trkpt>
      <trkpt lat="31.472564866769574" lon="120.25467419708114">
        <ele>9.46084542479366</ele>
        <time>2024-10-22T13:33:36Z</time>
      </trkpt>
      <trkpt lat="31.472756161012743" lon="120.25469721133632">
        <ele>7.609025150537491</ele>
        <time>2024-10-22T13:33:44Z</time>
      </trkpt>
      <trkpt lat="31.472845232908284" lon="120.25467491892783">
        <ele>7.499545645900071</ele>
        <time>2024-10-22T13:33:48Z</time>
      </trkpt>
      <trkpt lat="31.47293560176137" lon="120.25461558535314">
        <ele>7.7956278985366225</ele>
        <time>2024-10-22T13:33:52Z</time>
      </trkpt>
      <trkpt lat="31.473060591181163" lon="120.25443477648317">
        <ele>6.469701546244323</ele>
        <time>2024-10-22T13:34:00Z</time>
      </trkpt>
      <trkpt lat="31.47309862603757" lon="120.25430831799594">
        <ele>7.7670410657301545</ele>
        <time>2024-10-22T13:34:04Z</time>
      </trkpt>
      <trkpt lat="31.47311155569981" lon="120.25417141800962">
        <ele>6.5644963178783655</ele>
        <time>2024-10-22T13:34:08Z</time>
      </trkpt>
      <trkpt lat="31.473045209630087" lon="120.25395637528727">
        <ele>6.9796182392165065</ele>
        <time>2024-10-22T13:34:16Z</time>
      </trkpt>
      <trkpt lat="31.47297329554165" lon="120.25386578470655">
        <ele>9.055802629329264</ele>
        <time>2024-10-22T13:34:20Z</time>
      </trkpt>
      <trkpt lat="31.472859195248745" lon="120.25378420900748">
        <ele>8.5443784147501</ele>
        <time>2024-10-22T13:34:24Z</time>
      </trkpt>
      <trkpt lat="31.472748531571472" lon="120.25375135167214">
        <ele>8.456887622363865</ele>
        <time>2024-10-22T13:34:28Z</time>
      </trkpt>
      <trkpt lat="31.47254132970175" lon="120.25375124626747">
        <ele>5.159291624091566</ele>
        <time>2024-10-22T13:34:36Z</time>
      </trkpt>
      <trkpt lat="31.472444162549515" lon="120.25372003099616">
        <ele>7.54709938634187</ele>
        <time>2024-10-22T13:34:40Z</time>
      </trkpt>
      <trkpt lat="31.472372910394505" lon="120.25373132523751">
        <ele>8.71085927542299</ele>
        <time>2024-10-22T13:34:44Z</time>
      </trkpt>
      <trkpt lat="31.47215317215908" lon="120.25366622224354">
        <ele>7.158895645290613</ele>
        <time>2024-10-22T13:34:52Z</time>
      </trkpt>
      <trkpt lat="31.47193684887405" lon="120.25366080196717">
        <ele>7.612152847461402</ele>
        <time>2024-10-22T13:35:00Z</time>
      </trkpt>
      <trkpt lat="31.471834860478054" lon="120.25371259092432">
        <ele>6.556179513223469</ele>
        <time>2024-10-22T13:35:04Z</time>
      </trkpt>
      <trkpt lat="31.47170615105233" lon="120.25388039940253">
        <ele>5.539553998969495</ele>
        <time>2024-10-22T13:35:12Z</time>
      </trkpt>
      <trkpt lat="31.471674874857573" lon="120.25395561644532">
        <ele>4.9101443737745285</ele>
        <time>2024-10-22T13:35:15Z</time>
      </trkpt>
      <trkpt lat="31.47165203957733" lon="120.2541800341475">
        <ele>4.8577843541279435</ele>
        <time>2024-10-22T13:35:23Z</time>
      </trkpt>
      <trkpt lat="31.47168384250734" lon="120.25428289187586">
        <ele>6.3453427301719785</ele>
        <time>2024-10-22T13:35:27Z</time>
      </trkpt>
      <trkpt lat="31.47174459610056" lon="120.25438464374533">
        <ele>6.848841554485261</ele>
        <time>2024-10-22T13:35:31Z</time>
      </trkpt>
      <trkpt lat="31.4718169066708" lon="120.25445929303726">
        <ele>5.762163182720542</ele>
        <time>2024-10-22T13:35:35Z</time>
      </trkpt>
      <trkpt lat="31.47196840151699" lon="120.2545257665396">
        <ele>7.060173327103257</ele>
        <time>2024-10-22T13:35:43Z</time>
      </trkpt>
      <trkpt lat="31.472065672160426" lon="120.25453523077027">
        <ele>6.609344322234392</ele>
        <time>2024-10-22T13:35:47Z</time>
      </trkpt>
      <trkpt lat="31.47238737961593" lon="120.25461979121805">
        <ele>8.343541585840285</ele>
        <time>2024-10-22T13:35:59Z</time>
      </trkpt>
      <trkpt lat="31.47269434528172" lon="120.25468675051206">
        <ele>8.9181750388816</ele>
        <time>2024-10-22T13:36:11Z</time>
      </trkpt>
      <trkpt lat="31.47289481117505" lon="120.25464789409179">
        <ele>7.300218995660543</ele>
        <time>2024-10-22T13:36:19Z</time>
      </trkpt>
      <trkpt lat="31.47297426569596" lon="120.25457619433618">
        <ele>7.098080678842962</ele>
        <time>2024-10-22T13:36:23Z</time>
      </trkpt>
      <trkpt lat="31.47307357243622" lon="120.25437830420299">
        <ele>6.879812648519874</ele>
        <time>2024-10-22T13:36:31Z</time>
      </trkpt>
      <trkpt lat="31.473090264519346" lon="120.25424861904057">
        <ele>6.0686424588784575</ele>
        <time>2024-10-22T13:36:35Z</time>
      </trkpt>
      <trkpt lat="31.47307718971956" lon="120.25412842014212">
        <ele>6.048913803882897</ele>
        <time>2024-10-22T13:36:39Z</time>
      </trkpt>
      <trkpt lat="31.47294947043325" lon="120.2537998357709">
        <ele>8.765086838975549</ele>
        <time>2024-10-22T13:36:51Z</time>
      </trkpt>
      <trkpt lat="31.47287483267751" lon="120.2537188371516">
        <ele>10.154870907776058</ele>
        <time>2024-10-22T13:36:55Z</time>
      </trkpt>
      <trkpt lat="31.472851189242434" lon="120.25365661515774">
        <ele>8.411588848568499</ele>
        <time>2024-10-22T13:36:59Z</time>
      </trkpt>
      <trkpt lat="31.472844378736713" lon="120.25369168528529">
        <ele>5.620181758888066</ele>
        <time>2024-10-22T13:40:40Z</time>
      </trkpt>
      <trkpt lat="31.472682060289078" lon="120.25374432553218">
        <ele>6.159889975562692</ele>
        <time>2024-10-22T13:40:48Z</time>
      </trkpt>
      <trkpt lat="31.472582693639794" lon="120.25373782760754">
        <ele>7.230790504254401</ele>
        <time>2024-10-22T13:40:52Z</time>
      </trkpt>
      <trkpt lat="31.472488938243902" lon="120.2537595955157">
        <ele>8.452394597232342</ele>
        <time>2024-10-22T13:40:56Z</time>
      </trkpt>
      <trkpt lat="31.472169996078453" lon="120.2536558097259">
        <ele>7.852067617699504</ele>
        <time>2024-10-22T13:41:08Z</time>
      </trkpt>
      <trkpt lat="31.47190194435427" lon="120.25366459331967">
        <ele>10.783575414679945</ele>
        <time>2024-10-22T13:41:16Z</time>
      </trkpt>
      <trkpt lat="31.471812378605854" lon="120.25372999865847">
        <ele>8.933412513695657</ele>
        <time>2024-10-22T13:41:20Z</time>
      </trkpt>
      <trkpt lat="31.4717284950585" lon="120.25386254519184">
        <ele>9.7196855712682</ele>
        <time>2024-10-22T13:41:24Z</time>
      </trkpt>
      <trkpt lat="31.471681497158624" lon="120.25398935521297">
        <ele>8.963781528174877</ele>
        <time>2024-10-22T13:41:28Z</time>
      </trkpt>
      <trkpt lat="31.471655039279188" lon="120.25412720584926">
        <ele>9.45494881644845</ele>
        <time>2024-10-22T13:41:32Z</time>
      </trkpt>
      <trkpt lat="31.471704217564564" lon="120.25433299492016">
        <ele>6.510239663533866</ele>
        <time>2024-10-22T13:41:39Z</time>
      </trkpt>
      <trkpt lat="31.471805892489375" lon="120.25447364845127">
        <ele>6.404069111682475</ele>
        <time>2024-10-22T13:41:45Z</time>
      </trkpt>
      <trkpt lat="31.472051340051248" lon="120.25455293392389">
        <ele>7.603152548894286</ele>
        <time>2024-10-22T13:41:54Z</time>
      </trkpt>
      <trkpt lat="31.47215694288863" lon="120.25455768539484">
        <ele>8.20836236141622</ele>
        <time>2024-10-22T13:41:58Z</time>
      </trkpt>
      <trkpt lat="31.472470494309633" lon="120.25463210014532">
        <ele>9.173784176819026</ele>
        <time>2024-10-22T13:42:10Z</time>
      </trkpt>
      <trkpt lat="31.472759079755722" lon="120.25468313767726">
        <ele>6.5094764260575175</ele>
        <time>2024-10-22T13:42:22Z</time>
      </trkpt>
      <trkpt lat="31.472983517976377" lon="120.25459093409482">
        <ele>8.205966682173312</ele>
        <time>2024-10-22T13:42:30Z</time>
      </trkpt>
      <trkpt lat="31.47310272279483" lon="120.25440675785347">
        <ele>7.928561707958579</ele>
        <time>2024-10-22T13:42:38Z</time>
      </trkpt>
      <trkpt lat="31.473123432874257" lon="120.25414314046363">
        <ele>9.213914916850626</ele>
        <time>2024-10-22T13:42:46Z</time>
      </trkpt>
      <trkpt lat="31.473072665910905" lon="120.25403438331549">
        <ele>9.716214950196445</ele>
        <time>2024-10-22T13:42:50Z</time>
      </trkpt>
      <trkpt lat="31.4729324106949" lon="120.25386629429453">
        <ele>10.09282776620239</ele>
        <time>2024-10-22T13:42:58Z</time>
      </trkpt>
      <trkpt lat="31.47264872994073" lon="120.25379952401366">
        <ele>9.413510232232511</ele>
        <time>2024-10-22T13:43:10Z</time>
      </trkpt>
      <trkpt lat="31.472338759498985" lon="120.25371458626431">
        <ele>9.319988043047488</ele>
        <time>2024-10-22T13:43:22Z</time>
      </trkpt>
      <trkpt lat="31.472126959130776" lon="120.25366243613523">
        <ele>9.065986601635814</ele>
        <time>2024-10-22T13:43:30Z</time>
      </trkpt>
      <trkpt lat="31.471908402995716" lon="120.25368833232446">
        <ele>9.004221272654831</ele>
        <time>2024-10-22T13:43:38Z</time>
      </trkpt>
      <trkpt lat="31.471776345419915" lon="120.25375888994272">
        <ele>6.468060880899429</ele>
        <time>2024-10-22T13:43:44Z</time>
      </trkpt>
      <trkpt lat="31.47169335162859" lon="120.25384548095228">
        <ele>7.0023555951192975</ele>
        <time>2024-10-22T13:43:48Z</time>
      </trkpt>
      <trkpt lat="31.47164489712966" lon="120.25405297231279">
        <ele>5.7358188377693295</ele>
        <time>2024-10-22T13:43:55Z</time>
      </trkpt>
      <trkpt lat="31.471658781792016" lon="120.25418875604895">
        <ele>6.499823783524334</ele>
        <time>2024-10-22T13:43:59Z</time>
      </trkpt>
      <trkpt lat="31.471696910374366" lon="120.25431049197037">
        <ele>4.581155342049897</ele>
        <time>2024-10-22T13:44:03Z</time>
      </trkpt>
      <trkpt lat="31.47176228958818" lon="120.25443087222972">
        <ele>3.9517790842801332</ele>
        <time>2024-10-22T13:44:07Z</time>
      </trkpt>
      <trkpt lat="31.47185018574244" lon="120.25453024341469">
        <ele>7.201477165333927</ele>
        <time>2024-10-22T13:44:11Z</time>
      </trkpt>
      <trkpt lat="31.47213374176808" lon="120.25459481556021">
        <ele>9.144098904915154</ele>
        <time>2024-10-22T13:44:21Z</time>
      </trkpt>
      <trkpt lat="31.472454974293687" lon="120.25464733686174">
        <ele>6.760936453007162</ele>
        <time>2024-10-22T13:44:34Z</time>
      </trkpt>
      <trkpt lat="31.47256454151698" lon="120.25467615086463">
        <ele>7.772737191990018</ele>
        <time>2024-10-22T13:44:38Z</time>
      </trkpt>
      <trkpt lat="31.472655299278596" lon="120.25467258573747">
        <ele>9.296941576525569</ele>
        <time>2024-10-22T13:44:42Z</time>
      </trkpt>
      <trkpt lat="31.472752043675914" lon="120.25469343112503">
        <ele>7.7903938964009285</ele>
        <time>2024-10-22T13:44:46Z</time>
      </trkpt>
      <trkpt lat="31.472949122448064" lon="120.25462130893263">
        <ele>7.349215853959322</ele>
        <time>2024-10-22T13:44:54Z</time>
      </trkpt>
      <trkpt lat="31.473035651904624" lon="120.25454209786393">
        <ele>6.3016354367136955</ele>
        <time>2024-10-22T13:44:58Z</time>
      </trkpt>
      <trkpt lat="31.473072067870824" lon="120.2544213549372">
        <ele>5.2021703729406</ele>
        <time>2024-10-22T13:45:02Z</time>
      </trkpt>
      <trkpt lat="31.47307333803319" lon="120.2540792284882">
        <ele>3.026136761531234</ele>
        <time>2024-10-22T13:45:14Z</time>
      </trkpt>
      <trkpt lat="31.473028291010124" lon="120.25394678789242">
        <ele>5.098792462609708</ele>
        <time>2024-10-22T13:45:18Z</time>
      </trkpt>
      <trkpt lat="31.47287733720676" lon="120.2537934748104">
        <ele>6.27891406044364</ele>
        <time>2024-10-22T13:45:26Z</time>
      </trkpt>
      <trkpt lat="31.472609926278" lon="120.25376008856952">
        <ele>9.223286979831755</ele>
        <time>2024-10-22T13:45:38Z</time>
      </trkpt>
      <trkpt lat="31.472526723753845" lon="120.25376504158817">
        <ele>8.663540211506188</ele>
        <time>2024-10-22T13:45:42Z</time>
      </trkpt>
      <trkpt lat="31.47225676109999" lon="120.25370414553944">
        <ele>8.157955465838313</ele>
        <time>2024-10-22T13:45:53Z</time>
      </trkpt>
      <trkpt lat="31.472060405279997" lon="120.2536580370559">
        <ele>7.951571943238378</ele>
        <time>2024-10-22T13:46:01Z</time>
      </trkpt>
      <trkpt lat="31.47186417366926" lon="120.25369773657852">
        <ele>7.467488371767104</ele>
        <time>2024-10-22T13:46:09Z</time>
      </trkpt>
      <trkpt lat="31.471779343117017" lon="120.25376688170894">
        <ele>5.740043395198882</ele>
        <time>2024-10-22T13:46:13Z</time>
      </trkpt>
      <trkpt lat="31.47170399401556" lon="120.25387008298779">
        <ele>5.618912909179926</ele>
        <time>2024-10-22T13:46:17Z</time>
      </trkpt>
      <trkpt lat="31.471660982312596" lon="120.25397394228376">
        <ele>6.030358378775418</ele>
        <time>2024-10-22T13:46:21Z</time>
      </trkpt>
      <trkpt lat="31.471649143602075" lon="120.2540820489023">
        <ele>5.758127175271511</ele>
        <time>2024-10-22T13:46:25Z</time>
      </trkpt>
      <trkpt lat="31.471694195897115" lon="120.25431709233455">
        <ele>6.893380098044872</ele>
        <time>2024-10-22T13:46:33Z</time>
      </trkpt>
      <trkpt lat="31.471747424787768" lon="120.25441262514028">
        <ele>4.467737208120525</ele>
        <time>2024-10-22T13:46:37Z</time>
      </trkpt>
      <trkpt lat="31.471829635911167" lon="120.25449885363939">
        <ele>5.343253432773054</ele>
        <time>2024-10-22T13:46:41Z</time>
      </trkpt>
      <trkpt lat="31.471924254013157" lon="120.25453712197937">
        <ele>4.629454989917576</ele>
        <time>2024-10-22T13:46:45Z</time>
      </trkpt>
      <trkpt lat="31.472021875882174" lon="120.2545386276691">
        <ele>7.796095972880721</ele>
        <time>2024-10-22T13:46:49Z</time>
      </trkpt>
      <trkpt lat="31.47211227787139" lon="120.25458352000736">
        <ele>6.345281387679279</ele>
        <time>2024-10-22T13:46:53Z</time>
      </trkpt>
      <trkpt lat="31.472407655141197" lon="120.25465230308586">
        <ele>6.0053282510489225</ele>
        <time>2024-10-22T13:47:05Z</time>
      </trkpt>
      <trkpt lat="31.47268083938638" lon="120.25469893077027">
        <ele>7.897526627406478</ele>
        <time>2024-10-22T13:47:17Z</time>
      </trkpt>
      <trkpt lat="31.472773088557403" lon="120.2547094039015">
        <ele>7.8533659325912595</ele>
        <time>2024-10-22T13:47:21Z</time>
      </trkpt>
      <trkpt lat="31.472875841356274" lon="120.25466834154338">
        <ele>8.628816842101514</ele>
        <time>2024-10-22T13:47:25Z</time>
      </trkpt>
      <trkpt lat="31.472965132227028" lon="120.25460575140522">
        <ele>8.005279914475977</ele>
        <time>2024-10-22T13:47:29Z</time>
      </trkpt>
      <trkpt lat="31.473027272115527" lon="120.25451555003598">
        <ele>6.832921330817044</ele>
        <time>2024-10-22T13:47:33Z</time>
      </trkpt>
      <trkpt lat="31.473087386651006" lon="120.25430359930742">
        <ele>6.1406192453578115</ele>
        <time>2024-10-22T13:47:41Z</time>
      </trkpt>
      <trkpt lat="31.473082358632404" lon="120.25406400168849">
        <ele>6.285090751945972</ele>
        <time>2024-10-22T13:47:49Z</time>
      </trkpt>
      <trkpt lat="31.472964567346352" lon="120.25386581255628">
        <ele>7.778634687885642</ele>
        <time>2024-10-22T13:47:58Z</time>
      </trkpt>
      <trkpt lat="31.472888072296033" lon="120.2538214260486">
        <ele>7.341533756814897</ele>
        <time>2024-10-22T13:48:02Z</time>
      </trkpt>
      <trkpt lat="31.47273199763961" lon="120.25377462302568">
        <ele>6.440880659967661</ele>
        <time>2024-10-22T13:48:10Z</time>
      </trkpt>
      <trkpt lat="31.47243725543466" lon="120.25373523077096">
        <ele>7.333206653594971</ele>
        <time>2024-10-22T13:48:22Z</time>
      </trkpt>
      <trkpt lat="31.472344641275193" lon="120.2537292275965">
        <ele>9.115232941694558</ele>
        <time>2024-10-22T13:48:26Z</time>
      </trkpt>
      <trkpt lat="31.472243193667524" lon="120.25368926087279">
        <ele>7.87994284927845</ele>
        <time>2024-10-22T13:48:30Z</time>
      </trkpt>
      <trkpt lat="31.472027356205867" lon="120.25367015864711">
        <ele>7.009700854308903</ele>
        <time>2024-10-22T13:48:38Z</time>
      </trkpt>
      <trkpt lat="31.471925657911044" lon="120.25368031782799">
        <ele>5.544160325080156</ele>
        <time>2024-10-22T13:48:42Z</time>
      </trkpt>
      <trkpt lat="31.47181724444573" lon="120.25375242459836">
        <ele>7.998337183147669</ele>
        <time>2024-10-22T13:48:46Z</time>
      </trkpt>
      <trkpt lat="31.471697624379075" lon="120.25396061762171">
        <ele>7.825934055261314</ele>
        <time>2024-10-22T13:48:54Z</time>
      </trkpt>
      <trkpt lat="31.471679760266714" lon="120.25410325209171">
        <ele>8.255270431749523</ele>
        <time>2024-10-22T13:48:58Z</time>
      </trkpt>
      <trkpt lat="31.471731747184425" lon="120.25434574827395">
        <ele>10.334857542067766</ele>
        <time>2024-10-22T13:49:06Z</time>
      </trkpt>
      <trkpt lat="31.471790613572427" lon="120.25445009849021">
        <ele>8.014395102858543</ele>
        <time>2024-10-22T13:49:10Z</time>
      </trkpt>
      <trkpt lat="31.47188139310195" lon="120.25451910368182">
        <ele>7.478299497626722</ele>
        <time>2024-10-22T13:49:14Z</time>
      </trkpt>
      <trkpt lat="31.47200018684852" lon="120.25456373427392">
        <ele>7.275640077888966</ele>
        <time>2024-10-22T13:49:18Z</time>
      </trkpt>
      <trkpt lat="31.47231942947366" lon="120.25462387027783">
        <ele>7.490151019766927</ele>
        <time>2024-10-22T13:49:30Z</time>
      </trkpt>
      <trkpt lat="31.472628058885416" lon="120.25468921830785">
        <ele>9.88133607711643</ele>
        <time>2024-10-22T13:49:42Z</time>
      </trkpt>
      <trkpt lat="31.472811747224345" lon="120.25469785362839">
        <ele>9.874852440319955</ele>
        <time>2024-10-22T13:49:50Z</time>
      </trkpt>
      <trkpt lat="31.472966930140696" lon="120.25461229335028">
        <ele>8.7538758283481</ele>
        <time>2024-10-22T13:49:57Z</time>
      </trkpt>
      <trkpt lat="31.47306833328985" lon="120.25446913089665">
        <ele>6.957099540159106</ele>
        <time>2024-10-22T13:50:03Z</time>
      </trkpt>
      <trkpt lat="31.47309446209935" lon="120.25435216553535">
        <ele>6.190495174378157</ele>
        <time>2024-10-22T13:50:07Z</time>
      </trkpt>
      <trkpt lat="31.473082808346117" lon="120.25411702972356">
        <ele>8.19587831851095</ele>
        <time>2024-10-22T13:50:15Z</time>
      </trkpt>
      <trkpt lat="31.473055379686965" lon="120.25399471903908">
        <ele>7.474814060144126</ele>
        <time>2024-10-22T13:50:19Z</time>
      </trkpt>
      <trkpt lat="31.472913472478044" lon="120.2538367674936">
        <ele>7.935913333669305</ele>
        <time>2024-10-22T13:50:27Z</time>
      </trkpt>
      <trkpt lat="31.472811242801285" lon="120.25379475489703">
        <ele>8.0026426743716</ele>
        <time>2024-10-22T13:50:31Z</time>
      </trkpt>
      <trkpt lat="31.472720310281503" lon="120.25379099016098">
        <ele>7.986895255744457</ele>
        <time>2024-10-22T13:50:35Z</time>
      </trkpt>
      <trkpt lat="31.472557686305688" lon="120.2537353750088">
        <ele>7.427669225260615</ele>
        <time>2024-10-22T13:50:42Z</time>
      </trkpt>
      <trkpt lat="31.472456858474235" lon="120.25372819345691">
        <ele>5.755323161371052</ele>
        <time>2024-10-22T13:50:46Z</time>
      </trkpt>
      <trkpt lat="31.47214642813259" lon="120.25364796025652">
        <ele>7.311758717522025</ele>
        <time>2024-10-22T13:50:58Z</time>
      </trkpt>
      <trkpt lat="31.47196368630173" lon="120.2536188182642">
        <ele>6.925098159350455</ele>
        <time>2024-10-22T13:51:06Z</time>
      </trkpt>
      <trkpt lat="31.47186903265808" lon="120.25366709885087">
        <ele>6.582371845841408</ele>
        <time>2024-10-22T13:51:10Z</time>
      </trkpt>
      <trkpt lat="31.47179274168804" lon="120.25372949828257">
        <ele>6.879767745733261</ele>
        <time>2024-10-22T13:51:14Z</time>
      </trkpt>
      <trkpt lat="31.47167055235964" lon="120.2538974633761">
        <ele>5.260950515978038</ele>
        <time>2024-10-22T13:51:22Z</time>
      </trkpt>
      <trkpt lat="31.471655143978623" lon="120.25412726032422">
        <ele>4.708881554193795</ele>
        <time>2024-10-22T13:51:30Z</time>
      </trkpt>
      <trkpt lat="31.471668755377838" lon="120.25426052302394">
        <ele>7.025209574960172</ele>
        <time>2024-10-22T13:51:34Z</time>
      </trkpt>
      <trkpt lat="31.47171407136132" lon="120.25437236430443">
        <ele>5.747879174537957</ele>
        <time>2024-10-22T13:51:38Z</time>
      </trkpt>
      <trkpt lat="31.471794269825256" lon="120.25447608169638">
        <ele>7.9639429012313485</ele>
        <time>2024-10-22T13:51:42Z</time>
      </trkpt>
      <trkpt lat="31.471886868714464" lon="120.25453646880757">
        <ele>8.378321753814816</ele>
        <time>2024-10-22T13:51:46Z</time>
      </trkpt>
      <trkpt lat="31.472111971058148" lon="120.25460665228805">
        <ele>7.872245351783931</ele>
        <time>2024-10-22T13:51:54Z</time>
      </trkpt>
      <trkpt lat="31.472313926779325" lon="120.25462005608495">
        <ele>8.302870467305183</ele>
        <time>2024-10-22T13:52:02Z</time>
      </trkpt>
      <trkpt lat="31.472675905766607" lon="120.25469360152493">
        <ele>6.6980608850717545</ele>
        <time>2024-10-22T13:52:16Z</time>
      </trkpt>
      <trkpt lat="31.47277743172249" lon="120.25470219401788">
        <ele>6.980248373001814</ele>
        <time>2024-10-22T13:52:20Z</time>
      </trkpt>
      <trkpt lat="31.472879911446558" lon="120.25467970657111">
        <ele>7.286234995350242</ele>
        <time>2024-10-22T13:52:24Z</time>
      </trkpt>
      <trkpt lat="31.472967742391294" lon="120.25462908259588">
        <ele>7.9342384515330195</ele>
        <time>2024-10-22T13:52:28Z</time>
      </trkpt>
      <trkpt lat="31.473109724180443" lon="120.25431940302308">
        <ele>7.392611060291529</ele>
        <time>2024-10-22T13:52:40Z</time>
      </trkpt>
      <trkpt lat="31.473119366973425" lon="120.25420054039874">
        <ele>5.923640006221831</ele>
        <time>2024-10-22T13:52:44Z</time>
      </trkpt>
      <trkpt lat="31.473088517361024" lon="120.25408021583932">
        <ele>6.419778763316572</ele>
        <time>2024-10-22T13:52:48Z</time>
      </trkpt>
      <trkpt lat="31.472986207558343" lon="120.2539049272381">
        <ele>8.063408019952476</ele>
        <time>2024-10-22T13:52:56Z</time>
      </trkpt>
      <trkpt lat="31.472911009453476" lon="120.25384443055735">
        <ele>7.57537332829088</ele>
        <time>2024-10-22T13:53:00Z</time>
      </trkpt>
      <trkpt lat="31.472755569329884" lon="120.25381006306984">
        <ele>7.331444967538118</ele>
        <time>2024-10-22T13:53:08Z</time>
      </trkpt>
      <trkpt lat="31.47266961690542" lon="120.25374952607223">
        <ele>5.815803335048258</ele>
        <time>2024-10-22T13:53:12Z</time>
      </trkpt>
      <trkpt lat="31.47257295406909" lon="120.25376604648005">
        <ele>6.511671856045723</ele>
        <time>2024-10-22T13:53:16Z</time>
      </trkpt>
      <trkpt lat="31.472458799202805" lon="120.25372199205587">
        <ele>5.917430266737938</ele>
        <time>2024-10-22T13:53:20Z</time>
      </trkpt>
      <trkpt lat="31.472266496513022" lon="120.2536948061033">
        <ele>5.6153452368453145</ele>
        <time>2024-10-22T13:53:28Z</time>
      </trkpt>
      <trkpt lat="31.472168438058027" lon="120.25366089411996">
        <ele>5.135660343803465</ele>
        <time>2024-10-22T13:53:32Z</time>
      </trkpt>
      <trkpt lat="31.471962974512884" lon="120.25364597054023">
        <ele>6.632390726357698</ele>
        <time>2024-10-22T13:53:40Z</time>
      </trkpt>
      <trkpt lat="31.471870573266283" lon="120.25368012072062">
        <ele>7.831896624527872</ele>
        <time>2024-10-22T13:53:44Z</time>
      </trkpt>
      <trkpt lat="31.471777058866817" lon="120.25374037207925">
        <ele>6.819407543167472</ele>
        <time>2024-10-22T13:53:48Z</time>
      </trkpt>
      <trkpt lat="31.471712776565244" lon="120.25384197624177">
        <ele>7.3885751767084</ele>
        <time>2024-10-22T13:53:52Z</time>
      </trkpt>
      <trkpt lat="31.47167336601828" lon="120.25394603807692">
        <ele>7.1453291131183505</ele>
        <time>2024-10-22T13:53:56Z</time>
      </trkpt>
      <trkpt lat="31.471667858718305" lon="120.25418353053868">
        <ele>5.207455665804446</ele>
        <time>2024-10-22T13:54:04Z</time>
      </trkpt>
      <trkpt lat="31.471702908855445" lon="120.25430895834057">
        <ele>7.5731727089732885</ele>
        <time>2024-10-22T13:54:08Z</time>
      </trkpt>
      <trkpt lat="31.471808523681876" lon="120.25447324922361">
        <ele>7.518191607668996</ele>
        <time>2024-10-22T13:54:15Z</time>
      </trkpt>
      <trkpt lat="31.471886131322577" lon="120.25453488499625">
        <ele>7.736941883340478</ele>
        <time>2024-10-22T13:54:19Z</time>
      </trkpt>
      <trkpt lat="31.472208345494703" lon="120.25460167295454">
        <ele>7.042307328432798</ele>
        <time>2024-10-22T13:54:31Z</time>
      </trkpt>
      <trkpt lat="31.472312835544084" lon="120.25459453061448">
        <ele>4.608094240538776</ele>
        <time>2024-10-22T13:54:35Z</time>
      </trkpt>
      <trkpt lat="31.472614559377266" lon="120.25464233701071">
        <ele>7.955069006420672</ele>
        <time>2024-10-22T13:54:47Z</time>
      </trkpt>
      <trkpt lat="31.472818771560384" lon="120.25466809616711">
        <ele>6.294152804650366</ele>
        <time>2024-10-22T13:54:55Z</time>
      </trkpt>
      <trkpt lat="31.472916925960927" lon="120.2546439250034">
        <ele>8.625645685009658</ele>
        <time>2024-10-22T13:54:59Z</time>
      </trkpt>
      <trkpt lat="31.473013974695018" lon="120.25458494521565">
        <ele>5.956387276761234</ele>
        <time>2024-10-22T13:55:03Z</time>
      </trkpt>
      <trkpt lat="31.47307400612394" lon="120.25450087814801">
        <ele>5.09401682112366</ele>
        <time>2024-10-22T13:55:07Z</time>
      </trkpt>
      <trkpt lat="31.473117594134525" lon="120.25439064867062">
        <ele>4.865691843442619</ele>
        <time>2024-10-22T13:55:11Z</time>
      </trkpt>
      <trkpt lat="31.473128499833194" lon="120.25427118379139">
        <ele>4.152054477483034</ele>
        <time>2024-10-22T13:55:15Z</time>
      </trkpt>
      <trkpt lat="31.473113394387575" lon="120.25415718622381">
        <ele>5.1261096047237515</ele>
        <time>2024-10-22T13:55:19Z</time>
      </trkpt>
      <trkpt lat="31.473024751863594" lon="120.25394755567318">
        <ele>4.923603221774101</ele>
        <time>2024-10-22T13:55:27Z</time>
      </trkpt>
      <trkpt lat="31.472940287206242" lon="120.25387752530516">
        <ele>6.099845559336245</ele>
        <time>2024-10-22T13:55:31Z</time>
      </trkpt>
      <trkpt lat="31.472851289094532" lon="120.25383969721138">
        <ele>6.174205390736461</ele>
        <time>2024-10-22T13:55:35Z</time>
      </trkpt>
      <trkpt lat="31.47276870066255" lon="120.25385151390398">
        <ele>6.757365562953055</ele>
        <time>2024-10-22T13:55:39Z</time>
      </trkpt>
      <trkpt lat="31.47266226564827" lon="120.25381347332205">
        <ele>5.652966178953648</ele>
        <time>2024-10-22T13:55:43Z</time>
      </trkpt>
      <trkpt lat="31.472572526035453" lon="120.25380460931761">
        <ele>5.44135613180697</ele>
        <time>2024-10-22T13:55:47Z</time>
      </trkpt>
      <trkpt lat="31.4725030775692" lon="120.253859351698">
        <ele>6.722285672090948</ele>
        <time>2024-10-22T13:55:51Z</time>
      </trkpt>
      <trkpt lat="31.472384802121343" lon="120.25378999651353">
        <ele>6.3316587982699275</ele>
        <time>2024-10-22T13:55:55Z</time>
      </trkpt>
      <trkpt lat="31.47208191174485" lon="120.25367361721455">
        <ele>5.986271590925753</ele>
        <time>2024-10-22T13:56:07Z</time>
      </trkpt>
      <trkpt lat="31.471983219708353" lon="120.25364349143992">
        <ele>6.258747808635235</ele>
        <time>2024-10-22T13:56:11Z</time>
      </trkpt>
      <trkpt lat="31.471823985143484" lon="120.25369562515971">
        <ele>7.108403630554676</ele>
        <time>2024-10-22T13:56:18Z</time>
      </trkpt>
      <trkpt lat="31.471714672008535" lon="120.2538184246033">
        <ele>7.3473866153508425</ele>
        <time>2024-10-22T13:56:25Z</time>
      </trkpt>
      <trkpt lat="31.47166893660615" lon="120.25391842477421">
        <ele>6.565561010502279</ele>
        <time>2024-10-22T13:56:29Z</time>
      </trkpt>
      <trkpt lat="31.4716441373182" lon="120.25411834760953">
        <ele>6.535083232447505</ele>
        <time>2024-10-22T13:56:37Z</time>
      </trkpt>
      <trkpt lat="31.471709837855247" lon="120.25433514304227">
        <ele>7.155309582129121</ele>
        <time>2024-10-22T13:56:45Z</time>
      </trkpt>
      <trkpt lat="31.471766717117212" lon="120.25441525753979">
        <ele>6.053355651907623</ele>
        <time>2024-10-22T13:56:49Z</time>
      </trkpt>
      <trkpt lat="31.471934000323465" lon="120.25454598386457">
        <ele>7.493354262784123</ele>
        <time>2024-10-22T13:56:57Z</time>
      </trkpt>
      <trkpt lat="31.472117155401275" lon="120.25459244862971">
        <ele>5.479479057714343</ele>
        <time>2024-10-22T13:57:05Z</time>
      </trkpt>
      <trkpt lat="31.472405006223152" lon="120.25462394522123">
        <ele>4.991107965819538</ele>
        <time>2024-10-22T13:57:17Z</time>
      </trkpt>
      <trkpt lat="31.472682423237664" lon="120.2546698690087">
        <ele>5.835194434039295</ele>
        <time>2024-10-22T13:57:29Z</time>
      </trkpt>
      <trkpt lat="31.472783309082413" lon="120.25468298873699">
        <ele>6.680175337009132</ele>
        <time>2024-10-22T13:57:33Z</time>
      </trkpt>
      <trkpt lat="31.472879215760003" lon="120.25466924975512">
        <ele>6.439109928905964</ele>
        <time>2024-10-22T13:57:37Z</time>
      </trkpt>
      <trkpt lat="31.472988402908488" lon="120.25461555343797">
        <ele>7.74818214122206</ele>
        <time>2024-10-22T13:57:41Z</time>
      </trkpt>
      <trkpt lat="31.473108046810133" lon="120.2544349043806">
        <ele>6.5827377792447805</ele>
        <time>2024-10-22T13:57:49Z</time>
      </trkpt>
      <trkpt lat="31.473141854866025" lon="120.25432257285267">
        <ele>3.736377129331231</ele>
        <time>2024-10-22T13:57:53Z</time>
      </trkpt>
      <trkpt lat="31.473122246334395" lon="120.25408410307489">
        <ele>5.952635727822781</ele>
        <time>2024-10-22T13:58:01Z</time>
      </trkpt>
      <trkpt lat="31.473067857023548" lon="120.25398349816793">
        <ele>6.893970878794789</ele>
        <time>2024-10-22T13:58:05Z</time>
      </trkpt>
      <trkpt lat="31.472983073388974" lon="120.25388540471957">
        <ele>5.874752911739051</ele>
        <time>2024-10-22T13:58:09Z</time>
      </trkpt>
      <trkpt lat="31.472817942720727" lon="120.25379450666031">
        <ele>5.098816814832389</ele>
        <time>2024-10-22T13:58:17Z</time>
      </trkpt>
      <trkpt lat="31.47273587288139" lon="120.25380322455973">
        <ele>6.7538255816325545</ele>
        <time>2024-10-22T13:58:20Z</time>
      </trkpt>
      <trkpt lat="31.472654852915596" lon="120.25376063312706">
        <ele>6.298150006681681</ele>
        <time>2024-10-22T13:58:23Z</time>
      </trkpt>
      <trkpt lat="31.472504387157226" lon="120.25376614542921">
        <ele>7.579575460404158</ele>
        <time>2024-10-22T13:58:29Z</time>
      </trkpt>
      <trkpt lat="31.47241772598905" lon="120.25373025513765">
        <ele>8.203616002574563</ele>
        <time>2024-10-22T13:58:32Z</time>
      </trkpt>
      <trkpt lat="31.472326614377895" lon="120.25373707258139">
        <ele>8.954732712358236</ele>
        <time>2024-10-22T13:58:35Z</time>
      </trkpt>
      <trkpt lat="31.472220986160576" lon="120.25368919141268">
        <ele>6.791669748723507</ele>
        <time>2024-10-22T13:58:39Z</time>
      </trkpt>
      <trkpt lat="31.472022511864473" lon="120.25366160376714">
        <ele>6.920166619122028</ele>
        <time>2024-10-22T13:58:47Z</time>
      </trkpt>
      <trkpt lat="31.47192619563877" lon="120.25367426298169">
        <ele>6.386063416488469</ele>
        <time>2024-10-22T13:58:51Z</time>
      </trkpt>
      <trkpt lat="31.471757228362584" lon="120.25376489991795">
        <ele>7.599673632532358</ele>
        <time>2024-10-22T13:58:59Z</time>
      </trkpt>
      <trkpt lat="31.47165910506046" lon="120.25397263162822">
        <ele>6.584409223869443</ele>
        <time>2024-10-22T13:59:07Z</time>
      </trkpt>
      <trkpt lat="31.47165088386275" lon="120.2542157748674">
        <ele>5.0725835300982</ele>
        <time>2024-10-22T13:59:15Z</time>
      </trkpt>
      <trkpt lat="31.47169315426807" lon="120.25433568062874">
        <ele>5.921211873181164</ele>
        <time>2024-10-22T13:59:19Z</time>
      </trkpt>
      <trkpt lat="31.471752750402672" lon="120.2544332878671">
        <ele>5.644488345831633</ele>
        <time>2024-10-22T13:59:23Z</time>
      </trkpt>
      <trkpt lat="31.471886553164143" lon="120.2545396531043">
        <ele>7.084486505948007</ele>
        <time>2024-10-22T13:59:29Z</time>
      </trkpt>
      <trkpt lat="31.472047559545892" lon="120.25456139142148">
        <ele>5.181004775688052</ele>
        <time>2024-10-22T13:59:36Z</time>
      </trkpt>
      <trkpt lat="31.4721564084849" lon="120.25460419898964">
        <ele>5.1586318258196115</ele>
        <time>2024-10-22T13:59:40Z</time>
      </trkpt>
      <trkpt lat="31.472452500993697" lon="120.2546676316738">
        <ele>6.225194117985666</ele>
        <time>2024-10-22T13:59:52Z</time>
      </trkpt>
      <trkpt lat="31.472747975292222" lon="120.25470363563952">
        <ele>5.90841353032738</ele>
        <time>2024-10-22T14:00:04Z</time>
      </trkpt>
      <trkpt lat="31.472844230177866" lon="120.25466724280516">
        <ele>5.86992303095758</ele>
        <time>2024-10-22T14:00:08Z</time>
      </trkpt>
      <trkpt lat="31.472903702588923" lon="120.25459702601893">
        <ele>6.926479698158801</ele>
        <time>2024-10-22T14:00:12Z</time>
      </trkpt>
      <trkpt lat="31.472994530132155" lon="120.25453727899398">
        <ele>5.165127011947334</ele>
        <time>2024-10-22T14:00:16Z</time>
      </trkpt>
      <trkpt lat="31.473061990195962" lon="120.25443666543036">
        <ele>5.130102416500449</ele>
        <time>2024-10-22T14:00:20Z</time>
      </trkpt>
      <trkpt lat="31.473113070880853" lon="120.25424659531853">
        <ele>5.079124940559268</ele>
        <time>2024-10-22T14:00:27Z</time>
      </trkpt>
      <trkpt lat="31.473117965730932" lon="120.25416332091264">
        <ele>5.71669409237802</ele>
        <time>2024-10-22T14:00:30Z</time>
      </trkpt>
      <trkpt lat="31.47306845406918" lon="120.25401103010121">
        <ele>5.133924261666834</ele>
        <time>2024-10-22T14:00:36Z</time>
      </trkpt>
      <trkpt lat="31.47299521749589" lon="120.25390416182356">
        <ele>6.3149788631126285</ele>
        <time>2024-10-22T14:00:40Z</time>
      </trkpt>
      <trkpt lat="31.47281658227293" lon="120.25379865994182">
        <ele>6.9894242491573095</ele>
        <time>2024-10-22T14:00:48Z</time>
      </trkpt>
      <trkpt lat="31.472509644261656" lon="120.2537378567711">
        <ele>8.1495714597404</ele>
        <time>2024-10-22T14:01:00Z</time>
      </trkpt>
      <trkpt lat="31.472394003124567" lon="120.25374836059216">
        <ele>7.041868653148413</ele>
        <time>2024-10-22T14:01:04Z</time>
      </trkpt>
      <trkpt lat="31.472291528989565" lon="120.25370818733128">
        <ele>6.477862388826907</ele>
        <time>2024-10-22T14:01:08Z</time>
      </trkpt>
      <trkpt lat="31.47218380685155" lon="120.25371808012683">
        <ele>6.690892820246518</ele>
        <time>2024-10-22T14:01:12Z</time>
      </trkpt>
      <trkpt lat="31.472087786656036" lon="120.25369586281207">
        <ele>4.438212545588613</ele>
        <time>2024-10-22T14:01:16Z</time>
      </trkpt>
      <trkpt lat="31.471866517001725" lon="120.2537032009161">
        <ele>4.312198042869568</ele>
        <time>2024-10-22T14:01:24Z</time>
      </trkpt>
      <trkpt lat="31.47178377625561" lon="120.2537643371062">
        <ele>5.361255157738924</ele>
        <time>2024-10-22T14:01:28Z</time>
      </trkpt>
      <trkpt lat="31.471658147177124" lon="120.25392773120386">
        <ele>6.4265616508200765</ele>
        <time>2024-10-22T14:01:36Z</time>
      </trkpt>
      <trkpt lat="31.471644580124075" lon="120.25416693437222">
        <ele>4.4213880226016045</ele>
        <time>2024-10-22T14:01:44Z</time>
      </trkpt>
      <trkpt lat="31.4716561581436" lon="120.25427793273192">
        <ele>5.953350598923862</ele>
        <time>2024-10-22T14:01:48Z</time>
      </trkpt>
      <trkpt lat="31.471725369792335" lon="120.25438282476304">
        <ele>5.946819909848273</ele>
        <time>2024-10-22T14:01:52Z</time>
      </trkpt>
      <trkpt lat="31.471802024543987" lon="120.25445837267534">
        <ele>6.646740924566984</ele>
        <time>2024-10-22T14:01:56Z</time>
      </trkpt>
      <trkpt lat="31.471982107196705" lon="120.25453487602513">
        <ele>6.225362963974476</ele>
        <time>2024-10-22T14:02:04Z</time>
      </trkpt>
      <trkpt lat="31.47229729921289" lon="120.25459303005516">
        <ele>6.093622487038374</ele>
        <time>2024-10-22T14:02:16Z</time>
      </trkpt>
      <trkpt lat="31.472381310753097" lon="120.25463515910707">
        <ele>5.480643965303898</ele>
        <time>2024-10-22T14:02:20Z</time>
      </trkpt>
      <trkpt lat="31.472477149034525" lon="120.25462614312103">
        <ele>5.788254076614976</ele>
        <time>2024-10-22T14:02:24Z</time>
      </trkpt>
      <trkpt lat="31.47256685021183" lon="120.25466443578867">
        <ele>6.632805078290403</ele>
        <time>2024-10-22T14:02:28Z</time>
      </trkpt>
      <trkpt lat="31.47274384305899" lon="120.25468713064728">
        <ele>5.962565208785236</ele>
        <time>2024-10-22T14:02:35Z</time>
      </trkpt>
      <trkpt lat="31.47295868747903" lon="120.25457919264842">
        <ele>6.935927082784474</ele>
        <time>2024-10-22T14:02:44Z</time>
      </trkpt>
      <trkpt lat="31.473029995888318" lon="120.25451781204745">
        <ele>7.578139583580196</ele>
        <time>2024-10-22T14:02:47Z</time>
      </trkpt>
      <trkpt lat="31.473077723485687" lon="120.2544466384283">
        <ele>7.2703388361260295</ele>
        <time>2024-10-22T14:02:50Z</time>
      </trkpt>
      <trkpt lat="31.473107042611844" lon="120.25426854351477">
        <ele>7.117861481383443</ele>
        <time>2024-10-22T14:02:56Z</time>
      </trkpt>
      <trkpt lat="31.47308314036171" lon="120.25408965605597">
        <ele>7.7579324040561914</ele>
        <time>2024-10-22T14:03:02Z</time>
      </trkpt>
      <trkpt lat="31.47298608677326" lon="120.25389019816856">
        <ele>6.811769251711667</ele>
        <time>2024-10-22T14:03:09Z</time>
      </trkpt>
      <trkpt lat="31.47289965505841" lon="120.25383239438577">
        <ele>7.408428810536861</ele>
        <time>2024-10-22T14:03:13Z</time>
      </trkpt>
      <trkpt lat="31.472576112422544" lon="120.25373187799507">
        <ele>7.651542715728283</ele>
        <time>2024-10-22T14:03:25Z</time>
      </trkpt>
      <trkpt lat="31.472376040691756" lon="120.25372733976398">
        <ele>5.97176572214812</ele>
        <time>2024-10-22T14:03:33Z</time>
      </trkpt>
      <trkpt lat="31.47226812707528" lon="120.25369097676341">
        <ele>4.920896964147687</ele>
        <time>2024-10-22T14:03:37Z</time>
      </trkpt>
      <trkpt lat="31.472205764318073" lon="120.25371790799855">
        <ele>4.58500399440527</ele>
        <time>2024-10-22T14:03:40Z</time>
      </trkpt>
      <trkpt lat="31.47199394394375" lon="120.25368191261582">
        <ele>7.886255509220064</ele>
        <time>2024-10-22T14:03:48Z</time>
      </trkpt>
      <trkpt lat="31.471798921667887" lon="120.2537382108993">
        <ele>5.628627518191934</ele>
        <time>2024-10-22T14:03:56Z</time>
      </trkpt>
      <trkpt lat="31.471721436192368" lon="120.25379895876752">
        <ele>6.579139630310237</ele>
        <time>2024-10-22T14:04:00Z</time>
      </trkpt>
      <trkpt lat="31.471632572087575" lon="120.25400089235627">
        <ele>4.728368425741792</ele>
        <time>2024-10-22T14:04:08Z</time>
      </trkpt>
      <trkpt lat="31.471624505692724" lon="120.25410734212055">
        <ele>5.243268948979676</ele>
        <time>2024-10-22T14:04:12Z</time>
      </trkpt>
      <trkpt lat="31.471636208869104" lon="120.2542329696113">
        <ele>5.691170661710203</ele>
        <time>2024-10-22T14:04:16Z</time>
      </trkpt>
      <trkpt lat="31.47167901436088" lon="120.2543281090055">
        <ele>4.660514775663614</ele>
        <time>2024-10-22T14:04:20Z</time>
      </trkpt>
      <trkpt lat="31.47182093277427" lon="120.25449339086128">
        <ele>6.68781444337219</ele>
        <time>2024-10-22T14:04:28Z</time>
      </trkpt>
      <trkpt lat="31.47192146827555" lon="120.25454663063208">
        <ele>5.629493214190006</ele>
        <time>2024-10-22T14:04:32Z</time>
      </trkpt>
      <trkpt lat="31.472007832635985" lon="120.25457036896128">
        <ele>5.556754430755973</ele>
        <time>2024-10-22T14:04:36Z</time>
      </trkpt>
      <trkpt lat="31.472086624823483" lon="120.25456849549872">
        <ele>5.25021899305284</ele>
        <time>2024-10-22T14:04:39Z</time>
      </trkpt>
      <trkpt lat="31.472369116702225" lon="120.2546317462236">
        <ele>5.6800265135243535</ele>
        <time>2024-10-22T14:04:51Z</time>
      </trkpt>
      <trkpt lat="31.47264153685559" lon="120.25470399860264">
        <ele>5.823975906707346</ele>
        <time>2024-10-22T14:05:03Z</time>
      </trkpt>
      <trkpt lat="31.472815306760513" lon="120.25468378916956">
        <ele>7.008654477074742</ele>
        <time>2024-10-22T14:05:11Z</time>
      </trkpt>
      <trkpt lat="31.472916125621044" lon="120.25464015092099">
        <ele>6.011325299739838</ele>
        <time>2024-10-22T14:05:15Z</time>
      </trkpt>
      <trkpt lat="31.473002966358752" lon="120.25457942722275">
        <ele>7.052525155246258</ele>
        <time>2024-10-22T14:05:19Z</time>
      </trkpt>
      <trkpt lat="31.473118456522865" lon="120.25439281861492">
        <ele>4.8876385278999805</ele>
        <time>2024-10-22T14:05:27Z</time>
      </trkpt>
      <trkpt lat="31.47312362140591" lon="120.25413991905813">
        <ele>6.047026067040861</ele>
        <time>2024-10-22T14:05:35Z</time>
      </trkpt>
      <trkpt lat="31.47310757049885" lon="120.25404700331178">
        <ele>4.65012819506228</ele>
        <time>2024-10-22T14:05:39Z</time>
      </trkpt>
      <trkpt lat="31.47302994372475" lon="120.25393528868864">
        <ele>5.66974164173007</ele>
        <time>2024-10-22T14:05:43Z</time>
      </trkpt>
      <trkpt lat="31.472952409605448" lon="120.25385725255255">
        <ele>5.5217724945396185</ele>
        <time>2024-10-22T14:05:47Z</time>
      </trkpt>
      <trkpt lat="31.472662605321187" lon="120.25380031860308">
        <ele>7.429788672365248</ele>
        <time>2024-10-22T14:05:59Z</time>
      </trkpt>
      <trkpt lat="31.47255335947288" lon="120.25376491527592">
        <ele>7.423388320021331</ele>
        <time>2024-10-22T14:06:03Z</time>
      </trkpt>
      <trkpt lat="31.472464876383867" lon="120.25376265351842">
        <ele>5.609551224857569</ele>
        <time>2024-10-22T14:06:07Z</time>
      </trkpt>
      <trkpt lat="31.472165917484343" lon="120.25369410495976">
        <ele>5.036602409556508</ele>
        <time>2024-10-22T14:06:19Z</time>
      </trkpt>
      <trkpt lat="31.47196337176928" lon="120.25366266737461">
        <ele>4.482899788767099</ele>
        <time>2024-10-22T14:06:27Z</time>
      </trkpt>
      <trkpt lat="31.471859941568464" lon="120.25370502190896">
        <ele>5.66369841247797</ele>
        <time>2024-10-22T14:06:31Z</time>
      </trkpt>
      <trkpt lat="31.471689073313208" lon="120.25387064340566">
        <ele>6.241169882006943</ele>
        <time>2024-10-22T14:06:39Z</time>
      </trkpt>
      <trkpt lat="31.471650213556767" lon="120.25398068929583">
        <ele>7.1942889569327235</ele>
        <time>2024-10-22T14:06:43Z</time>
      </trkpt>
      <trkpt lat="31.471636675865266" lon="120.25416366662242">
        <ele>6.454349113628268</ele>
        <time>2024-10-22T14:06:49Z</time>
      </trkpt>
      <trkpt lat="31.471649367253722" lon="120.25425079397374">
        <ele>5.99477724917233</ele>
        <time>2024-10-22T14:06:52Z</time>
      </trkpt>
      <trkpt lat="31.471742452688336" lon="120.25444362940657">
        <ele>5.772504687309265</ele>
        <time>2024-10-22T14:06:59Z</time>
      </trkpt>
      <trkpt lat="31.471875766296645" lon="120.2545478284332">
        <ele>5.513988981023431</ele>
        <time>2024-10-22T14:07:05Z</time>
      </trkpt>
      <trkpt lat="31.472175238308967" lon="120.2546100747059">
        <ele>6.5310569033026695</ele>
        <time>2024-10-22T14:07:16Z</time>
      </trkpt>
      <trkpt lat="31.472484923380744" lon="120.25465815462323">
        <ele>6.221778613515198</ele>
        <time>2024-10-22T14:07:28Z</time>
      </trkpt>
      <trkpt lat="31.4727535276165" lon="120.25469831163252">
        <ele>5.727053439244628</ele>
        <time>2024-10-22T14:07:40Z</time>
      </trkpt>
      <trkpt lat="31.47285737499809" lon="120.2546814447056">
        <ele>5.807827381417155</ele>
        <time>2024-10-22T14:07:44Z</time>
      </trkpt>
      <trkpt lat="31.472951514144043" lon="120.25463097036122">
        <ele>4.990372895263135</ele>
        <time>2024-10-22T14:07:48Z</time>
      </trkpt>
      <trkpt lat="31.473083024594093" lon="120.25441452509801">
        <ele>4.7755148047581315</ele>
        <time>2024-10-22T14:07:56Z</time>
      </trkpt>
      <trkpt lat="31.473117574156976" lon="120.25428588289367">
        <ele>5.122338057495654</ele>
        <time>2024-10-22T14:08:00Z</time>
      </trkpt>
      <trkpt lat="31.473105764299433" lon="120.25413124521884">
        <ele>6.232681751251221</ele>
        <time>2024-10-22T14:08:04Z</time>
      </trkpt>
      <trkpt lat="31.47304743913144" lon="120.2539792881211">
        <ele>7.821367501281202</ele>
        <time>2024-10-22T14:08:08Z</time>
      </trkpt>
      <trkpt lat="31.472957172414418" lon="120.25386623830057">
        <ele>6.313052927143872</ele>
        <time>2024-10-22T14:08:12Z</time>
      </trkpt>
      <trkpt lat="31.472661543931373" lon="120.25377959712462">
        <ele>7.613172980956733</ele>
        <time>2024-10-22T14:08:20Z</time>
      </trkpt>
      <trkpt lat="31.472526384727445" lon="120.2537847497595">
        <ele>9.454474908299744</ele>
        <time>2024-10-22T14:08:24Z</time>
      </trkpt>
      <trkpt lat="31.47236132143585" lon="120.25376162225842">
        <ele>6.8485462768003345</ele>
        <time>2024-10-22T14:08:28Z</time>
      </trkpt>
      <trkpt lat="31.472245840451382" lon="120.25371582592587">
        <ele>8.556965648196638</ele>
        <time>2024-10-22T14:08:32Z</time>
      </trkpt>
      <trkpt lat="31.47197095399882" lon="120.25367226901535">
        <ele>6.503933187574148</ele>
        <time>2024-10-22T14:08:40Z</time>
      </trkpt>
      <trkpt lat="31.471871417762895" lon="120.25374918341076">
        <ele>5.271112127229571</ele>
        <time>2024-10-22T14:08:44Z</time>
      </trkpt>
      <trkpt lat="31.471757151965186" lon="120.25379254574457">
        <ele>5.759267051704228</ele>
        <time>2024-10-22T14:08:48Z</time>
      </trkpt>
      <trkpt lat="31.471697337796172" lon="120.25387419248497">
        <ele>5.780643335543573</ele>
        <time>2024-10-22T14:08:51Z</time>
      </trkpt>
      <trkpt lat="31.47165016832478" lon="120.25409705496851">
        <ele>9.18895466811955</ele>
        <time>2024-10-22T14:08:58Z</time>
      </trkpt>
      <trkpt lat="31.471693087278403" lon="120.2541676391716">
        <ele>5.377582122571766</ele>
        <time>2024-10-22T14:09:01Z</time>
      </trkpt>
      <trkpt lat="31.47171549872535" lon="120.25432474300146">
        <ele>6.951699855737388</ele>
        <time>2024-10-22T14:09:05Z</time>
      </trkpt>
      <trkpt lat="31.471772947294113" lon="120.25442680786479">
        <ele>7.421654210425913</ele>
        <time>2024-10-22T14:09:09Z</time>
      </trkpt>
      <trkpt lat="31.471846094631246" lon="120.25450247698696">
        <ele>6.275120854377747</ele>
        <time>2024-10-22T14:09:13Z</time>
      </trkpt>
      <trkpt lat="31.472026192044527" lon="120.25455447213315">
        <ele>11.745497399009764</ele>
        <time>2024-10-22T14:09:21Z</time>
      </trkpt>
      <trkpt lat="31.472142280988262" lon="120.25456305019475">
        <ele>11.151569474488497</ele>
        <time>2024-10-22T14:09:25Z</time>
      </trkpt>
      <trkpt lat="31.472283160046864" lon="120.25464003059001">
        <ele>7.6870045298710465</ele>
        <time>2024-10-22T14:09:29Z</time>
      </trkpt>
      <trkpt lat="31.47250690373497" lon="120.25465666071032">
        <ele>6.3429716899991035</ele>
        <time>2024-10-22T14:09:37Z</time>
      </trkpt>
      <trkpt lat="31.472618446828147" lon="120.2546903788972">
        <ele>7.063653780147433</ele>
        <time>2024-10-22T14:09:41Z</time>
      </trkpt>
      <trkpt lat="31.472725800124383" lon="120.25469658641352">
        <ele>8.9448547270149</ele>
        <time>2024-10-22T14:09:45Z</time>
      </trkpt>
      <trkpt lat="31.472854816566958" lon="120.25463963795328">
        <ele>6.602225317619741</ele>
        <time>2024-10-22T14:09:49Z</time>
      </trkpt>
      <trkpt lat="31.472958732959235" lon="120.25455304879003">
        <ele>4.859234071336687</ele>
        <time>2024-10-22T14:09:53Z</time>
      </trkpt>
      <trkpt lat="31.473009487361214" lon="120.25444300194582">
        <ele>5.792304017581046</ele>
        <time>2024-10-22T14:09:57Z</time>
      </trkpt>
      <trkpt lat="31.47307988550751" lon="120.25434580807784">
        <ele>5.878439290449023</ele>
        <time>2024-10-22T14:10:01Z</time>
      </trkpt>
      <trkpt lat="31.473111756797763" lon="120.25408964029624">
        <ele>5.271115796640515</ele>
        <time>2024-10-22T14:10:09Z</time>
      </trkpt>
      <trkpt lat="31.47309346968826" lon="120.25394163202238">
        <ele>5.544531005434692</ele>
        <time>2024-10-22T14:10:13Z</time>
      </trkpt>
      <trkpt lat="31.473035503790054" lon="120.2538307088686">
        <ele>6.16433404199779</ele>
        <time>2024-10-22T14:10:17Z</time>
      </trkpt>
      <trkpt lat="31.472837795334197" lon="120.25370948120712">
        <ele>5.57343886140734</ele>
        <time>2024-10-22T14:10:25Z</time>
      </trkpt>
      <trkpt lat="31.472837795334197" lon="120.25370948120712">
        <ele>5.57343886140734</ele>
        <time>2024-10-22T14:10:26Z</time>
      </trkpt>
      <trkpt lat="31.472760070084917" lon="120.25376003747918">
        <ele>6.0081675965338945</ele>
        <time>2024-10-22T14:16:21Z</time>
      </trkpt>
      <trkpt lat="31.47258231660811" lon="120.2537864145063">
        <ele>4.292503874748945</ele>
        <time>2024-10-22T14:16:29Z</time>
      </trkpt>
      <trkpt lat="31.47225808503513" lon="120.25370581712654">
        <ele>4.211035997606814</ele>
        <time>2024-10-22T14:16:41Z</time>
      </trkpt>
      <trkpt lat="31.472134424963013" lon="120.25366876189698">
        <ele>4.62695187330246</ele>
        <time>2024-10-22T14:16:45Z</time>
      </trkpt>
      <trkpt lat="31.472013935351946" lon="120.25366299505492">
        <ele>5.5781699968501925</ele>
        <time>2024-10-22T14:16:49Z</time>
      </trkpt>
      <trkpt lat="31.471859862754926" lon="120.25369193598316">
        <ele>8.635254063643515</ele>
        <time>2024-10-22T14:16:53Z</time>
      </trkpt>
      <trkpt lat="31.471761687851842" lon="120.25376932180434">
        <ele>8.921088607981801</ele>
        <time>2024-10-22T14:16:57Z</time>
      </trkpt>
      <trkpt lat="31.47166884888155" lon="120.25387135663006">
        <ele>8.442509503103793</ele>
        <time>2024-10-22T14:17:01Z</time>
      </trkpt>
      <trkpt lat="31.471622956384483" lon="120.25403210998986">
        <ele>5.6980189038440585</ele>
        <time>2024-10-22T14:17:05Z</time>
      </trkpt>
      <trkpt lat="31.47163832821759" lon="120.25418785019262">
        <ele>5.325648659840226</ele>
        <time>2024-10-22T14:17:09Z</time>
      </trkpt>
      <trkpt lat="31.471685969723715" lon="120.25433662474646">
        <ele>6.217528563924134</ele>
        <time>2024-10-22T14:17:13Z</time>
      </trkpt>
      <trkpt lat="31.47174296925157" lon="120.25442502080179">
        <ele>5.745369260199368</ele>
        <time>2024-10-22T14:17:16Z</time>
      </trkpt>
      <trkpt lat="31.47185000618562" lon="120.25452364917618">
        <ele>7.150386488065124</ele>
        <time>2024-10-22T14:17:20Z</time>
      </trkpt>
      <trkpt lat="31.471934111598717" lon="120.2545730619132">
        <ele>6.485601925291121</ele>
        <time>2024-10-22T14:17:23Z</time>
      </trkpt>
      <trkpt lat="31.472209919228682" lon="120.25460691967555">
        <ele>6.414419804699719</ele>
        <time>2024-10-22T14:17:33Z</time>
      </trkpt>
      <trkpt lat="31.47238293955949" lon="120.25462968471184">
        <ele>7.0013250801712275</ele>
        <time>2024-10-22T14:17:39Z</time>
      </trkpt>
      <trkpt lat="31.47263699421108" lon="120.25469780101857">
        <ele>6.180850255303085</ele>
        <time>2024-10-22T14:17:48Z</time>
      </trkpt>
      <trkpt lat="31.472765391127126" lon="120.2547124626481">
        <ele>7.815022587776184</ele>
        <time>2024-10-22T14:17:52Z</time>
      </trkpt>
      <trkpt lat="31.472983771022733" lon="120.25457536501902">
        <ele>5.887640167959034</ele>
        <time>2024-10-22T14:18:00Z</time>
      </trkpt>
      <trkpt lat="31.473062044293496" lon="120.25448627257846">
        <ele>6.777125437743962</ele>
        <time>2024-10-22T14:18:04Z</time>
      </trkpt>
      <trkpt lat="31.473108762485207" lon="120.25438277455495">
        <ele>7.076677878387272</ele>
        <time>2024-10-22T14:18:08Z</time>
      </trkpt>
      <trkpt lat="31.47313649596933" lon="120.25425177089018">
        <ele>5.479906348511577</ele>
        <time>2024-10-22T14:18:12Z</time>
      </trkpt>
      <trkpt lat="31.473127898838722" lon="120.25412678356473">
        <ele>6.0968117248266935</ele>
        <time>2024-10-22T14:18:16Z</time>
      </trkpt>
      <trkpt lat="31.47308598388742" lon="120.25399335147493">
        <ele>6.911319118924439</ele>
        <time>2024-10-22T14:18:20Z</time>
      </trkpt>
      <trkpt lat="31.47290398627711" lon="120.25388723649304">
        <ele>8.270341882482171</ele>
        <time>2024-10-22T14:18:28Z</time>
      </trkpt>
      <trkpt lat="31.472678496615625" lon="120.25381530698044">
        <ele>6.930781498551369</ele>
        <time>2024-10-22T14:18:36Z</time>
      </trkpt>
      <trkpt lat="31.472356769997205" lon="120.253773417151">
        <ele>5.598517389036715</ele>
        <time>2024-10-22T14:18:48Z</time>
      </trkpt>
      <trkpt lat="31.472037477274736" lon="120.253692645586">
        <ele>4.090900702401996</ele>
        <time>2024-10-22T14:19:00Z</time>
      </trkpt>
      <trkpt lat="31.4718255823325" lon="120.25373043992718">
        <ele>2.872946643270552</ele>
        <time>2024-10-22T14:19:08Z</time>
      </trkpt>
      <trkpt lat="31.4716761903334" lon="120.25389831848909">
        <ele>4.330899986438453</ele>
        <time>2024-10-22T14:19:16Z</time>
      </trkpt>
      <trkpt lat="31.47161729819894" lon="120.2540110526055">
        <ele>5.221209408715367</ele>
        <time>2024-10-22T14:19:20Z</time>
      </trkpt>
      <trkpt lat="31.471619386380613" lon="120.25421355031597">
        <ele>5.725917911157012</ele>
        <time>2024-10-22T14:19:27Z</time>
      </trkpt>
      <trkpt lat="31.47168158899185" lon="120.25437103596249">
        <ele>4.996149153448641</ele>
        <time>2024-10-22T14:19:33Z</time>
      </trkpt>
      <trkpt lat="31.471799051613992" lon="120.25450178959541">
        <ele>3.9900108128786087</ele>
        <time>2024-10-22T14:19:39Z</time>
      </trkpt>
      <trkpt lat="31.47186606462598" lon="120.25454425937936">
        <ele>4.4434476448222995</ele>
        <time>2024-10-22T14:19:42Z</time>
      </trkpt>
      <trkpt lat="31.47217503641557" lon="120.25462571405467">
        <ele>4.80981398653239</ele>
        <time>2024-10-22T14:19:54Z</time>
      </trkpt>
      <trkpt lat="31.472552021742203" lon="120.25469983124772">
        <ele>5.3050258830189705</ele>
        <time>2024-10-22T14:20:08Z</time>
      </trkpt>
      <trkpt lat="31.47263274585443" lon="120.25468801296842">
        <ele>5.252822471782565</ele>
        <time>2024-10-22T14:20:12Z</time>
      </trkpt>
      <trkpt lat="31.472744374083625" lon="120.25472661323636">
        <ele>5.872852231375873</ele>
        <time>2024-10-22T14:20:16Z</time>
      </trkpt>
      <trkpt lat="31.47294429239981" lon="120.25464931246022">
        <ele>5.46059740986675</ele>
        <time>2024-10-22T14:20:24Z</time>
      </trkpt>
      <trkpt lat="31.473033469227932" lon="120.25456321632134">
        <ele>6.289514866657555</ele>
        <time>2024-10-22T14:20:28Z</time>
      </trkpt>
      <trkpt lat="31.47309475997944" lon="120.25444583420322">
        <ele>6.776165540330112</ele>
        <time>2024-10-22T14:20:32Z</time>
      </trkpt>
      <trkpt lat="31.473120791477474" lon="120.25434614390001">
        <ele>6.114327843300998</ele>
        <time>2024-10-22T14:20:36Z</time>
      </trkpt>
      <trkpt lat="31.47313306214784" lon="120.25420903633655">
        <ele>6.079165260307491</ele>
        <time>2024-10-22T14:20:40Z</time>
      </trkpt>
      <trkpt lat="31.473126428927053" lon="120.25407873045921">
        <ele>6.529360662214458</ele>
        <time>2024-10-22T14:20:44Z</time>
      </trkpt>
      <trkpt lat="31.47306707760915" lon="120.25397735948269">
        <ele>6.284148038364947</ele>
        <time>2024-10-22T14:20:48Z</time>
      </trkpt>
      <trkpt lat="31.472991578430804" lon="120.25390323680396">
        <ele>7.055418711155653</ele>
        <time>2024-10-22T14:20:52Z</time>
      </trkpt>
      <trkpt lat="31.472897809401516" lon="120.25384787828291">
        <ele>5.20427165273577</ele>
        <time>2024-10-22T14:20:56Z</time>
      </trkpt>
      <trkpt lat="31.4726812727212" lon="120.25379738262134">
        <ele>4.267200763337314</ele>
        <time>2024-10-22T14:21:04Z</time>
      </trkpt>
      <trkpt lat="31.472586758816124" lon="120.25375748250002">
        <ele>3.46558262873441</ele>
        <time>2024-10-22T14:21:08Z</time>
      </trkpt>
      <trkpt lat="31.472301823408188" lon="120.25372577847259">
        <ele>4.666325172409415</ele>
        <time>2024-10-22T14:21:20Z</time>
      </trkpt>
      <trkpt lat="31.472198853780952" lon="120.25369919842099">
        <ele>2.3002243423834443</ele>
        <time>2024-10-22T14:21:24Z</time>
      </trkpt>
      <trkpt lat="31.47203170516381" lon="120.25369042377882">
        <ele>2.532883736304939</ele>
        <time>2024-10-22T14:21:31Z</time>
      </trkpt>
      <trkpt lat="31.471839913787765" lon="120.25372907375113">
        <ele>3.9058673353865743</ele>
        <time>2024-10-22T14:21:39Z</time>
      </trkpt>
      <trkpt lat="31.471754714841836" lon="120.25379241717259">
        <ele>4.106504020281136</ele>
        <time>2024-10-22T14:21:43Z</time>
      </trkpt>
      <trkpt lat="31.471649735874845" lon="120.2539732146854">
        <ele>1.7891450775787234</ele>
        <time>2024-10-22T14:21:51Z</time>
      </trkpt>
      <trkpt lat="31.471625331206656" lon="120.25407994700508">
        <ele>3.5382617814466357</ele>
        <time>2024-10-22T14:21:55Z</time>
      </trkpt>
      <trkpt lat="31.4716350468287" lon="120.25418661824243">
        <ele>4.767660326324403</ele>
        <time>2024-10-22T14:21:59Z</time>
      </trkpt>
      <trkpt lat="31.47166977356569" lon="120.25429423714854">
        <ele>4.704447223804891</ele>
        <time>2024-10-22T14:22:03Z</time>
      </trkpt>
      <trkpt lat="31.471787566216605" lon="120.25447610143692">
        <ele>4.5504998210817575</ele>
        <time>2024-10-22T14:22:11Z</time>
      </trkpt>
      <trkpt lat="31.47209759221485" lon="120.25462358395937">
        <ele>3.8041549073532224</ele>
        <time>2024-10-22T14:22:27Z</time>
      </trkpt>
      <trkpt lat="31.472373317109255" lon="120.25466436799188">
        <ele>3.867645403370261</ele>
        <time>2024-10-22T14:22:39Z</time>
      </trkpt>
      <trkpt lat="31.472575657326875" lon="120.2546817798796">
        <ele>4.750459778122604</ele>
        <time>2024-10-22T14:22:47Z</time>
      </trkpt>
      <trkpt lat="31.472683964141513" lon="120.25471235754875">
        <ele>6.300514290109277</ele>
        <time>2024-10-22T14:22:51Z</time>
      </trkpt>
      <trkpt lat="31.472804094344482" lon="120.25471573916396">
        <ele>7.567029103636742</ele>
        <time>2024-10-22T14:22:55Z</time>
      </trkpt>
      <trkpt lat="31.47289837731275" lon="120.25467264448801">
        <ele>8.430665535852313</ele>
        <time>2024-10-22T14:22:59Z</time>
      </trkpt>
      <trkpt lat="31.47298571374417" lon="120.25459413044864">
        <ele>6.5457875756546855</ele>
        <time>2024-10-22T14:23:03Z</time>
      </trkpt>
      <trkpt lat="31.473060322163036" lon="120.25449715020535">
        <ele>4.951008856296539</ele>
        <time>2024-10-22T14:23:07Z</time>
      </trkpt>
      <trkpt lat="31.473127020153154" lon="120.25427008114988">
        <ele>5.575253247283399</ele>
        <time>2024-10-22T14:23:15Z</time>
      </trkpt>
      <trkpt lat="31.47309091285433" lon="120.25404411730385">
        <ele>7.011031383648515</ele>
        <time>2024-10-22T14:23:23Z</time>
      </trkpt>
      <trkpt lat="31.473038101739828" lon="120.2539507598236">
        <ele>7.449132647365332</ele>
        <time>2024-10-22T14:23:27Z</time>
      </trkpt>
      <trkpt lat="31.472958546492123" lon="120.25386171925346">
        <ele>7.634715647436678</ele>
        <time>2024-10-22T14:23:31Z</time>
      </trkpt>
      <trkpt lat="31.47289096379457" lon="120.25381672605472">
        <ele>7.6109556602314115</ele>
        <time>2024-10-22T14:23:34Z</time>
      </trkpt>
      <trkpt lat="31.472598642804225" lon="120.25377428451601">
        <ele>5.783614979125559</ele>
        <time>2024-10-22T14:23:46Z</time>
      </trkpt>
      <trkpt lat="31.47224588934234" lon="120.253733198363">
        <ele>3.893077832646668</ele>
        <time>2024-10-22T14:24:02Z</time>
      </trkpt>
      <trkpt lat="31.47204508669286" lon="120.25369216614587">
        <ele>4.117295488715172</ele>
        <time>2024-10-22T14:24:10Z</time>
      </trkpt>
      <trkpt lat="31.471949171387283" lon="120.25369124127904">
        <ele>4.261375034227967</ele>
        <time>2024-10-22T14:24:14Z</time>
      </trkpt>
      <trkpt lat="31.47185245033336" lon="120.25373500276571">
        <ele>4.47956283017993</ele>
        <time>2024-10-22T14:24:18Z</time>
      </trkpt>
      <trkpt lat="31.471775062759313" lon="120.25379528913099">
        <ele>4.917478069663048</ele>
        <time>2024-10-22T14:24:22Z</time>
      </trkpt>
      <trkpt lat="31.471706448033064" lon="120.25389691206563">
        <ele>3.9717241441830993</ele>
        <time>2024-10-22T14:24:26Z</time>
      </trkpt>
      <trkpt lat="31.471637692317977" lon="120.25410901627029">
        <ele>5.35254983138293</ele>
        <time>2024-10-22T14:24:34Z</time>
      </trkpt>
      <trkpt lat="31.471662302760482" lon="120.25432466174396">
        <ele>4.120023028925061</ele>
        <time>2024-10-22T14:24:42Z</time>
      </trkpt>
      <trkpt lat="31.471713731610066" lon="120.25441351477392">
        <ele>5.350263244472444</ele>
        <time>2024-10-22T14:24:46Z</time>
      </trkpt>
      <trkpt lat="31.47186732254106" lon="120.25454524252878">
        <ele>5.824787398800254</ele>
        <time>2024-10-22T14:24:54Z</time>
      </trkpt>
      <trkpt lat="31.472175200232382" lon="120.25461239847853">
        <ele>6.333874450996518</ele>
        <time>2024-10-22T14:25:06Z</time>
      </trkpt>
      <trkpt lat="31.472476036367024" lon="120.25467251961757">
        <ele>5.8223922327160835</ele>
        <time>2024-10-22T14:25:18Z</time>
      </trkpt>
      <trkpt lat="31.47280634796611" lon="120.25468346442656">
        <ele>7.6584979658946395</ele>
        <time>2024-10-22T14:25:30Z</time>
      </trkpt>
      <trkpt lat="31.472913110878746" lon="120.2546376852943">
        <ele>7.781232584267855</ele>
        <time>2024-10-22T14:25:34Z</time>
      </trkpt>
      <trkpt lat="31.47299561643012" lon="120.25457179663907">
        <ele>6.607768243178725</ele>
        <time>2024-10-22T14:25:38Z</time>
      </trkpt>
      <trkpt lat="31.473049323439387" lon="120.25449412388059">
        <ele>6.774806320667267</ele>
        <time>2024-10-22T14:25:41Z</time>
      </trkpt>
      <trkpt lat="31.47309259971473" lon="120.25439331671319">
        <ele>6.0248763198032975</ele>
        <time>2024-10-22T14:25:45Z</time>
      </trkpt>
      <trkpt lat="31.473117865105248" lon="120.25416600486068">
        <ele>5.467167128808796</ele>
        <time>2024-10-22T14:25:53Z</time>
      </trkpt>
      <trkpt lat="31.47309271139661" lon="120.25405973311581">
        <ele>6.920418689958751</ele>
        <time>2024-10-22T14:25:57Z</time>
      </trkpt>
      <trkpt lat="31.47304681421633" lon="120.25397374482351">
        <ele>8.008330563083291</ele>
        <time>2024-10-22T14:26:01Z</time>
      </trkpt>
      <trkpt lat="31.472968673059352" lon="120.25389102829152">
        <ele>8.536030453629792</ele>
        <time>2024-10-22T14:26:05Z</time>
      </trkpt>
      <trkpt lat="31.47276903931132" lon="120.25383113186551">
        <ele>6.040753555484116</ele>
        <time>2024-10-22T14:26:13Z</time>
      </trkpt>
      <trkpt lat="31.472466868662185" lon="120.25375901620956">
        <ele>5.4639920415356755</ele>
        <time>2024-10-22T14:26:25Z</time>
      </trkpt>
      <trkpt lat="31.472359819924623" lon="120.25375907601627">
        <ele>4.334805581718683</ele>
        <time>2024-10-22T14:26:29Z</time>
      </trkpt>
      <trkpt lat="31.472261228678335" lon="120.25371174835277">
        <ele>3.477127159014344</ele>
        <time>2024-10-22T14:26:33Z</time>
      </trkpt>
      <trkpt lat="31.471972316837892" lon="120.25367450946175">
        <ele>4.145057437010109</ele>
        <time>2024-10-22T14:26:45Z</time>
      </trkpt>
      <trkpt lat="31.471780198481195" lon="120.25374925561177">
        <ele>4.052298937924206</ele>
        <time>2024-10-22T14:26:53Z</time>
      </trkpt>
      <trkpt lat="31.471699791863507" lon="120.25381881833249">
        <ele>5.282351448200643</ele>
        <time>2024-10-22T14:26:57Z</time>
      </trkpt>
      <trkpt lat="31.4716478462548" lon="120.25391771638813">
        <ele>5.8526862701401114</ele>
        <time>2024-10-22T14:27:01Z</time>
      </trkpt>
      <trkpt lat="31.471611474854978" lon="120.25402739070408">
        <ele>5.6753716841340065</ele>
        <time>2024-10-22T14:27:05Z</time>
      </trkpt>
      <trkpt lat="31.471608919235706" lon="120.25414011145658">
        <ele>5.358721422031522</ele>
        <time>2024-10-22T14:27:09Z</time>
      </trkpt>
      <trkpt lat="31.47162645485631" lon="120.25425701172064">
        <ele>5.36247431486845</ele>
        <time>2024-10-22T14:27:13Z</time>
      </trkpt>
      <trkpt lat="31.47173062841267" lon="120.25445080179455">
        <ele>5.3909374894574285</ele>
        <time>2024-10-22T14:27:21Z</time>
      </trkpt>
      <trkpt lat="31.471914792700577" lon="120.25458073559962">
        <ele>4.896419548429549</ele>
        <time>2024-10-22T14:27:29Z</time>
      </trkpt>
      <trkpt lat="31.47209517130749" lon="120.25460056779558">
        <ele>4.250865330919623</ele>
        <time>2024-10-22T14:27:37Z</time>
      </trkpt>
      <trkpt lat="31.47218877203094" lon="120.25462825436047">
        <ele>4.109833935275674</ele>
        <time>2024-10-22T14:27:41Z</time>
      </trkpt>
      <trkpt lat="31.472278685181482" lon="120.25462178422072">
        <ele>4.271716321818531</ele>
        <time>2024-10-22T14:27:44Z</time>
      </trkpt>
      <trkpt lat="31.472365376714304" lon="120.25465910859891">
        <ele>5.098226385191083</ele>
        <time>2024-10-22T14:27:48Z</time>
      </trkpt>
      <trkpt lat="31.47264011733186" lon="120.25470241818724">
        <ele>6.422089466825128</ele>
        <time>2024-10-22T14:28:00Z</time>
      </trkpt>
      <trkpt lat="31.472841063829268" lon="120.25469495260361">
        <ele>7.308100267313421</ele>
        <time>2024-10-22T14:28:08Z</time>
      </trkpt>
      <trkpt lat="31.472930229711054" lon="120.25464993944087">
        <ele>7.66033604927361</ele>
        <time>2024-10-22T14:28:12Z</time>
      </trkpt>
      <trkpt lat="31.47300920686344" lon="120.25456110120234">
        <ele>7.099734328687191</ele>
        <time>2024-10-22T14:28:16Z</time>
      </trkpt>
      <trkpt lat="31.473113884852722" lon="120.25437421899453">
        <ele>7.216039900667965</ele>
        <time>2024-10-22T14:28:24Z</time>
      </trkpt>
      <trkpt lat="31.473129836400993" lon="120.25426962777597">
        <ele>5.642364731989801</ele>
        <time>2024-10-22T14:28:28Z</time>
      </trkpt>
      <trkpt lat="31.473122544270243" lon="120.25416891056875">
        <ele>4.527620618231595</ele>
        <time>2024-10-22T14:28:32Z</time>
      </trkpt>
      <trkpt lat="31.47302008874608" lon="120.25392549380207">
        <ele>5.241772562265396</ele>
        <time>2024-10-22T14:28:40Z</time>
      </trkpt>
      <trkpt lat="31.4729274765321" lon="120.25385221149557">
        <ele>5.311495779082179</ele>
        <time>2024-10-22T14:28:44Z</time>
      </trkpt>
      <trkpt lat="31.47274664396012" lon="120.25379092705262">
        <ele>4.874469303525984</ele>
        <time>2024-10-22T14:28:52Z</time>
      </trkpt>
      <trkpt lat="31.472649283447556" lon="120.25379166713466">
        <ele>4.628166805021465</ele>
        <time>2024-10-22T14:28:56Z</time>
      </trkpt>
      <trkpt lat="31.47235739056595" lon="120.25373559555736">
        <ele>4.8909758776426315</ele>
        <time>2024-10-22T14:29:08Z</time>
      </trkpt>
      <trkpt lat="31.472059455518533" lon="120.25368805914475">
        <ele>5.174305897206068</ele>
        <time>2024-10-22T14:29:20Z</time>
      </trkpt>
      <trkpt lat="31.471957051621768" lon="120.25368997549481">
        <ele>5.970846503041685</ele>
        <time>2024-10-22T14:29:24Z</time>
      </trkpt>
      <trkpt lat="31.471847761537152" lon="120.25372899137572">
        <ele>5.861000214703381</ele>
        <time>2024-10-22T14:29:28Z</time>
      </trkpt>
      <trkpt lat="31.471668786192726" lon="120.25387328433978">
        <ele>4.857174550183117</ele>
        <time>2024-10-22T14:29:36Z</time>
      </trkpt>
      <trkpt lat="31.471608858014108" lon="120.25407660990551">
        <ele>4.9779568230733275</ele>
        <time>2024-10-22T14:29:44Z</time>
      </trkpt>
      <trkpt lat="31.47163089414698" lon="120.25426377164007">
        <ele>4.585097057744861</ele>
        <time>2024-10-22T14:29:51Z</time>
      </trkpt>
      <trkpt lat="31.471655461032626" lon="120.25435346433953">
        <ele>5.198668232187629</ele>
        <time>2024-10-22T14:29:54Z</time>
      </trkpt>
      <trkpt lat="31.471751858027705" lon="120.2544894451145">
        <ele>5.255164306610823</ele>
        <time>2024-10-22T14:30:00Z</time>
      </trkpt>
      <trkpt lat="31.471907059534644" lon="120.25457546846114">
        <ele>4.234969097189605</ele>
        <time>2024-10-22T14:30:07Z</time>
      </trkpt>
      <trkpt lat="31.47205707782271" lon="120.25460773733349">
        <ele>5.018382105045021</ele>
        <time>2024-10-22T14:30:13Z</time>
      </trkpt>
      <trkpt lat="31.47212895571036" lon="120.25460384539241">
        <ele>5.129882480949163</ele>
        <time>2024-10-22T14:30:16Z</time>
      </trkpt>
      <trkpt lat="31.47220880004444" lon="120.25463230063933">
        <ele>4.622656298801303</ele>
        <time>2024-10-22T14:30:19Z</time>
      </trkpt>
      <trkpt lat="31.472456826196783" lon="120.25466406586109">
        <ele>5.0330647844821215</ele>
        <time>2024-10-22T14:30:30Z</time>
      </trkpt>
      <trkpt lat="31.4725525938117" lon="120.2546935131509">
        <ele>5.379629574716091</ele>
        <time>2024-10-22T14:30:34Z</time>
      </trkpt>
      <trkpt lat="31.47274498424866" lon="120.25470852697137">
        <ele>6.315451215952635</ele>
        <time>2024-10-22T14:30:42Z</time>
      </trkpt>
      <trkpt lat="31.472921229325856" lon="120.25463291890827">
        <ele>6.194600080139935</ele>
        <time>2024-10-22T14:30:50Z</time>
      </trkpt>
      <trkpt lat="31.4730177259566" lon="120.25454331889156">
        <ele>5.536429740488529</ele>
        <time>2024-10-22T14:30:54Z</time>
      </trkpt>
      <trkpt lat="31.47311931178121" lon="120.25432974655537">
        <ele>6.572225064970553</ele>
        <time>2024-10-22T14:31:02Z</time>
      </trkpt>
      <trkpt lat="31.473127182595174" lon="120.25420476974145">
        <ele>5.424908904358745</ele>
        <time>2024-10-22T14:31:06Z</time>
      </trkpt>
      <trkpt lat="31.473103824474684" lon="120.2540839966818">
        <ele>6.45548480283469</ele>
        <time>2024-10-22T14:31:10Z</time>
      </trkpt>
      <trkpt lat="31.473059596915355" lon="120.25397555592846">
        <ele>6.5302366856485605</ele>
        <time>2024-10-22T14:31:14Z</time>
      </trkpt>
      <trkpt lat="31.47298203035658" lon="120.25389956092492">
        <ele>6.526674292981625</ele>
        <time>2024-10-22T14:31:18Z</time>
      </trkpt>
      <trkpt lat="31.472803435186872" lon="120.253812015999">
        <ele>4.986183770000935</ele>
        <time>2024-10-22T14:31:26Z</time>
      </trkpt>
      <trkpt lat="31.472526728578437" lon="120.25375379858916">
        <ele>3.7351959189400077</ele>
        <time>2024-10-22T14:31:38Z</time>
      </trkpt>
      <trkpt lat="31.472234012948842" lon="120.25371978262687">
        <ele>3.344665367156267</ele>
        <time>2024-10-22T14:31:50Z</time>
      </trkpt>
      <trkpt lat="31.471932820249393" lon="120.253682706933">
        <ele>3.763876225799322</ele>
        <time>2024-10-22T14:32:03Z</time>
      </trkpt>
      <trkpt lat="31.471761553874728" lon="120.25378132427288">
        <ele>3.827643341384828</ele>
        <time>2024-10-22T14:32:11Z</time>
      </trkpt>
      <trkpt lat="31.47165283088843" lon="120.25390842330476">
        <ele>5.0976268369704485</ele>
        <time>2024-10-22T14:32:17Z</time>
      </trkpt>
      <trkpt lat="31.47160189437636" lon="120.25406469927803">
        <ele>5.611244972795248</ele>
        <time>2024-10-22T14:32:23Z</time>
      </trkpt>
      <trkpt lat="31.471590510275398" lon="120.25415184047436">
        <ele>6.566352336667478</ele>
        <time>2024-10-22T14:32:26Z</time>
      </trkpt>
      <trkpt lat="31.471642285162293" lon="120.25432169831694">
        <ele>6.22618562169373</ele>
        <time>2024-10-22T14:32:32Z</time>
      </trkpt>
      <trkpt lat="31.471735753498066" lon="120.2544733259425">
        <ele>5.572257320396602</ele>
        <time>2024-10-22T14:32:38Z</time>
      </trkpt>
      <trkpt lat="31.47199322449943" lon="120.25458707016712">
        <ele>3.6929821455851197</ele>
        <time>2024-10-22T14:32:49Z</time>
      </trkpt>
      <trkpt lat="31.472072311579755" lon="120.25457586432444">
        <ele>4.118736560456455</ele>
        <time>2024-10-22T14:32:53Z</time>
      </trkpt>
      <trkpt lat="31.472345054916115" lon="120.25465434852278">
        <ele>5.035604820586741</ele>
        <time>2024-10-22T14:33:05Z</time>
      </trkpt>
      <trkpt lat="31.47253894392078" lon="120.25466044532821">
        <ele>5.141749989241362</ele>
        <time>2024-10-22T14:33:13Z</time>
      </trkpt>
      <trkpt lat="31.47272246720673" lon="120.254699027411">
        <ele>6.066326235421002</ele>
        <time>2024-10-22T14:33:21Z</time>
      </trkpt>
      <trkpt lat="31.472826670764416" lon="120.25468740582542">
        <ele>5.625113485381007</ele>
        <time>2024-10-22T14:33:25Z</time>
      </trkpt>
      <trkpt lat="31.472928108394854" lon="120.25464457330811">
        <ele>5.875638115219772</ele>
        <time>2024-10-22T14:33:29Z</time>
      </trkpt>
      <trkpt lat="31.473001380940676" lon="120.25457628027182">
        <ele>5.718114091083407</ele>
        <time>2024-10-22T14:33:33Z</time>
      </trkpt>
      <trkpt lat="31.473110806768933" lon="120.25437996024658">
        <ele>6.22006836719811</ele>
        <time>2024-10-22T14:33:41Z</time>
      </trkpt>
      <trkpt lat="31.473119822926776" lon="120.25426584952724">
        <ele>5.602650812827051</ele>
        <time>2024-10-22T14:33:45Z</time>
      </trkpt>
      <trkpt lat="31.473066439685205" lon="120.25404978506764">
        <ele>5.288378077559173</ele>
        <time>2024-10-22T14:33:53Z</time>
      </trkpt>
      <trkpt lat="31.47300641751669" lon="120.2539567386789">
        <ele>5.703553999774158</ele>
        <time>2024-10-22T14:33:57Z</time>
      </trkpt>
      <trkpt lat="31.472892007560446" lon="120.25387180583415">
        <ele>4.984536555595696</ele>
        <time>2024-10-22T14:34:04Z</time>
      </trkpt>
      <trkpt lat="31.47257208238858" lon="120.25379889488897">
        <ele>3.6823800066486</ele>
        <time>2024-10-22T14:34:20Z</time>
      </trkpt>
      <trkpt lat="31.472242465761695" lon="120.25373595605089">
        <ele>2.8959901006892323</ele>
        <time>2024-10-22T14:34:36Z</time>
      </trkpt>
      <trkpt lat="31.472065229030534" lon="120.25370772660354">
        <ele>3.6456449618563056</ele>
        <time>2024-10-22T14:34:44Z</time>
      </trkpt>
      <trkpt lat="31.471963216503585" lon="120.25372624172029">
        <ele>3.8495041262358427</ele>
        <time>2024-10-22T14:34:48Z</time>
      </trkpt>
      <trkpt lat="31.471761479126393" lon="120.25382738831428">
        <ele>4.929565532132983</ele>
        <time>2024-10-22T14:34:56Z</time>
      </trkpt>
      <trkpt lat="31.47168749736857" lon="120.25391919427072">
        <ele>5.174828432500362</ele>
        <time>2024-10-22T14:35:00Z</time>
      </trkpt>
      <trkpt lat="31.471646285324216" lon="120.254028504793">
        <ele>4.952544886618853</ele>
        <time>2024-10-22T14:35:04Z</time>
      </trkpt>
      <trkpt lat="31.471631081718975" lon="120.25414813564912">
        <ele>5.417429526336491</ele>
        <time>2024-10-22T14:35:08Z</time>
      </trkpt>
      <trkpt lat="31.471638559567005" lon="120.25425511433622">
        <ele>4.570585148409009</ele>
        <time>2024-10-22T14:35:12Z</time>
      </trkpt>
      <trkpt lat="31.471676819014018" lon="120.25436828218061">
        <ele>5.240079279057682</ele>
        <time>2024-10-22T14:35:16Z</time>
      </trkpt>
      <trkpt lat="31.471737874184125" lon="120.25444705627422">
        <ele>5.4898208156228065</ele>
        <time>2024-10-22T14:35:20Z</time>
      </trkpt>
      <trkpt lat="31.471815436194834" lon="120.25450566920797">
        <ele>5.0929723884910345</ele>
        <time>2024-10-22T14:35:24Z</time>
      </trkpt>
      <trkpt lat="31.471904000510957" lon="120.25454685557074">
        <ele>5.013412808999419</ele>
        <time>2024-10-22T14:35:28Z</time>
      </trkpt>
      <trkpt lat="31.472248124001514" lon="120.2546194563967">
        <ele>6.6191938938573</ele>
        <time>2024-10-22T14:35:44Z</time>
      </trkpt>
      <trkpt lat="31.47253489184944" lon="120.25466222512975">
        <ele>4.894627578556538</ele>
        <time>2024-10-22T14:35:56Z</time>
      </trkpt>
      <trkpt lat="31.472844200241255" lon="120.25467828172947">
        <ele>4.7314279321581125</ele>
        <time>2024-10-22T14:36:08Z</time>
      </trkpt>
      <trkpt lat="31.473030649978476" lon="120.25453128710264">
        <ele>5.64188399259001</ele>
        <time>2024-10-22T14:36:17Z</time>
      </trkpt>
      <trkpt lat="31.473074470917396" lon="120.25445879597365">
        <ele>6.310793646611273</ele>
        <time>2024-10-22T14:36:20Z</time>
      </trkpt>
      <trkpt lat="31.473116831494778" lon="120.25428055976049">
        <ele>7.314206464216113</ele>
        <time>2024-10-22T14:36:26Z</time>
      </trkpt>
      <trkpt lat="31.473114006870095" lon="120.25412246084055">
        <ele>5.803748654201627</ele>
        <time>2024-10-22T14:36:32Z</time>
      </trkpt>
      <trkpt lat="31.473052812821255" lon="120.25396775841112">
        <ele>6.242292988114059</ele>
        <time>2024-10-22T14:36:38Z</time>
      </trkpt>
      <trkpt lat="31.473002356164194" lon="120.253898384398">
        <ele>7.130934230983257</ele>
        <time>2024-10-22T14:36:41Z</time>
      </trkpt>
      <trkpt lat="31.472861054759388" lon="120.25382244383921">
        <ele>7.558817813172936</ele>
        <time>2024-10-22T14:36:47Z</time>
      </trkpt>
      <trkpt lat="31.472532524908598" lon="120.25376135107972">
        <ele>5.727240722626448</ele>
        <time>2024-10-22T14:36:59Z</time>
      </trkpt>
      <trkpt lat="31.47245615680063" lon="120.25377156775058">
        <ele>4.6683128997683525</ele>
        <time>2024-10-22T14:37:02Z</time>
      </trkpt>
      <trkpt lat="31.47237084670012" lon="120.25373639490095">
        <ele>5.005303245037794</ele>
        <time>2024-10-22T14:37:05Z</time>
      </trkpt>
      <trkpt lat="31.47213185917716" lon="120.25372720337329">
        <ele>6.545009968802333</ele>
        <time>2024-10-22T14:37:14Z</time>
      </trkpt>
      <trkpt lat="31.4719654531202" lon="120.25368926225386">
        <ele>4.46321723703295</ele>
        <time>2024-10-22T14:37:20Z</time>
      </trkpt>
      <trkpt lat="31.471791375805854" lon="120.25378332826388">
        <ele>4.405033310875297</ele>
        <time>2024-10-22T14:37:27Z</time>
      </trkpt>
      <trkpt lat="31.47170935929681" lon="120.25388027157878">
        <ele>3.3917513340711594</ele>
        <time>2024-10-22T14:37:31Z</time>
      </trkpt>
      <trkpt lat="31.471629999429933" lon="120.25407723325138">
        <ele>3.9356731502339244</ele>
        <time>2024-10-22T14:37:39Z</time>
      </trkpt>
      <trkpt lat="31.47165301881982" lon="120.25428663570476">
        <ele>4.310379030182958</ele>
        <time>2024-10-22T14:37:47Z</time>
      </trkpt>
      <trkpt lat="31.47173584291728" lon="120.25446401529346">
        <ele>5.498522710986435</ele>
        <time>2024-10-22T14:37:54Z</time>
      </trkpt>
      <trkpt lat="31.471823142116907" lon="120.25452624677243">
        <ele>4.542883211746812</ele>
        <time>2024-10-22T14:37:58Z</time>
      </trkpt>
      <trkpt lat="31.47208968663448" lon="120.25460703959133">
        <ele>6.673874257132411</ele>
        <time>2024-10-22T14:38:10Z</time>
      </trkpt>
      <trkpt lat="31.472296129306624" lon="120.2546257938511">
        <ele>4.363136509433389</ele>
        <time>2024-10-22T14:38:18Z</time>
      </trkpt>
      <trkpt lat="31.472468055910845" lon="120.25465508292295">
        <ele>5.919801579788327</ele>
        <time>2024-10-22T14:38:25Z</time>
      </trkpt>
      <trkpt lat="31.47253381958056" lon="120.25464889378843">
        <ele>5.806722949258983</ele>
        <time>2024-10-22T14:38:28Z</time>
      </trkpt>
      <trkpt lat="31.47269654700869" lon="120.2547139068356">
        <ele>6.450962739996612</ele>
        <time>2024-10-22T14:38:35Z</time>
      </trkpt>
      <trkpt lat="31.472871496166245" lon="120.2546782073802">
        <ele>6.50533134303987</ele>
        <time>2024-10-22T14:38:42Z</time>
      </trkpt>
      <trkpt lat="31.473005641959933" lon="120.25456725916266">
        <ele>5.06770777143538</ele>
        <time>2024-10-22T14:38:48Z</time>
      </trkpt>
      <trkpt lat="31.473107618124676" lon="120.25437593916311">
        <ele>5.66654300969094</ele>
        <time>2024-10-22T14:38:56Z</time>
      </trkpt>
      <trkpt lat="31.473125969455822" lon="120.25416428049839">
        <ele>5.75693718995899</ele>
        <time>2024-10-22T14:39:04Z</time>
      </trkpt>
      <trkpt lat="31.47310089305546" lon="120.25406529050605">
        <ele>6.300312934443355</ele>
        <time>2024-10-22T14:39:08Z</time>
      </trkpt>
      <trkpt lat="31.473045144135778" lon="120.25395791325712">
        <ele>6.705822451971471</ele>
        <time>2024-10-22T14:39:12Z</time>
      </trkpt>
      <trkpt lat="31.472893559616224" lon="120.25383324224624">
        <ele>5.05971613433212</ele>
        <time>2024-10-22T14:39:19Z</time>
      </trkpt>
      <trkpt lat="31.47270130720722" lon="120.25379156934153">
        <ele>5.145729970186949</ele>
        <time>2024-10-22T14:39:27Z</time>
      </trkpt>
      <trkpt lat="31.472607108720396" lon="120.25379470777219">
        <ele>5.7380558885633945</ele>
        <time>2024-10-22T14:39:31Z</time>
      </trkpt>
      <trkpt lat="31.472515327265736" lon="120.25376045130238">
        <ele>4.258103790692985</ele>
        <time>2024-10-22T14:39:35Z</time>
      </trkpt>
      <trkpt lat="31.472240537474626" lon="120.25372596384248">
        <ele>4.24012540653348</ele>
        <time>2024-10-22T14:39:47Z</time>
      </trkpt>
      <trkpt lat="31.47195756682969" lon="120.25369065355095">
        <ele>3.6086596846580505</ele>
        <time>2024-10-22T14:39:59Z</time>
      </trkpt>
      <trkpt lat="31.471775977822105" lon="120.25375228160343">
        <ele>3.6984292482957244</ele>
        <time>2024-10-22T14:40:07Z</time>
      </trkpt>
      <trkpt lat="31.47166822627858" lon="120.25389498925867">
        <ele>3.8199753193184733</ele>
        <time>2024-10-22T14:40:14Z</time>
      </trkpt>
      <trkpt lat="31.471634402772242" lon="120.25400975509368">
        <ele>4.205247242003679</ele>
        <time>2024-10-22T14:40:18Z</time>
      </trkpt>
      <trkpt lat="31.47163470518492" lon="120.25422914392199">
        <ele>7.493349060416222</ele>
        <time>2024-10-22T14:40:25Z</time>
      </trkpt>
      <trkpt lat="31.471673555315384" lon="120.25435148849178">
        <ele>6.881603205576539</ele>
        <time>2024-10-22T14:40:29Z</time>
      </trkpt>
      <trkpt lat="31.471734759410484" lon="120.25444790792075">
        <ele>6.34271624032408</ele>
        <time>2024-10-22T14:40:33Z</time>
      </trkpt>
      <trkpt lat="31.471815853353228" lon="120.25452611433909">
        <ele>6.35836218111217</ele>
        <time>2024-10-22T14:40:37Z</time>
      </trkpt>
      <trkpt lat="31.47201934518644" lon="120.25460793517489">
        <ele>8.18497968185693</ele>
        <time>2024-10-22T14:40:45Z</time>
      </trkpt>
      <trkpt lat="31.47232534986891" lon="120.25463890756984">
        <ele>6.192362786270678</ele>
        <time>2024-10-22T14:40:57Z</time>
      </trkpt>
      <trkpt lat="31.472609438843918" lon="120.25467767354633">
        <ele>5.823557466268539</ele>
        <time>2024-10-22T14:41:09Z</time>
      </trkpt>
      <trkpt lat="31.472711694229456" lon="120.25469187582074">
        <ele>5.511616983450949</ele>
        <time>2024-10-22T14:41:13Z</time>
      </trkpt>
      <trkpt lat="31.472815579711433" lon="120.25467830271619">
        <ele>6.581665153615177</ele>
        <time>2024-10-22T14:41:17Z</time>
      </trkpt>
      <trkpt lat="31.472912372186986" lon="120.25464403549884">
        <ele>7.1562504498288035</ele>
        <time>2024-10-22T14:41:21Z</time>
      </trkpt>
      <trkpt lat="31.473004486202807" lon="120.25457250089238">
        <ele>6.778140425682068</ele>
        <time>2024-10-22T14:41:25Z</time>
      </trkpt>
      <trkpt lat="31.473058230563087" lon="120.2544724394392">
        <ele>6.374213553033769</ele>
        <time>2024-10-22T14:41:29Z</time>
      </trkpt>
      <trkpt lat="31.47312052864356" lon="120.25424702069748">
        <ele>6.18382684327662</ele>
        <time>2024-10-22T14:41:37Z</time>
      </trkpt>
      <trkpt lat="31.473114749391048" lon="120.25414736187065">
        <ele>5.7728402726352215</ele>
        <time>2024-10-22T14:41:41Z</time>
      </trkpt>
      <trkpt lat="31.47308523696857" lon="120.25403511442913">
        <ele>6.096332943066955</ele>
        <time>2024-10-22T14:41:45Z</time>
      </trkpt>
      <trkpt lat="31.472954132371374" lon="120.25387641741801">
        <ele>5.092648731544614</ele>
        <time>2024-10-22T14:41:53Z</time>
      </trkpt>
      <trkpt lat="31.472861595450297" lon="120.25383279449312">
        <ele>3.8548709517344832</ele>
        <time>2024-10-22T14:41:57Z</time>
      </trkpt>
      <trkpt lat="31.472498564399555" lon="120.25377204369093">
        <ele>4.61855245847255</ele>
        <time>2024-10-22T14:42:13Z</time>
      </trkpt>
      <trkpt lat="31.472334533425265" lon="120.25376693297412">
        <ele>4.057150991633534</ele>
        <time>2024-10-22T14:42:21Z</time>
      </trkpt>
      <trkpt lat="31.471987828213898" lon="120.25368461343787">
        <ele>4.099189687520266</ele>
        <time>2024-10-22T14:42:35Z</time>
      </trkpt>
      <trkpt lat="31.47181218917424" lon="120.25373512458555">
        <ele>4.820804994553328</ele>
        <time>2024-10-22T14:42:43Z</time>
      </trkpt>
      <trkpt lat="31.471731853312" lon="120.2538043109307">
        <ele>4.955019756220281</ele>
        <time>2024-10-22T14:42:47Z</time>
      </trkpt>
      <trkpt lat="31.471677817696477" lon="120.2538827762606">
        <ele>4.716852496378124</ele>
        <time>2024-10-22T14:42:51Z</time>
      </trkpt>
      <trkpt lat="31.471612730102994" lon="120.2540653594287">
        <ele>4.08476263936609</ele>
        <time>2024-10-22T14:42:59Z</time>
      </trkpt>
      <trkpt lat="31.471630444896068" lon="120.25425442762774">
        <ele>4.340717179700732</ele>
        <time>2024-10-22T14:43:07Z</time>
      </trkpt>
      <trkpt lat="31.471665798259384" lon="120.25435995791393">
        <ele>5.386973701417446</ele>
        <time>2024-10-22T14:43:11Z</time>
      </trkpt>
      <trkpt lat="31.471799728412037" lon="120.25451012118612">
        <ele>5.102032927796245</ele>
        <time>2024-10-22T14:43:19Z</time>
      </trkpt>
      <trkpt lat="31.471902767653688" lon="120.25456192692025">
        <ele>4.177287984639406</ele>
        <time>2024-10-22T14:43:23Z</time>
      </trkpt>
      <trkpt lat="31.472182282637963" lon="120.25461371022557">
        <ele>5.0020017847418785</ele>
        <time>2024-10-22T14:43:35Z</time>
      </trkpt>
      <trkpt lat="31.47235627320193" lon="120.25465497351078">
        <ele>5.762015956453979</ele>
        <time>2024-10-22T14:43:43Z</time>
      </trkpt>
      <trkpt lat="31.472536647238208" lon="120.25465204495242">
        <ele>5.681593483313918</ele>
        <time>2024-10-22T14:43:51Z</time>
      </trkpt>
      <trkpt lat="31.472717665813615" lon="120.25469282015659">
        <ele>4.421998364850879</ele>
        <time>2024-10-22T14:43:59Z</time>
      </trkpt>
      <trkpt lat="31.47281134220141" lon="120.25469184704333">
        <ele>6.173856037668884</ele>
        <time>2024-10-22T14:44:03Z</time>
      </trkpt>
      <trkpt lat="31.472895680382518" lon="120.2546489084857">
        <ele>6.91477191913873</ele>
        <time>2024-10-22T14:44:07Z</time>
      </trkpt>
      <trkpt lat="31.47303699946895" lon="120.25451454705629">
        <ele>5.836247033439577</ele>
        <time>2024-10-22T14:44:15Z</time>
      </trkpt>
      <trkpt lat="31.47309241289816" lon="120.2544040350971">
        <ele>5.513584929518402</ele>
        <time>2024-10-22T14:44:19Z</time>
      </trkpt>
      <trkpt lat="31.473115863316313" lon="120.25428494607377">
        <ele>5.837516295723617</ele>
        <time>2024-10-22T14:44:23Z</time>
      </trkpt>
      <trkpt lat="31.473116961308587" lon="120.25417340151989">
        <ele>5.363399097695947</ele>
        <time>2024-10-22T14:44:27Z</time>
      </trkpt>
      <trkpt lat="31.47309029013909" lon="120.25406275832725">
        <ele>5.678132850676775</ele>
        <time>2024-10-22T14:44:31Z</time>
      </trkpt>
      <trkpt lat="31.47297184792489" lon="120.25391662499817">
        <ele>5.796617209911346</ele>
        <time>2024-10-22T14:44:38Z</time>
      </trkpt>
      <trkpt lat="31.472724406010713" lon="120.25380814525204">
        <ele>4.630513644777238</ele>
        <time>2024-10-22T14:44:49Z</time>
      </trkpt>
      <trkpt lat="31.472654779160628" lon="120.25381450572095">
        <ele>4.997461720369756</ele>
        <time>2024-10-22T14:44:52Z</time>
      </trkpt>
      <trkpt lat="31.47236698626723" lon="120.25375258867679">
        <ele>4.57151450868696</ele>
        <time>2024-10-22T14:45:04Z</time>
      </trkpt>
      <trkpt lat="31.4720454124974" lon="120.25367232975464">
        <ele>3.6844964027404785</ele>
        <time>2024-10-22T14:45:18Z</time>
      </trkpt>
      <trkpt lat="31.4719520173457" lon="120.25367719954463">
        <ele>4.363053714856505</ele>
        <time>2024-10-22T14:45:22Z</time>
      </trkpt>
      <trkpt lat="31.47177687679718" lon="120.25377252132203">
        <ele>3.7532046856358647</ele>
        <time>2024-10-22T14:45:30Z</time>
      </trkpt>
      <trkpt lat="31.4717056788155" lon="120.25385713423043">
        <ele>3.929377004504204</ele>
        <time>2024-10-22T14:45:34Z</time>
      </trkpt>
      <trkpt lat="31.471652114626504" lon="120.25395337269774">
        <ele>4.001973090693355</ele>
        <time>2024-10-22T14:45:38Z</time>
      </trkpt>
      <trkpt lat="31.47162779842907" lon="120.25404997114866">
        <ele>4.4538468308746815</ele>
        <time>2024-10-22T14:45:42Z</time>
      </trkpt>
      <trkpt lat="31.471623769446584" lon="120.25415568282635">
        <ele>4.56150736939162</ele>
        <time>2024-10-22T14:45:46Z</time>
      </trkpt>
      <trkpt lat="31.471673810260828" lon="120.25433718264594">
        <ele>5.165947027504444</ele>
        <time>2024-10-22T14:45:53Z</time>
      </trkpt>
      <trkpt lat="31.471722491797717" lon="120.25442698168652">
        <ele>5.93182626273483</ele>
        <time>2024-10-22T14:45:57Z</time>
      </trkpt>
      <trkpt lat="31.471873537596032" lon="120.2545518235271">
        <ele>5.081385938450694</ele>
        <time>2024-10-22T14:46:05Z</time>
      </trkpt>
      <trkpt lat="31.47215840282184" lon="120.25461099516701">
        <ele>5.381617684848607</ele>
        <time>2024-10-22T14:46:17Z</time>
      </trkpt>
      <trkpt lat="31.472414660380334" lon="120.25465723421766">
        <ele>5.288651940412819</ele>
        <time>2024-10-22T14:46:29Z</time>
      </trkpt>
      <trkpt lat="31.472506601523882" lon="120.2546563221075">
        <ele>5.224496013484895</ele>
        <time>2024-10-22T14:46:33Z</time>
      </trkpt>
      <trkpt lat="31.47263654442118" lon="120.2546886707465">
        <ele>6.384801084175706</ele>
        <time>2024-10-22T14:46:40Z</time>
      </trkpt>
      <trkpt lat="31.472838368301737" lon="120.25467357666568">
        <ele>6.536321954801679</ele>
        <time>2024-10-22T14:46:48Z</time>
      </trkpt>
      <trkpt lat="31.47292161955921" lon="120.25463051499774">
        <ele>5.407004787586629</ele>
        <time>2024-10-22T14:46:52Z</time>
      </trkpt>
      <trkpt lat="31.47303369144304" lon="120.25451314389936">
        <ele>5.12396436650306</ele>
        <time>2024-10-22T14:46:58Z</time>
      </trkpt>
      <trkpt lat="31.473112733694066" lon="120.25431589037335">
        <ele>5.721052170731127</ele>
        <time>2024-10-22T14:47:05Z</time>
      </trkpt>
      <trkpt lat="31.47309010630961" lon="120.25407567639448">
        <ele>6.242914634756744</ele>
        <time>2024-10-22T14:47:13Z</time>
      </trkpt>
      <trkpt lat="31.473053144501357" lon="120.2539848129366">
        <ele>5.80647998675704</ele>
        <time>2024-10-22T14:47:17Z</time>
      </trkpt>
      <trkpt lat="31.47290644169686" lon="120.25385929003986">
        <ele>5.342682757414877</ele>
        <time>2024-10-22T14:47:25Z</time>
      </trkpt>
      <trkpt lat="31.47281733815152" lon="120.25381562925658">
        <ele>5.179774356074631</ele>
        <time>2024-10-22T14:47:29Z</time>
      </trkpt>
      <trkpt lat="31.472458145177942" lon="120.25374484319997">
        <ele>3.0731079913675785</ele>
        <time>2024-10-22T14:47:45Z</time>
      </trkpt>
      <trkpt lat="31.472272881613144" lon="120.25371670818261">
        <ele>4.431771242059767</ele>
        <time>2024-10-22T14:47:53Z</time>
      </trkpt>
      <trkpt lat="31.47217531846949" lon="120.25372272531021">
        <ele>4.082069274038076</ele>
        <time>2024-10-22T14:47:57Z</time>
      </trkpt>
      <trkpt lat="31.472008537393407" lon="120.25367759815731">
        <ele>4.6868076445534825</ele>
        <time>2024-10-22T14:48:05Z</time>
      </trkpt>
      <trkpt lat="31.471928251590416" lon="120.25367557723843">
        <ele>4.069878318347037</ele>
        <time>2024-10-22T14:48:09Z</time>
      </trkpt>
      <trkpt lat="31.471839038745983" lon="120.25370906349592">
        <ele>3.495223672129214</ele>
        <time>2024-10-22T14:48:13Z</time>
      </trkpt>
      <trkpt lat="31.47169732845407" lon="120.25383112976854">
        <ele>3.9486288726329803</ele>
        <time>2024-10-22T14:48:21Z</time>
      </trkpt>
      <trkpt lat="31.47164712025443" lon="120.25391622368916">
        <ele>3.8476563887670636</ele>
        <time>2024-10-22T14:48:25Z</time>
      </trkpt>
      <trkpt lat="31.47162104565556" lon="120.25402105758764">
        <ele>4.406239970587194</ele>
        <time>2024-10-22T14:48:29Z</time>
      </trkpt>
      <trkpt lat="31.471628403569714" lon="120.25422961233244">
        <ele>4.173555579036474</ele>
        <time>2024-10-22T14:48:37Z</time>
      </trkpt>
      <trkpt lat="31.47169485263065" lon="120.25440677350643">
        <ele>5.055782527662814</ele>
        <time>2024-10-22T14:48:44Z</time>
      </trkpt>
      <trkpt lat="31.471806112119992" lon="120.25452318730508">
        <ele>4.7039539609104395</ele>
        <time>2024-10-22T14:48:51Z</time>
      </trkpt>
      <trkpt lat="31.471931388031244" lon="120.2545760078984">
        <ele>5.013117878697813</ele>
        <time>2024-10-22T14:48:57Z</time>
      </trkpt>
      <trkpt lat="31.472253239773426" lon="120.2546324151321">
        <ele>5.819764973595738</ele>
        <time>2024-10-22T14:49:12Z</time>
      </trkpt>
      <trkpt lat="31.47253602626589" lon="120.25468336320655">
        <ele>5.112060992047191</ele>
        <time>2024-10-22T14:49:26Z</time>
      </trkpt>
      <trkpt lat="31.472585898046205" lon="120.2547284297675">
        <ele>5.2416938953101635</ele>
        <time>2024-10-22T14:49:29Z</time>
      </trkpt>
      <trkpt lat="31.472727334786086" lon="120.2547847437801">
        <ele>4.766952753998339</ele>
        <time>2024-10-22T14:49:37Z</time>
      </trkpt>
      <trkpt lat="31.472887514042377" lon="120.25476282592572">
        <ele>4.629997634328902</ele>
        <time>2024-10-22T14:49:45Z</time>
      </trkpt>
      <trkpt lat="31.472839916682208" lon="120.25475550908904">
        <ele>6.040350959636271</ele>
        <time>2024-10-22T14:56:00Z</time>
      </trkpt>
      <trkpt lat="31.472942906874867" lon="120.25464143031574">
        <ele>6.270760735496879</ele>
        <time>2024-10-22T14:56:09Z</time>
      </trkpt>
      <trkpt lat="31.473057586913235" lon="120.25454322114942">
        <ele>5.449456821195781</ele>
        <time>2024-10-22T14:56:15Z</time>
      </trkpt>
      <trkpt lat="31.47309547606754" lon="120.25447100858787">
        <ele>5.786084819585085</ele>
        <time>2024-10-22T14:56:18Z</time>
      </trkpt>
      <trkpt lat="31.47310820656311" lon="120.2542341345835">
        <ele>5.859912606887519</ele>
        <time>2024-10-22T14:56:27Z</time>
      </trkpt>
      <trkpt lat="31.473090501030487" lon="120.25408585948588">
        <ele>5.469980193302035</ele>
        <time>2024-10-22T14:56:33Z</time>
      </trkpt>
      <trkpt lat="31.473026529000904" lon="120.25393970222112">
        <ele>6.58823679946363</ele>
        <time>2024-10-22T14:56:39Z</time>
      </trkpt>
      <trkpt lat="31.4728468452238" lon="120.25382060834126">
        <ele>6.103501183912158</ele>
        <time>2024-10-22T14:56:48Z</time>
      </trkpt>
      <trkpt lat="31.47256185630062" lon="120.25377088913464">
        <ele>6.1677476819604635</ele>
        <time>2024-10-22T14:57:00Z</time>
      </trkpt>
      <trkpt lat="31.47224433815766" lon="120.25371608158912">
        <ele>5.678493928164244</ele>
        <time>2024-10-22T14:57:14Z</time>
      </trkpt>
      <trkpt lat="31.471931525704782" lon="120.25367588953642">
        <ele>5.3811787236481905</ele>
        <time>2024-10-22T14:57:27Z</time>
      </trkpt>
      <trkpt lat="31.47180619183803" lon="120.2537590207772">
        <ele>5.4993504248559475</ele>
        <time>2024-10-22T14:57:33Z</time>
      </trkpt>
      <trkpt lat="31.47169691407099" lon="120.25388249072074">
        <ele>4.216521282680333</ele>
        <time>2024-10-22T14:57:39Z</time>
      </trkpt>
      <trkpt lat="31.47164610796799" lon="120.25413637333119">
        <ele>5.116583241149783</ele>
        <time>2024-10-22T14:57:48Z</time>
      </trkpt>
      <trkpt lat="31.471653550694082" lon="120.2542348456845">
        <ele>7.223200981505215</ele>
        <time>2024-10-22T14:57:51Z</time>
      </trkpt>
      <trkpt lat="31.471730909470416" lon="120.25438253618933">
        <ele>5.13061279989779</ele>
        <time>2024-10-22T14:57:57Z</time>
      </trkpt>
      <trkpt lat="31.4718404616232" lon="120.25450192725012">
        <ele>6.199012950062752</ele>
        <time>2024-10-22T14:58:03Z</time>
      </trkpt>
      <trkpt lat="31.47190860322382" lon="120.25453682539109">
        <ele>6.111494931392372</ele>
        <time>2024-10-22T14:58:06Z</time>
      </trkpt>
      <trkpt lat="31.47219674277546" lon="120.25459468003915">
        <ele>5.634002132341266</ele>
        <time>2024-10-22T14:58:18Z</time>
      </trkpt>
      <trkpt lat="31.472494564983297" lon="120.25464806955074">
        <ele>5.538073451258242</ele>
        <time>2024-10-22T14:58:30Z</time>
      </trkpt>
      <trkpt lat="31.472693554390023" lon="120.25469091347637">
        <ele>5.755917430855334</ele>
        <time>2024-10-22T14:58:39Z</time>
      </trkpt>
      <trkpt lat="31.472778903818153" lon="120.25469076983019">
        <ele>6.785849240608513</ele>
        <time>2024-10-22T14:58:42Z</time>
      </trkpt>
      <trkpt lat="31.472929432793208" lon="120.25463461310619">
        <ele>6.207913929596543</ele>
        <time>2024-10-22T14:58:48Z</time>
      </trkpt>
      <trkpt lat="31.473035611598117" lon="120.25452117877072">
        <ele>5.906792097724974</ele>
        <time>2024-10-22T14:58:54Z</time>
      </trkpt>
      <trkpt lat="31.473106196454104" lon="120.25436892260777">
        <ele>7.041896142996848</ele>
        <time>2024-10-22T14:59:00Z</time>
      </trkpt>
      <trkpt lat="31.473124598917344" lon="120.25419417804252">
        <ele>6.180144335143268</ele>
        <time>2024-10-22T14:59:06Z</time>
      </trkpt>
      <trkpt lat="31.473118337667728" lon="120.2541051441329">
        <ele>7.523854438215494</ele>
        <time>2024-10-22T14:59:09Z</time>
      </trkpt>
      <trkpt lat="31.47308705034173" lon="120.25401723245612">
        <ele>7.1267374232411385</ele>
        <time>2024-10-22T14:59:12Z</time>
      </trkpt>
      <trkpt lat="31.47302716626022" lon="120.25393011858961">
        <ele>7.108732818625867</ele>
        <time>2024-10-22T14:59:16Z</time>
      </trkpt>
      <trkpt lat="31.472836919176057" lon="120.25379846832917">
        <ele>6.505076337605715</ele>
        <time>2024-10-22T14:59:25Z</time>
      </trkpt>
      <trkpt lat="31.472704432353243" lon="120.25377597993733">
        <ele>5.0413070833310485</ele>
        <time>2024-10-22T14:59:31Z</time>
      </trkpt>
      <trkpt lat="31.47262998747062" lon="120.2537453917259">
        <ele>4.11072458140552</ele>
        <time>2024-10-22T14:59:34Z</time>
      </trkpt>
      <trkpt lat="31.472357499256024" lon="120.25371724552488">
        <ele>4.467580587603152</ele>
        <time>2024-10-22T14:59:46Z</time>
      </trkpt>
      <trkpt lat="31.472155595111623" lon="120.25369794649208">
        <ele>5.530772842466831</ele>
        <time>2024-10-22T14:59:55Z</time>
      </trkpt>
      <trkpt lat="31.47194283601582" lon="120.25365749767455">
        <ele>5.200726124458015</ele>
        <time>2024-10-22T15:00:04Z</time>
      </trkpt>
      <trkpt lat="31.471808413724645" lon="120.25371227162623">
        <ele>4.699888253584504</ele>
        <time>2024-10-22T15:00:10Z</time>
      </trkpt>
      <trkpt lat="31.47169342725615" lon="120.25382600196949">
        <ele>4.391806771047413</ele>
        <time>2024-10-22T15:00:16Z</time>
      </trkpt>
      <trkpt lat="31.471633719746922" lon="120.2539856420845">
        <ele>5.187646473757923</ele>
        <time>2024-10-22T15:00:22Z</time>
      </trkpt>
      <trkpt lat="31.471639598262783" lon="120.25422971703603">
        <ele>4.959036856889725</ele>
        <time>2024-10-22T15:00:31Z</time>
      </trkpt>
      <trkpt lat="31.471706590176534" lon="120.25437907122976">
        <ele>5.044431725516915</ele>
        <time>2024-10-22T15:00:37Z</time>
      </trkpt>
      <trkpt lat="31.471816423572612" lon="120.25449793514383">
        <ele>5.52937566395849</ele>
        <time>2024-10-22T15:00:43Z</time>
      </trkpt>
      <trkpt lat="31.47194789326761" lon="120.2545634421255">
        <ele>6.701725452207029</ele>
        <time>2024-10-22T15:00:49Z</time>
      </trkpt>
      <trkpt lat="31.47222860417648" lon="120.25461701096411">
        <ele>5.878687402233481</ele>
        <time>2024-10-22T15:01:01Z</time>
      </trkpt>
      <trkpt lat="31.472502691932245" lon="120.25466855718922">
        <ele>5.002777847461402</ele>
        <time>2024-10-22T15:01:13Z</time>
      </trkpt>
      <trkpt lat="31.4727283580879" lon="120.25469454297603">
        <ele>6.0816950015723705</ele>
        <time>2024-10-22T15:01:22Z</time>
      </trkpt>
      <trkpt lat="31.47289635858961" lon="120.2546536398817">
        <ele>5.737882084213197</ele>
        <time>2024-10-22T15:01:30Z</time>
      </trkpt>
      <trkpt lat="31.473044290756413" lon="120.25451381461525">
        <ele>5.265266084112227</ele>
        <time>2024-10-22T15:01:38Z</time>
      </trkpt>
      <trkpt lat="31.473096827884326" lon="120.25440068920325">
        <ele>6.199051960371435</ele>
        <time>2024-10-22T15:01:42Z</time>
      </trkpt>
      <trkpt lat="31.473116485414824" lon="120.2543129169044">
        <ele>6.034496136009693</ele>
        <time>2024-10-22T15:01:46Z</time>
      </trkpt>
      <trkpt lat="31.47311643071283" lon="120.254210896334">
        <ele>6.690208903513849</ele>
        <time>2024-10-22T15:01:50Z</time>
      </trkpt>
      <trkpt lat="31.473076158659335" lon="120.25404155313493">
        <ele>6.347169632092118</ele>
        <time>2024-10-22T15:01:57Z</time>
      </trkpt>
      <trkpt lat="31.472989702995612" lon="120.25390584090448">
        <ele>6.28340127132833</ele>
        <time>2024-10-22T15:02:03Z</time>
      </trkpt>
      <trkpt lat="31.472855352093415" lon="120.25381626326414">
        <ele>6.401265422813594</ele>
        <time>2024-10-22T15:02:09Z</time>
      </trkpt>
      <trkpt lat="31.472577143495393" lon="120.25376573082718">
        <ele>5.273569758981466</ele>
        <time>2024-10-22T15:02:21Z</time>
      </trkpt>
      <trkpt lat="31.47224772959313" lon="120.25369994899768">
        <ele>5.632587118074298</ele>
        <time>2024-10-22T15:02:36Z</time>
      </trkpt>
      <trkpt lat="31.472042538007077" lon="120.2536683526412">
        <ele>4.4068389013409615</ele>
        <time>2024-10-22T15:02:45Z</time>
      </trkpt>
      <trkpt lat="31.47191074823379" lon="120.25369050246914">
        <ele>5.135252806358039</ele>
        <time>2024-10-22T15:02:51Z</time>
      </trkpt>
      <trkpt lat="31.471792649105563" lon="120.2537605134087">
        <ele>4.036650896072388</ele>
        <time>2024-10-22T15:02:57Z</time>
      </trkpt>
      <trkpt lat="31.471739981222598" lon="120.25381194802239">
        <ele>4.164091011509299</ele>
        <time>2024-10-22T15:03:00Z</time>
      </trkpt>
      <trkpt lat="31.471659393595903" lon="120.25395815264301">
        <ele>4.587087506428361</ele>
        <time>2024-10-22T15:03:06Z</time>
      </trkpt>
      <trkpt lat="31.471635741073293" lon="120.25411264088592">
        <ele>4.87317927274853</ele>
        <time>2024-10-22T15:03:12Z</time>
      </trkpt>
      <trkpt lat="31.471700864694544" lon="120.25435571034934">
        <ele>5.434710910543799</ele>
        <time>2024-10-22T15:03:21Z</time>
      </trkpt>
      <trkpt lat="31.47179462242749" lon="120.25446719059069">
        <ele>5.005078587681055</ele>
        <time>2024-10-22T15:03:27Z</time>
      </trkpt>
      <trkpt lat="31.471882243105668" lon="120.25452266809047">
        <ele>5.353945177048445</ele>
        <time>2024-10-22T15:03:31Z</time>
      </trkpt>
      <trkpt lat="31.472155533882642" lon="120.2545811702273">
        <ele>5.717652699910104</ele>
        <time>2024-10-22T15:03:43Z</time>
      </trkpt>
      <trkpt lat="31.47242193654229" lon="120.25463015529164">
        <ele>6.395926269702613</ele>
        <time>2024-10-22T15:03:55Z</time>
      </trkpt>
      <trkpt lat="31.47250156921164" lon="120.25465970723045">
        <ele>6.410319400951266</ele>
        <time>2024-10-22T15:03:59Z</time>
      </trkpt>
      <trkpt lat="31.472751714135185" lon="120.25469290786144">
        <ele>6.695405561476946</ele>
        <time>2024-10-22T15:04:11Z</time>
      </trkpt>
      <trkpt lat="31.47291838144752" lon="120.25462063950636">
        <ele>5.8441417049616575</ele>
        <time>2024-10-22T15:04:19Z</time>
      </trkpt>
      <trkpt lat="31.4730349852637" lon="120.2545093410866">
        <ele>5.420581944286823</ele>
        <time>2024-10-22T15:04:26Z</time>
      </trkpt>
      <trkpt lat="31.473104837546508" lon="120.2543706539506">
        <ele>5.563311358913779</ele>
        <time>2024-10-22T15:04:33Z</time>
      </trkpt>
      <trkpt lat="31.473121605984435" lon="120.25420440545744">
        <ele>6.1747063072398305</ele>
        <time>2024-10-22T15:04:39Z</time>
      </trkpt>
      <trkpt lat="31.473088668888415" lon="120.2540552473553">
        <ele>6.44929055031389</ele>
        <time>2024-10-22T15:04:45Z</time>
      </trkpt>
      <trkpt lat="31.473007574224667" lon="120.25392148603183">
        <ele>6.733015628531575</ele>
        <time>2024-10-22T15:04:51Z</time>
      </trkpt>
      <trkpt lat="31.472833660884838" lon="120.25379026491048">
        <ele>5.700698222965002</ele>
        <time>2024-10-22T15:05:00Z</time>
      </trkpt>
      <trkpt lat="31.472505996175705" lon="120.25374203802791">
        <ele>4.599641747772694</ele>
        <time>2024-10-22T15:05:15Z</time>
      </trkpt>
      <trkpt lat="31.47219950351978" lon="120.25368728612045">
        <ele>4.956654812209308</ele>
        <time>2024-10-22T15:05:30Z</time>
      </trkpt>
      <trkpt lat="31.471983545774656" lon="120.25367425000798">
        <ele>3.9860521918162704</ele>
        <time>2024-10-22T15:05:40Z</time>
      </trkpt>
      <trkpt lat="31.471885918646716" lon="120.25368800809512">
        <ele>4.138397450558841</ele>
        <time>2024-10-22T15:05:44Z</time>
      </trkpt>
      <trkpt lat="31.471795405564766" lon="120.25372998742732">
        <ele>4.0216172048822045</ele>
        <time>2024-10-22T15:05:48Z</time>
      </trkpt>
      <trkpt lat="31.471693923538865" lon="120.25386968514456">
        <ele>4.963650529272854</ele>
        <time>2024-10-22T15:05:56Z</time>
      </trkpt>
      <trkpt lat="31.471636434623377" lon="120.25404194859863">
        <ele>5.757044428028166</ele>
        <time>2024-10-22T15:06:04Z</time>
      </trkpt>
      <trkpt lat="31.4716290298379" lon="120.25413492598365">
        <ele>4.469703879207373</ele>
        <time>2024-10-22T15:06:08Z</time>
      </trkpt>
      <trkpt lat="31.4716487822963" lon="120.2542298859206">
        <ele>4.009026990272105</ele>
        <time>2024-10-22T15:06:12Z</time>
      </trkpt>
      <trkpt lat="31.47177268117812" lon="120.25444780839584">
        <ele>6.351045874878764</ele>
        <time>2024-10-22T15:06:22Z</time>
      </trkpt>
      <trkpt lat="31.471916243213382" lon="120.25453136995094">
        <ele>5.929107632488012</ele>
        <time>2024-10-22T15:06:28Z</time>
      </trkpt>
      <trkpt lat="31.47219010142171" lon="120.25457028190327">
        <ele>4.449840477667749</ele>
        <time>2024-10-22T15:06:40Z</time>
      </trkpt>
      <trkpt lat="31.47227115699722" lon="120.25460731301997">
        <ele>3.852083166129887</ele>
        <time>2024-10-22T15:06:43Z</time>
      </trkpt>
      <trkpt lat="31.472349309412234" lon="120.25459854373881">
        <ele>5.160540497861803</ele>
        <time>2024-10-22T15:06:47Z</time>
      </trkpt>
      <trkpt lat="31.472625427141384" lon="120.25466508790936">
        <ele>5.781380138359964</ele>
        <time>2024-10-22T15:06:59Z</time>
      </trkpt>
      <trkpt lat="31.47284335117969" lon="120.25465703934987">
        <ele>5.8659551022574306</ele>
        <time>2024-10-22T15:07:09Z</time>
      </trkpt>
      <trkpt lat="31.472964915586754" lon="120.25458371365593">
        <ele>6.334030603989959</ele>
        <time>2024-10-22T15:07:15Z</time>
      </trkpt>
      <trkpt lat="31.47302322193006" lon="120.25452579533884">
        <ele>5.504327737726271</ele>
        <time>2024-10-22T15:07:18Z</time>
      </trkpt>
      <trkpt lat="31.4730738424548" lon="120.25443929536276">
        <ele>5.629298499785364</ele>
        <time>2024-10-22T15:07:22Z</time>
      </trkpt>
      <trkpt lat="31.473111887618742" lon="120.25433254119766">
        <ele>5.704397522844374</ele>
        <time>2024-10-22T15:07:26Z</time>
      </trkpt>
      <trkpt lat="31.473121580333743" lon="120.25416113985527">
        <ele>6.582780992612243</ele>
        <time>2024-10-22T15:07:33Z</time>
      </trkpt>
      <trkpt lat="31.473099667123613" lon="120.2540682487004">
        <ele>6.049897474236786</ele>
        <time>2024-10-22T15:07:37Z</time>
      </trkpt>
      <trkpt lat="31.47300410244582" lon="120.25393107443561">
        <ele>5.364737841300666</ele>
        <time>2024-10-22T15:07:44Z</time>
      </trkpt>
      <trkpt lat="31.472945916715826" lon="120.2538733906422">
        <ele>5.801558469422162</ele>
        <time>2024-10-22T15:07:48Z</time>
      </trkpt>
      <trkpt lat="31.472801315466672" lon="120.25380693425575">
        <ele>4.436639301478863</ele>
        <time>2024-10-22T15:07:56Z</time>
      </trkpt>
      <trkpt lat="31.472469850755832" lon="120.2537461313447">
        <ele>4.244222145527601</ele>
        <time>2024-10-22T15:08:12Z</time>
      </trkpt>
      <trkpt lat="31.472182395945094" lon="120.25368249523834">
        <ele>6.322369884699583</ele>
        <time>2024-10-22T15:08:24Z</time>
      </trkpt>
      <trkpt lat="31.472020586393867" lon="120.25363913347515">
        <ele>6.031318671070039</ele>
        <time>2024-10-22T15:08:32Z</time>
      </trkpt>
      <trkpt lat="31.471852893755216" lon="120.25366861623395">
        <ele>4.3480178797617555</ele>
        <time>2024-10-22T15:08:40Z</time>
      </trkpt>
      <trkpt lat="31.47171625124511" lon="120.253806536367">
        <ele>5.57385975215584</ele>
        <time>2024-10-22T15:08:48Z</time>
      </trkpt>
      <trkpt lat="31.47164785597377" lon="120.25396190230832">
        <ele>5.375205058604479</ele>
        <time>2024-10-22T15:08:56Z</time>
      </trkpt>
      <trkpt lat="31.471642555696782" lon="120.25417119591732">
        <ele>6.425969948992133</ele>
        <time>2024-10-22T15:09:04Z</time>
      </trkpt>
      <trkpt lat="31.471670797982686" lon="120.25427599817338">
        <ele>3.989567246288061</ele>
        <time>2024-10-22T15:09:08Z</time>
      </trkpt>
      <trkpt lat="31.471726322135442" lon="120.25437797133392">
        <ele>5.75619004201144</ele>
        <time>2024-10-22T15:09:12Z</time>
      </trkpt>
      <trkpt lat="31.471864641777312" lon="120.2545103028766">
        <ele>5.078194679692388</ele>
        <time>2024-10-22T15:09:20Z</time>
      </trkpt>
      <trkpt lat="31.47202372897665" lon="120.25454584224028">
        <ele>4.734721436165273</ele>
        <time>2024-10-22T15:09:28Z</time>
      </trkpt>
      <trkpt lat="31.47210410238734" lon="120.25454185618159">
        <ele>2.224864940159023</ele>
        <time>2024-10-22T15:09:32Z</time>
      </trkpt>
      <trkpt lat="31.472431371931144" lon="120.25463456719622">
        <ele>6.514751484617591</ele>
        <time>2024-10-22T15:09:51Z</time>
      </trkpt>
      <trkpt lat="31.472699032867236" lon="120.25466119238115">
        <ele>5.782818867824972</ele>
        <time>2024-10-22T15:10:03Z</time>
      </trkpt>
      <trkpt lat="31.472758286855065" lon="120.25468064981712">
        <ele>5.0426779901608825</ele>
        <time>2024-10-22T15:10:06Z</time>
      </trkpt>
      <trkpt lat="31.47288048746891" lon="120.25464762245782">
        <ele>5.756267047487199</ele>
        <time>2024-10-22T15:10:12Z</time>
      </trkpt>
      <trkpt lat="31.472992781966603" lon="120.25457091558658">
        <ele>6.441818742081523</ele>
        <time>2024-10-22T15:10:18Z</time>
      </trkpt>
      <trkpt lat="31.473040903755656" lon="120.25451139115651">
        <ele>6.560937031172216</ele>
        <time>2024-10-22T15:10:21Z</time>
      </trkpt>
      <trkpt lat="31.473126145550598" lon="120.25428596463466">
        <ele>6.589138388633728</ele>
        <time>2024-10-22T15:10:30Z</time>
      </trkpt>
      <trkpt lat="31.47312371527907" lon="120.25414415136053">
        <ele>6.3418104676529765</ele>
        <time>2024-10-22T15:10:36Z</time>
      </trkpt>
      <trkpt lat="31.473075283793055" lon="120.25400380535119">
        <ele>6.1435208367183805</ele>
        <time>2024-10-22T15:10:42Z</time>
      </trkpt>
      <trkpt lat="31.47298567562895" lon="120.25388473715877">
        <ele>6.680896294303238</ele>
        <time>2024-10-22T15:10:48Z</time>
      </trkpt>
      <trkpt lat="31.472807070391454" lon="120.25376504132748">
        <ele>5.64480971544981</ele>
        <time>2024-10-22T15:10:57Z</time>
      </trkpt>
      <trkpt lat="31.47274332504019" lon="120.2537776898234">
        <ele>5.39084604755044</ele>
        <time>2024-10-22T15:11:00Z</time>
      </trkpt>
      <trkpt lat="31.47245930846735" lon="120.2537443473055">
        <ele>5.4361993139609694</ele>
        <time>2024-10-22T15:11:15Z</time>
      </trkpt>
      <trkpt lat="31.472154376429224" lon="120.2536778725204">
        <ele>3.9945178059861064</ele>
        <time>2024-10-22T15:11:30Z</time>
      </trkpt>
      <trkpt lat="31.472026003172857" lon="120.2536469197646">
        <ele>4.924983537755907</ele>
        <time>2024-10-22T15:11:36Z</time>
      </trkpt>
      <trkpt lat="31.471827757865448" lon="120.25368728788762">
        <ele>5.074272536672652</ele>
        <time>2024-10-22T15:11:49Z</time>
      </trkpt>
      <trkpt lat="31.471735923006747" lon="120.25376672767783">
        <ele>4.316113833338022</ele>
        <time>2024-10-22T15:12:02Z</time>
      </trkpt>
      <trkpt lat="31.471661784917867" lon="120.25390528466745">
        <ele>4.937216164544225</ele>
        <time>2024-10-22T15:12:11Z</time>
      </trkpt>
      <trkpt lat="31.47164080551187" lon="120.25411968103423">
        <ele>3.846463822759688</ele>
        <time>2024-10-22T15:12:20Z</time>
      </trkpt>
      <trkpt lat="31.47171089254581" lon="120.25435442568855">
        <ele>4.9716457426548</ele>
        <time>2024-10-22T15:12:29Z</time>
      </trkpt>
      <trkpt lat="31.471799359437092" lon="120.25447477920245">
        <ele>5.500191421248019</ele>
        <time>2024-10-22T15:12:35Z</time>
      </trkpt>
      <trkpt lat="31.471853428112034" lon="120.25451958852474">
        <ele>6.02083426900208</ele>
        <time>2024-10-22T15:12:38Z</time>
      </trkpt>
      <trkpt lat="31.472118735764575" lon="120.25458467789625">
        <ele>5.245198173448443</ele>
        <time>2024-10-22T15:12:50Z</time>
      </trkpt>
      <trkpt lat="31.472363982694414" lon="120.2546412887441">
        <ele>5.466757119633257</ele>
        <time>2024-10-22T15:13:02Z</time>
      </trkpt>
      <trkpt lat="31.472425966949714" lon="120.25467752750289">
        <ele>4.907195377163589</ele>
        <time>2024-10-22T15:13:05Z</time>
      </trkpt>
      <trkpt lat="31.472559532012742" lon="120.2547045488491">
        <ele>5.153249345719814</ele>
        <time>2024-10-22T15:13:11Z</time>
      </trkpt>
      <trkpt lat="31.472665625336" lon="120.2547668220034">
        <ele>5.425759624689817</ele>
        <time>2024-10-22T15:13:17Z</time>
      </trkpt>
      <trkpt lat="31.4727978230206" lon="120.25478151806531">
        <ele>6.327372633852065</ele>
        <time>2024-10-22T15:13:23Z</time>
      </trkpt>
      <trkpt lat="31.472854180952243" lon="120.25476455645406">
        <ele>5.868117776699364</ele>
        <time>2024-10-22T15:13:26Z</time>
      </trkpt>
      <trkpt lat="31.472854180952243" lon="120.25476455645406">
        <ele>5.868117776699364</ele>
        <time>2024-10-22T15:13:26Z</time>
      </trkpt>
      <trkpt lat="31.472879214859056" lon="120.25474436193784">
        <ele>5.83371823001653</ele>
        <time>2024-10-22T15:18:58Z</time>
      </trkpt>
      <trkpt lat="31.472947519910797" lon="120.25456362741994">
        <ele>5.854399370029569</ele>
        <time>2024-10-22T15:19:07Z</time>
      </trkpt>
      <trkpt lat="31.473060849578015" lon="120.25446246057423">
        <ele>5.824706660583615</ele>
        <time>2024-10-22T15:19:13Z</time>
      </trkpt>
      <trkpt lat="31.473123324681488" lon="120.25429867739213">
        <ele>6.718034563586116</ele>
        <time>2024-10-22T15:19:19Z</time>
      </trkpt>
      <trkpt lat="31.473107749896876" lon="120.25412612666643">
        <ele>5.9500936307013035</ele>
        <time>2024-10-22T15:19:25Z</time>
      </trkpt>
      <trkpt lat="31.47308301495834" lon="120.2540381398759">
        <ele>6.878335475921631</ele>
        <time>2024-10-22T15:19:28Z</time>
      </trkpt>
      <trkpt lat="31.47298276897909" lon="120.25389999049129">
        <ele>6.366665489040315</ele>
        <time>2024-10-22T15:19:34Z</time>
      </trkpt>
      <trkpt lat="31.47285274256795" lon="120.25380816469837">
        <ele>6.435388410463929</ele>
        <time>2024-10-22T15:19:40Z</time>
      </trkpt>
      <trkpt lat="31.472551498152832" lon="120.2537607380098">
        <ele>6.68258875887841</ele>
        <time>2024-10-22T15:19:52Z</time>
      </trkpt>
      <trkpt lat="31.47226394714111" lon="120.25368790607905">
        <ele>6.7612474309280515</ele>
        <time>2024-10-22T15:20:04Z</time>
      </trkpt>
      <trkpt lat="31.472054037775674" lon="120.25365165096028">
        <ele>4.840683569200337</ele>
        <time>2024-10-22T15:20:13Z</time>
      </trkpt>
      <trkpt lat="31.47190730211734" lon="120.25366802673737">
        <ele>4.693327817134559</ele>
        <time>2024-10-22T15:20:20Z</time>
      </trkpt>
      <trkpt lat="31.47179922667969" lon="120.25372988947552">
        <ele>4.889661279506981</ele>
        <time>2024-10-22T15:20:26Z</time>
      </trkpt>
      <trkpt lat="31.47171133328918" lon="120.25383116429106">
        <ele>4.7441492937505245</ele>
        <time>2024-10-22T15:20:32Z</time>
      </trkpt>
      <trkpt lat="31.471656280865624" lon="120.25399210582295">
        <ele>3.884986429475248</ele>
        <time>2024-10-22T15:20:38Z</time>
      </trkpt>
      <trkpt lat="31.471653694584575" lon="120.25413573125073">
        <ele>3.9885119143873453</ele>
        <time>2024-10-22T15:20:44Z</time>
      </trkpt>
      <trkpt lat="31.47169282268904" lon="120.25430149125276">
        <ele>4.393631088547409</ele>
        <time>2024-10-22T15:20:50Z</time>
      </trkpt>
      <trkpt lat="31.471807575125915" lon="120.25447922625042">
        <ele>5.009895937517285</ele>
        <time>2024-10-22T15:20:59Z</time>
      </trkpt>
      <trkpt lat="31.471865343743435" lon="120.25451737081549">
        <ele>4.140799600630999</ele>
        <time>2024-10-22T15:21:02Z</time>
      </trkpt>
      <trkpt lat="31.472048843380012" lon="120.25456560909264">
        <ele>4.83308719471097</ele>
        <time>2024-10-22T15:21:11Z</time>
      </trkpt>
      <trkpt lat="31.472381886535434" lon="120.25461578839">
        <ele>7.112131749279797</ele>
        <time>2024-10-22T15:21:26Z</time>
      </trkpt>
      <trkpt lat="31.47270349952871" lon="120.25467437683125">
        <ele>6.160897838883102</ele>
        <time>2024-10-22T15:21:41Z</time>
      </trkpt>
      <trkpt lat="31.472835587984303" lon="120.25466028829494">
        <ele>5.618115712888539</ele>
        <time>2024-10-22T15:21:47Z</time>
      </trkpt>
      <trkpt lat="31.472958005765424" lon="120.25459937810515">
        <ele>5.982322569936514</ele>
        <time>2024-10-22T15:21:53Z</time>
      </trkpt>
      <trkpt lat="31.473096185697425" lon="120.25440684807319">
        <ele>6.475270973518491</ele>
        <time>2024-10-22T15:22:02Z</time>
      </trkpt>
      <trkpt lat="31.473130221004396" lon="120.25418857585592">
        <ele>6.031610522419214</ele>
        <time>2024-10-22T15:22:11Z</time>
      </trkpt>
      <trkpt lat="31.47311670014165" lon="120.25411013820398">
        <ele>6.155219946056604</ele>
        <time>2024-10-22T15:22:14Z</time>
      </trkpt>
      <trkpt lat="31.473026452639687" lon="120.25395465366906">
        <ele>5.632898424752057</ele>
        <time>2024-10-22T15:22:21Z</time>
      </trkpt>
      <trkpt lat="31.472960695043973" lon="120.25387722108985">
        <ele>6.237733808346093</ele>
        <time>2024-10-22T15:22:25Z</time>
      </trkpt>
      <trkpt lat="31.472879750783363" lon="120.25381924540417">
        <ele>5.899443897418678</ele>
        <time>2024-10-22T15:22:29Z</time>
      </trkpt>
      <trkpt lat="31.472794408996105" lon="120.25378563548138">
        <ele>5.398017064668238</ele>
        <time>2024-10-22T15:22:33Z</time>
      </trkpt>
      <trkpt lat="31.472697148114555" lon="120.25377827726284">
        <ele>5.801497514359653</ele>
        <time>2024-10-22T15:22:37Z</time>
      </trkpt>
      <trkpt lat="31.472435538668414" lon="120.25371291927154">
        <ele>5.565726573579013</ele>
        <time>2024-10-22T15:22:49Z</time>
      </trkpt>
      <trkpt lat="31.47210959334508" lon="120.25365569147355">
        <ele>4.952511042356491</ele>
        <time>2024-10-22T15:23:03Z</time>
      </trkpt>
      <trkpt lat="31.47191934136187" lon="120.25365641719513">
        <ele>5.8132368410006166</ele>
        <time>2024-10-22T15:23:12Z</time>
      </trkpt>
      <trkpt lat="31.471799662035558" lon="120.2537016623993">
        <ele>4.6398255452513695</ele>
        <time>2024-10-22T15:23:18Z</time>
      </trkpt>
      <trkpt lat="31.47170641052987" lon="120.25379317032599">
        <ele>4.3489620154723525</ele>
        <time>2024-10-22T15:23:24Z</time>
      </trkpt>
      <trkpt lat="31.47164311917836" lon="120.25392298324792">
        <ele>4.134342955425382</ele>
        <time>2024-10-22T15:23:30Z</time>
      </trkpt>
      <trkpt lat="31.471613717355567" lon="120.25412972565002">
        <ele>4.029072874225676</ele>
        <time>2024-10-22T15:23:39Z</time>
      </trkpt>
      <trkpt lat="31.471650272018916" lon="120.25428452354063">
        <ele>4.778580387122929</ele>
        <time>2024-10-22T15:23:45Z</time>
      </trkpt>
      <trkpt lat="31.471835369867282" lon="120.2544967916581">
        <ele>3.4926751982420683</ele>
        <time>2024-10-22T15:24:03Z</time>
      </trkpt>
      <trkpt lat="31.472129594409154" lon="120.25457829865356">
        <ele>5.112505893222988</ele>
        <time>2024-10-22T15:24:18Z</time>
      </trkpt>
      <trkpt lat="31.472444427443758" lon="120.25463879004135">
        <ele>4.212729051709175</ele>
        <time>2024-10-22T15:24:33Z</time>
      </trkpt>
      <trkpt lat="31.472797180874952" lon="120.25467773900489">
        <ele>5.29836746212095</ele>
        <time>2024-10-22T15:24:49Z</time>
      </trkpt>
      <trkpt lat="31.47295668246389" lon="120.25461250027074">
        <ele>5.597166298888624</ele>
        <time>2024-10-22T15:24:57Z</time>
      </trkpt>
      <trkpt lat="31.473067696622287" lon="120.2544822645882">
        <ele>5.710951050743461</ele>
        <time>2024-10-22T15:25:05Z</time>
      </trkpt>
      <trkpt lat="31.473125519663306" lon="120.25429324513179">
        <ele>6.300915985368192</ele>
        <time>2024-10-22T15:25:13Z</time>
      </trkpt>
      <trkpt lat="31.473104876423346" lon="120.25411107388057">
        <ele>5.559661518782377</ele>
        <time>2024-10-22T15:25:21Z</time>
      </trkpt>
      <trkpt lat="31.473019240067202" lon="120.25392870273573">
        <ele>5.785914826206863</ele>
        <time>2024-10-22T15:25:30Z</time>
      </trkpt>
      <trkpt lat="31.47280432988594" lon="120.25377201371342">
        <ele>5.169574164785445</ele>
        <time>2024-10-22T15:25:48Z</time>
      </trkpt>
      <trkpt lat="31.472729378483955" lon="120.2537819892607">
        <ele>5.573264102451503</ele>
        <time>2024-10-22T15:25:54Z</time>
      </trkpt>
      <trkpt lat="31.472764304241306" lon="120.25372304942844">
        <ele>3.6941098049283028</ele>
        <time>2024-10-22T15:34:20Z</time>
      </trkpt>
      <trkpt lat="31.47271788907173" lon="120.2537621959501">
        <ele>4.413797567598522</ele>
        <time>2024-10-22T15:34:23Z</time>
      </trkpt>
      <trkpt lat="31.472438184292308" lon="120.2537402358017">
        <ele>3.7458285614848137</ele>
        <time>2024-10-22T15:34:38Z</time>
      </trkpt>
      <trkpt lat="31.472257860488146" lon="120.25368503517338">
        <ele>3.327297544106841</ele>
        <time>2024-10-22T15:34:47Z</time>
      </trkpt>
      <trkpt lat="31.472014302149855" lon="120.25366103250543">
        <ele>3.635363293811679</ele>
        <time>2024-10-22T15:34:57Z</time>
      </trkpt>
      <trkpt lat="31.471855037883596" lon="120.25369772933561">
        <ele>4.085356150753796</ele>
        <time>2024-10-22T15:35:05Z</time>
      </trkpt>
      <trkpt lat="31.471726012957955" lon="120.25380523392526">
        <ele>4.015291408635676</ele>
        <time>2024-10-22T15:35:13Z</time>
      </trkpt>
      <trkpt lat="31.471677677537116" lon="120.25388615784168">
        <ele>4.376424008980393</ele>
        <time>2024-10-22T15:35:17Z</time>
      </trkpt>
      <trkpt lat="31.471636348275712" lon="120.25405008016186">
        <ele>4.016134520061314</ele>
        <time>2024-10-22T15:35:24Z</time>
      </trkpt>
      <trkpt lat="31.471646657298315" lon="120.25419485580935">
        <ele>4.648728681728244</ele>
        <time>2024-10-22T15:35:30Z</time>
      </trkpt>
      <trkpt lat="31.47170709744059" lon="120.25434290765251">
        <ele>5.01564472541213</ele>
        <time>2024-10-22T15:35:36Z</time>
      </trkpt>
      <trkpt lat="31.471813033812946" lon="120.25446558639611">
        <ele>5.086834896355867</ele>
        <time>2024-10-22T15:35:42Z</time>
      </trkpt>
      <trkpt lat="31.4718790201828" lon="120.25451523837175">
        <ele>5.759863979183137</ele>
        <time>2024-10-22T15:35:45Z</time>
      </trkpt>
      <trkpt lat="31.47217568139627" lon="120.25457333210043">
        <ele>5.302282843738794</ele>
        <time>2024-10-22T15:35:57Z</time>
      </trkpt>
      <trkpt lat="31.472410748139694" lon="120.25461994257438">
        <ele>5.533797734417021</ele>
        <time>2024-10-22T15:36:06Z</time>
      </trkpt>
      <trkpt lat="31.472550737720933" lon="120.25465845036818">
        <ele>4.926207780838013</ele>
        <time>2024-10-22T15:36:12Z</time>
      </trkpt>
      <trkpt lat="31.4727017256138" lon="120.25467465255507">
        <ele>7.751312702894211</ele>
        <time>2024-10-22T15:36:18Z</time>
      </trkpt>
      <trkpt lat="31.472869140494446" lon="120.25465606664925">
        <ele>6.906254081055522</ele>
        <time>2024-10-22T15:36:24Z</time>
      </trkpt>
      <trkpt lat="31.472948098256378" lon="120.25461654236749">
        <ele>6.121057785116136</ele>
        <time>2024-10-22T15:36:27Z</time>
      </trkpt>
      <trkpt lat="31.473018596872894" lon="120.25455665641525">
        <ele>6.692966249771416</ele>
        <time>2024-10-22T15:36:30Z</time>
      </trkpt>
      <trkpt lat="31.4730999584413" lon="120.25440139629178">
        <ele>6.306397863663733</ele>
        <time>2024-10-22T15:36:36Z</time>
      </trkpt>
      <trkpt lat="31.4731239659913" lon="120.25423542984687">
        <ele>5.473848232068121</ele>
        <time>2024-10-22T15:36:42Z</time>
      </trkpt>
      <trkpt lat="31.473120545539167" lon="120.2541484306238">
        <ele>5.450564904138446</ele>
        <time>2024-10-22T15:36:45Z</time>
      </trkpt>
      <trkpt lat="31.473038923849817" lon="120.25397285415966">
        <ele>6.731320132501423</ele>
        <time>2024-10-22T15:36:51Z</time>
      </trkpt>
      <trkpt lat="31.47298607865217" lon="120.2539016355166">
        <ele>6.264550372958183</ele>
        <time>2024-10-22T15:36:54Z</time>
      </trkpt>
      <trkpt lat="31.472850124717855" lon="120.2538122107861">
        <ele>5.9041488748043776</ele>
        <time>2024-10-22T15:37:00Z</time>
      </trkpt>
      <trkpt lat="31.47253851867358" lon="120.25374780276455">
        <ele>4.877172762528062</ele>
        <time>2024-10-22T15:37:13Z</time>
      </trkpt>
      <trkpt lat="31.472259068006593" lon="120.25369934063157">
        <ele>5.466693030670285</ele>
        <time>2024-10-22T15:37:25Z</time>
      </trkpt>
      <trkpt lat="31.47199222593856" lon="120.25365634623157">
        <ele>4.379678611643612</ele>
        <time>2024-10-22T15:37:37Z</time>
      </trkpt>
      <trkpt lat="31.471746765142182" lon="120.25373893176364">
        <ele>4.188850313425064</ele>
        <time>2024-10-22T15:37:49Z</time>
      </trkpt>
      <trkpt lat="31.471666049287055" lon="120.25387462795005">
        <ele>3.8626541066914797</ele>
        <time>2024-10-22T15:37:55Z</time>
      </trkpt>
      <trkpt lat="31.47162479872257" lon="120.25404275027486">
        <ele>4.301458013243973</ele>
        <time>2024-10-22T15:38:01Z</time>
      </trkpt>
      <trkpt lat="31.471647405303752" lon="120.25425046824333">
        <ele>4.647801721468568</ele>
        <time>2024-10-22T15:38:08Z</time>
      </trkpt>
      <trkpt lat="31.471726350017022" lon="120.25440530338413">
        <ele>6.069386595860124</ele>
        <time>2024-10-22T15:38:14Z</time>
      </trkpt>
      <trkpt lat="31.471853379165132" lon="120.2545092588157">
        <ele>3.9926336714997888</ele>
        <time>2024-10-22T15:38:20Z</time>
      </trkpt>
      <trkpt lat="31.472137493534152" lon="120.25459048973185">
        <ele>4.999892809428275</ele>
        <time>2024-10-22T15:38:32Z</time>
      </trkpt>
      <trkpt lat="31.472428365297585" lon="120.2546363637219">
        <ele>5.201474143192172</ele>
        <time>2024-10-22T15:38:44Z</time>
      </trkpt>
      <trkpt lat="31.47269795900729" lon="120.25467210368623">
        <ele>4.996726524084806</ele>
        <time>2024-10-22T15:38:56Z</time>
      </trkpt>
      <trkpt lat="31.472834746914316" lon="120.2546682940462">
        <ele>6.297101562842727</ele>
        <time>2024-10-22T15:39:02Z</time>
      </trkpt>
      <trkpt lat="31.47295327958085" lon="120.25459882756536">
        <ele>6.857150704599917</ele>
        <time>2024-10-22T15:39:08Z</time>
      </trkpt>
      <trkpt lat="31.473022655329487" lon="120.25453147606153">
        <ele>6.379596279934049</ele>
        <time>2024-10-22T15:39:12Z</time>
      </trkpt>
      <trkpt lat="31.4730777662068" lon="120.25439407817281">
        <ele>5.408195784315467</ele>
        <time>2024-10-22T15:39:19Z</time>
      </trkpt>
      <trkpt lat="31.473095377051994" lon="120.25412456817665">
        <ele>5.471741107292473</ele>
        <time>2024-10-22T15:39:31Z</time>
      </trkpt>
      <trkpt lat="31.473008773134207" lon="120.25393166494405">
        <ele>5.728901190683246</ele>
        <time>2024-10-22T15:39:39Z</time>
      </trkpt>
      <trkpt lat="31.472907951030937" lon="120.25383797295245">
        <ele>5.53407818172127</ele>
        <time>2024-10-22T15:39:48Z</time>
      </trkpt>
      <trkpt lat="31.47263412004476" lon="120.25376446186782">
        <ele>4.749771796166897</ele>
        <time>2024-10-22T15:40:03Z</time>
      </trkpt>
      <trkpt lat="31.472305236387854" lon="120.2536984640399">
        <ele>4.8005201946944</ele>
        <time>2024-10-22T15:40:18Z</time>
      </trkpt>
      <trkpt lat="31.471989063798574" lon="120.25364003231871">
        <ele>5.189174961298704</ele>
        <time>2024-10-22T15:40:33Z</time>
      </trkpt>
      <trkpt lat="31.47184804059323" lon="120.2536764742413">
        <ele>5.262430175207555</ele>
        <time>2024-10-22T15:40:39Z</time>
      </trkpt>
      <trkpt lat="31.471741869083225" lon="120.25375862177012">
        <ele>5.070910692214966</ele>
        <time>2024-10-22T15:40:45Z</time>
      </trkpt>
      <trkpt lat="31.471662665008505" lon="120.2538827588295">
        <ele>4.3638427387923</ele>
        <time>2024-10-22T15:40:51Z</time>
      </trkpt>
      <trkpt lat="31.47162991456578" lon="120.25404306095164">
        <ele>4.35611173696816</ele>
        <time>2024-10-22T15:40:57Z</time>
      </trkpt>
      <trkpt lat="31.471637172102778" lon="120.25419304969459">
        <ele>4.160774840041995</ele>
        <time>2024-10-22T15:41:03Z</time>
      </trkpt>
      <trkpt lat="31.471717527175798" lon="120.25441276049504">
        <ele>5.496556766331196</ele>
        <time>2024-10-22T15:41:12Z</time>
      </trkpt>
      <trkpt lat="31.47184633476132" lon="120.2545156085578">
        <ele>5.2610711716115475</ele>
        <time>2024-10-22T15:41:19Z</time>
      </trkpt>
      <trkpt lat="31.47202497770636" lon="120.25455795338166">
        <ele>5.282181314192712</ele>
        <time>2024-10-22T15:41:27Z</time>
      </trkpt>
      <trkpt lat="31.472295210062242" lon="120.25460386545552">
        <ele>6.048734939657152</ele>
        <time>2024-10-22T15:41:39Z</time>
      </trkpt>
      <trkpt lat="31.472583014035244" lon="120.25467829181815">
        <ele>5.077400082722306</ele>
        <time>2024-10-22T15:41:54Z</time>
      </trkpt>
      <trkpt lat="31.47277837869244" lon="120.25469353760312">
        <ele>5.192734303884208</ele>
        <time>2024-10-22T15:42:03Z</time>
      </trkpt>
      <trkpt lat="31.472906483615308" lon="120.25465532075746">
        <ele>6.65202927030623</ele>
        <time>2024-10-22T15:42:09Z</time>
      </trkpt>
      <trkpt lat="31.4730224336937" lon="120.25457998890565">
        <ele>6.377453347668052</ele>
        <time>2024-10-22T15:42:15Z</time>
      </trkpt>
      <trkpt lat="31.473091014342636" lon="120.2544625448901">
        <ele>6.300493813119829</ele>
        <time>2024-10-22T15:42:27Z</time>
      </trkpt>
      <trkpt lat="31.473165418884218" lon="120.25442502018505">
        <ele>5.908040979877114</ele>
        <time>2024-10-22T15:42:33Z</time>
      </trkpt>
      <trkpt lat="31.47318544470158" lon="120.25437093031027">
        <ele>5.32080799434334</ele>
        <time>2024-10-22T15:42:36Z</time>
      </trkpt>
      <trkpt lat="31.47317544755139" lon="120.25413952398164">
        <ele>5.722460496239364</ele>
        <time>2024-10-22T15:42:48Z</time>
      </trkpt>
      <trkpt lat="31.47309695105701" lon="120.25392734880027">
        <ele>6.282199998386204</ele>
        <time>2024-10-22T15:42:57Z</time>
      </trkpt>
      <trkpt lat="31.472996559683978" lon="120.2538209026415">
        <ele>5.7260778564959764</ele>
        <time>2024-10-22T15:43:03Z</time>
      </trkpt>
      <trkpt lat="31.47281419583737" lon="120.25372074978755">
        <ele>5.153903430327773</ele>
        <time>2024-10-22T15:43:12Z</time>
      </trkpt>
      <trkpt lat="31.47257654265141" lon="120.25369188871052">
        <ele>4.806414403021336</ele>
        <time>2024-10-22T15:43:25Z</time>
      </trkpt>
      <trkpt lat="31.472527654156366" lon="120.25364205183318">
        <ele>5.206127940677106</ele>
        <time>2024-10-22T15:43:29Z</time>
      </trkpt>
      <trkpt lat="31.472383275325004" lon="120.25363057245691">
        <ele>6.126075311563909</ele>
        <time>2024-10-22T15:43:41Z</time>
      </trkpt>
      <trkpt lat="31.472198315977877" lon="120.2535736239915">
        <ele>6.072639689780772</ele>
        <time>2024-10-22T15:43:57Z</time>
      </trkpt>
      <trkpt lat="31.472092307575675" lon="120.25356537620766">
        <ele>6.213140352629125</ele>
        <time>2024-10-22T15:44:05Z</time>
      </trkpt>
      <trkpt lat="31.472052626788606" lon="120.2535310935214">
        <ele>6.4701465703547</ele>
        <time>2024-10-22T15:44:09Z</time>
      </trkpt>
      <trkpt lat="31.471995547885097" lon="120.25357179367859">
        <ele>5.588151577860117</ele>
        <time>2024-10-22T15:44:13Z</time>
      </trkpt>
      <trkpt lat="31.471843120566" lon="120.25358978675678">
        <ele>6.566710848361254</ele>
        <time>2024-10-22T15:44:25Z</time>
      </trkpt>
      <trkpt lat="31.471734428752253" lon="120.25368859177557">
        <ele>5.297771729528904</ele>
        <time>2024-10-22T15:44:33Z</time>
      </trkpt>
      <trkpt lat="31.47164514638687" lon="120.25382620778228">
        <ele>5.268191821873188</ele>
        <time>2024-10-22T15:44:40Z</time>
      </trkpt>
      <trkpt lat="31.47158812882965" lon="120.2540359831988">
        <ele>5.075438875705004</ele>
        <time>2024-10-22T15:44:48Z</time>
      </trkpt>
      <trkpt lat="31.47160369118239" lon="120.2542383838361">
        <ele>3.8695165272802114</ele>
        <time>2024-10-22T15:44:55Z</time>
      </trkpt>
      <trkpt lat="31.471682660498217" lon="120.25444073605611">
        <ele>5.491147771477699</ele>
        <time>2024-10-22T15:45:02Z</time>
      </trkpt>
      <trkpt lat="31.471850143568094" lon="120.25461529040007">
        <ele>5.205329587683082</ele>
        <time>2024-10-22T15:45:10Z</time>
      </trkpt>
      <trkpt lat="31.471992261070245" lon="120.25465236734398">
        <ele>5.271791340783238</ele>
        <time>2024-10-22T15:45:16Z</time>
      </trkpt>
      <trkpt lat="31.472229469043114" lon="120.25467833158993">
        <ele>6.150825371965766</ele>
        <time>2024-10-22T15:45:26Z</time>
      </trkpt>
      <trkpt lat="31.472329249940735" lon="120.25471984616662">
        <ele>6.26621466409415</ele>
        <time>2024-10-22T15:45:30Z</time>
      </trkpt>
      <trkpt lat="31.472468467697194" lon="120.25474804568616">
        <ele>6.5580977806821465</ele>
        <time>2024-10-22T15:45:38Z</time>
      </trkpt>
      <trkpt lat="31.47261397758661" lon="120.25474190315089">
        <ele>5.049354232847691</ele>
        <time>2024-10-22T15:45:50Z</time>
      </trkpt>
      <trkpt lat="31.47271019163471" lon="120.25477660908858">
        <ele>7.142154726199806</ele>
        <time>2024-10-22T15:45:58Z</time>
      </trkpt>
      <trkpt lat="31.472954085242193" lon="120.25468054243117">
        <ele>6.410767037421465</ele>
        <time>2024-10-22T15:46:14Z</time>
      </trkpt>
      <trkpt lat="31.473083557227103" lon="120.25453329211952">
        <ele>6.239423309452832</ele>
        <time>2024-10-22T15:46:22Z</time>
      </trkpt>
      <trkpt lat="31.472960235949248" lon="120.25461203257436">
        <ele>5.861450847238302</ele>
        <time>2024-10-22T15:46:30Z</time>
      </trkpt>
      <trkpt lat="31.472960235949248" lon="120.25461203257436">
        <ele>5.861450847238302</ele>
        <time>2024-10-22T15:46:30Z</time>
      </trkpt>
    </trkseg>
  </trk>
</gpx>