<?xml version="1.0" encoding="UTF-8"?>
<gpx xmlns="http://www.topografix.com/GPX/1/1" xmlns:gpxtpx="http://www.garmin.com/xmlschemas/TrackPointExtension/v1" xmlns:xsi="http://www.w3.org/2001/XMLSchema-instance" xsi:schemaLocation="http://www.topografix.com/GPX/1/1 http://www.topografix.com/GPX/1/1/gpx.xsd" version="1.1" creator="gpx.py -- https://github.com/tkrajina/gpxpy">
  <trk>
    <name>gpx from keep</name>
    <type>Run</type>
    <trkseg>
      <trkpt lat="31.11237169777457" lon="121.36430780201">
        <ele>10.22883138526231</ele>
        <time>2024-07-15T13:09:10Z</time>
      </trkpt>
      <trkpt lat="31.112313332421003" lon="121.36427056036386">
        <ele>6.514045795425773</ele>
        <time>2024-07-15T13:09:17Z</time>
      </trkpt>
      <trkpt lat="31.11227086713627" lon="121.36419874176686">
        <ele>8.13896950893104</ele>
        <time>2024-07-15T13:09:23Z</time>
      </trkpt>
      <trkpt lat="31.11232217282428" lon="121.36421914168317">
        <ele>6.827309915795922</ele>
        <time>2024-07-15T13:09:35Z</time>
      </trkpt>
      <trkpt lat="31.112400129668508" lon="121.36419205574185">
        <ele>6.076229650527239</ele>
        <time>2024-07-15T13:09:38Z</time>
      </trkpt>
      <trkpt lat="31.112461691375515" lon="121.36414947374348">
        <ele>5.438553118146956</ele>
        <time>2024-07-15T13:09:41Z</time>
      </trkpt>
      <trkpt lat="31.112505131826076" lon="121.36408657728781">
        <ele>4.7274192767217755</ele>
        <time>2024-07-15T13:09:44Z</time>
      </trkpt>
      <trkpt lat="31.112499988621106" lon="121.36398781700882">
        <ele>4.72384300082922</ele>
        <time>2024-07-15T13:09:47Z</time>
      </trkpt>
      <trkpt lat="31.11254414472442" lon="121.36392050990419">
        <ele>4.491273759864271</ele>
        <time>2024-07-15T13:09:50Z</time>
      </trkpt>
      <trkpt lat="31.112608807839074" lon="121.36390488585705">
        <ele>5.402870517224073</ele>
        <time>2024-07-15T13:09:53Z</time>
      </trkpt>
      <trkpt lat="31.11280412989074" lon="121.36396266365833">
        <ele>6.2440804075449705</ele>
        <time>2024-07-15T13:09:59Z</time>
      </trkpt>
      <trkpt lat="31.112863252184596" lon="121.3638556860378">
        <ele>6.608581937849522</ele>
        <time>2024-07-15T13:10:02Z</time>
      </trkpt>
      <trkpt lat="31.112964140314784" lon="121.36381245622233">
        <ele>7.031525664031506</ele>
        <time>2024-07-15T13:10:05Z</time>
      </trkpt>
      <trkpt lat="31.11306778240085" lon="121.36381521463663">
        <ele>6.970877806656063</ele>
        <time>2024-07-15T13:10:08Z</time>
      </trkpt>
      <trkpt lat="31.11318894296531" lon="121.3637249183366">
        <ele>8.705546074546874</ele>
        <time>2024-07-15T13:10:14Z</time>
      </trkpt>
      <trkpt lat="31.113453326526077" lon="121.36362409615684">
        <ele>10.001820400357246</ele>
        <time>2024-07-15T13:10:23Z</time>
      </trkpt>
      <trkpt lat="31.11358474901166" lon="121.36352490964266">
        <ele>8.981583220884204</ele>
        <time>2024-07-15T13:10:29Z</time>
      </trkpt>
      <trkpt lat="31.113730231268537" lon="121.36351450851636">
        <ele>8.023806328885257</ele>
        <time>2024-07-15T13:10:35Z</time>
      </trkpt>
      <trkpt lat="31.113801720041142" lon="121.3634582486262">
        <ele>8.340789085254073</ele>
        <time>2024-07-15T13:10:38Z</time>
      </trkpt>
      <trkpt lat="31.113825799687564" lon="121.36350635257067">
        <ele>10.985295293852687</ele>
        <time>2024-07-15T13:10:44Z</time>
      </trkpt>
      <trkpt lat="31.113890065928285" lon="121.3635005557757">
        <ele>10.282879108563066</ele>
        <time>2024-07-15T13:10:47Z</time>
      </trkpt>
      <trkpt lat="31.113842171514445" lon="121.3634297022462">
        <ele>9.358082314021885</ele>
        <time>2024-07-15T13:10:50Z</time>
      </trkpt>
      <trkpt lat="31.11391831640921" lon="121.36340701367158">
        <ele>9.156250215135515</ele>
        <time>2024-07-15T13:10:56Z</time>
      </trkpt>
      <trkpt lat="31.11393252423246" lon="121.36350314109971">
        <ele>9.044969983398914</ele>
        <time>2024-07-15T13:10:59Z</time>
      </trkpt>
      <trkpt lat="31.114007782281668" lon="121.36343475738059">
        <ele>7.508999614045024</ele>
        <time>2024-07-15T13:11:05Z</time>
      </trkpt>
      <trkpt lat="31.11414923461694" lon="121.36320803378345">
        <ele>7.419808467850089</ele>
        <time>2024-07-15T13:11:12Z</time>
      </trkpt>
      <trkpt lat="31.114231031153277" lon="121.36314145409426">
        <ele>8.50122700072825</ele>
        <time>2024-07-15T13:11:15Z</time>
      </trkpt>
      <trkpt lat="31.114324933798652" lon="121.36311433220165">
        <ele>8.046736987307668</ele>
        <time>2024-07-15T13:11:18Z</time>
      </trkpt>
      <trkpt lat="31.114396418343812" lon="121.36305919659226">
        <ele>8.593791618943214</ele>
        <time>2024-07-15T13:11:21Z</time>
      </trkpt>
      <trkpt lat="31.114501878210206" lon="121.36304961881366">
        <ele>8.590034984983504</ele>
        <time>2024-07-15T13:11:24Z</time>
      </trkpt>
      <trkpt lat="31.114615461653077" lon="121.36306126266072">
        <ele>9.015605888329446</ele>
        <time>2024-07-15T13:11:27Z</time>
      </trkpt>
      <trkpt lat="31.114687946415536" lon="121.36300257160447">
        <ele>8.990482297725976</ele>
        <time>2024-07-15T13:11:30Z</time>
      </trkpt>
      <trkpt lat="31.11483531563158" lon="121.3629974564636">
        <ele>7.7779724802821875</ele>
        <time>2024-07-15T13:11:42Z</time>
      </trkpt>
      <trkpt lat="31.115025622758186" lon="121.36289430449354">
        <ele>8.526956532150507</ele>
        <time>2024-07-15T13:11:51Z</time>
      </trkpt>
      <trkpt lat="31.115090773185962" lon="121.36287588384256">
        <ele>8.887844501063228</ele>
        <time>2024-07-15T13:11:54Z</time>
      </trkpt>
      <trkpt lat="31.115156094634564" lon="121.36288973888551">
        <ele>9.310254018753767</ele>
        <time>2024-07-15T13:11:57Z</time>
      </trkpt>
      <trkpt lat="31.115328466027997" lon="121.36284821260755">
        <ele>9.218651451170444</ele>
        <time>2024-07-15T13:12:03Z</time>
      </trkpt>
      <trkpt lat="31.11559116111786" lon="121.36274308191217">
        <ele>10.277156734839082</ele>
        <time>2024-07-15T13:12:12Z</time>
      </trkpt>
      <trkpt lat="31.115773919678677" lon="121.36266011589872">
        <ele>10.806182639673352</ele>
        <time>2024-07-15T13:12:18Z</time>
      </trkpt>
      <trkpt lat="31.115868247888162" lon="121.36268136055457">
        <ele>10.862722305580974</ele>
        <time>2024-07-15T13:12:21Z</time>
      </trkpt>
      <trkpt lat="31.11594213679326" lon="121.36261242562796">
        <ele>10.95622710045427</ele>
        <time>2024-07-15T13:12:24Z</time>
      </trkpt>
      <trkpt lat="31.116127807890972" lon="121.36252732287583">
        <ele>11.91618581674993</ele>
        <time>2024-07-15T13:12:30Z</time>
      </trkpt>
      <trkpt lat="31.116209798684654" lon="121.36252948488065">
        <ele>10.669540003873408</ele>
        <time>2024-07-15T13:12:33Z</time>
      </trkpt>
      <trkpt lat="31.116287887438354" lon="121.36250063203802">
        <ele>9.73322635795921</ele>
        <time>2024-07-15T13:12:36Z</time>
      </trkpt>
      <trkpt lat="31.1163583866252" lon="121.36243812755306">
        <ele>10.162872764281929</ele>
        <time>2024-07-15T13:12:39Z</time>
      </trkpt>
      <trkpt lat="31.116461393991873" lon="121.36239318152244">
        <ele>9.390431383624673</ele>
        <time>2024-07-15T13:12:42Z</time>
      </trkpt>
      <trkpt lat="31.116537666396617" lon="121.36240966870473">
        <ele>9.284277319908142</ele>
        <time>2024-07-15T13:12:45Z</time>
      </trkpt>
      <trkpt lat="31.116613802487286" lon="121.36234145646496">
        <ele>9.431299530901015</ele>
        <time>2024-07-15T13:12:48Z</time>
      </trkpt>
      <trkpt lat="31.11676532845463" lon="121.36226650797043">
        <ele>7.705040086060762</ele>
        <time>2024-07-15T13:12:54Z</time>
      </trkpt>
      <trkpt lat="31.116849204988316" lon="121.36220687871565">
        <ele>9.105462722480297</ele>
        <time>2024-07-15T13:12:57Z</time>
      </trkpt>
      <trkpt lat="31.11694437173619" lon="121.36217554605103">
        <ele>8.86341694649309</ele>
        <time>2024-07-15T13:13:06Z</time>
      </trkpt>
      <trkpt lat="31.117008258498476" lon="121.36209401448222">
        <ele>8.827579721808434</ele>
        <time>2024-07-15T13:13:09Z</time>
      </trkpt>
      <trkpt lat="31.117068757366262" lon="121.36213153311324">
        <ele>9.144165290519595</ele>
        <time>2024-07-15T13:13:13Z</time>
      </trkpt>
      <trkpt lat="31.11712087522814" lon="121.36212516027726">
        <ele>8.785857148468494</ele>
        <time>2024-07-15T13:13:16Z</time>
      </trkpt>
      <trkpt lat="31.117207199133436" lon="121.36207291862418">
        <ele>10.057769206352532</ele>
        <time>2024-07-15T13:13:19Z</time>
      </trkpt>
      <trkpt lat="31.117257947886014" lon="121.36200331533966">
        <ele>9.081720176152885</ele>
        <time>2024-07-15T13:13:22Z</time>
      </trkpt>
      <trkpt lat="31.11741158278016" lon="121.36195751482626">
        <ele>8.105581103824079</ele>
        <time>2024-07-15T13:13:29Z</time>
      </trkpt>
      <trkpt lat="31.117358649248978" lon="121.3618804967733">
        <ele>8.227127013728023</ele>
        <time>2024-07-15T13:13:32Z</time>
      </trkpt>
      <trkpt lat="31.117329501460674" lon="121.36180016023539">
        <ele>7.726821688003838</ele>
        <time>2024-07-15T13:13:35Z</time>
      </trkpt>
      <trkpt lat="31.117021761596664" lon="121.3618752115512">
        <ele>6.711299563758075</ele>
        <time>2024-07-15T13:13:50Z</time>
      </trkpt>
      <trkpt lat="31.116972627689417" lon="121.36194567090959">
        <ele>6.698530052788556</ele>
        <time>2024-07-15T13:13:53Z</time>
      </trkpt>
      <trkpt lat="31.116644417185217" lon="121.36207007136309">
        <ele>5.142499472014606</ele>
        <time>2024-07-15T13:14:05Z</time>
      </trkpt>
      <trkpt lat="31.116559251135566" lon="121.36210627963172">
        <ele>4.879788160324097</ele>
        <time>2024-07-15T13:14:08Z</time>
      </trkpt>
      <trkpt lat="31.116460625347223" lon="121.36210928999583">
        <ele>4.265253020450473</ele>
        <time>2024-07-15T13:14:11Z</time>
      </trkpt>
      <trkpt lat="31.11639726634602" lon="121.36214847103628">
        <ele>4.83563943579793</ele>
        <time>2024-07-15T13:14:14Z</time>
      </trkpt>
      <trkpt lat="31.11632203363612" lon="121.36216210197244">
        <ele>5.002193968743086</ele>
        <time>2024-07-15T13:14:17Z</time>
      </trkpt>
      <trkpt lat="31.116171016511654" lon="121.36228974102494">
        <ele>5.454996031709015</ele>
        <time>2024-07-15T13:14:23Z</time>
      </trkpt>
      <trkpt lat="31.1160342512886" lon="121.36234091611732">
        <ele>5.9448628053069115</ele>
        <time>2024-07-15T13:14:29Z</time>
      </trkpt>
      <trkpt lat="31.115937227880607" lon="121.36233622844397">
        <ele>7.085421247407794</ele>
        <time>2024-07-15T13:14:32Z</time>
      </trkpt>
      <trkpt lat="31.115799066450457" lon="121.36242283475701">
        <ele>7.834988630376756</ele>
        <time>2024-07-15T13:14:38Z</time>
      </trkpt>
      <trkpt lat="31.11570970576587" lon="121.36244712342946">
        <ele>7.592948566190898</ele>
        <time>2024-07-15T13:14:41Z</time>
      </trkpt>
      <trkpt lat="31.115615160044296" lon="121.36241671492375">
        <ele>7.053586428053677</ele>
        <time>2024-07-15T13:14:44Z</time>
      </trkpt>
      <trkpt lat="31.115551797113927" lon="121.36246988209487">
        <ele>6.364221544004977</ele>
        <time>2024-07-15T13:14:47Z</time>
      </trkpt>
      <trkpt lat="31.1154696676817" lon="121.36250236561277">
        <ele>6.347254513762891</ele>
        <time>2024-07-15T13:14:50Z</time>
      </trkpt>
      <trkpt lat="31.11540526979632" lon="121.36259365068702">
        <ele>5.946739901788533</ele>
        <time>2024-07-15T13:14:53Z</time>
      </trkpt>
      <trkpt lat="31.11528302718195" lon="121.36257839454547">
        <ele>7.525155476294458</ele>
        <time>2024-07-15T13:14:59Z</time>
      </trkpt>
      <trkpt lat="31.114976058922405" lon="121.36273519836297">
        <ele>4.430880503728986</ele>
        <time>2024-07-15T13:15:21Z</time>
      </trkpt>
      <trkpt lat="31.114906348289523" lon="121.36274796293957">
        <ele>5.234403336420655</ele>
        <time>2024-07-15T13:15:25Z</time>
      </trkpt>
      <trkpt lat="31.11477514044522" lon="121.36282621265818">
        <ele>4.681117011234164</ele>
        <time>2024-07-15T13:15:33Z</time>
      </trkpt>
      <trkpt lat="31.11470685637157" lon="121.36282003123678">
        <ele>6.506606978364289</ele>
        <time>2024-07-15T13:15:36Z</time>
      </trkpt>
      <trkpt lat="31.114631802218067" lon="121.36283839705355">
        <ele>8.650828147307038</ele>
        <time>2024-07-15T13:15:39Z</time>
      </trkpt>
      <trkpt lat="31.11461244148101" lon="121.36289154071893">
        <ele>6.509438565932214</ele>
        <time>2024-07-15T13:15:42Z</time>
      </trkpt>
      <trkpt lat="31.114436983714086" lon="121.36296643994196">
        <ele>8.25483519025147</ele>
        <time>2024-07-15T13:15:54Z</time>
      </trkpt>
      <trkpt lat="31.114367791216143" lon="121.36297287064436">
        <ele>7.0442538214847445</ele>
        <time>2024-07-15T13:15:57Z</time>
      </trkpt>
      <trkpt lat="31.11430799211845" lon="121.3630302050319">
        <ele>6.796774263493717</ele>
        <time>2024-07-15T13:16:00Z</time>
      </trkpt>
      <trkpt lat="31.114132672313318" lon="121.36303147283184">
        <ele>6.4030245235189795</ele>
        <time>2024-07-15T13:16:06Z</time>
      </trkpt>
      <trkpt lat="31.114068126158323" lon="121.36308470651377">
        <ele>6.16162275057286</ele>
        <time>2024-07-15T13:16:09Z</time>
      </trkpt>
      <trkpt lat="31.114001824663454" lon="121.3630814152854">
        <ele>6.381484962999821</ele>
        <time>2024-07-15T13:16:12Z</time>
      </trkpt>
      <trkpt lat="31.11394120721138" lon="121.36315750904993">
        <ele>7.105512285605073</ele>
        <time>2024-07-15T13:16:18Z</time>
      </trkpt>
      <trkpt lat="31.114010484994736" lon="121.36310901647954">
        <ele>6.509141023270786</ele>
        <time>2024-07-15T13:16:21Z</time>
      </trkpt>
      <trkpt lat="31.114172016086496" lon="121.36308386569972">
        <ele>6.644752123393118</ele>
        <time>2024-07-15T13:16:27Z</time>
      </trkpt>
      <trkpt lat="31.1142586901881" lon="121.36302281908098">
        <ele>6.222004434093833</ele>
        <time>2024-07-15T13:16:30Z</time>
      </trkpt>
      <trkpt lat="31.11460323086875" lon="121.36294390184027">
        <ele>8.348198039457202</ele>
        <time>2024-07-15T13:16:42Z</time>
      </trkpt>
      <trkpt lat="31.114702911721732" lon="121.36288184780454">
        <ele>7.909562198445201</ele>
        <time>2024-07-15T13:16:45Z</time>
      </trkpt>
      <trkpt lat="31.114799883796792" lon="121.36286591604723">
        <ele>8.324562842957675</ele>
        <time>2024-07-15T13:16:48Z</time>
      </trkpt>
      <trkpt lat="31.114890834840995" lon="121.36282607107296">
        <ele>6.324543483555317</ele>
        <time>2024-07-15T13:16:51Z</time>
      </trkpt>
      <trkpt lat="31.11496417054007" lon="121.36283212084572">
        <ele>8.806576207280159</ele>
        <time>2024-07-15T13:16:54Z</time>
      </trkpt>
      <trkpt lat="31.115032029522517" lon="121.36278250276968">
        <ele>7.127433073706925</ele>
        <time>2024-07-15T13:16:57Z</time>
      </trkpt>
      <trkpt lat="31.115112062754143" lon="121.3627927405778">
        <ele>8.897924851626158</ele>
        <time>2024-07-15T13:17:00Z</time>
      </trkpt>
      <trkpt lat="31.115180767033085" lon="121.36272495408454">
        <ele>7.58421996422112</ele>
        <time>2024-07-15T13:17:03Z</time>
      </trkpt>
      <trkpt lat="31.11533169014406" lon="121.36267368277429">
        <ele>7.503337903879583</ele>
        <time>2024-07-15T13:17:09Z</time>
      </trkpt>
      <trkpt lat="31.1153927410082" lon="121.36262395632052">
        <ele>6.980899945832789</ele>
        <time>2024-07-15T13:17:12Z</time>
      </trkpt>
      <trkpt lat="31.11548034241038" lon="121.36258468024647">
        <ele>5.924798350781202</ele>
        <time>2024-07-15T13:17:15Z</time>
      </trkpt>
      <trkpt lat="31.11556155703177" lon="121.36249953786567">
        <ele>5.854775482788682</ele>
        <time>2024-07-15T13:17:25Z</time>
      </trkpt>
      <trkpt lat="31.11564131987118" lon="121.36248083334408">
        <ele>6.211825164966285</ele>
        <time>2024-07-15T13:17:31Z</time>
      </trkpt>
      <trkpt lat="31.11575877265245" lon="121.3625144487971">
        <ele>6.138519903644919</ele>
        <time>2024-07-15T13:17:37Z</time>
      </trkpt>
      <trkpt lat="31.115997278306423" lon="121.36239589481234">
        <ele>7.7540862411260605</ele>
        <time>2024-07-15T13:17:55Z</time>
      </trkpt>
      <trkpt lat="31.116054639533722" lon="121.36230446060114">
        <ele>7.94166040699929</ele>
        <time>2024-07-15T13:18:01Z</time>
      </trkpt>
      <trkpt lat="31.11619497551762" lon="121.36225387999151">
        <ele>6.860781407915056</ele>
        <time>2024-07-15T13:18:13Z</time>
      </trkpt>
      <trkpt lat="31.1162509089599" lon="121.36225228365002">
        <ele>7.156733349896967</ele>
        <time>2024-07-15T13:18:16Z</time>
      </trkpt>
      <trkpt lat="31.116323017379603" lon="121.36228376323955">
        <ele>6.651804025284946</ele>
        <time>2024-07-15T13:18:22Z</time>
      </trkpt>
      <trkpt lat="31.116383299729506" lon="121.36226410258217">
        <ele>6.520447246730328</ele>
        <time>2024-07-15T13:18:25Z</time>
      </trkpt>
      <trkpt lat="31.116417707247912" lon="121.36220336066434">
        <ele>6.723711988888681</ele>
        <time>2024-07-15T13:18:28Z</time>
      </trkpt>
      <trkpt lat="31.11669256746509" lon="121.36208969768349">
        <ele>7.598873518407345</ele>
        <time>2024-07-15T13:18:49Z</time>
      </trkpt>
      <trkpt lat="31.11702273593909" lon="121.36197554860118">
        <ele>5.557667950168252</ele>
        <time>2024-07-15T13:19:13Z</time>
      </trkpt>
      <trkpt lat="31.11712528596435" lon="121.36191200696696">
        <ele>5.4896917743608356</ele>
        <time>2024-07-15T13:19:22Z</time>
      </trkpt>
      <trkpt lat="31.11724459005213" lon="121.36187634002061">
        <ele>7.626868746243417</ele>
        <time>2024-07-15T13:19:32Z</time>
      </trkpt>
      <trkpt lat="31.1171651042969" lon="121.36186768408375">
        <ele>8.47187946178019</ele>
        <time>2024-07-15T13:19:40Z</time>
      </trkpt>
      <trkpt lat="31.116882808551978" lon="121.36197924401037">
        <ele>6.25186303537339</ele>
        <time>2024-07-15T13:20:03Z</time>
      </trkpt>
      <trkpt lat="31.11683698789268" lon="121.36199403237076">
        <ele>4.969835476018488</ele>
        <time>2024-07-15T13:20:06Z</time>
      </trkpt>
      <trkpt lat="31.11676016363822" lon="121.36197921057662">
        <ele>5.769458499737084</ele>
        <time>2024-07-15T13:20:09Z</time>
      </trkpt>
      <trkpt lat="31.1166282166283" lon="121.3620653419368">
        <ele>5.154621783643961</ele>
        <time>2024-07-15T13:20:15Z</time>
      </trkpt>
      <trkpt lat="31.11653963138949" lon="121.36206695102">
        <ele>5.5198140777647495</ele>
        <time>2024-07-15T13:20:18Z</time>
      </trkpt>
      <trkpt lat="31.116456600039175" lon="121.36209850701258">
        <ele>6.935303248465061</ele>
        <time>2024-07-15T13:20:21Z</time>
      </trkpt>
      <trkpt lat="31.116378147523076" lon="121.3621611809661">
        <ele>7.369188035838306</ele>
        <time>2024-07-15T13:20:24Z</time>
      </trkpt>
      <trkpt lat="31.116277472538705" lon="121.36219219423366">
        <ele>6.572792290709913</ele>
        <time>2024-07-15T13:20:27Z</time>
      </trkpt>
      <trkpt lat="31.11619099003526" lon="121.36225237750692">
        <ele>6.828149647451937</ele>
        <time>2024-07-15T13:20:30Z</time>
      </trkpt>
      <trkpt lat="31.116093913077982" lon="121.36229315910573">
        <ele>6.854468019679189</ele>
        <time>2024-07-15T13:20:33Z</time>
      </trkpt>
      <trkpt lat="31.11588015516698" lon="121.36230975534012">
        <ele>7.165776421315968</ele>
        <time>2024-07-15T13:20:39Z</time>
      </trkpt>
      <trkpt lat="31.115702772451275" lon="121.36238709352988">
        <ele>8.494864859618247</ele>
        <time>2024-07-15T13:20:45Z</time>
      </trkpt>
      <trkpt lat="31.1156107272435" lon="121.36245926273327">
        <ele>6.987212880514562</ele>
        <time>2024-07-15T13:20:48Z</time>
      </trkpt>
      <trkpt lat="31.115520413441914" lon="121.36246984600562">
        <ele>7.280004813335836</ele>
        <time>2024-07-15T13:20:51Z</time>
      </trkpt>
      <trkpt lat="31.115418740838525" lon="121.36252627418708">
        <ele>6.102242714725435</ele>
        <time>2024-07-15T13:20:54Z</time>
      </trkpt>
      <trkpt lat="31.115358525392104" lon="121.36261178713512">
        <ele>6.271157735027373</ele>
        <time>2024-07-15T13:20:57Z</time>
      </trkpt>
      <trkpt lat="31.115224187894913" lon="121.36259781599308">
        <ele>6.362667610868812</ele>
        <time>2024-07-15T13:21:06Z</time>
      </trkpt>
      <trkpt lat="31.114935921792462" lon="121.36269198168232">
        <ele>5.164947451092303</ele>
        <time>2024-07-15T13:21:24Z</time>
      </trkpt>
      <trkpt lat="31.114884942254477" lon="121.3627162728817">
        <ele>6.356277738697827</ele>
        <time>2024-07-15T13:21:30Z</time>
      </trkpt>
      <trkpt lat="31.11483916977392" lon="121.36278782953218">
        <ele>4.733563859015703</ele>
        <time>2024-07-15T13:21:37Z</time>
      </trkpt>
      <trkpt lat="31.11468960416485" lon="121.36279719302492">
        <ele>5.072384147904813</ele>
        <time>2024-07-15T13:21:44Z</time>
      </trkpt>
      <trkpt lat="31.11463692405041" lon="121.3628203361422">
        <ele>7.103263223543763</ele>
        <time>2024-07-15T13:21:48Z</time>
      </trkpt>
      <trkpt lat="31.114599170338924" lon="121.36289356016907">
        <ele>6.650981737300754</ele>
        <time>2024-07-15T13:21:54Z</time>
      </trkpt>
      <trkpt lat="31.114511166030812" lon="121.36289224092266">
        <ele>5.722964587621391</ele>
        <time>2024-07-15T13:22:00Z</time>
      </trkpt>
      <trkpt lat="31.11443857576858" lon="121.36286895334625">
        <ele>6.662158991210163</ele>
        <time>2024-07-15T13:22:03Z</time>
      </trkpt>
      <trkpt lat="31.114375771658207" lon="121.36291594230156">
        <ele>7.168079345487058</ele>
        <time>2024-07-15T13:22:09Z</time>
      </trkpt>
      <trkpt lat="31.114326918958486" lon="121.36299866037403">
        <ele>5.9596829721704125</ele>
        <time>2024-07-15T13:22:15Z</time>
      </trkpt>
      <trkpt lat="31.11424769754772" lon="121.36299217826638">
        <ele>5.283362162299454</ele>
        <time>2024-07-15T13:22:21Z</time>
      </trkpt>
      <trkpt lat="31.11416946201423" lon="121.36301982184486">
        <ele>5.3077170588076115</ele>
        <time>2024-07-15T13:22:27Z</time>
      </trkpt>
      <trkpt lat="31.11400188583455" lon="121.3631108702972">
        <ele>4.49411016702652</ele>
        <time>2024-07-15T13:22:42Z</time>
      </trkpt>
      <trkpt lat="31.113984970320086" lon="121.3631670009277">
        <ele>4.647460584528744</ele>
        <time>2024-07-15T13:22:45Z</time>
      </trkpt>
      <trkpt lat="31.113935437887967" lon="121.36307118409881">
        <ele>2.5328955287113786</ele>
        <time>2024-07-15T13:22:51Z</time>
      </trkpt>
      <trkpt lat="31.113894023093184" lon="121.36303881995414">
        <ele>2.349167508073151</ele>
        <time>2024-07-15T13:22:54Z</time>
      </trkpt>
      <trkpt lat="31.11383764425638" lon="121.3631145202372">
        <ele>4.348130504600704</ele>
        <time>2024-07-15T13:23:00Z</time>
      </trkpt>
      <trkpt lat="31.113721686869404" lon="121.363121144185">
        <ele>6.375349236652255</ele>
        <time>2024-07-15T13:23:09Z</time>
      </trkpt>
      <trkpt lat="31.113663353382556" lon="121.36327645176272">
        <ele>4.754582257941365</ele>
        <time>2024-07-15T13:23:21Z</time>
      </trkpt>
      <trkpt lat="31.11361238959506" lon="121.36329844470607">
        <ele>3.7663929648697376</ele>
        <time>2024-07-15T13:23:27Z</time>
      </trkpt>
      <trkpt lat="31.1134775565092" lon="121.36327338890295">
        <ele>4.903959684073925</ele>
        <time>2024-07-15T13:23:33Z</time>
      </trkpt>
      <trkpt lat="31.11330733055727" lon="121.36340101458698">
        <ele>6.299036268144846</ele>
        <time>2024-07-15T13:23:39Z</time>
      </trkpt>
      <trkpt lat="31.113113202909698" lon="121.36351358540476">
        <ele>6.524058229289949</ele>
        <time>2024-07-15T13:23:47Z</time>
      </trkpt>
      <trkpt lat="31.11298842677153" lon="121.36356455960805">
        <ele>5.690770105458796</ele>
        <time>2024-07-15T13:23:51Z</time>
      </trkpt>
      <trkpt lat="31.112873881383592" lon="121.36357104170756">
        <ele>5.936501572839916</ele>
        <time>2024-07-15T13:23:55Z</time>
      </trkpt>
      <trkpt lat="31.11283376042634" lon="121.36366473864189">
        <ele>6.497673725709319</ele>
        <time>2024-07-15T13:23:58Z</time>
      </trkpt>
      <trkpt lat="31.11270998750269" lon="121.36365194233406">
        <ele>6.738347312435508</ele>
        <time>2024-07-15T13:24:04Z</time>
      </trkpt>
      <trkpt lat="31.11255297688253" lon="121.3637525274268">
        <ele>7.876357936300337</ele>
        <time>2024-07-15T13:24:10Z</time>
      </trkpt>
      <trkpt lat="31.1124716841361" lon="121.36377535880804">
        <ele>7.968496467918158</ele>
        <time>2024-07-15T13:24:13Z</time>
      </trkpt>
      <trkpt lat="31.112403865358843" lon="121.36376846912977">
        <ele>7.037277723662555</ele>
        <time>2024-07-15T13:24:16Z</time>
      </trkpt>
      <trkpt lat="31.112359176070836" lon="121.3635941159871">
        <ele>9.80311734136194</ele>
        <time>2024-07-15T13:24:22Z</time>
      </trkpt>
      <trkpt lat="31.112339533849372" lon="121.3637268773956">
        <ele>8.063913174904883</ele>
        <time>2024-07-15T13:24:25Z</time>
      </trkpt>
      <trkpt lat="31.1122290873241" lon="121.36374883007359">
        <ele>10.01475350279361</ele>
        <time>2024-07-15T13:24:28Z</time>
      </trkpt>
      <trkpt lat="31.112146837973253" lon="121.36372127614348">
        <ele>10.210443329066038</ele>
        <time>2024-07-15T13:24:31Z</time>
      </trkpt>
      <trkpt lat="31.112153501808496" lon="121.36381258568316">
        <ele>8.93390665948391</ele>
        <time>2024-07-15T13:24:37Z</time>
      </trkpt>
      <trkpt lat="31.112094264972836" lon="121.36387690774679">
        <ele>9.665587631985545</ele>
        <time>2024-07-15T13:24:40Z</time>
      </trkpt>
      <trkpt lat="31.11199880845049" lon="121.36388367322888">
        <ele>7.980203847400844</ele>
        <time>2024-07-15T13:24:43Z</time>
      </trkpt>
      <trkpt lat="31.11192994884033" lon="121.36395413030465">
        <ele>7.700652507133782</ele>
        <time>2024-07-15T13:24:46Z</time>
      </trkpt>
      <trkpt lat="31.11192752223978" lon="121.36404109098886">
        <ele>7.2347502252087</ele>
        <time>2024-07-15T13:24:49Z</time>
      </trkpt>
      <trkpt lat="31.111756495185826" lon="121.36405316967546">
        <ele>7.81163115426898</ele>
        <time>2024-07-15T13:24:55Z</time>
      </trkpt>
      <trkpt lat="31.111662191827367" lon="121.36421036830198">
        <ele>7.415072389878333</ele>
        <time>2024-07-15T13:25:01Z</time>
      </trkpt>
      <trkpt lat="31.111559434720938" lon="121.36417312750498">
        <ele>6.991828030906618</ele>
        <time>2024-07-15T13:25:04Z</time>
      </trkpt>
      <trkpt lat="31.111504910421377" lon="121.36417455418398">
        <ele>8.153806390240788</ele>
        <time>2024-07-15T13:25:07Z</time>
      </trkpt>
      <trkpt lat="31.111380109986435" lon="121.36425629880554">
        <ele>7.577166069298983</ele>
        <time>2024-07-15T13:25:19Z</time>
      </trkpt>
      <trkpt lat="31.11124931771994" lon="121.36428079739653">
        <ele>8.887065889313817</ele>
        <time>2024-07-15T13:25:25Z</time>
      </trkpt>
      <trkpt lat="31.111198621391324" lon="121.36430714685417">
        <ele>7.806919010356069</ele>
        <time>2024-07-15T13:25:31Z</time>
      </trkpt>
      <trkpt lat="31.111135529485328" lon="121.36425767462815">
        <ele>8.374722488224506</ele>
        <time>2024-07-15T13:25:37Z</time>
      </trkpt>
      <trkpt lat="31.11116876794275" lon="121.36422173500782">
        <ele>9.770560757257044</ele>
        <time>2024-07-15T13:25:40Z</time>
      </trkpt>
      <trkpt lat="31.111002561185057" lon="121.36435082385157">
        <ele>6.440914923325181</ele>
        <time>2024-07-15T13:25:50Z</time>
      </trkpt>
      <trkpt lat="31.110910854744702" lon="121.36437561198093">
        <ele>6.1250657588243484</ele>
        <time>2024-07-15T13:25:56Z</time>
      </trkpt>
      <trkpt lat="31.110870976574493" lon="121.36441578883968">
        <ele>5.408806428313255</ele>
        <time>2024-07-15T13:26:02Z</time>
      </trkpt>
      <trkpt lat="31.110737925302868" lon="121.36442731037272">
        <ele>5.3885568883270025</ele>
        <time>2024-07-15T13:26:08Z</time>
      </trkpt>
      <trkpt lat="31.110676012548424" lon="121.36448494348608">
        <ele>7.080998747609556</ele>
        <time>2024-07-15T13:26:11Z</time>
      </trkpt>
      <trkpt lat="31.110610661354198" lon="121.36450525163663">
        <ele>5.745358306914568</ele>
        <time>2024-07-15T13:26:14Z</time>
      </trkpt>
      <trkpt lat="31.11056865600178" lon="121.36454711106778">
        <ele>5.989668857306242</ele>
        <time>2024-07-15T13:26:17Z</time>
      </trkpt>
      <trkpt lat="31.110563100693447" lon="121.36460436233698">
        <ele>7.110029019415379</ele>
        <time>2024-07-15T13:26:20Z</time>
      </trkpt>
      <trkpt lat="31.11044875436734" lon="121.36458703002957">
        <ele>5.675160435028374</ele>
        <time>2024-07-15T13:26:23Z</time>
      </trkpt>
      <trkpt lat="31.110284868415192" lon="121.36467744447211">
        <ele>8.223015398718417</ele>
        <time>2024-07-15T13:26:29Z</time>
      </trkpt>
      <trkpt lat="31.11020049139054" lon="121.36469741648995">
        <ele>8.472053206525743</ele>
        <time>2024-07-15T13:26:32Z</time>
      </trkpt>
      <trkpt lat="31.11004137815783" lon="121.36480185653059">
        <ele>8.33173493295908</ele>
        <time>2024-07-15T13:26:38Z</time>
      </trkpt>
      <trkpt lat="31.109947961339135" lon="121.36481284799379">
        <ele>7.838188263587654</ele>
        <time>2024-07-15T13:26:41Z</time>
      </trkpt>
      <trkpt lat="31.109758891993785" lon="121.36489015164409">
        <ele>7.8571886494755745</ele>
        <time>2024-07-15T13:26:47Z</time>
      </trkpt>
      <trkpt lat="31.10967335768943" lon="121.36494599756097">
        <ele>9.131518946029246</ele>
        <time>2024-07-15T13:26:50Z</time>
      </trkpt>
      <trkpt lat="31.109568722960823" lon="121.36497459170525">
        <ele>13.82449361588806</ele>
        <time>2024-07-15T13:26:53Z</time>
      </trkpt>
      <trkpt lat="31.10948264193136" lon="121.36497694899984">
        <ele>13.334979719482362</ele>
        <time>2024-07-15T13:26:56Z</time>
      </trkpt>
      <trkpt lat="31.10933328212029" lon="121.36509763946951">
        <ele>12.436082714237273</ele>
        <time>2024-07-15T13:27:02Z</time>
      </trkpt>
      <trkpt lat="31.109235395875768" lon="121.3651205648579">
        <ele>12.320753528736532</ele>
        <time>2024-07-15T13:27:05Z</time>
      </trkpt>
      <trkpt lat="31.109100677026188" lon="121.36519675561397">
        <ele>10.721147857606411</ele>
        <time>2024-07-15T13:27:11Z</time>
      </trkpt>
      <trkpt lat="31.109055061410487" lon="121.3652585786641">
        <ele>9.689560042694211</ele>
        <time>2024-07-15T13:27:14Z</time>
      </trkpt>
      <trkpt lat="31.109028493090243" lon="121.36517954952559">
        <ele>8.699006184004247</ele>
        <time>2024-07-15T13:27:17Z</time>
      </trkpt>
      <trkpt lat="31.10894336985704" lon="121.36521534121133">
        <ele>8.885978693142533</ele>
        <time>2024-07-15T13:27:23Z</time>
      </trkpt>
      <trkpt lat="31.108888247721385" lon="121.36516334996212">
        <ele>8.515273501165211</ele>
        <time>2024-07-15T13:27:26Z</time>
      </trkpt>
      <trkpt lat="31.108947729861463" lon="121.36516429180611">
        <ele>6.333735744468868</ele>
        <time>2024-07-15T13:27:29Z</time>
      </trkpt>
      <trkpt lat="31.108917250807906" lon="121.36520618281483">
        <ele>6.491087302565575</ele>
        <time>2024-07-15T13:27:32Z</time>
      </trkpt>
      <trkpt lat="31.108849558456516" lon="121.36520665969815">
        <ele>7.054898811504245</ele>
        <time>2024-07-15T13:27:35Z</time>
      </trkpt>
      <trkpt lat="31.108811815729258" lon="121.36524718829762">
        <ele>8.57906430028379</ele>
        <time>2024-07-15T13:27:44Z</time>
      </trkpt>
      <trkpt lat="31.10867035843332" lon="121.36530758104962">
        <ele>8.373124865815043</ele>
        <time>2024-07-15T13:27:50Z</time>
      </trkpt>
      <trkpt lat="31.10857466504795" lon="121.36531319177533">
        <ele>7.837654224596918</ele>
        <time>2024-07-15T13:27:53Z</time>
      </trkpt>
      <trkpt lat="31.108432202840465" lon="121.36541992346672">
        <ele>9.350574880838394</ele>
        <time>2024-07-15T13:28:00Z</time>
      </trkpt>
      <trkpt lat="31.108349004162292" lon="121.3654129129355">
        <ele>8.675559653900564</ele>
        <time>2024-07-15T13:28:03Z</time>
      </trkpt>
      <trkpt lat="31.108282835537203" lon="121.3654710611358">
        <ele>10.860782521776855</ele>
        <time>2024-07-15T13:28:06Z</time>
      </trkpt>
      <trkpt lat="31.108201307844624" lon="121.36547883155338">
        <ele>12.103646800853312</ele>
        <time>2024-07-15T13:28:09Z</time>
      </trkpt>
      <trkpt lat="31.108143511667727" lon="121.36544790628655">
        <ele>10.497328953817487</ele>
        <time>2024-07-15T13:28:12Z</time>
      </trkpt>
      <trkpt lat="31.108089860020183" lon="121.36545800912249">
        <ele>9.136193865910172</ele>
        <time>2024-07-15T13:28:15Z</time>
      </trkpt>
      <trkpt lat="31.108065885577794" lon="121.3655209828783">
        <ele>8.316675698384643</ele>
        <time>2024-07-15T13:28:18Z</time>
      </trkpt>
      <trkpt lat="31.10802560353626" lon="121.36557386465438">
        <ele>9.964859548956156</ele>
        <time>2024-07-15T13:28:27Z</time>
      </trkpt>
      <trkpt lat="31.107882310912682" lon="121.36561695824636">
        <ele>9.564888793043792</ele>
        <time>2024-07-15T13:28:33Z</time>
      </trkpt>
      <trkpt lat="31.107818782133673" lon="121.36566365176954">
        <ele>9.356422287411988</ele>
        <time>2024-07-15T13:28:36Z</time>
      </trkpt>
      <trkpt lat="31.10766450095643" lon="121.36569750656315">
        <ele>9.448554640635848</ele>
        <time>2024-07-15T13:28:45Z</time>
      </trkpt>
      <trkpt lat="31.107635368483834" lon="121.36574662570514">
        <ele>9.44891810324043</ele>
        <time>2024-07-15T13:28:51Z</time>
      </trkpt>
      <trkpt lat="31.107516630131464" lon="121.36573064693509">
        <ele>8.883447769097984</ele>
        <time>2024-07-15T13:29:00Z</time>
      </trkpt>
      <trkpt lat="31.107464033695067" lon="121.36578633982472">
        <ele>8.992100683040917</ele>
        <time>2024-07-15T13:29:09Z</time>
      </trkpt>
      <trkpt lat="31.107403904385095" lon="121.36581692903711">
        <ele>8.621471884660423</ele>
        <time>2024-07-15T13:29:12Z</time>
      </trkpt>
      <trkpt lat="31.107326768795748" lon="121.36581009256818">
        <ele>7.811257462017238</ele>
        <time>2024-07-15T13:29:15Z</time>
      </trkpt>
      <trkpt lat="31.107269915992266" lon="121.3658519914567">
        <ele>8.58536617550999</ele>
        <time>2024-07-15T13:29:18Z</time>
      </trkpt>
      <trkpt lat="31.107213281441926" lon="121.36584033953137">
        <ele>8.192163820378482</ele>
        <time>2024-07-15T13:29:21Z</time>
      </trkpt>
      <trkpt lat="31.107195214964946" lon="121.36592640023802">
        <ele>9.431716622784734</ele>
        <time>2024-07-15T13:29:27Z</time>
      </trkpt>
      <trkpt lat="31.10713913623291" lon="121.36592979153912">
        <ele>9.694595605134964</ele>
        <time>2024-07-15T13:29:30Z</time>
      </trkpt>
      <trkpt lat="31.107079651811723" lon="121.36590352515259">
        <ele>9.971524242311716</ele>
        <time>2024-07-15T13:29:33Z</time>
      </trkpt>
      <trkpt lat="31.107019749875995" lon="121.36598309042763">
        <ele>10.994554878212512</ele>
        <time>2024-07-15T13:29:39Z</time>
      </trkpt>
      <trkpt lat="31.10695278611605" lon="121.36601496879288">
        <ele>12.253657400608063</ele>
        <time>2024-07-15T13:29:45Z</time>
      </trkpt>
      <trkpt lat="31.106910450451245" lon="121.36606575466443">
        <ele>11.810429967008531</ele>
        <time>2024-07-15T13:29:51Z</time>
      </trkpt>
      <trkpt lat="31.106858751624017" lon="121.36604206698395">
        <ele>12.184838702902198</ele>
        <time>2024-07-15T13:29:54Z</time>
      </trkpt>
      <trkpt lat="31.10680357614101" lon="121.36594043648952">
        <ele>12.267533647827804</ele>
        <time>2024-07-15T13:29:57Z</time>
      </trkpt>
      <trkpt lat="31.1067507374265" lon="121.36594582492145">
        <ele>12.078129356727004</ele>
        <time>2024-07-15T13:30:01Z</time>
      </trkpt>
      <trkpt lat="31.10680865471525" lon="121.36596398595783">
        <ele>12.850031601265073</ele>
        <time>2024-07-15T13:30:04Z</time>
      </trkpt>
      <trkpt lat="31.106781932575515" lon="121.3660225092465">
        <ele>11.763939223252237</ele>
        <time>2024-07-15T13:30:07Z</time>
      </trkpt>
      <trkpt lat="31.106799997417138" lon="121.36610919059926">
        <ele>13.307568855583668</ele>
        <time>2024-07-15T13:30:10Z</time>
      </trkpt>
      <trkpt lat="31.106856066160894" lon="121.36613715145198">
        <ele>10.34688445366919</ele>
        <time>2024-07-15T13:30:16Z</time>
      </trkpt>
      <trkpt lat="31.10686778809959" lon="121.36620694469026">
        <ele>11.629366393201053</ele>
        <time>2024-07-15T13:30:19Z</time>
      </trkpt>
      <trkpt lat="31.106935255510475" lon="121.36630375019132">
        <ele>12.530074641108513</ele>
        <time>2024-07-15T13:30:28Z</time>
      </trkpt>
      <trkpt lat="31.107050369477687" lon="121.36623167966069">
        <ele>8.057639049366117</ele>
        <time>2024-07-15T13:30:37Z</time>
      </trkpt>
      <trkpt lat="31.107180475263558" lon="121.36618443219065">
        <ele>4.803515614010394</ele>
        <time>2024-07-15T13:30:49Z</time>
      </trkpt>
      <trkpt lat="31.107290746882878" lon="121.3661191050905">
        <ele>3.818539246916771</ele>
        <time>2024-07-15T13:31:01Z</time>
      </trkpt>
      <trkpt lat="31.107358488865785" lon="121.36611146293798">
        <ele>2.9854500060901046</ele>
        <time>2024-07-15T13:31:07Z</time>
      </trkpt>
      <trkpt lat="31.107475713769233" lon="121.36604145565616">
        <ele>4.540149489417672</ele>
        <time>2024-07-15T13:31:19Z</time>
      </trkpt>
      <trkpt lat="31.10752545903713" lon="121.36604250655635">
        <ele>3.485143978148699</ele>
        <time>2024-07-15T13:31:25Z</time>
      </trkpt>
      <trkpt lat="31.10759024342833" lon="121.36598398727806">
        <ele>4.3211302207782865</ele>
        <time>2024-07-15T13:31:31Z</time>
      </trkpt>
      <trkpt lat="31.10788213346023" lon="121.36586580678575">
        <ele>7.721371636725962</ele>
        <time>2024-07-15T13:31:55Z</time>
      </trkpt>
      <trkpt lat="31.108195089081725" lon="121.3657318594252">
        <ele>7.635871679522097</ele>
        <time>2024-07-15T13:32:26Z</time>
      </trkpt>
      <trkpt lat="31.108408061616807" lon="121.3656509509434">
        <ele>7.346825514920056</ele>
        <time>2024-07-15T13:32:44Z</time>
      </trkpt>
      <trkpt lat="31.108520051301113" lon="121.3656606245296">
        <ele>6.017167436890304</ele>
        <time>2024-07-15T13:32:53Z</time>
      </trkpt>
      <trkpt lat="31.10863783221412" lon="121.3656216458255">
        <ele>6.58567367028445</ele>
        <time>2024-07-15T13:33:02Z</time>
      </trkpt>
      <trkpt lat="31.108719742809352" lon="121.3655746653648">
        <ele>5.6317264549434185</ele>
        <time>2024-07-15T13:33:08Z</time>
      </trkpt>
      <trkpt lat="31.108844020186172" lon="121.36555163078063">
        <ele>4.645918526686728</ele>
        <time>2024-07-15T13:33:20Z</time>
      </trkpt>
      <trkpt lat="31.108899259214297" lon="121.36551951137999">
        <ele>5.574960425496101</ele>
        <time>2024-07-15T13:33:26Z</time>
      </trkpt>
      <trkpt lat="31.109028304598063" lon="121.3655054967548">
        <ele>7.804601266980171</ele>
        <time>2024-07-15T13:33:44Z</time>
      </trkpt>
      <trkpt lat="31.10907093521654" lon="121.3654806855542">
        <ele>7.664080313406885</ele>
        <time>2024-07-15T13:33:47Z</time>
      </trkpt>
      <trkpt lat="31.10910708924022" lon="121.3654311639081">
        <ele>7.784624332562089</ele>
        <time>2024-07-15T13:33:53Z</time>
      </trkpt>
      <trkpt lat="31.109157929998187" lon="121.36541430529202">
        <ele>5.8236148646101356</ele>
        <time>2024-07-15T13:33:59Z</time>
      </trkpt>
      <trkpt lat="31.1092010041463" lon="121.36535007983485">
        <ele>4.501362518407404</ele>
        <time>2024-07-15T13:34:05Z</time>
      </trkpt>
      <trkpt lat="31.109444930756684" lon="121.36525521007968">
        <ele>3.6694265697151423</ele>
        <time>2024-07-15T13:34:27Z</time>
      </trkpt>
      <trkpt lat="31.109522094173496" lon="121.36525091463578">
        <ele>3.8067380357533693</ele>
        <time>2024-07-15T13:34:33Z</time>
      </trkpt>
      <trkpt lat="31.10975553005845" lon="121.36514089191617">
        <ele>4.63134734518826</ele>
        <time>2024-07-15T13:34:54Z</time>
      </trkpt>
      <trkpt lat="31.109802031872974" lon="121.36513491789415">
        <ele>3.6441841144114733</ele>
        <time>2024-07-15T13:34:57Z</time>
      </trkpt>
      <trkpt lat="31.10984867300004" lon="121.36508865570475">
        <ele>2.802380470559001</ele>
        <time>2024-07-15T13:35:03Z</time>
      </trkpt>
      <trkpt lat="31.10992910587096" lon="121.36507810554886">
        <ele>2.5380104202777147</ele>
        <time>2024-07-15T13:35:09Z</time>
      </trkpt>
      <trkpt lat="31.1099950239955" lon="121.36504073274284">
        <ele>3.0619076434522867</ele>
        <time>2024-07-15T13:35:15Z</time>
      </trkpt>
      <trkpt lat="31.11004654250294" lon="121.36503927896375">
        <ele>2.2440255815163255</ele>
        <time>2024-07-15T13:35:18Z</time>
      </trkpt>
      <trkpt lat="31.110100997120718" lon="121.36500043442838">
        <ele>2.7159046763554215</ele>
        <time>2024-07-15T13:35:24Z</time>
      </trkpt>
      <trkpt lat="31.110183282001778" lon="121.36499566029049">
        <ele>3.005724960938096</ele>
        <time>2024-07-15T13:35:30Z</time>
      </trkpt>
      <trkpt lat="31.110392563127746" lon="121.3649391621962">
        <ele>4.327794651500881</ele>
        <time>2024-07-15T13:35:45Z</time>
      </trkpt>
      <trkpt lat="31.110694046999445" lon="121.36475896999615">
        <ele>6.130054945126176</ele>
        <time>2024-07-15T13:36:15Z</time>
      </trkpt>
      <trkpt lat="31.11098553791994" lon="121.36461692874227">
        <ele>4.7407749723643064</ele>
        <time>2024-07-15T13:36:46Z</time>
      </trkpt>
      <trkpt lat="31.11109370243587" lon="121.36462471019453">
        <ele>5.412440964952111</ele>
        <time>2024-07-15T13:37:01Z</time>
      </trkpt>
      <trkpt lat="31.111274042088215" lon="121.36454908977703">
        <ele>5.037254948168993</ele>
        <time>2024-07-15T13:37:28Z</time>
      </trkpt>
      <trkpt lat="31.111386514382872" lon="121.36446723749548">
        <ele>5.477481110021472</ele>
        <time>2024-07-15T13:37:40Z</time>
      </trkpt>
      <trkpt lat="31.11169205378509" lon="121.3643219629288">
        <ele>4.564922370947897</ele>
        <time>2024-07-15T13:38:10Z</time>
      </trkpt>
      <trkpt lat="31.111887540601792" lon="121.36425058089574">
        <ele>4.553045824170113</ele>
        <time>2024-07-15T13:38:26Z</time>
      </trkpt>
      <trkpt lat="31.111934632556633" lon="121.36425341145554">
        <ele>5.241397751495242</ele>
        <time>2024-07-15T13:38:30Z</time>
      </trkpt>
      <trkpt lat="31.112002678008288" lon="121.36422243840201">
        <ele>4.833151903934777</ele>
        <time>2024-07-15T13:38:34Z</time>
      </trkpt>
      <trkpt lat="31.1120469412463" lon="121.36416771837895">
        <ele>4.941374272108078</ele>
        <time>2024-07-15T13:38:38Z</time>
      </trkpt>
      <trkpt lat="31.11227986462282" lon="121.36418726198072">
        <ele>3.377889663912356</ele>
        <time>2024-07-15T13:38:56Z</time>
      </trkpt>
      <trkpt lat="31.112318425081916" lon="121.36424848732283">
        <ele>2.414862472563982</ele>
        <time>2024-07-15T13:39:02Z</time>
      </trkpt>
      <trkpt lat="31.112445584283247" lon="121.36422738048672">
        <ele>3.7466567866504192</ele>
        <time>2024-07-15T13:39:11Z</time>
      </trkpt>
      <trkpt lat="31.112500344286588" lon="121.36418546808638">
        <ele>4.131074355915189</ele>
        <time>2024-07-15T13:39:17Z</time>
      </trkpt>
      <trkpt lat="31.112523666264593" lon="121.364132446551">
        <ele>6.89285640232265</ele>
        <time>2024-07-15T13:39:23Z</time>
      </trkpt>
      <trkpt lat="31.11248808955657" lon="121.36406452890708">
        <ele>8.331701359711587</ele>
        <time>2024-07-15T13:39:26Z</time>
      </trkpt>
      <trkpt lat="31.11250681085683" lon="121.36400954162266">
        <ele>8.59419221431017</ele>
        <time>2024-07-15T13:39:32Z</time>
      </trkpt>
      <trkpt lat="31.112784699032858" lon="121.3638729524754">
        <ele>7.2941426588222384</ele>
        <time>2024-07-15T13:40:02Z</time>
      </trkpt>
      <trkpt lat="31.112962394676313" lon="121.36378811738246">
        <ele>7.5722418911755085</ele>
        <time>2024-07-15T13:40:20Z</time>
      </trkpt>
      <trkpt lat="31.113264600803525" lon="121.36370056989001">
        <ele>5.882164509035647</ele>
        <time>2024-07-15T13:40:45Z</time>
      </trkpt>
      <trkpt lat="31.113331166960116" lon="121.36366577573976">
        <ele>6.959245812147856</ele>
        <time>2024-07-15T13:40:51Z</time>
      </trkpt>
      <trkpt lat="31.113567337686867" lon="121.36358436707506">
        <ele>7.260126996785402</ele>
        <time>2024-07-15T13:41:09Z</time>
      </trkpt>
      <trkpt lat="31.113660545083786" lon="121.36357953893796">
        <ele>6.147611761465669</ele>
        <time>2024-07-15T13:41:18Z</time>
      </trkpt>
      <trkpt lat="31.113760238501587" lon="121.36352032578071">
        <ele>6.850494395941496</ele>
        <time>2024-07-15T13:41:30Z</time>
      </trkpt>
      <trkpt lat="31.11384794590197" lon="121.36349972899937">
        <ele>8.598939139395952</ele>
        <time>2024-07-15T13:41:42Z</time>
      </trkpt>
      <trkpt lat="31.11390239448065" lon="121.36352605219615">
        <ele>9.525707979686558</ele>
        <time>2024-07-15T13:41:45Z</time>
      </trkpt>
      <trkpt lat="31.11399446529764" lon="121.36342826720981">
        <ele>5.878209346905351</ele>
        <time>2024-07-15T13:42:00Z</time>
      </trkpt>
      <trkpt lat="31.114014405932366" lon="121.36337002678052">
        <ele>6.2577642649412155</ele>
        <time>2024-07-15T13:42:06Z</time>
      </trkpt>
      <trkpt lat="31.114064673509176" lon="121.36331856952212">
        <ele>7.606558857485652</ele>
        <time>2024-07-15T13:42:12Z</time>
      </trkpt>
      <trkpt lat="31.114340642626047" lon="121.36321034280289">
        <ele>7.609827370382845</ele>
        <time>2024-07-15T13:42:24Z</time>
      </trkpt>
      <trkpt lat="31.11443373140785" lon="121.36317398499163">
        <ele>7.789118995890021</ele>
        <time>2024-07-15T13:42:27Z</time>
      </trkpt>
      <trkpt lat="31.11461022544488" lon="121.36307108898431">
        <ele>11.498021238483489</ele>
        <time>2024-07-15T13:42:33Z</time>
      </trkpt>
      <trkpt lat="31.11479280353937" lon="121.36304581999353">
        <ele>10.28965659160167</ele>
        <time>2024-07-15T13:42:37Z</time>
      </trkpt>
      <trkpt lat="31.11486979531922" lon="121.3629886286497">
        <ele>10.734982442110777</ele>
        <time>2024-07-15T13:42:41Z</time>
      </trkpt>
      <trkpt lat="31.11507034530777" lon="121.36291549795608">
        <ele>8.710421401076019</ele>
        <time>2024-07-15T13:42:52Z</time>
      </trkpt>
      <trkpt lat="31.11511463856182" lon="121.36283800418265">
        <ele>9.426302639767528</ele>
        <time>2024-07-15T13:42:58Z</time>
      </trkpt>
      <trkpt lat="31.115213741418998" lon="121.36281133977272">
        <ele>7.780093633569777</ele>
        <time>2024-07-15T13:43:01Z</time>
      </trkpt>
      <trkpt lat="31.115419942986385" lon="121.36279084380796">
        <ele>8.523919513449073</ele>
        <time>2024-07-15T13:43:07Z</time>
      </trkpt>
      <trkpt lat="31.11554013114155" lon="121.3626881130545">
        <ele>10.69236712437123</ele>
        <time>2024-07-15T13:43:13Z</time>
      </trkpt>
      <trkpt lat="31.11565264863613" lon="121.36266889330764">
        <ele>10.445323488675058</ele>
        <time>2024-07-15T13:43:16Z</time>
      </trkpt>
      <trkpt lat="31.11587244007429" lon="121.36256649557279">
        <ele>11.14406124688685</ele>
        <time>2024-07-15T13:43:25Z</time>
      </trkpt>
      <trkpt lat="31.116037534399577" lon="121.36252523082226">
        <ele>11.377995448186994</ele>
        <time>2024-07-15T13:43:31Z</time>
      </trkpt>
      <trkpt lat="31.11617384642478" lon="121.36240637183516">
        <ele>11.11545443534851</ele>
        <time>2024-07-15T13:43:37Z</time>
      </trkpt>
      <trkpt lat="31.116242624429354" lon="121.36238645640678">
        <ele>11.851215010508895</ele>
        <time>2024-07-15T13:43:40Z</time>
      </trkpt>
      <trkpt lat="31.116336975905618" lon="121.36239130812108">
        <ele>10.984227880835533</ele>
        <time>2024-07-15T13:43:43Z</time>
      </trkpt>
      <trkpt lat="31.116400524006693" lon="121.36233116514195">
        <ele>12.3495989497751</ele>
        <time>2024-07-15T13:43:46Z</time>
      </trkpt>
      <trkpt lat="31.116482838178747" lon="121.36234252219785">
        <ele>11.21641043946147</ele>
        <time>2024-07-15T13:43:49Z</time>
      </trkpt>
      <trkpt lat="31.11662554201375" lon="121.3622957177595">
        <ele>8.767656108364463</ele>
        <time>2024-07-15T13:44:01Z</time>
      </trkpt>
      <trkpt lat="31.116673297863574" lon="121.36234500448487">
        <ele>9.290169822983444</ele>
        <time>2024-07-15T13:44:07Z</time>
      </trkpt>
      <trkpt lat="31.116786993071575" lon="121.3623014352715">
        <ele>8.149259068071842</ele>
        <time>2024-07-15T13:44:16Z</time>
      </trkpt>
      <trkpt lat="31.116996502480557" lon="121.36216037638216">
        <ele>6.914064315147698</ele>
        <time>2024-07-15T13:44:31Z</time>
      </trkpt>
      <trkpt lat="31.117054778215188" lon="121.36220169611485">
        <ele>5.268297857604921</ele>
        <time>2024-07-15T13:44:37Z</time>
      </trkpt>
      <trkpt lat="31.117185631174873" lon="121.36213979750826">
        <ele>5.863752196542919</ele>
        <time>2024-07-15T13:44:48Z</time>
      </trkpt>
      <trkpt lat="31.117303461462082" lon="121.36210175688328">
        <ele>5.534129255451262</ele>
        <time>2024-07-15T13:44:56Z</time>
      </trkpt>
      <trkpt lat="31.117366119071736" lon="121.36206242854048">
        <ele>5.1373903863132</ele>
        <time>2024-07-15T13:45:00Z</time>
      </trkpt>
      <trkpt lat="31.117380350382188" lon="121.36195387021004">
        <ele>7.7961809290573</ele>
        <time>2024-07-15T13:45:09Z</time>
      </trkpt>
      <trkpt lat="31.117327795791557" lon="121.36183877827138">
        <ele>7.228980234824121</ele>
        <time>2024-07-15T13:45:18Z</time>
      </trkpt>
      <trkpt lat="31.117143600278833" lon="121.36186732255779">
        <ele>7.141733224503696</ele>
        <time>2024-07-15T13:45:30Z</time>
      </trkpt>
      <trkpt lat="31.11701441031976" lon="121.36192716379406">
        <ele>7.567365593276918</ele>
        <time>2024-07-15T13:45:39Z</time>
      </trkpt>
      <trkpt lat="31.11693617718581" lon="121.3619136768504">
        <ele>9.060543946921825</ele>
        <time>2024-07-15T13:45:45Z</time>
      </trkpt>
      <trkpt lat="31.116768114221085" lon="121.36198532426668">
        <ele>8.833136406727135</ele>
        <time>2024-07-15T13:45:57Z</time>
      </trkpt>
      <trkpt lat="31.116730889688696" lon="121.3620160644315">
        <ele>9.680269507691264</ele>
        <time>2024-07-15T13:46:00Z</time>
      </trkpt>
      <trkpt lat="31.11653746624723" lon="121.36210259344944">
        <ele>9.986239456571639</ele>
        <time>2024-07-15T13:46:15Z</time>
      </trkpt>
      <trkpt lat="31.116422379869284" lon="121.36212522561817">
        <ele>9.652121178805828</ele>
        <time>2024-07-15T13:46:24Z</time>
      </trkpt>
      <trkpt lat="31.11614560789678" lon="121.36226465375758">
        <ele>8.791599621996284</ele>
        <time>2024-07-15T13:46:45Z</time>
      </trkpt>
      <trkpt lat="31.11607542720028" lon="121.36226274228027">
        <ele>7.418480607680976</ele>
        <time>2024-07-15T13:46:53Z</time>
      </trkpt>
      <trkpt lat="31.115859970474734" lon="121.36237608217377">
        <ele>7.898376965895295</ele>
        <time>2024-07-15T13:47:09Z</time>
      </trkpt>
      <trkpt lat="31.115518435774447" lon="121.36248813549766">
        <ele>10.388087453320622</ele>
        <time>2024-07-15T13:47:34Z</time>
      </trkpt>
      <trkpt lat="31.115365797302125" lon="121.36253083989659">
        <ele>9.909962638281286</ele>
        <time>2024-07-15T13:47:46Z</time>
      </trkpt>
      <trkpt lat="31.115175207254406" lon="121.36263292559008">
        <ele>9.38649735879153</ele>
        <time>2024-07-15T13:48:01Z</time>
      </trkpt>
      <trkpt lat="31.115088094211302" lon="121.36264194388009">
        <ele>8.50056403502822</ele>
        <time>2024-07-15T13:48:07Z</time>
      </trkpt>
      <trkpt lat="31.11494947346858" lon="121.36270389736647">
        <ele>7.904487879015505</ele>
        <time>2024-07-15T13:48:19Z</time>
      </trkpt>
      <trkpt lat="31.114902219080513" lon="121.36270864602763">
        <ele>8.200199287384748</ele>
        <time>2024-07-15T13:48:22Z</time>
      </trkpt>
      <trkpt lat="31.11464409682918" lon="121.36286133734684">
        <ele>4.8870372753590345</ele>
        <time>2024-07-15T13:48:46Z</time>
      </trkpt>
      <trkpt lat="31.114478996507394" lon="121.36289408653485">
        <ele>4.845653601922095</ele>
        <time>2024-07-15T13:48:59Z</time>
      </trkpt>
      <trkpt lat="31.114400060776507" lon="121.36288203060813">
        <ele>5.699653699062765</ele>
        <time>2024-07-15T13:49:03Z</time>
      </trkpt>
      <trkpt lat="31.11422323275637" lon="121.36300503229229">
        <ele>6.352473797276616</ele>
        <time>2024-07-15T13:49:19Z</time>
      </trkpt>
      <trkpt lat="31.114165574385737" lon="121.36297792103213">
        <ele>7.085685106925666</ele>
        <time>2024-07-15T13:49:25Z</time>
      </trkpt>
      <trkpt lat="31.114127181823523" lon="121.36301324231604">
        <ele>6.948866918683052</ele>
        <time>2024-07-15T13:49:28Z</time>
      </trkpt>
      <trkpt lat="31.114078521811937" lon="121.36301210697685">
        <ele>5.11395503859967</ele>
        <time>2024-07-15T13:49:34Z</time>
      </trkpt>
      <trkpt lat="31.113964899351135" lon="121.36307294386859">
        <ele>5.389851217158139</ele>
        <time>2024-07-15T13:49:43Z</time>
      </trkpt>
      <trkpt lat="31.114025650627823" lon="121.36309008361418">
        <ele>7.132819946855307</ele>
        <time>2024-07-15T13:50:10Z</time>
      </trkpt>
      <trkpt lat="31.114075309275762" lon="121.36307803148345">
        <ele>6.370377596467733</ele>
        <time>2024-07-15T13:50:13Z</time>
      </trkpt>
      <trkpt lat="31.114120747038818" lon="121.36313373765415">
        <ele>5.5272892555221915</ele>
        <time>2024-07-15T13:50:16Z</time>
      </trkpt>
      <trkpt lat="31.114141149680627" lon="121.36305589131796">
        <ele>7.36351406108588</ele>
        <time>2024-07-15T13:50:19Z</time>
      </trkpt>
      <trkpt lat="31.11420154641134" lon="121.36305332528433">
        <ele>7.481051603332162</ele>
        <time>2024-07-15T13:50:25Z</time>
      </trkpt>
      <trkpt lat="31.11449545966607" lon="121.36294198678046">
        <ele>7.6625144788995385</ele>
        <time>2024-07-15T13:50:49Z</time>
      </trkpt>
      <trkpt lat="31.114787609818027" lon="121.36281800868106">
        <ele>8.568104985170066</ele>
        <time>2024-07-15T13:51:14Z</time>
      </trkpt>
      <trkpt lat="31.11509176057603" lon="121.36269221355919">
        <ele>8.69213498197496</ele>
        <time>2024-07-15T13:51:38Z</time>
      </trkpt>
      <trkpt lat="31.115367299754027" lon="121.36259573134751">
        <ele>9.264992454089224</ele>
        <time>2024-07-15T13:51:59Z</time>
      </trkpt>
      <trkpt lat="31.11566334134069" lon="121.36246895350853">
        <ele>10.1386692635715</ele>
        <time>2024-07-15T13:52:23Z</time>
      </trkpt>
      <trkpt lat="31.115932470864127" lon="121.36236261496254">
        <ele>10.178419552743435</ele>
        <time>2024-07-15T13:52:44Z</time>
      </trkpt>
      <trkpt lat="31.116250508427196" lon="121.36225856859251">
        <ele>10.320745881646872</ele>
        <time>2024-07-15T13:53:09Z</time>
      </trkpt>
      <trkpt lat="31.11654328848189" lon="121.36212888756788">
        <ele>8.341537623666227</ele>
        <time>2024-07-15T13:53:33Z</time>
      </trkpt>
      <trkpt lat="31.116814693948093" lon="121.36201406602432">
        <ele>7.852480269037187</ele>
        <time>2024-07-15T13:53:57Z</time>
      </trkpt>
      <trkpt lat="31.11709017221947" lon="121.361897222163">
        <ele>7.730164640583098</ele>
        <time>2024-07-15T13:54:21Z</time>
      </trkpt>
      <trkpt lat="31.117225344589738" lon="121.36184378278328">
        <ele>8.380682103335857</ele>
        <time>2024-07-15T13:54:33Z</time>
      </trkpt>
      <trkpt lat="31.117029893962602" lon="121.3618961807489">
        <ele>7.285508551634848</ele>
        <time>2024-07-15T13:54:54Z</time>
      </trkpt>
      <trkpt lat="31.116755800127706" lon="121.36201899049867">
        <ele>6.665677714161575</ele>
        <time>2024-07-15T13:55:16Z</time>
      </trkpt>
      <trkpt lat="31.116680503083547" lon="121.362024938489">
        <ele>7.464250565506518</ele>
        <time>2024-07-15T13:55:19Z</time>
      </trkpt>
      <trkpt lat="31.116593046766678" lon="121.36205663505038">
        <ele>7.521861771121621</ele>
        <time>2024-07-15T13:55:23Z</time>
      </trkpt>
      <trkpt lat="31.116511043862374" lon="121.36210909693295">
        <ele>8.233843574300408</ele>
        <time>2024-07-15T13:55:26Z</time>
      </trkpt>
      <trkpt lat="31.116367121577735" lon="121.36214948695198">
        <ele>8.241781034506857</ele>
        <time>2024-07-15T13:55:32Z</time>
      </trkpt>
      <trkpt lat="31.11625673392072" lon="121.36213793038142">
        <ele>8.556854719296098</ele>
        <time>2024-07-15T13:55:35Z</time>
      </trkpt>
      <trkpt lat="31.11619020743123" lon="121.36221043256057">
        <ele>7.80071487557143</ele>
        <time>2024-07-15T13:55:38Z</time>
      </trkpt>
      <trkpt lat="31.116025830165302" lon="121.36234895220599">
        <ele>7.430433171801269</ele>
        <time>2024-07-15T13:55:44Z</time>
      </trkpt>
      <trkpt lat="31.11593360375562" lon="121.36236165928449">
        <ele>6.488816764205694</ele>
        <time>2024-07-15T13:55:47Z</time>
      </trkpt>
      <trkpt lat="31.115793424653514" lon="121.36248129745641">
        <ele>6.57545149885118</ele>
        <time>2024-07-15T13:55:53Z</time>
      </trkpt>
      <trkpt lat="31.115706079672645" lon="121.36252947840282">
        <ele>7.733763479627669</ele>
        <time>2024-07-15T13:55:56Z</time>
      </trkpt>
      <trkpt lat="31.115530609356476" lon="121.36255044311065">
        <ele>8.717673939652741</ele>
        <time>2024-07-15T13:56:02Z</time>
      </trkpt>
      <trkpt lat="31.115455233377475" lon="121.36262006601434">
        <ele>8.71061683818698</ele>
        <time>2024-07-15T13:56:05Z</time>
      </trkpt>
      <trkpt lat="31.115292371411016" lon="121.36266563826487">
        <ele>6.839342760853469</ele>
        <time>2024-07-15T13:56:11Z</time>
      </trkpt>
      <trkpt lat="31.11522175482667" lon="121.3627019172155">
        <ele>6.773335334844887</ele>
        <time>2024-07-15T13:56:14Z</time>
      </trkpt>
      <trkpt lat="31.114965178647587" lon="121.36275336571543">
        <ele>8.79170139040798</ele>
        <time>2024-07-15T13:56:23Z</time>
      </trkpt>
      <trkpt lat="31.11473110971036" lon="121.36285377454763">
        <ele>8.269946950487792</ele>
        <time>2024-07-15T13:56:32Z</time>
      </trkpt>
      <trkpt lat="31.11453686123515" lon="121.36289595411067">
        <ele>8.532487302087247</ele>
        <time>2024-07-15T13:56:41Z</time>
      </trkpt>
      <trkpt lat="31.11431299092138" lon="121.36301317250839">
        <ele>8.820553296245635</ele>
        <time>2024-07-15T13:56:50Z</time>
      </trkpt>
      <trkpt lat="31.114214167023384" lon="121.36302939231865">
        <ele>9.647339805960655</ele>
        <time>2024-07-15T13:56:53Z</time>
      </trkpt>
      <trkpt lat="31.114157248209633" lon="121.3630688998996">
        <ele>8.926419029943645</ele>
        <time>2024-07-15T13:56:56Z</time>
      </trkpt>
      <trkpt lat="31.113967907530597" lon="121.3631052937553">
        <ele>6.8193454798310995</ele>
        <time>2024-07-15T13:57:08Z</time>
      </trkpt>
      <trkpt lat="31.11380460761103" lon="121.3631071469685">
        <ele>8.72196560818702</ele>
        <time>2024-07-15T13:57:21Z</time>
      </trkpt>
      <trkpt lat="31.11380029423155" lon="121.36319929611044">
        <ele>9.59284686204046</ele>
        <time>2024-07-15T13:57:33Z</time>
      </trkpt>
      <trkpt lat="31.113894542298357" lon="121.36349074460577">
        <ele>10.733298896811903</ele>
        <time>2024-07-15T13:57:57Z</time>
      </trkpt>
      <trkpt lat="31.11395856064047" lon="121.36342705485127">
        <ele>8.24175648484379</ele>
        <time>2024-07-15T13:58:06Z</time>
      </trkpt>
      <trkpt lat="31.11398699917447" lon="121.36336982941606">
        <ele>8.795750097371638</ele>
        <time>2024-07-15T13:58:12Z</time>
      </trkpt>
      <trkpt lat="31.11425885548588" lon="121.36326621317232">
        <ele>9.139801731333137</ele>
        <time>2024-07-15T13:58:36Z</time>
      </trkpt>
      <trkpt lat="31.114546004612826" lon="121.36314549743517">
        <ele>8.80342179723084</ele>
        <time>2024-07-15T13:59:00Z</time>
      </trkpt>
      <trkpt lat="31.114847941935217" lon="121.36303652217877">
        <ele>6.69113355409354</ele>
        <time>2024-07-15T13:59:25Z</time>
      </trkpt>
      <trkpt lat="31.11489908476697" lon="121.36303529535633">
        <ele>7.061413400806487</ele>
        <time>2024-07-15T13:59:29Z</time>
      </trkpt>
      <trkpt lat="31.114982461696236" lon="121.36295967795415">
        <ele>6.262113326229155</ele>
        <time>2024-07-15T13:59:37Z</time>
      </trkpt>
      <trkpt lat="31.11508741181475" lon="121.36292868794388">
        <ele>5.427264419384301</ele>
        <time>2024-07-15T13:59:47Z</time>
      </trkpt>
      <trkpt lat="31.11515505921512" lon="121.36294671253714">
        <ele>4.755332330241799</ele>
        <time>2024-07-15T13:59:53Z</time>
      </trkpt>
      <trkpt lat="31.115435477163334" lon="121.36280112565868">
        <ele>6.810122865252197</ele>
        <time>2024-07-15T14:00:17Z</time>
      </trkpt>
      <trkpt lat="31.115612543330364" lon="121.36273649148777">
        <ele>7.203682046383619</ele>
        <time>2024-07-15T14:00:32Z</time>
      </trkpt>
      <trkpt lat="31.115663875923463" lon="121.36269006323226">
        <ele>7.16255522146821</ele>
        <time>2024-07-15T14:00:38Z</time>
      </trkpt>
      <trkpt lat="31.1157409440694" lon="121.36267159297887">
        <ele>6.640239654108882</ele>
        <time>2024-07-15T14:00:44Z</time>
      </trkpt>
      <trkpt lat="31.115802086688714" lon="121.36263029351532">
        <ele>7.621973072178662</ele>
        <time>2024-07-15T14:00:50Z</time>
      </trkpt>
      <trkpt lat="31.116085028744884" lon="121.36251681113151">
        <ele>9.286781889386475</ele>
        <time>2024-07-15T14:01:14Z</time>
      </trkpt>
      <trkpt lat="31.116383257118375" lon="121.36240268106376">
        <ele>9.89497154392302</ele>
        <time>2024-07-15T14:01:41Z</time>
      </trkpt>
      <trkpt lat="31.1166494335665" lon="121.36230568528715">
        <ele>9.433820778504014</ele>
        <time>2024-07-15T14:02:06Z</time>
      </trkpt>
      <trkpt lat="31.11694488791413" lon="121.3621676925098">
        <ele>7.400074676610529</ele>
        <time>2024-07-15T14:02:36Z</time>
      </trkpt>
      <trkpt lat="31.11699810201526" lon="121.36214352217455">
        <ele>7.797662259079516</ele>
        <time>2024-07-15T14:02:42Z</time>
      </trkpt>
      <trkpt lat="31.117060758487767" lon="121.36214715014982">
        <ele>7.066463236697018</ele>
        <time>2024-07-15T14:02:48Z</time>
      </trkpt>
      <trkpt lat="31.117313668008094" lon="121.36203473072868">
        <ele>7.849267474375665</ele>
        <time>2024-07-15T14:03:12Z</time>
      </trkpt>
      <trkpt lat="31.11734280342688" lon="121.36199453767308">
        <ele>8.29199536703527</ele>
        <time>2024-07-15T14:03:18Z</time>
      </trkpt>
      <trkpt lat="31.117299042761392" lon="121.36187710654575">
        <ele>8.793564676307142</ele>
        <time>2024-07-15T14:03:30Z</time>
      </trkpt>
      <trkpt lat="31.11723501796336" lon="121.36185487439771">
        <ele>7.569041220471263</ele>
        <time>2024-07-15T14:03:37Z</time>
      </trkpt>
      <trkpt lat="31.11694282344947" lon="121.36196003505253">
        <ele>5.795475259423256</ele>
        <time>2024-07-15T14:04:04Z</time>
      </trkpt>
      <trkpt lat="31.116683923743977" lon="121.3620716345457">
        <ele>7.343301556073129</ele>
        <time>2024-07-15T14:04:29Z</time>
      </trkpt>
      <trkpt lat="31.11637061731447" lon="121.3621966840598">
        <ele>6.727483692578971</ele>
        <time>2024-07-15T14:04:59Z</time>
      </trkpt>
      <trkpt lat="31.116065493401834" lon="121.36231976591627">
        <ele>6.665018825791776</ele>
        <time>2024-07-15T14:05:29Z</time>
      </trkpt>
      <trkpt lat="31.115788815654852" lon="121.36246036764085">
        <ele>7.438036737963557</ele>
        <time>2024-07-15T14:06:03Z</time>
      </trkpt>
      <trkpt lat="31.115508208088237" lon="121.36257764964924">
        <ele>6.094590539112687</ele>
        <time>2024-07-15T14:06:33Z</time>
      </trkpt>
      <trkpt lat="31.115232899266868" lon="121.36268756713424">
        <ele>4.979032263159752</ele>
        <time>2024-07-15T14:07:03Z</time>
      </trkpt>
      <trkpt lat="31.114938725969747" lon="121.36278622361425">
        <ele>5.718079367652535</ele>
        <time>2024-07-15T14:07:33Z</time>
      </trkpt>
      <trkpt lat="31.1146468304188" lon="121.3629090455246">
        <ele>5.432345946319401</ele>
        <time>2024-07-15T14:08:04Z</time>
      </trkpt>
      <trkpt lat="31.114342552741263" lon="121.36301852909014">
        <ele>7.166717334650457</ele>
        <time>2024-07-15T14:08:34Z</time>
      </trkpt>
      <trkpt lat="31.114074778925318" lon="121.3631173682679">
        <ele>7.065294089727104</ele>
        <time>2024-07-15T14:09:04Z</time>
      </trkpt>
      <trkpt lat="31.114007422733494" lon="121.36313945731953">
        <ele>5.534374174661934</ele>
        <time>2024-07-15T14:09:25Z</time>
      </trkpt>
      <trkpt lat="31.114280567199383" lon="121.36301108061667">
        <ele>6.2815374890342355</ele>
        <time>2024-07-15T14:09:49Z</time>
      </trkpt>
      <trkpt lat="31.114487556219355" lon="121.36292071843707">
        <ele>6.219945404678583</ele>
        <time>2024-07-15T14:10:08Z</time>
      </trkpt>
      <trkpt lat="31.114744445143064" lon="121.3628194758713">
        <ele>8.128338657319546</ele>
        <time>2024-07-15T14:10:32Z</time>
      </trkpt>
      <trkpt lat="31.11491390132231" lon="121.3627974998779">
        <ele>5.766959187574685</ele>
        <time>2024-07-15T14:10:44Z</time>
      </trkpt>
      <trkpt lat="31.115182957787027" lon="121.36266584656987">
        <ele>6.356278502382338</ele>
        <time>2024-07-15T14:11:08Z</time>
      </trkpt>
      <trkpt lat="31.115352781976508" lon="121.36267062056599">
        <ele>4.560068155638874</ele>
        <time>2024-07-15T14:11:20Z</time>
      </trkpt>
      <trkpt lat="31.115616973536202" lon="121.36252520664135">
        <ele>5.252377079799771</ele>
        <time>2024-07-15T14:11:44Z</time>
      </trkpt>
      <trkpt lat="31.115678718336103" lon="121.3624843195088">
        <ele>4.230178011581302</ele>
        <time>2024-07-15T14:11:59Z</time>
      </trkpt>
      <trkpt lat="31.11579948975006" lon="121.36243092231003">
        <ele>4.773486646823585</ele>
        <time>2024-07-15T14:12:09Z</time>
      </trkpt>
      <trkpt lat="31.115842162512124" lon="121.36239531471709">
        <ele>5.432232171297073</ele>
        <time>2024-07-15T14:12:12Z</time>
      </trkpt>
      <trkpt lat="31.115911993037354" lon="121.36240372197047">
        <ele>5.903100015595555</ele>
        <time>2024-07-15T14:12:18Z</time>
      </trkpt>
      <trkpt lat="31.116245349503806" lon="121.36226249228311">
        <ele>8.388630312867463</ele>
        <time>2024-07-15T14:12:45Z</time>
      </trkpt>
      <trkpt lat="31.116545061288527" lon="121.36211951567664">
        <ele>7.557165232487023</ele>
        <time>2024-07-15T14:13:09Z</time>
      </trkpt>
      <trkpt lat="31.116849107650527" lon="121.36201332709892">
        <ele>8.777929640375078</ele>
        <time>2024-07-15T14:13:33Z</time>
      </trkpt>
      <trkpt lat="31.117128304428487" lon="121.36190869492543">
        <ele>8.264091892167926</ele>
        <time>2024-07-15T14:13:57Z</time>
      </trkpt>
      <trkpt lat="31.117194635416737" lon="121.36189319172945">
        <ele>8.462358489632607</ele>
        <time>2024-07-15T14:14:03Z</time>
      </trkpt>
      <trkpt lat="31.1171529263771" lon="121.36192084890612">
        <ele>5.746471897698939</ele>
        <time>2024-07-15T14:14:16Z</time>
      </trkpt>
      <trkpt lat="31.11707888073826" lon="121.36189727843502">
        <ele>8.64157273620367</ele>
        <time>2024-07-15T14:14:19Z</time>
      </trkpt>
      <trkpt lat="31.117031183937076" lon="121.36196488151796">
        <ele>7.366536490619183</ele>
        <time>2024-07-15T14:14:22Z</time>
      </trkpt>
      <trkpt lat="31.116970623398522" lon="121.36200829552342">
        <ele>6.33796797785908</ele>
        <time>2024-07-15T14:14:25Z</time>
      </trkpt>
      <trkpt lat="31.11673857392906" lon="121.36206109704314">
        <ele>8.712020436301827</ele>
        <time>2024-07-15T14:14:34Z</time>
      </trkpt>
      <trkpt lat="31.116686661877957" lon="121.3621263947285">
        <ele>8.204034709371626</ele>
        <time>2024-07-15T14:14:37Z</time>
      </trkpt>
      <trkpt lat="31.116515649455266" lon="121.36213756475843">
        <ele>10.506865709088743</ele>
        <time>2024-07-15T14:14:43Z</time>
      </trkpt>
      <trkpt lat="31.11643308912129" lon="121.36218836831634">
        <ele>10.758516880683601</ele>
        <time>2024-07-15T14:14:46Z</time>
      </trkpt>
      <trkpt lat="31.116301438438207" lon="121.36222187092626">
        <ele>9.941579727455974</ele>
        <time>2024-07-15T14:14:52Z</time>
      </trkpt>
      <trkpt lat="31.11623008557063" lon="121.36221882672527">
        <ele>9.095673902891576</ele>
        <time>2024-07-15T14:14:55Z</time>
      </trkpt>
      <trkpt lat="31.116094147548257" lon="121.36230356596299">
        <ele>9.73288240749389</ele>
        <time>2024-07-15T14:15:01Z</time>
      </trkpt>
      <trkpt lat="31.11603588431326" lon="121.36230336075322">
        <ele>9.516612183302641</ele>
        <time>2024-07-15T14:15:04Z</time>
      </trkpt>
      <trkpt lat="31.11590295975254" lon="121.36244755014572">
        <ele>11.477747627533972</ele>
        <time>2024-07-15T14:15:10Z</time>
      </trkpt>
      <trkpt lat="31.11569284572625" lon="121.36252481693269">
        <ele>9.521081808954477</ele>
        <time>2024-07-15T14:15:19Z</time>
      </trkpt>
      <trkpt lat="31.115642492857578" lon="121.36262929711162">
        <ele>5.69308524299413</ele>
        <time>2024-07-15T14:15:22Z</time>
      </trkpt>
      <trkpt lat="31.115482625161626" lon="121.36258409135608">
        <ele>7.125156432390213</ele>
        <time>2024-07-15T14:15:28Z</time>
      </trkpt>
      <trkpt lat="31.11542135417851" lon="121.36266377506908">
        <ele>7.581205569207668</ele>
        <time>2024-07-15T14:15:31Z</time>
      </trkpt>
      <trkpt lat="31.115332254549635" lon="121.36263492684422">
        <ele>7.576806689612567</ele>
        <time>2024-07-15T14:15:34Z</time>
      </trkpt>
      <trkpt lat="31.115196113521485" lon="121.36268636208776">
        <ele>4.783091305755079</ele>
        <time>2024-07-15T14:15:40Z</time>
      </trkpt>
      <trkpt lat="31.114966634719607" lon="121.36280571278037">
        <ele>6.108089393936098</ele>
        <time>2024-07-15T14:15:49Z</time>
      </trkpt>
      <trkpt lat="31.114910735466875" lon="121.36280875433572">
        <ele>5.975164078176022</ele>
        <time>2024-07-15T14:15:52Z</time>
      </trkpt>
      <trkpt lat="31.11485587771284" lon="121.36283449345557">
        <ele>4.523742772638798</ele>
        <time>2024-07-15T14:15:55Z</time>
      </trkpt>
      <trkpt lat="31.11482027644838" lon="121.3629113426083">
        <ele>6.3681832533329725</ele>
        <time>2024-07-15T14:15:58Z</time>
      </trkpt>
      <trkpt lat="31.114568267901713" lon="121.36291811380944">
        <ele>7.7850804049521685</ele>
        <time>2024-07-15T14:16:07Z</time>
      </trkpt>
      <trkpt lat="31.11452586783279" lon="121.36294794743591">
        <ele>7.203262501396239</ele>
        <time>2024-07-15T14:16:10Z</time>
      </trkpt>
      <trkpt lat="31.114351335310094" lon="121.36300857313644">
        <ele>9.996830162592232</ele>
        <time>2024-07-15T14:16:18Z</time>
      </trkpt>
      <trkpt lat="31.114321076269373" lon="121.36304889008638">
        <ele>8.49559507612139</ele>
        <time>2024-07-15T14:16:21Z</time>
      </trkpt>
      <trkpt lat="31.114145392924232" lon="121.36304066149738">
        <ele>8.416643496602774</ele>
        <time>2024-07-15T14:16:28Z</time>
      </trkpt>
      <trkpt lat="31.113974982842564" lon="121.3631328773078">
        <ele>7.6414246968925</ele>
        <time>2024-07-15T14:16:40Z</time>
      </trkpt>
      <trkpt lat="31.1137677826471" lon="121.36314834823936">
        <ele>7.2595970537513494</ele>
        <time>2024-07-15T14:17:07Z</time>
      </trkpt>
      <trkpt lat="31.113698722430616" lon="121.3631766979398">
        <ele>7.387937255203724</ele>
        <time>2024-07-15T14:17:13Z</time>
      </trkpt>
      <trkpt lat="31.113656328824934" lon="121.36329025040288">
        <ele>7.23360896948725</ele>
        <time>2024-07-15T14:17:28Z</time>
      </trkpt>
      <trkpt lat="31.11359702674868" lon="121.36332983189082">
        <ele>5.956096218898892</ele>
        <time>2024-07-15T14:17:34Z</time>
      </trkpt>
      <trkpt lat="31.113442195104607" lon="121.36336748434051">
        <ele>7.768765835091472</ele>
        <time>2024-07-15T14:17:46Z</time>
      </trkpt>
      <trkpt lat="31.113152142625022" lon="121.36349305147971">
        <ele>8.195372624322772</ele>
        <time>2024-07-15T14:18:10Z</time>
      </trkpt>
      <trkpt lat="31.112879591404006" lon="121.36360069488974">
        <ele>8.816513667814434</ele>
        <time>2024-07-15T14:18:32Z</time>
      </trkpt>
      <trkpt lat="31.112740323384514" lon="121.36365094594561">
        <ele>7.138070195913315</ele>
        <time>2024-07-15T14:18:44Z</time>
      </trkpt>
      <trkpt lat="31.11244751121259" lon="121.36377160792486">
        <ele>5.97602279856801</ele>
        <time>2024-07-15T14:19:08Z</time>
      </trkpt>
      <trkpt lat="31.11239134523654" lon="121.3637697443808">
        <ele>7.019010136835277</ele>
        <time>2024-07-15T14:19:11Z</time>
      </trkpt>
      <trkpt lat="31.11239302980546" lon="121.3636802559589">
        <ele>5.959209769964218</ele>
        <time>2024-07-15T14:19:17Z</time>
      </trkpt>
      <trkpt lat="31.11223212485562" lon="121.36372849035718">
        <ele>7.609973706305027</ele>
        <time>2024-07-15T14:19:29Z</time>
      </trkpt>
      <trkpt lat="31.112166234794845" lon="121.36376415220752">
        <ele>7.426298095844686</ele>
        <time>2024-07-15T14:19:35Z</time>
      </trkpt>
      <trkpt lat="31.112153682062566" lon="121.36384420142758">
        <ele>5.924129102379084</ele>
        <time>2024-07-15T14:19:41Z</time>
      </trkpt>
      <trkpt lat="31.112103037182337" lon="121.36391247691752">
        <ele>6.57067998778075</ele>
        <time>2024-07-15T14:19:47Z</time>
      </trkpt>
      <trkpt lat="31.111833856413288" lon="121.36404469023542">
        <ele>7.840369897894561</ele>
        <time>2024-07-15T14:20:11Z</time>
      </trkpt>
      <trkpt lat="31.11167984035929" lon="121.36412512421236">
        <ele>7.328213630244136</ele>
        <time>2024-07-15T14:20:23Z</time>
      </trkpt>
      <trkpt lat="31.111613715136148" lon="121.36412901655906">
        <ele>7.867236450314522</ele>
        <time>2024-07-15T14:20:27Z</time>
      </trkpt>
      <trkpt lat="31.111427220180957" lon="121.36427419424578">
        <ele>10.146030032075942</ele>
        <time>2024-07-15T14:20:43Z</time>
      </trkpt>
      <trkpt lat="31.11119354877303" lon="121.36433983596926">
        <ele>10.995409450493753</ele>
        <time>2024-07-15T14:21:03Z</time>
      </trkpt>
      <trkpt lat="31.111126806902195" lon="121.36429159541896">
        <ele>11.462857246398926</ele>
        <time>2024-07-15T14:21:09Z</time>
      </trkpt>
      <trkpt lat="31.11107926704591" lon="121.36431750623112">
        <ele>12.121035386808217</ele>
        <time>2024-07-15T14:21:15Z</time>
      </trkpt>
      <trkpt lat="31.11107647854498" lon="121.36438553560367">
        <ele>11.583953290246427</ele>
        <time>2024-07-15T14:21:21Z</time>
      </trkpt>
      <trkpt lat="31.11121299164949" lon="121.3646114073619">
        <ele>11.019822429865599</ele>
        <time>2024-07-15T14:21:39Z</time>
      </trkpt>
      <trkpt lat="31.111310091276668" lon="121.3645588764071">
        <ele>10.13709228951484</ele>
        <time>2024-07-15T14:21:48Z</time>
      </trkpt>
      <trkpt lat="31.11134331215835" lon="121.36448943521845">
        <ele>12.951315605081618</ele>
        <time>2024-07-15T14:21:54Z</time>
      </trkpt>
      <trkpt lat="31.111659545050653" lon="121.36433925893553">
        <ele>9.087255616672337</ele>
        <time>2024-07-15T14:22:21Z</time>
      </trkpt>
      <trkpt lat="31.111696916023064" lon="121.36430453436495">
        <ele>8.528059812262654</ele>
        <time>2024-07-15T14:22:24Z</time>
      </trkpt>
      <trkpt lat="31.11177407705095" lon="121.36427419358698">
        <ele>7.3738711047917604</ele>
        <time>2024-07-15T14:22:31Z</time>
      </trkpt>
      <trkpt lat="31.111833201064478" lon="121.36422921357726">
        <ele>5.820786753669381</ele>
        <time>2024-07-15T14:22:38Z</time>
      </trkpt>
      <trkpt lat="31.112030457516177" lon="121.36415663019143">
        <ele>6.0377091728150845</ele>
        <time>2024-07-15T14:22:54Z</time>
      </trkpt>
      <trkpt lat="31.112075668753672" lon="121.3641686714372">
        <ele>6.393277521245182</ele>
        <time>2024-07-15T14:22:58Z</time>
      </trkpt>
      <trkpt lat="31.11216769094594" lon="121.36414171996074">
        <ele>6.6683024717494845</ele>
        <time>2024-07-15T14:23:06Z</time>
      </trkpt>
      <trkpt lat="31.112291112302625" lon="121.36422604764618">
        <ele>5.221640029922128</ele>
        <time>2024-07-15T14:23:18Z</time>
      </trkpt>
      <trkpt lat="31.112482875498554" lon="121.36415269733229">
        <ele>5.421225440688431</ele>
        <time>2024-07-15T14:23:34Z</time>
      </trkpt>
      <trkpt lat="31.112482034684028" lon="121.3640678971324">
        <ele>5.0991133926436305</ele>
        <time>2024-07-15T14:23:41Z</time>
      </trkpt>
      <trkpt lat="31.112515923312188" lon="121.36400275924257">
        <ele>4.71679921168834</ele>
        <time>2024-07-15T14:23:47Z</time>
      </trkpt>
      <trkpt lat="31.112623176817582" lon="121.36394592512906">
        <ele>3.9638716764748096</ele>
        <time>2024-07-15T14:23:56Z</time>
      </trkpt>
      <trkpt lat="31.112664412445053" lon="121.36389459266795">
        <ele>3.8199528167024255</ele>
        <time>2024-07-15T14:23:59Z</time>
      </trkpt>
      <trkpt lat="31.112796161610383" lon="121.36388468739999">
        <ele>5.958212718367577</ele>
        <time>2024-07-15T14:24:05Z</time>
      </trkpt>
      <trkpt lat="31.113082042451985" lon="121.3637471798865">
        <ele>10.116544089280069</ele>
        <time>2024-07-15T14:24:14Z</time>
      </trkpt>
      <trkpt lat="31.113267872899602" lon="121.36366622819871">
        <ele>15.846006920561194</ele>
        <time>2024-07-15T14:24:20Z</time>
      </trkpt>
      <trkpt lat="31.1133598850059" lon="121.36366598033813">
        <ele>15.105276808142662</ele>
        <time>2024-07-15T14:24:23Z</time>
      </trkpt>
      <trkpt lat="31.113461388257704" lon="121.3635645547942">
        <ele>17.380992692895234</ele>
        <time>2024-07-15T14:24:26Z</time>
      </trkpt>
      <trkpt lat="31.113545029278352" lon="121.36351013025741">
        <ele>16.66493168193847</ele>
        <time>2024-07-15T14:24:29Z</time>
      </trkpt>
      <trkpt lat="31.11362563987813" lon="121.36350814893264">
        <ele>16.423017535358667</ele>
        <time>2024-07-15T14:24:32Z</time>
      </trkpt>
      <trkpt lat="31.113698061759912" lon="121.36345687576298">
        <ele>16.32155555766076</ele>
        <time>2024-07-15T14:24:35Z</time>
      </trkpt>
      <trkpt lat="31.113808324931675" lon="121.36344998406445">
        <ele>17.073497956618667</ele>
        <time>2024-07-15T14:24:39Z</time>
      </trkpt>
      <trkpt lat="31.11383797697604" lon="121.36353634628236">
        <ele>14.117782323621213</ele>
        <time>2024-07-15T14:24:45Z</time>
      </trkpt>
      <trkpt lat="31.113839674517674" lon="121.36347340506745">
        <ele>8.724695397540927</ele>
        <time>2024-07-15T14:24:54Z</time>
      </trkpt>
      <trkpt lat="31.11387418456104" lon="121.36351266509553">
        <ele>8.378189361654222</ele>
        <time>2024-07-15T14:24:57Z</time>
      </trkpt>
      <trkpt lat="31.11398959111236" lon="121.36336208828664">
        <ele>6.432466567493975</ele>
        <time>2024-07-15T14:25:06Z</time>
      </trkpt>
      <trkpt lat="31.114042761911975" lon="121.36334508652355">
        <ele>4.702310244552791</ele>
        <time>2024-07-15T14:25:09Z</time>
      </trkpt>
      <trkpt lat="31.11408635627982" lon="121.36337873479894">
        <ele>4.789906945079565</ele>
        <time>2024-07-15T14:25:12Z</time>
      </trkpt>
      <trkpt lat="31.11416088017438" lon="121.3632173607026">
        <ele>6.053624486550689</ele>
        <time>2024-07-15T14:25:18Z</time>
      </trkpt>
      <trkpt lat="31.114470744691925" lon="121.36313790218863">
        <ele>10.80982440058142</ele>
        <time>2024-07-15T14:25:30Z</time>
      </trkpt>
      <trkpt lat="31.114515023314237" lon="121.36308471405175">
        <ele>10.200072566978633</ele>
        <time>2024-07-15T14:25:33Z</time>
      </trkpt>
      <trkpt lat="31.114620609022456" lon="121.36307002239292">
        <ele>10.821343070827425</ele>
        <time>2024-07-15T14:25:36Z</time>
      </trkpt>
      <trkpt lat="31.11468040989496" lon="121.36303371194127">
        <ele>8.667285255156457</ele>
        <time>2024-07-15T14:25:39Z</time>
      </trkpt>
      <trkpt lat="31.11476155256475" lon="121.3630569662624">
        <ele>8.076876131817698</ele>
        <time>2024-07-15T14:25:42Z</time>
      </trkpt>
      <trkpt lat="31.114849130301717" lon="121.36305755211741">
        <ele>8.813966275192797</ele>
        <time>2024-07-15T14:25:45Z</time>
      </trkpt>
      <trkpt lat="31.11497991260919" lon="121.36301399460444">
        <ele>7.826911021955311</ele>
        <time>2024-07-15T14:25:51Z</time>
      </trkpt>
      <trkpt lat="31.115028786729148" lon="121.36295942415711">
        <ele>9.223009323701262</ele>
        <time>2024-07-15T14:25:54Z</time>
      </trkpt>
      <trkpt lat="31.1151712936227" lon="121.36289545463663">
        <ele>9.72667520493269</ele>
        <time>2024-07-15T14:26:00Z</time>
      </trkpt>
      <trkpt lat="31.115254455271934" lon="121.36289619578078">
        <ele>8.597968890331686</ele>
        <time>2024-07-15T14:26:03Z</time>
      </trkpt>
      <trkpt lat="31.115457114230672" lon="121.36278017928856">
        <ele>7.17982451338321</ele>
        <time>2024-07-15T14:26:12Z</time>
      </trkpt>
      <trkpt lat="31.115540919447675" lon="121.36276407789985">
        <ele>8.579946805723011</ele>
        <time>2024-07-15T14:26:15Z</time>
      </trkpt>
      <trkpt lat="31.11560789288701" lon="121.3626849301865">
        <ele>11.820649739354849</ele>
        <time>2024-07-15T14:26:18Z</time>
      </trkpt>
      <trkpt lat="31.115745659573257" lon="121.36262744926044">
        <ele>10.856452397070825</ele>
        <time>2024-07-15T14:26:24Z</time>
      </trkpt>
      <trkpt lat="31.11598782351256" lon="121.36258061223981">
        <ele>11.331148207187653</ele>
        <time>2024-07-15T14:26:33Z</time>
      </trkpt>
      <trkpt lat="31.116116808955244" lon="121.36245552529677">
        <ele>11.807223794050515</ele>
        <time>2024-07-15T14:26:39Z</time>
      </trkpt>
      <trkpt lat="31.11632646251691" lon="121.36242457497278">
        <ele>10.955818278715014</ele>
        <time>2024-07-15T14:26:47Z</time>
      </trkpt>
      <trkpt lat="31.11639832959665" lon="121.3623474983009">
        <ele>12.330622646026313</ele>
        <time>2024-07-15T14:26:51Z</time>
      </trkpt>
      <trkpt lat="31.116499898171057" lon="121.36231338471376">
        <ele>13.235425625927746</ele>
        <time>2024-07-15T14:26:55Z</time>
      </trkpt>
      <trkpt lat="31.116606909493253" lon="121.36232309867724">
        <ele>12.485916786827147</ele>
        <time>2024-07-15T14:26:58Z</time>
      </trkpt>
      <trkpt lat="31.116674335265568" lon="121.36227310825382">
        <ele>11.692332780919969</ele>
        <time>2024-07-15T14:27:01Z</time>
      </trkpt>
      <trkpt lat="31.11674722127998" lon="121.36225403834968">
        <ele>11.074004373513162</ele>
        <time>2024-07-15T14:27:04Z</time>
      </trkpt>
      <trkpt lat="31.11684118770522" lon="121.36217278095585">
        <ele>10.968518137931824</ele>
        <time>2024-07-15T14:27:10Z</time>
      </trkpt>
      <trkpt lat="31.117018336603163" lon="121.3621271859788">
        <ele>10.010600116103888</ele>
        <time>2024-07-15T14:27:16Z</time>
      </trkpt>
      <trkpt lat="31.11706820221189" lon="121.36214622125425">
        <ele>9.851977215148509</ele>
        <time>2024-07-15T14:27:19Z</time>
      </trkpt>
      <trkpt lat="31.117130311310984" lon="121.3621311359347">
        <ele>11.279486179351807</ele>
        <time>2024-07-15T14:27:22Z</time>
      </trkpt>
      <trkpt lat="31.117201268279313" lon="121.36208349696204">
        <ele>11.528791593387723</ele>
        <time>2024-07-15T14:27:25Z</time>
      </trkpt>
      <trkpt lat="31.11735898532215" lon="121.36202041343546">
        <ele>11.098605776205659</ele>
        <time>2024-07-15T14:27:34Z</time>
      </trkpt>
      <trkpt lat="31.11734106019561" lon="121.36187479632005">
        <ele>8.232473140582442</ele>
        <time>2024-07-15T14:27:58Z</time>
      </trkpt>
      <trkpt lat="31.11728798375774" lon="121.36183409459815">
        <ele>8.435004889033735</ele>
        <time>2024-07-15T14:28:04Z</time>
      </trkpt>
      <trkpt lat="31.117186711145425" lon="121.36182882176884">
        <ele>5.874854118563235</ele>
        <time>2024-07-15T14:28:10Z</time>
      </trkpt>
      <trkpt lat="31.1171105347809" lon="121.36187429744827">
        <ele>5.714837321080267</ele>
        <time>2024-07-15T14:28:13Z</time>
      </trkpt>
      <trkpt lat="31.117058945641734" lon="121.36192671227835">
        <ele>6.125287649221718</ele>
        <time>2024-07-15T14:28:16Z</time>
      </trkpt>
      <trkpt lat="31.11695954118166" lon="121.36194632894828">
        <ele>5.39493424538523</ele>
        <time>2024-07-15T14:28:19Z</time>
      </trkpt>
      <trkpt lat="31.116877083413645" lon="121.3619940001738">
        <ele>5.224174914881587</ele>
        <time>2024-07-15T14:28:22Z</time>
      </trkpt>
      <trkpt lat="31.116634630166953" lon="121.36208538315721">
        <ele>5.830160032957792</ele>
        <time>2024-07-15T14:28:31Z</time>
      </trkpt>
      <trkpt lat="31.1165604883764" lon="121.36213656754">
        <ele>7.32057733181864</ele>
        <time>2024-07-15T14:28:34Z</time>
      </trkpt>
      <trkpt lat="31.11649269514921" lon="121.36215044354059">
        <ele>6.775783948600292</ele>
        <time>2024-07-15T14:28:37Z</time>
      </trkpt>
      <trkpt lat="31.11644761684609" lon="121.36224567936">
        <ele>8.128615533933043</ele>
        <time>2024-07-15T14:28:40Z</time>
      </trkpt>
      <trkpt lat="31.11627541566126" lon="121.36225851216052">
        <ele>8.811009366065264</ele>
        <time>2024-07-15T14:28:46Z</time>
      </trkpt>
      <trkpt lat="31.11619283222004" lon="121.36231989910107">
        <ele>7.633326397277415</ele>
        <time>2024-07-15T14:28:50Z</time>
      </trkpt>
      <trkpt lat="31.11602897731915" lon="121.36237119413776">
        <ele>9.982646438293159</ele>
        <time>2024-07-15T14:28:56Z</time>
      </trkpt>
      <trkpt lat="31.115963594611756" lon="121.36242363306971">
        <ele>9.758929692208767</ele>
        <time>2024-07-15T14:28:59Z</time>
      </trkpt>
      <trkpt lat="31.115811657448642" lon="121.36248575021153">
        <ele>7.774338347837329</ele>
        <time>2024-07-15T14:29:05Z</time>
      </trkpt>
      <trkpt lat="31.115721078863185" lon="121.36245301898583">
        <ele>6.809118541888893</ele>
        <time>2024-07-15T14:29:08Z</time>
      </trkpt>
      <trkpt lat="31.115627987044853" lon="121.36252223204923">
        <ele>8.538126923143864</ele>
        <time>2024-07-15T14:29:11Z</time>
      </trkpt>
      <trkpt lat="31.115347088883098" lon="121.36256415698803">
        <ele>8.326650224626064</ele>
        <time>2024-07-15T14:29:20Z</time>
      </trkpt>
      <trkpt lat="31.11511133041207" lon="121.36268716862911">
        <ele>11.807708318345249</ele>
        <time>2024-07-15T14:29:29Z</time>
      </trkpt>
      <trkpt lat="31.115048322190248" lon="121.3627407196464">
        <ele>11.689886677078903</ele>
        <time>2024-07-15T14:29:32Z</time>
      </trkpt>
      <trkpt lat="31.115012933845566" lon="121.36280329293159">
        <ele>10.755955015309155</ele>
        <time>2024-07-15T14:29:38Z</time>
      </trkpt>
      <trkpt lat="31.114862037135694" lon="121.36279302197507">
        <ele>10.244278265163302</ele>
        <time>2024-07-15T14:29:47Z</time>
      </trkpt>
      <trkpt lat="31.11482288983423" lon="121.3628483486605">
        <ele>9.927851805463433</ele>
        <time>2024-07-15T14:29:53Z</time>
      </trkpt>
      <trkpt lat="31.114681183896145" lon="121.36289360146519">
        <ele>10.703452750109136</ele>
        <time>2024-07-15T14:30:05Z</time>
      </trkpt>
      <trkpt lat="31.114622333745835" lon="121.36293905309499">
        <ele>8.416806319728494</ele>
        <time>2024-07-15T14:30:11Z</time>
      </trkpt>
      <trkpt lat="31.114536823195518" lon="121.36293104876889">
        <ele>7.724757224321365</ele>
        <time>2024-07-15T14:30:17Z</time>
      </trkpt>
      <trkpt lat="31.114309440371606" lon="121.36300847543404">
        <ele>8.067241922020912</ele>
        <time>2024-07-15T14:30:35Z</time>
      </trkpt>
      <trkpt lat="31.114206471187096" lon="121.36301174096721">
        <ele>7.076133399270475</ele>
        <time>2024-07-15T14:30:41Z</time>
      </trkpt>
      <trkpt lat="31.114140040875476" lon="121.36297538107468">
        <ele>7.522737307474017</ele>
        <time>2024-07-15T14:30:44Z</time>
      </trkpt>
      <trkpt lat="31.114114987385545" lon="121.36302727132677">
        <ele>7.917165442369878</ele>
        <time>2024-07-15T14:30:47Z</time>
      </trkpt>
      <trkpt lat="31.114010587037814" lon="121.36308997464585">
        <ele>8.543482974171638</ele>
        <time>2024-07-15T14:30:57Z</time>
      </trkpt>
      <trkpt lat="31.113931246894996" lon="121.36311071909205">
        <ele>7.796498762443662</ele>
        <time>2024-07-15T14:31:05Z</time>
      </trkpt>
      <trkpt lat="31.113870084584697" lon="121.36308090705585">
        <ele>7.594077064655721</ele>
        <time>2024-07-15T14:31:11Z</time>
      </trkpt>
      <trkpt lat="31.113816594705934" lon="121.36310554369938">
        <ele>9.12543398886919</ele>
        <time>2024-07-15T14:31:20Z</time>
      </trkpt>
      <trkpt lat="31.113862401157164" lon="121.36335907863513">
        <ele>8.017904940992594</ele>
        <time>2024-07-15T14:31:38Z</time>
      </trkpt>
      <trkpt lat="31.113908183066023" lon="121.36349965570888">
        <ele>7.664406421594322</ele>
        <time>2024-07-15T14:31:50Z</time>
      </trkpt>
      <trkpt lat="31.113945024319197" lon="121.36346897232121">
        <ele>6.587322273291647</ele>
        <time>2024-07-15T14:31:56Z</time>
      </trkpt>
      <trkpt lat="31.113981005683385" lon="121.36338882047853">
        <ele>6.233678971417248</ele>
        <time>2024-07-15T14:32:02Z</time>
      </trkpt>
      <trkpt lat="31.114263883579717" lon="121.36326045418402">
        <ele>7.775619350373745</ele>
        <time>2024-07-15T14:32:26Z</time>
      </trkpt>
      <trkpt lat="31.114534852266466" lon="121.36315090882955">
        <ele>7.545050852932036</ele>
        <time>2024-07-15T14:32:47Z</time>
      </trkpt>
      <trkpt lat="31.11481789744164" lon="121.36303992500007">
        <ele>7.44166387617588</ele>
        <time>2024-07-15T14:33:09Z</time>
      </trkpt>
      <trkpt lat="31.1149367454905" lon="121.36299456577042">
        <ele>6.8066943706944585</ele>
        <time>2024-07-15T14:33:19Z</time>
      </trkpt>
      <trkpt lat="31.114996869388857" lon="121.36293397700214">
        <ele>6.2806073147803545</ele>
        <time>2024-07-15T14:33:25Z</time>
      </trkpt>
      <trkpt lat="31.115267280803305" lon="121.36285523046529">
        <ele>5.530252495780587</ele>
        <time>2024-07-15T14:33:46Z</time>
      </trkpt>
      <trkpt lat="31.115545070928146" lon="121.36274133798386">
        <ele>6.304636688902974</ele>
        <time>2024-07-15T14:34:10Z</time>
      </trkpt>
      <trkpt lat="31.115809842667126" lon="121.36263305010472">
        <ele>7.050861731171608</ele>
        <time>2024-07-15T14:34:34Z</time>
      </trkpt>
      <trkpt lat="31.116085985858952" lon="121.36250556252541">
        <ele>8.91794703528285</ele>
        <time>2024-07-15T14:34:58Z</time>
      </trkpt>
      <trkpt lat="31.116367436881124" lon="121.36240524463591">
        <ele>10.957031616009772</ele>
        <time>2024-07-15T14:35:21Z</time>
      </trkpt>
      <trkpt lat="31.11656466733952" lon="121.36230074009691">
        <ele>12.034226302057505</ele>
        <time>2024-07-15T14:35:36Z</time>
      </trkpt>
      <trkpt lat="31.116868971164987" lon="121.36220181192279">
        <ele>8.358532592654228</ele>
        <time>2024-07-15T14:36:00Z</time>
      </trkpt>
      <trkpt lat="31.117038959774803" lon="121.36212078469698">
        <ele>9.76691213902086</ele>
        <time>2024-07-15T14:36:15Z</time>
      </trkpt>
      <trkpt lat="31.117242639846612" lon="121.36211419704838">
        <ele>11.913083120249212</ele>
        <time>2024-07-15T14:36:30Z</time>
      </trkpt>
      <trkpt lat="31.117356541227455" lon="121.36206647011666">
        <ele>10.848437421023846</ele>
        <time>2024-07-15T14:36:39Z</time>
      </trkpt>
      <trkpt lat="31.117349264020582" lon="121.36205627628252">
        <ele>10.712806411087513</ele>
        <time>2024-07-15T14:36:42Z</time>
      </trkpt>
      <trkpt lat="31.116984620416336" lon="121.36195067686843">
        <ele>7.951745771802962</ele>
        <time>2024-07-15T14:38:24Z</time>
      </trkpt>
      <trkpt lat="31.116726830710494" lon="121.36205346087262">
        <ele>7.9861474968492985</ele>
        <time>2024-07-15T14:38:45Z</time>
      </trkpt>
      <trkpt lat="31.11642382920874" lon="121.36217834695674">
        <ele>7.332770806737244</ele>
        <time>2024-07-15T14:39:09Z</time>
      </trkpt>
      <trkpt lat="31.116247726719727" lon="121.36223919406734">
        <ele>7.998494387604296</ele>
        <time>2024-07-15T14:39:22Z</time>
      </trkpt>
      <trkpt lat="31.116171250529433" lon="121.36224828546065">
        <ele>8.728889159858227</ele>
        <time>2024-07-15T14:39:28Z</time>
      </trkpt>
      <trkpt lat="31.11590789409754" lon="121.3623984938847">
        <ele>5.193790379911661</ele>
        <time>2024-07-15T14:39:52Z</time>
      </trkpt>
      <trkpt lat="31.11564184085106" lon="121.36251942907317">
        <ele>3.2713271733373404</ele>
        <time>2024-07-15T14:40:16Z</time>
      </trkpt>
      <trkpt lat="31.115375697634718" lon="121.36262368782762">
        <ele>2.421522601507604</ele>
        <time>2024-07-15T14:40:40Z</time>
      </trkpt>
      <trkpt lat="31.1151175695673" lon="121.36273274457743">
        <ele>2.2342025749385357</ele>
        <time>2024-07-15T14:41:04Z</time>
      </trkpt>
      <trkpt lat="31.114813042052184" lon="121.36285336271231">
        <ele>2.159284222871065</ele>
        <time>2024-07-15T14:41:32Z</time>
      </trkpt>
      <trkpt lat="31.114502188752994" lon="121.36295193309407">
        <ele>4.9040879514068365</ele>
        <time>2024-07-15T14:41:59Z</time>
      </trkpt>
      <trkpt lat="31.1142080389223" lon="121.36308162089286">
        <ele>2.8854762902483344</ele>
        <time>2024-07-15T14:42:26Z</time>
      </trkpt>
      <trkpt lat="31.11393682612284" lon="121.36317510737591">
        <ele>5.7890889570117</ele>
        <time>2024-07-15T14:42:50Z</time>
      </trkpt>
      <trkpt lat="31.113860056683695" lon="121.36310538938349">
        <ele>6.306916663423181</ele>
        <time>2024-07-15T14:43:02Z</time>
      </trkpt>
      <trkpt lat="31.113792671246603" lon="121.36314460228013">
        <ele>5.627012686803937</ele>
        <time>2024-07-15T14:43:17Z</time>
      </trkpt>
      <trkpt lat="31.113645084956932" lon="121.36315546652504">
        <ele>5.935521064326167</ele>
        <time>2024-07-15T14:43:26Z</time>
      </trkpt>
      <trkpt lat="31.113654216814826" lon="121.3632125845058">
        <ele>6.808712617494166</ele>
        <time>2024-07-15T14:43:33Z</time>
      </trkpt>
      <trkpt lat="31.113639582232643" lon="121.363272348858">
        <ele>6.585167781449854</ele>
        <time>2024-07-15T14:43:39Z</time>
      </trkpt>
      <trkpt lat="31.113343888666808" lon="121.36341614078877">
        <ele>4.118066198192537</ele>
        <time>2024-07-15T14:44:09Z</time>
      </trkpt>
      <trkpt lat="31.113033791623234" lon="121.36354173685544">
        <ele>3.605262715369463</ele>
        <time>2024-07-15T14:44:39Z</time>
      </trkpt>
      <trkpt lat="31.112776666112925" lon="121.36363733777777">
        <ele>3.942060774192214</ele>
        <time>2024-07-15T14:45:03Z</time>
      </trkpt>
      <trkpt lat="31.11267498528952" lon="121.36372713850322">
        <ele>3.5041221352294087</ele>
        <time>2024-07-15T14:45:15Z</time>
      </trkpt>
      <trkpt lat="31.112615248379125" lon="121.36375169050993">
        <ele>3.3038953924551606</ele>
        <time>2024-07-15T14:45:21Z</time>
      </trkpt>
      <trkpt lat="31.11250845576551" lon="121.36384060330111">
        <ele>3.0741296326741576</ele>
        <time>2024-07-15T14:45:33Z</time>
      </trkpt>
      <trkpt lat="31.112460464480975" lon="121.36385485118392">
        <ele>2.041064345277846</ele>
        <time>2024-07-15T14:45:37Z</time>
      </trkpt>
      <trkpt lat="31.112403748375254" lon="121.36375220407476">
        <ele>3.6045912839472294</ele>
        <time>2024-07-15T14:45:43Z</time>
      </trkpt>
      <trkpt lat="31.112347170514433" lon="121.36375555364769">
        <ele>5.08394075371325</ele>
        <time>2024-07-15T14:45:49Z</time>
      </trkpt>
      <trkpt lat="31.112283674483688" lon="121.36380500772349">
        <ele>5.003381920978427</ele>
        <time>2024-07-15T14:45:55Z</time>
      </trkpt>
      <trkpt lat="31.112212357278008" lon="121.36382820567738">
        <ele>5.663536254316568</ele>
        <time>2024-07-15T14:46:01Z</time>
      </trkpt>
      <trkpt lat="31.112166773965736" lon="121.36386299743181">
        <ele>5.93949571531266</ele>
        <time>2024-07-15T14:46:07Z</time>
      </trkpt>
      <trkpt lat="31.11210782292757" lon="121.36394502788285">
        <ele>3.683948882855475</ele>
        <time>2024-07-15T14:46:16Z</time>
      </trkpt>
      <trkpt lat="31.111935570930907" lon="121.36402074308411">
        <ele>3.925982527434826</ele>
        <time>2024-07-15T14:46:28Z</time>
      </trkpt>
      <trkpt lat="31.111845871661902" lon="121.36400712124964">
        <ele>3.762451319023967</ele>
        <time>2024-07-15T14:46:34Z</time>
      </trkpt>
      <trkpt lat="31.111651228326448" lon="121.36409281060396">
        <ele>5.402642491273582</ele>
        <time>2024-07-15T14:46:49Z</time>
      </trkpt>
      <trkpt lat="31.111594620925622" lon="121.36413288428686">
        <ele>5.064843847416341</ele>
        <time>2024-07-15T14:46:55Z</time>
      </trkpt>
      <trkpt lat="31.111447179281633" lon="121.36419368873985">
        <ele>4.658920728601515</ele>
        <time>2024-07-15T14:47:07Z</time>
      </trkpt>
      <trkpt lat="31.111377402931414" lon="121.36424915228939">
        <ele>3.704308501444757</ele>
        <time>2024-07-15T14:47:13Z</time>
      </trkpt>
      <trkpt lat="31.111295324812538" lon="121.3642644158397">
        <ele>3.3606886537745595</ele>
        <time>2024-07-15T14:47:19Z</time>
      </trkpt>
      <trkpt lat="31.11118420366169" lon="121.3643191916487">
        <ele>4.069372454658151</ele>
        <time>2024-07-15T14:47:28Z</time>
      </trkpt>
      <trkpt lat="31.11111722209834" lon="121.36428650586618">
        <ele>6.080636249855161</ele>
        <time>2024-07-15T14:47:34Z</time>
      </trkpt>
      <trkpt lat="31.111039698982303" lon="121.36429918543469">
        <ele>6.650834886357188</ele>
        <time>2024-07-15T14:47:37Z</time>
      </trkpt>
      <trkpt lat="31.111076827721124" lon="121.36441838287526">
        <ele>7.0343546364456415</ele>
        <time>2024-07-15T14:47:44Z</time>
      </trkpt>
      <trkpt lat="31.111198663233605" lon="121.36459203038333">
        <ele>3.7776913279667497</ele>
        <time>2024-07-15T14:48:00Z</time>
      </trkpt>
      <trkpt lat="31.11124646262427" lon="121.36456711619854">
        <ele>3.1174443466588855</ele>
        <time>2024-07-15T14:48:07Z</time>
      </trkpt>
      <trkpt lat="31.111295559363626" lon="121.36451542838755">
        <ele>1.6907330127432942</ele>
        <time>2024-07-15T14:48:13Z</time>
      </trkpt>
      <trkpt lat="31.111603947536274" lon="121.36436803066859">
        <ele>3.2417471557855606</ele>
        <time>2024-07-15T14:48:43Z</time>
      </trkpt>
      <trkpt lat="31.11186393390792" lon="121.36426953606389">
        <ele>2.2249714573845267</ele>
        <time>2024-07-15T14:49:07Z</time>
      </trkpt>
      <trkpt lat="31.111981775336027" lon="121.36420019032235">
        <ele>1.9226283198222518</ele>
        <time>2024-07-15T14:49:19Z</time>
      </trkpt>
      <trkpt lat="31.111998978415244" lon="121.36414396634163">
        <ele>3.06846396997571</ele>
        <time>2024-07-15T14:49:22Z</time>
      </trkpt>
      <trkpt lat="31.11215109705438" lon="121.36415293901713">
        <ele>5.01816330011934</ele>
        <time>2024-07-15T14:49:34Z</time>
      </trkpt>
      <trkpt lat="31.11215109705438" lon="121.36415293901713">
        <ele>5.01816330011934</ele>
        <time>2024-07-15T14:49:48Z</time>
      </trkpt>
    </trkseg>
  </trk>
</gpx>