<?xml version="1.0" encoding="UTF-8"?>
<gpx xmlns="http://www.topografix.com/GPX/1/1" xmlns:gpxtpx="http://www.garmin.com/xmlschemas/TrackPointExtension/v1" xmlns:xsi="http://www.w3.org/2001/XMLSchema-instance" xsi:schemaLocation="http://www.topografix.com/GPX/1/1 http://www.topografix.com/GPX/1/1/gpx.xsd" version="1.1" creator="gpx.py -- https://github.com/tkrajina/gpxpy">
  <trk>
    <name>gpx from keep</name>
    <type>Run</type>
    <trkseg>
      <trkpt lat="31.472947583339543" lon="120.2546521634905">
        <ele>6.629555524326861</ele>
        <time>2025-01-05T10:01:20Z</time>
        <extensions>
          <gpxtpx:TrackPointExtension>
            <gpxtpx:hr>92</gpxtpx:hr>
          </gpxtpx:TrackPointExtension>
        </extensions>
      </trkpt>
      <trkpt lat="31.472963139495423" lon="120.25463204353777">
        <ele>6.611955566331744</ele>
        <time>2025-01-05T10:01:21Z</time>
        <extensions>
          <gpxtpx:TrackPointExtension>
            <gpxtpx:hr>92</gpxtpx:hr>
          </gpxtpx:TrackPointExtension>
        </extensions>
      </trkpt>
      <trkpt lat="31.47297742435069" lon="120.25461476420638">
        <ele>6.592887678183615</ele>
        <time>2025-01-05T10:01:22Z</time>
        <extensions>
          <gpxtpx:TrackPointExtension>
            <gpxtpx:hr>92</gpxtpx:hr>
          </gpxtpx:TrackPointExtension>
        </extensions>
      </trkpt>
      <trkpt lat="31.47299307773805" lon="120.25459793410394">
        <ele>6.573692651465535</ele>
        <time>2025-01-05T10:01:23Z</time>
        <extensions>
          <gpxtpx:TrackPointExtension>
            <gpxtpx:hr>92</gpxtpx:hr>
          </gpxtpx:TrackPointExtension>
        </extensions>
      </trkpt>
      <trkpt lat="31.4730107119602" lon="120.25458059560779">
        <ele>6.555004161782563</ele>
        <time>2025-01-05T10:01:24Z</time>
        <extensions>
          <gpxtpx:TrackPointExtension>
            <gpxtpx:hr>92</gpxtpx:hr>
          </gpxtpx:TrackPointExtension>
        </extensions>
      </trkpt>
      <trkpt lat="31.473028470871974" lon="120.25456413701268">
        <ele>6.536942698061466</ele>
        <time>2025-01-05T10:01:25Z</time>
        <extensions>
          <gpxtpx:TrackPointExtension>
            <gpxtpx:hr>98</gpxtpx:hr>
          </gpxtpx:TrackPointExtension>
        </extensions>
      </trkpt>
      <trkpt lat="31.473044624378577" lon="120.25454704325283">
        <ele>6.520346958190203</ele>
        <time>2025-01-05T10:01:26Z</time>
        <extensions>
          <gpxtpx:TrackPointExtension>
            <gpxtpx:hr>98</gpxtpx:hr>
          </gpxtpx:TrackPointExtension>
        </extensions>
      </trkpt>
      <trkpt lat="31.473057784425556" lon="120.25452874279256">
        <ele>6.504846090450883</ele>
        <time>2025-01-05T10:01:27Z</time>
        <extensions>
          <gpxtpx:TrackPointExtension>
            <gpxtpx:hr>98</gpxtpx:hr>
          </gpxtpx:TrackPointExtension>
        </extensions>
      </trkpt>
      <trkpt lat="31.47306973741813" lon="120.25451089032615">
        <ele>6.491432936862111</ele>
        <time>2025-01-05T10:01:28Z</time>
        <extensions>
          <gpxtpx:TrackPointExtension>
            <gpxtpx:hr>98</gpxtpx:hr>
          </gpxtpx:TrackPointExtension>
        </extensions>
      </trkpt>
      <trkpt lat="31.473081582371467" lon="120.2544936998255">
        <ele>6.4793945932760835</ele>
        <time>2025-01-05T10:01:29Z</time>
        <extensions>
          <gpxtpx:TrackPointExtension>
            <gpxtpx:hr>98</gpxtpx:hr>
          </gpxtpx:TrackPointExtension>
        </extensions>
      </trkpt>
      <trkpt lat="31.47309265762515" lon="120.25447609774486">
        <ele>6.469535783864558</ele>
        <time>2025-01-05T10:01:30Z</time>
        <extensions>
          <gpxtpx:TrackPointExtension>
            <gpxtpx:hr>100</gpxtpx:hr>
          </gpxtpx:TrackPointExtension>
        </extensions>
      </trkpt>
      <trkpt lat="31.47310162570645" lon="120.25445626440317">
        <ele>6.460462369956076</ele>
        <time>2025-01-05T10:01:31Z</time>
        <extensions>
          <gpxtpx:TrackPointExtension>
            <gpxtpx:hr>100</gpxtpx:hr>
          </gpxtpx:TrackPointExtension>
        </extensions>
      </trkpt>
      <trkpt lat="31.473108836334628" lon="120.25443474474648">
        <ele>6.45119671151042</ele>
        <time>2025-01-05T10:01:32Z</time>
        <extensions>
          <gpxtpx:TrackPointExtension>
            <gpxtpx:hr>100</gpxtpx:hr>
          </gpxtpx:TrackPointExtension>
        </extensions>
      </trkpt>
      <trkpt lat="31.47311547604679" lon="120.25441316169706">
        <ele>6.443688312545419</ele>
        <time>2025-01-05T10:01:33Z</time>
        <extensions>
          <gpxtpx:TrackPointExtension>
            <gpxtpx:hr>104</gpxtpx:hr>
          </gpxtpx:TrackPointExtension>
        </extensions>
      </trkpt>
      <trkpt lat="31.473122538858703" lon="120.2543919294357">
        <ele>6.436273087747395</ele>
        <time>2025-01-05T10:01:34Z</time>
        <extensions>
          <gpxtpx:TrackPointExtension>
            <gpxtpx:hr>104</gpxtpx:hr>
          </gpxtpx:TrackPointExtension>
        </extensions>
      </trkpt>
      <trkpt lat="31.473129192793376" lon="120.25437100311167">
        <ele>6.430990664288402</ele>
        <time>2025-01-05T10:01:35Z</time>
        <extensions>
          <gpxtpx:TrackPointExtension>
            <gpxtpx:hr>104</gpxtpx:hr>
          </gpxtpx:TrackPointExtension>
        </extensions>
      </trkpt>
      <trkpt lat="31.473134442140996" lon="120.25434959031912">
        <ele>6.426891121082008</ele>
        <time>2025-01-05T10:01:36Z</time>
        <extensions>
          <gpxtpx:TrackPointExtension>
            <gpxtpx:hr>104</gpxtpx:hr>
          </gpxtpx:TrackPointExtension>
        </extensions>
      </trkpt>
      <trkpt lat="31.473139202239274" lon="120.25432764597495">
        <ele>6.422117681242526</ele>
        <time>2025-01-05T10:01:37Z</time>
        <extensions>
          <gpxtpx:TrackPointExtension>
            <gpxtpx:hr>104</gpxtpx:hr>
          </gpxtpx:TrackPointExtension>
        </extensions>
      </trkpt>
      <trkpt lat="31.473142992319463" lon="120.25430551444755">
        <ele>6.419145970605314</ele>
        <time>2025-01-05T10:01:38Z</time>
        <extensions>
          <gpxtpx:TrackPointExtension>
            <gpxtpx:hr>104</gpxtpx:hr>
          </gpxtpx:TrackPointExtension>
        </extensions>
      </trkpt>
      <trkpt lat="31.47314500282359" lon="120.2542831498489">
        <ele>6.41695505939424</ele>
        <time>2025-01-05T10:01:39Z</time>
        <extensions>
          <gpxtpx:TrackPointExtension>
            <gpxtpx:hr>108</gpxtpx:hr>
          </gpxtpx:TrackPointExtension>
        </extensions>
      </trkpt>
      <trkpt lat="31.473145217836702" lon="120.25426070404032">
        <ele>6.4148729015141726</ele>
        <time>2025-01-05T10:01:40Z</time>
        <extensions>
          <gpxtpx:TrackPointExtension>
            <gpxtpx:hr>108</gpxtpx:hr>
          </gpxtpx:TrackPointExtension>
        </extensions>
      </trkpt>
      <trkpt lat="31.47314453623841" lon="120.25423838786196">
        <ele>6.411126220598817</ele>
        <time>2025-01-05T10:01:41Z</time>
        <extensions>
          <gpxtpx:TrackPointExtension>
            <gpxtpx:hr>108</gpxtpx:hr>
          </gpxtpx:TrackPointExtension>
        </extensions>
      </trkpt>
      <trkpt lat="31.473143148845725" lon="120.25421632427168">
        <ele>6.40846751164645</ele>
        <time>2025-01-05T10:01:42Z</time>
        <extensions>
          <gpxtpx:TrackPointExtension>
            <gpxtpx:hr>108</gpxtpx:hr>
          </gpxtpx:TrackPointExtension>
        </extensions>
      </trkpt>
      <trkpt lat="31.473140155663213" lon="120.2541915711247">
        <ele>6.478234236128628</ele>
        <time>2025-01-05T10:01:43Z</time>
        <extensions>
          <gpxtpx:TrackPointExtension>
            <gpxtpx:hr>108</gpxtpx:hr>
          </gpxtpx:TrackPointExtension>
        </extensions>
      </trkpt>
      <trkpt lat="31.473137868266694" lon="120.25416775098472">
        <ele>6.564556051976979</ele>
        <time>2025-01-05T10:01:44Z</time>
        <extensions>
          <gpxtpx:TrackPointExtension>
            <gpxtpx:hr>108</gpxtpx:hr>
          </gpxtpx:TrackPointExtension>
        </extensions>
      </trkpt>
      <trkpt lat="31.473135578080328" lon="120.25414504082639">
        <ele>6.6717635383829474</ele>
        <time>2025-01-05T10:01:45Z</time>
        <extensions>
          <gpxtpx:TrackPointExtension>
            <gpxtpx:hr>108</gpxtpx:hr>
          </gpxtpx:TrackPointExtension>
        </extensions>
      </trkpt>
      <trkpt lat="31.47313290829193" lon="120.2541224424625">
        <ele>6.777581054717302</ele>
        <time>2025-01-05T10:01:46Z</time>
        <extensions>
          <gpxtpx:TrackPointExtension>
            <gpxtpx:hr>108</gpxtpx:hr>
          </gpxtpx:TrackPointExtension>
        </extensions>
      </trkpt>
      <trkpt lat="31.47312987239906" lon="120.25409968099376">
        <ele>6.899830614216626</ele>
        <time>2025-01-05T10:01:47Z</time>
        <extensions>
          <gpxtpx:TrackPointExtension>
            <gpxtpx:hr>108</gpxtpx:hr>
          </gpxtpx:TrackPointExtension>
        </extensions>
      </trkpt>
      <trkpt lat="31.4731249239454" lon="120.25407659153858">
        <ele>7.038217568770051</ele>
        <time>2025-01-05T10:01:48Z</time>
        <extensions>
          <gpxtpx:TrackPointExtension>
            <gpxtpx:hr>108</gpxtpx:hr>
          </gpxtpx:TrackPointExtension>
        </extensions>
      </trkpt>
      <trkpt lat="31.47311813489142" lon="120.2540531380124">
        <ele>7.168370671570301</ele>
        <time>2025-01-05T10:01:49Z</time>
        <extensions>
          <gpxtpx:TrackPointExtension>
            <gpxtpx:hr>108</gpxtpx:hr>
          </gpxtpx:TrackPointExtension>
        </extensions>
      </trkpt>
      <trkpt lat="31.473109924337777" lon="120.25403017828188">
        <ele>7.31548984721303</ele>
        <time>2025-01-05T10:01:50Z</time>
        <extensions>
          <gpxtpx:TrackPointExtension>
            <gpxtpx:hr>108</gpxtpx:hr>
          </gpxtpx:TrackPointExtension>
        </extensions>
      </trkpt>
      <trkpt lat="31.473100121446056" lon="120.25400801667641">
        <ele>7.463999789208174</ele>
        <time>2025-01-05T10:01:51Z</time>
        <extensions>
          <gpxtpx:TrackPointExtension>
            <gpxtpx:hr>108</gpxtpx:hr>
          </gpxtpx:TrackPointExtension>
        </extensions>
      </trkpt>
      <trkpt lat="31.473089867145323" lon="120.25398557722983">
        <ele>7.595953765325248</ele>
        <time>2025-01-05T10:01:52Z</time>
        <extensions>
          <gpxtpx:TrackPointExtension>
            <gpxtpx:hr>108</gpxtpx:hr>
          </gpxtpx:TrackPointExtension>
        </extensions>
      </trkpt>
      <trkpt lat="31.47307437917004" lon="120.25395748940845">
        <ele>7.739465105347335</ele>
        <time>2025-01-05T10:01:53Z</time>
        <extensions>
          <gpxtpx:TrackPointExtension>
            <gpxtpx:hr>117</gpxtpx:hr>
          </gpxtpx:TrackPointExtension>
        </extensions>
      </trkpt>
      <trkpt lat="31.47305329678785" lon="120.25392607623763">
        <ele>7.878949096426368</ele>
        <time>2025-01-05T10:01:54Z</time>
        <extensions>
          <gpxtpx:TrackPointExtension>
            <gpxtpx:hr>117</gpxtpx:hr>
          </gpxtpx:TrackPointExtension>
        </extensions>
      </trkpt>
      <trkpt lat="31.473031910371034" lon="120.25389885761399">
        <ele>8.014354215934873</ele>
        <time>2025-01-05T10:01:55Z</time>
        <extensions>
          <gpxtpx:TrackPointExtension>
            <gpxtpx:hr>117</gpxtpx:hr>
          </gpxtpx:TrackPointExtension>
        </extensions>
      </trkpt>
      <trkpt lat="31.473011439114142" lon="120.25387570602219">
        <ele>8.157403253950179</ele>
        <time>2025-01-05T10:01:56Z</time>
        <extensions>
          <gpxtpx:TrackPointExtension>
            <gpxtpx:hr>117</gpxtpx:hr>
          </gpxtpx:TrackPointExtension>
        </extensions>
      </trkpt>
      <trkpt lat="31.47299161914723" lon="120.25385558828515">
        <ele>8.26345520466566</ele>
        <time>2025-01-05T10:01:57Z</time>
        <extensions>
          <gpxtpx:TrackPointExtension>
            <gpxtpx:hr>117</gpxtpx:hr>
          </gpxtpx:TrackPointExtension>
        </extensions>
      </trkpt>
      <trkpt lat="31.47297159487714" lon="120.25383803440599">
        <ele>8.346289828419685</ele>
        <time>2025-01-05T10:01:58Z</time>
        <extensions>
          <gpxtpx:TrackPointExtension>
            <gpxtpx:hr>117</gpxtpx:hr>
          </gpxtpx:TrackPointExtension>
        </extensions>
      </trkpt>
      <trkpt lat="31.472951648821635" lon="120.25382245977352">
        <ele>8.411263805814087</ele>
        <time>2025-01-05T10:01:59Z</time>
        <extensions>
          <gpxtpx:TrackPointExtension>
            <gpxtpx:hr>117</gpxtpx:hr>
          </gpxtpx:TrackPointExtension>
        </extensions>
      </trkpt>
      <trkpt lat="31.472932822192508" lon="120.25380890602057">
        <ele>8.451174944639206</ele>
        <time>2025-01-05T10:02:00Z</time>
        <extensions>
          <gpxtpx:TrackPointExtension>
            <gpxtpx:hr>117</gpxtpx:hr>
          </gpxtpx:TrackPointExtension>
        </extensions>
      </trkpt>
      <trkpt lat="31.47291495851282" lon="120.25379692083295">
        <ele>8.497758910991251</ele>
        <time>2025-01-05T10:02:01Z</time>
        <extensions>
          <gpxtpx:TrackPointExtension>
            <gpxtpx:hr>117</gpxtpx:hr>
          </gpxtpx:TrackPointExtension>
        </extensions>
      </trkpt>
      <trkpt lat="31.472895453042984" lon="120.25378567145846">
        <ele>8.526629615575075</ele>
        <time>2025-01-05T10:02:02Z</time>
        <extensions>
          <gpxtpx:TrackPointExtension>
            <gpxtpx:hr>117</gpxtpx:hr>
          </gpxtpx:TrackPointExtension>
        </extensions>
      </trkpt>
      <trkpt lat="31.47287482404533" lon="120.25377591047227">
        <ele>8.508290467783809</ele>
        <time>2025-01-05T10:02:03Z</time>
        <extensions>
          <gpxtpx:TrackPointExtension>
            <gpxtpx:hr>117</gpxtpx:hr>
          </gpxtpx:TrackPointExtension>
        </extensions>
      </trkpt>
      <trkpt lat="31.472854441619756" lon="120.25376936335536">
        <ele>8.47622574493289</ele>
        <time>2025-01-05T10:02:04Z</time>
        <extensions>
          <gpxtpx:TrackPointExtension>
            <gpxtpx:hr>117</gpxtpx:hr>
          </gpxtpx:TrackPointExtension>
        </extensions>
      </trkpt>
      <trkpt lat="31.472832897572754" lon="120.25376600861978">
        <ele>8.422981595620513</ele>
        <time>2025-01-05T10:02:05Z</time>
        <extensions>
          <gpxtpx:TrackPointExtension>
            <gpxtpx:hr>117</gpxtpx:hr>
          </gpxtpx:TrackPointExtension>
        </extensions>
      </trkpt>
      <trkpt lat="31.472812174061282" lon="120.25376592464356">
        <ele>8.310728698037565</ele>
        <time>2025-01-05T10:02:06Z</time>
        <extensions>
          <gpxtpx:TrackPointExtension>
            <gpxtpx:hr>117</gpxtpx:hr>
          </gpxtpx:TrackPointExtension>
        </extensions>
      </trkpt>
      <trkpt lat="31.472794002731895" lon="120.25376959992614">
        <ele>8.191122728399932</ele>
        <time>2025-01-05T10:02:07Z</time>
        <extensions>
          <gpxtpx:TrackPointExtension>
            <gpxtpx:hr>117</gpxtpx:hr>
          </gpxtpx:TrackPointExtension>
        </extensions>
      </trkpt>
      <trkpt lat="31.47277496684597" lon="120.25377423977194">
        <ele>8.093803238123655</ele>
        <time>2025-01-05T10:02:08Z</time>
        <extensions>
          <gpxtpx:TrackPointExtension>
            <gpxtpx:hr>117</gpxtpx:hr>
          </gpxtpx:TrackPointExtension>
        </extensions>
      </trkpt>
      <trkpt lat="31.472754089700267" lon="120.25377693153001">
        <ele>8.015547120012343</ele>
        <time>2025-01-05T10:02:09Z</time>
        <extensions>
          <gpxtpx:TrackPointExtension>
            <gpxtpx:hr>117</gpxtpx:hr>
          </gpxtpx:TrackPointExtension>
        </extensions>
      </trkpt>
      <trkpt lat="31.472734309079915" lon="120.25377756602563">
        <ele>7.9691634103655815</ele>
        <time>2025-01-05T10:02:10Z</time>
      </trkpt>
      <trkpt lat="31.47271480780272" lon="120.25377679081849">
        <ele>7.934789065271616</ele>
        <time>2025-01-05T10:02:11Z</time>
      </trkpt>
      <trkpt lat="31.472694488245295" lon="120.25377527740993">
        <ele>7.972651825286448</ele>
        <time>2025-01-05T10:02:12Z</time>
      </trkpt>
      <trkpt lat="31.472675941871756" lon="120.25377319683969">
        <ele>7.99082035664469</ele>
        <time>2025-01-05T10:02:13Z</time>
      </trkpt>
      <trkpt lat="31.47265773962362" lon="120.25376982541299">
        <ele>8.00195355527103</ele>
        <time>2025-01-05T10:02:14Z</time>
        <extensions>
          <gpxtpx:TrackPointExtension>
            <gpxtpx:hr>129</gpxtpx:hr>
          </gpxtpx:TrackPointExtension>
        </extensions>
      </trkpt>
      <trkpt lat="31.472637239310682" lon="120.25376502116876">
        <ele>8.014689073897898</ele>
        <time>2025-01-05T10:02:15Z</time>
        <extensions>
          <gpxtpx:TrackPointExtension>
            <gpxtpx:hr>129</gpxtpx:hr>
          </gpxtpx:TrackPointExtension>
        </extensions>
      </trkpt>
      <trkpt lat="31.472617217278504" lon="120.25375856250442">
        <ele>7.9861179003492</ele>
        <time>2025-01-05T10:02:16Z</time>
        <extensions>
          <gpxtpx:TrackPointExtension>
            <gpxtpx:hr>129</gpxtpx:hr>
          </gpxtpx:TrackPointExtension>
        </extensions>
      </trkpt>
      <trkpt lat="31.472597297466308" lon="120.25375069402166">
        <ele>7.9370148703455925</ele>
        <time>2025-01-05T10:02:17Z</time>
        <extensions>
          <gpxtpx:TrackPointExtension>
            <gpxtpx:hr>129</gpxtpx:hr>
          </gpxtpx:TrackPointExtension>
        </extensions>
      </trkpt>
      <trkpt lat="31.472575730196223" lon="120.2537432399063">
        <ele>7.8852680483832955</ele>
        <time>2025-01-05T10:02:18Z</time>
        <extensions>
          <gpxtpx:TrackPointExtension>
            <gpxtpx:hr>129</gpxtpx:hr>
          </gpxtpx:TrackPointExtension>
        </extensions>
      </trkpt>
      <trkpt lat="31.472554631543712" lon="120.25373801037095">
        <ele>7.838706870563328</ele>
        <time>2025-01-05T10:02:19Z</time>
        <extensions>
          <gpxtpx:TrackPointExtension>
            <gpxtpx:hr>129</gpxtpx:hr>
          </gpxtpx:TrackPointExtension>
        </extensions>
      </trkpt>
      <trkpt lat="31.472533512744675" lon="120.2537345013801">
        <ele>7.779111723415554</ele>
        <time>2025-01-05T10:02:20Z</time>
        <extensions>
          <gpxtpx:TrackPointExtension>
            <gpxtpx:hr>129</gpxtpx:hr>
          </gpxtpx:TrackPointExtension>
        </extensions>
      </trkpt>
      <trkpt lat="31.472510583636478" lon="120.25373166813746">
        <ele>7.758291210047901</ele>
        <time>2025-01-05T10:02:21Z</time>
        <extensions>
          <gpxtpx:TrackPointExtension>
            <gpxtpx:hr>129</gpxtpx:hr>
          </gpxtpx:TrackPointExtension>
        </extensions>
      </trkpt>
      <trkpt lat="31.472488053432606" lon="120.25372899639389">
        <ele>7.717146724462509</ele>
        <time>2025-01-05T10:02:22Z</time>
        <extensions>
          <gpxtpx:TrackPointExtension>
            <gpxtpx:hr>129</gpxtpx:hr>
          </gpxtpx:TrackPointExtension>
        </extensions>
      </trkpt>
      <trkpt lat="31.472466607387105" lon="120.25372462016445">
        <ele>7.674058153294027</ele>
        <time>2025-01-05T10:02:23Z</time>
        <extensions>
          <gpxtpx:TrackPointExtension>
            <gpxtpx:hr>129</gpxtpx:hr>
          </gpxtpx:TrackPointExtension>
        </extensions>
      </trkpt>
      <trkpt lat="31.472444936806934" lon="120.25371782715497">
        <ele>7.631866373121738</ele>
        <time>2025-01-05T10:02:24Z</time>
        <extensions>
          <gpxtpx:TrackPointExtension>
            <gpxtpx:hr>129</gpxtpx:hr>
          </gpxtpx:TrackPointExtension>
        </extensions>
      </trkpt>
      <trkpt lat="31.47242371031757" lon="120.25371040590231">
        <ele>7.590537508949637</ele>
        <time>2025-01-05T10:02:25Z</time>
        <extensions>
          <gpxtpx:TrackPointExtension>
            <gpxtpx:hr>129</gpxtpx:hr>
          </gpxtpx:TrackPointExtension>
        </extensions>
      </trkpt>
      <trkpt lat="31.472403448864995" lon="120.25370268291243">
        <ele>7.528059282340109</ele>
        <time>2025-01-05T10:02:26Z</time>
        <extensions>
          <gpxtpx:TrackPointExtension>
            <gpxtpx:hr>129</gpxtpx:hr>
          </gpxtpx:TrackPointExtension>
        </extensions>
      </trkpt>
      <trkpt lat="31.47238320613031" lon="120.25369496795405">
        <ele>7.476253026165068</ele>
        <time>2025-01-05T10:02:27Z</time>
        <extensions>
          <gpxtpx:TrackPointExtension>
            <gpxtpx:hr>132</gpxtpx:hr>
          </gpxtpx:TrackPointExtension>
        </extensions>
      </trkpt>
      <trkpt lat="31.472363343152242" lon="120.25368881234927">
        <ele>7.428057632409036</ele>
        <time>2025-01-05T10:02:28Z</time>
        <extensions>
          <gpxtpx:TrackPointExtension>
            <gpxtpx:hr>132</gpxtpx:hr>
          </gpxtpx:TrackPointExtension>
        </extensions>
      </trkpt>
      <trkpt lat="31.47234344313181" lon="120.25368434793702">
        <ele>7.381475797854364</ele>
        <time>2025-01-05T10:02:29Z</time>
        <extensions>
          <gpxtpx:TrackPointExtension>
            <gpxtpx:hr>132</gpxtpx:hr>
          </gpxtpx:TrackPointExtension>
        </extensions>
      </trkpt>
      <trkpt lat="31.472322256487185" lon="120.2536798005724">
        <ele>7.383389902301133</ele>
        <time>2025-01-05T10:02:30Z</time>
        <extensions>
          <gpxtpx:TrackPointExtension>
            <gpxtpx:hr>131</gpxtpx:hr>
          </gpxtpx:TrackPointExtension>
        </extensions>
      </trkpt>
      <trkpt lat="31.472301481241455" lon="120.25367506169913">
        <ele>7.401803340762854</ele>
        <time>2025-01-05T10:02:31Z</time>
        <extensions>
          <gpxtpx:TrackPointExtension>
            <gpxtpx:hr>131</gpxtpx:hr>
          </gpxtpx:TrackPointExtension>
        </extensions>
      </trkpt>
      <trkpt lat="31.47228168324331" lon="120.25367117119033">
        <ele>7.385828638449311</ele>
        <time>2025-01-05T10:02:32Z</time>
        <extensions>
          <gpxtpx:TrackPointExtension>
            <gpxtpx:hr>131</gpxtpx:hr>
          </gpxtpx:TrackPointExtension>
        </extensions>
      </trkpt>
      <trkpt lat="31.47226058609127" lon="120.2536685235742">
        <ele>7.403744384646416</ele>
        <time>2025-01-05T10:02:33Z</time>
        <extensions>
          <gpxtpx:TrackPointExtension>
            <gpxtpx:hr>131</gpxtpx:hr>
          </gpxtpx:TrackPointExtension>
        </extensions>
      </trkpt>
      <trkpt lat="31.47223975632341" lon="120.25366716871669">
        <ele>7.418561624363065</ele>
        <time>2025-01-05T10:02:34Z</time>
        <extensions>
          <gpxtpx:TrackPointExtension>
            <gpxtpx:hr>131</gpxtpx:hr>
          </gpxtpx:TrackPointExtension>
        </extensions>
      </trkpt>
      <trkpt lat="31.472221496072578" lon="120.25366608351648">
        <ele>7.4542773282155395</ele>
        <time>2025-01-05T10:02:35Z</time>
        <extensions>
          <gpxtpx:TrackPointExtension>
            <gpxtpx:hr>131</gpxtpx:hr>
          </gpxtpx:TrackPointExtension>
        </extensions>
      </trkpt>
      <trkpt lat="31.47220306234719" lon="120.25366250086061">
        <ele>7.465215416625142</ele>
        <time>2025-01-05T10:02:36Z</time>
        <extensions>
          <gpxtpx:TrackPointExtension>
            <gpxtpx:hr>131</gpxtpx:hr>
          </gpxtpx:TrackPointExtension>
        </extensions>
      </trkpt>
      <trkpt lat="31.472184016253944" lon="120.25365730175585">
        <ele>7.461240402422845</ele>
        <time>2025-01-05T10:02:37Z</time>
        <extensions>
          <gpxtpx:TrackPointExtension>
            <gpxtpx:hr>131</gpxtpx:hr>
          </gpxtpx:TrackPointExtension>
        </extensions>
      </trkpt>
      <trkpt lat="31.47216701660642" lon="120.25365423659821">
        <ele>7.494112548418343</ele>
        <time>2025-01-05T10:02:38Z</time>
        <extensions>
          <gpxtpx:TrackPointExtension>
            <gpxtpx:hr>131</gpxtpx:hr>
          </gpxtpx:TrackPointExtension>
        </extensions>
      </trkpt>
      <trkpt lat="31.472150401602267" lon="120.25365382186774">
        <ele>7.518528044223785</ele>
        <time>2025-01-05T10:02:39Z</time>
        <extensions>
          <gpxtpx:TrackPointExtension>
            <gpxtpx:hr>131</gpxtpx:hr>
          </gpxtpx:TrackPointExtension>
        </extensions>
      </trkpt>
      <trkpt lat="31.472131622902857" lon="120.25365645006315">
        <ele>7.537184682674706</ele>
        <time>2025-01-05T10:02:40Z</time>
        <extensions>
          <gpxtpx:TrackPointExtension>
            <gpxtpx:hr>131</gpxtpx:hr>
          </gpxtpx:TrackPointExtension>
        </extensions>
      </trkpt>
      <trkpt lat="31.472111639613896" lon="120.25365804230759">
        <ele>7.5852653020992875</ele>
        <time>2025-01-05T10:02:41Z</time>
      </trkpt>
      <trkpt lat="31.472092454340398" lon="120.25365488791705">
        <ele>7.628037677146494</ele>
        <time>2025-01-05T10:02:42Z</time>
      </trkpt>
      <trkpt lat="31.47207293236231" lon="120.25364901509353">
        <ele>7.682610548101366</ele>
        <time>2025-01-05T10:02:43Z</time>
      </trkpt>
      <trkpt lat="31.4720516318657" lon="120.25364309867817">
        <ele>7.751722953282297</ele>
        <time>2025-01-05T10:02:44Z</time>
      </trkpt>
      <trkpt lat="31.472031232361473" lon="120.25364048075166">
        <ele>7.835502006113529</ele>
        <time>2025-01-05T10:02:45Z</time>
      </trkpt>
      <trkpt lat="31.472012162644003" lon="120.25364108434587">
        <ele>7.902557123452425</ele>
        <time>2025-01-05T10:02:46Z</time>
      </trkpt>
      <trkpt lat="31.471992231474623" lon="120.2536425913745">
        <ele>7.978695213794708</ele>
        <time>2025-01-05T10:02:47Z</time>
      </trkpt>
      <trkpt lat="31.47197224542288" lon="120.2536460747095">
        <ele>8.08328915014863</ele>
        <time>2025-01-05T10:02:48Z</time>
      </trkpt>
      <trkpt lat="31.471953279475986" lon="120.2536532852006">
        <ele>8.1899992544204</ele>
        <time>2025-01-05T10:02:49Z</time>
      </trkpt>
      <trkpt lat="31.47193384976209" lon="120.25366330819476">
        <ele>8.3108378527686</ele>
        <time>2025-01-05T10:02:50Z</time>
      </trkpt>
      <trkpt lat="31.471913875042638" lon="120.25367407658463">
        <ele>8.441429428756237</ele>
        <time>2025-01-05T10:02:51Z</time>
      </trkpt>
      <trkpt lat="31.471895255063668" lon="120.25368459174736">
        <ele>8.553322412073612</ele>
        <time>2025-01-05T10:02:52Z</time>
      </trkpt>
      <trkpt lat="31.471877343607908" lon="120.25369547247041">
        <ele>8.661968140862882</ele>
        <time>2025-01-05T10:02:53Z</time>
      </trkpt>
      <trkpt lat="31.471858711268496" lon="120.25370747900861">
        <ele>8.771667450666428</ele>
        <time>2025-01-05T10:02:54Z</time>
      </trkpt>
      <trkpt lat="31.471840902715453" lon="120.25371907220224">
        <ele>8.883154762908816</ele>
        <time>2025-01-05T10:02:55Z</time>
      </trkpt>
      <trkpt lat="31.47182417150277" lon="120.25372955644617">
        <ele>8.974504700861871</ele>
        <time>2025-01-05T10:02:56Z</time>
      </trkpt>
      <trkpt lat="31.471807117013586" lon="120.25374096386854">
        <ele>9.057378855533898</ele>
        <time>2025-01-05T10:02:57Z</time>
      </trkpt>
      <trkpt lat="31.471790432731403" lon="120.25375384108158">
        <ele>9.137757536955178</ele>
        <time>2025-01-05T10:02:58Z</time>
      </trkpt>
      <trkpt lat="31.471775746024644" lon="120.25376713686376">
        <ele>9.189357961528003</ele>
        <time>2025-01-05T10:02:59Z</time>
      </trkpt>
      <trkpt lat="31.471761802864787" lon="120.25378064238362">
        <ele>9.234162077307701</ele>
        <time>2025-01-05T10:03:00Z</time>
      </trkpt>
      <trkpt lat="31.471747003379658" lon="120.25379510115025">
        <ele>9.270899452269077</ele>
        <time>2025-01-05T10:03:01Z</time>
      </trkpt>
      <trkpt lat="31.47173321043925" lon="120.25381088745539">
        <ele>9.294863157905638</ele>
        <time>2025-01-05T10:03:02Z</time>
      </trkpt>
      <trkpt lat="31.471721481688522" lon="120.25382896038352">
        <ele>9.29551611840725</ele>
        <time>2025-01-05T10:03:03Z</time>
      </trkpt>
      <trkpt lat="31.47171027228332" lon="120.25384969544463">
        <ele>9.286832232959569</ele>
        <time>2025-01-05T10:03:04Z</time>
      </trkpt>
      <trkpt lat="31.471699640869392" lon="120.25386970246232">
        <ele>9.261032436974347</ele>
        <time>2025-01-05T10:03:05Z</time>
      </trkpt>
      <trkpt lat="31.47169029418968" lon="120.2538883428761">
        <ele>9.209264614619315</ele>
        <time>2025-01-05T10:03:06Z</time>
      </trkpt>
      <trkpt lat="31.471681442174358" lon="120.2539082154229">
        <ele>9.148500734940171</ele>
        <time>2025-01-05T10:03:07Z</time>
      </trkpt>
      <trkpt lat="31.471672624330893" lon="120.2539293953624">
        <ele>9.091029085218906</ele>
        <time>2025-01-05T10:03:08Z</time>
      </trkpt>
      <trkpt lat="31.4716651526751" lon="120.25395012552951">
        <ele>9.013898305594921</ele>
        <time>2025-01-05T10:03:09Z</time>
      </trkpt>
      <trkpt lat="31.471660307916917" lon="120.25397092969243">
        <ele>8.928051884286106</ele>
        <time>2025-01-05T10:03:10Z</time>
      </trkpt>
      <trkpt lat="31.471657649687373" lon="120.25399278105988">
        <ele>8.823486376553774</ele>
        <time>2025-01-05T10:03:11Z</time>
      </trkpt>
      <trkpt lat="31.47165591017064" lon="120.25401336631076">
        <ele>8.764266642741859</ele>
        <time>2025-01-05T10:03:12Z</time>
      </trkpt>
      <trkpt lat="31.47165418869575" lon="120.25403248778699">
        <ele>8.676197092980146</ele>
        <time>2025-01-05T10:03:13Z</time>
      </trkpt>
      <trkpt lat="31.471652387424484" lon="120.25405234738459">
        <ele>8.579122451134026</ele>
        <time>2025-01-05T10:03:14Z</time>
      </trkpt>
      <trkpt lat="31.47165069588974" lon="120.25407304195886">
        <ele>8.519248894415796</ele>
        <time>2025-01-05T10:03:15Z</time>
        <extensions>
          <gpxtpx:TrackPointExtension>
            <gpxtpx:hr>143</gpxtpx:hr>
          </gpxtpx:TrackPointExtension>
        </extensions>
      </trkpt>
      <trkpt lat="31.47165044372861" lon="120.25409273552707">
        <ele>8.424893106333911</ele>
        <time>2025-01-05T10:03:16Z</time>
        <extensions>
          <gpxtpx:TrackPointExtension>
            <gpxtpx:hr>143</gpxtpx:hr>
          </gpxtpx:TrackPointExtension>
        </extensions>
      </trkpt>
      <trkpt lat="31.471651670729297" lon="120.25411288329924">
        <ele>8.325061304494739</ele>
        <time>2025-01-05T10:03:17Z</time>
        <extensions>
          <gpxtpx:TrackPointExtension>
            <gpxtpx:hr>143</gpxtpx:hr>
          </gpxtpx:TrackPointExtension>
        </extensions>
      </trkpt>
      <trkpt lat="31.471653202828314" lon="120.25413534121083">
        <ele>8.265289480797946</ele>
        <time>2025-01-05T10:03:18Z</time>
        <extensions>
          <gpxtpx:TrackPointExtension>
            <gpxtpx:hr>143</gpxtpx:hr>
          </gpxtpx:TrackPointExtension>
        </extensions>
      </trkpt>
      <trkpt lat="31.471655255274374" lon="120.25415658917011">
        <ele>8.182326914742589</ele>
        <time>2025-01-05T10:03:19Z</time>
        <extensions>
          <gpxtpx:TrackPointExtension>
            <gpxtpx:hr>143</gpxtpx:hr>
          </gpxtpx:TrackPointExtension>
        </extensions>
      </trkpt>
      <trkpt lat="31.471659240560474" lon="120.25417536755143">
        <ele>8.079384161159396</ele>
        <time>2025-01-05T10:03:20Z</time>
        <extensions>
          <gpxtpx:TrackPointExtension>
            <gpxtpx:hr>143</gpxtpx:hr>
          </gpxtpx:TrackPointExtension>
        </extensions>
      </trkpt>
      <trkpt lat="31.471665873393135" lon="120.25419480190851">
        <ele>8.021862612105906</ele>
        <time>2025-01-05T10:03:21Z</time>
        <extensions>
          <gpxtpx:TrackPointExtension>
            <gpxtpx:hr>143</gpxtpx:hr>
          </gpxtpx:TrackPointExtension>
        </extensions>
      </trkpt>
      <trkpt lat="31.471673395120032" lon="120.25421481601636">
        <ele>7.965157002210617</ele>
        <time>2025-01-05T10:03:22Z</time>
        <extensions>
          <gpxtpx:TrackPointExtension>
            <gpxtpx:hr>143</gpxtpx:hr>
          </gpxtpx:TrackPointExtension>
        </extensions>
      </trkpt>
      <trkpt lat="31.47168062929153" lon="120.25423489453074">
        <ele>7.905626880005002</ele>
        <time>2025-01-05T10:03:23Z</time>
        <extensions>
          <gpxtpx:TrackPointExtension>
            <gpxtpx:hr>143</gpxtpx:hr>
          </gpxtpx:TrackPointExtension>
        </extensions>
      </trkpt>
      <trkpt lat="31.471688315441018" lon="120.25425573844002">
        <ele>7.88204840477556</ele>
        <time>2025-01-05T10:03:24Z</time>
        <extensions>
          <gpxtpx:TrackPointExtension>
            <gpxtpx:hr>143</gpxtpx:hr>
          </gpxtpx:TrackPointExtension>
        </extensions>
      </trkpt>
      <trkpt lat="31.471696941608087" lon="120.25427652484201">
        <ele>7.86746652983129</ele>
        <time>2025-01-05T10:03:25Z</time>
        <extensions>
          <gpxtpx:TrackPointExtension>
            <gpxtpx:hr>143</gpxtpx:hr>
          </gpxtpx:TrackPointExtension>
        </extensions>
      </trkpt>
      <trkpt lat="31.47170557657692" lon="120.25429490282295">
        <ele>7.89026571251452</ele>
        <time>2025-01-05T10:03:26Z</time>
        <extensions>
          <gpxtpx:TrackPointExtension>
            <gpxtpx:hr>143</gpxtpx:hr>
          </gpxtpx:TrackPointExtension>
        </extensions>
      </trkpt>
      <trkpt lat="31.47171386332924" lon="120.25431105999435">
        <ele>7.8879219545051455</ele>
        <time>2025-01-05T10:03:27Z</time>
        <extensions>
          <gpxtpx:TrackPointExtension>
            <gpxtpx:hr>139</gpxtpx:hr>
          </gpxtpx:TrackPointExtension>
        </extensions>
      </trkpt>
      <trkpt lat="31.47172359783386" lon="120.25432916784487">
        <ele>7.8734259102493525</ele>
        <time>2025-01-05T10:03:28Z</time>
        <extensions>
          <gpxtpx:TrackPointExtension>
            <gpxtpx:hr>139</gpxtpx:hr>
          </gpxtpx:TrackPointExtension>
        </extensions>
      </trkpt>
      <trkpt lat="31.471734220831337" lon="120.25434935790369">
        <ele>7.885256266221404</ele>
        <time>2025-01-05T10:03:29Z</time>
        <extensions>
          <gpxtpx:TrackPointExtension>
            <gpxtpx:hr>139</gpxtpx:hr>
          </gpxtpx:TrackPointExtension>
        </extensions>
      </trkpt>
      <trkpt lat="31.471745109834817" lon="120.25436736599649">
        <ele>7.909077889285982</ele>
        <time>2025-01-05T10:03:30Z</time>
        <extensions>
          <gpxtpx:TrackPointExtension>
            <gpxtpx:hr>138</gpxtpx:hr>
          </gpxtpx:TrackPointExtension>
        </extensions>
      </trkpt>
      <trkpt lat="31.47175725904493" lon="120.25438308672399">
        <ele>7.92840819619596</ele>
        <time>2025-01-05T10:03:31Z</time>
        <extensions>
          <gpxtpx:TrackPointExtension>
            <gpxtpx:hr>138</gpxtpx:hr>
          </gpxtpx:TrackPointExtension>
        </extensions>
      </trkpt>
      <trkpt lat="31.47177082449801" lon="120.2543983763502">
        <ele>7.965491890907288</ele>
        <time>2025-01-05T10:03:32Z</time>
        <extensions>
          <gpxtpx:TrackPointExtension>
            <gpxtpx:hr>138</gpxtpx:hr>
          </gpxtpx:TrackPointExtension>
        </extensions>
      </trkpt>
      <trkpt lat="31.47178553740676" lon="120.25441325606927">
        <ele>8.01343634352088</ele>
        <time>2025-01-05T10:03:33Z</time>
        <extensions>
          <gpxtpx:TrackPointExtension>
            <gpxtpx:hr>138</gpxtpx:hr>
          </gpxtpx:TrackPointExtension>
        </extensions>
      </trkpt>
      <trkpt lat="31.471801123657038" lon="120.25442808179167">
        <ele>8.055599206127226</ele>
        <time>2025-01-05T10:03:34Z</time>
        <extensions>
          <gpxtpx:TrackPointExtension>
            <gpxtpx:hr>138</gpxtpx:hr>
          </gpxtpx:TrackPointExtension>
        </extensions>
      </trkpt>
      <trkpt lat="31.471817627283176" lon="120.25444477196439">
        <ele>8.106717873364687</ele>
        <time>2025-01-05T10:03:35Z</time>
        <extensions>
          <gpxtpx:TrackPointExtension>
            <gpxtpx:hr>138</gpxtpx:hr>
          </gpxtpx:TrackPointExtension>
        </extensions>
      </trkpt>
      <trkpt lat="31.471834539888874" lon="120.25446192987661">
        <ele>8.166323993355036</ele>
        <time>2025-01-05T10:03:36Z</time>
        <extensions>
          <gpxtpx:TrackPointExtension>
            <gpxtpx:hr>138</gpxtpx:hr>
          </gpxtpx:TrackPointExtension>
        </extensions>
      </trkpt>
      <trkpt lat="31.471852472274655" lon="120.25447606967674">
        <ele>8.23782645445317</ele>
        <time>2025-01-05T10:03:37Z</time>
        <extensions>
          <gpxtpx:TrackPointExtension>
            <gpxtpx:hr>138</gpxtpx:hr>
          </gpxtpx:TrackPointExtension>
        </extensions>
      </trkpt>
      <trkpt lat="31.471872737872427" lon="120.2544878095058">
        <ele>8.314562669023871</ele>
        <time>2025-01-05T10:03:38Z</time>
        <extensions>
          <gpxtpx:TrackPointExtension>
            <gpxtpx:hr>139</gpxtpx:hr>
          </gpxtpx:TrackPointExtension>
        </extensions>
      </trkpt>
      <trkpt lat="31.471894465847207" lon="120.25449816374136">
        <ele>8.389218604192138</ele>
        <time>2025-01-05T10:03:39Z</time>
        <extensions>
          <gpxtpx:TrackPointExtension>
            <gpxtpx:hr>139</gpxtpx:hr>
          </gpxtpx:TrackPointExtension>
        </extensions>
      </trkpt>
      <trkpt lat="31.47191636495601" lon="120.25450625560144">
        <ele>8.443408334627748</ele>
        <time>2025-01-05T10:03:40Z</time>
        <extensions>
          <gpxtpx:TrackPointExtension>
            <gpxtpx:hr>139</gpxtpx:hr>
          </gpxtpx:TrackPointExtension>
        </extensions>
      </trkpt>
      <trkpt lat="31.47193896809252" lon="120.25451204912233">
        <ele>8.527636006474495</ele>
        <time>2025-01-05T10:03:41Z</time>
        <extensions>
          <gpxtpx:TrackPointExtension>
            <gpxtpx:hr>139</gpxtpx:hr>
          </gpxtpx:TrackPointExtension>
        </extensions>
      </trkpt>
      <trkpt lat="31.471962593023665" lon="120.25451705651925">
        <ele>8.603728908114135</ele>
        <time>2025-01-05T10:03:42Z</time>
        <extensions>
          <gpxtpx:TrackPointExtension>
            <gpxtpx:hr>139</gpxtpx:hr>
          </gpxtpx:TrackPointExtension>
        </extensions>
      </trkpt>
      <trkpt lat="31.47198568895241" lon="120.2545222812835">
        <ele>8.657694633118808</ele>
        <time>2025-01-05T10:03:43Z</time>
        <extensions>
          <gpxtpx:TrackPointExtension>
            <gpxtpx:hr>139</gpxtpx:hr>
          </gpxtpx:TrackPointExtension>
        </extensions>
      </trkpt>
      <trkpt lat="31.47200824151967" lon="120.25452720835463">
        <ele>8.742315838113427</ele>
        <time>2025-01-05T10:03:44Z</time>
        <extensions>
          <gpxtpx:TrackPointExtension>
            <gpxtpx:hr>140</gpxtpx:hr>
          </gpxtpx:TrackPointExtension>
        </extensions>
      </trkpt>
      <trkpt lat="31.472031851996324" lon="120.25453072199946">
        <ele>8.794104350730777</ele>
        <time>2025-01-05T10:03:45Z</time>
        <extensions>
          <gpxtpx:TrackPointExtension>
            <gpxtpx:hr>140</gpxtpx:hr>
          </gpxtpx:TrackPointExtension>
        </extensions>
      </trkpt>
      <trkpt lat="31.472055633773145" lon="120.2545325583486">
        <ele>8.843912214040756</ele>
        <time>2025-01-05T10:03:46Z</time>
        <extensions>
          <gpxtpx:TrackPointExtension>
            <gpxtpx:hr>140</gpxtpx:hr>
          </gpxtpx:TrackPointExtension>
        </extensions>
      </trkpt>
      <trkpt lat="31.47207810430777" lon="120.2545335137616">
        <ele>8.895767658017576</ele>
        <time>2025-01-05T10:03:47Z</time>
        <extensions>
          <gpxtpx:TrackPointExtension>
            <gpxtpx:hr>140</gpxtpx:hr>
          </gpxtpx:TrackPointExtension>
        </extensions>
      </trkpt>
      <trkpt lat="31.472101169785393" lon="120.25453474710504">
        <ele>8.913923491723835</ele>
        <time>2025-01-05T10:03:48Z</time>
        <extensions>
          <gpxtpx:TrackPointExtension>
            <gpxtpx:hr>140</gpxtpx:hr>
          </gpxtpx:TrackPointExtension>
        </extensions>
      </trkpt>
      <trkpt lat="31.472126001104268" lon="120.25453691100466">
        <ele>8.953830452635884</ele>
        <time>2025-01-05T10:03:49Z</time>
        <extensions>
          <gpxtpx:TrackPointExtension>
            <gpxtpx:hr>140</gpxtpx:hr>
          </gpxtpx:TrackPointExtension>
        </extensions>
      </trkpt>
      <trkpt lat="31.4721512865021" lon="120.25454047280044">
        <ele>8.987226995639503</ele>
        <time>2025-01-05T10:03:50Z</time>
        <extensions>
          <gpxtpx:TrackPointExtension>
            <gpxtpx:hr>140</gpxtpx:hr>
          </gpxtpx:TrackPointExtension>
        </extensions>
      </trkpt>
      <trkpt lat="31.472176760534936" lon="120.25454485838648">
        <ele>9.005771603435278</ele>
        <time>2025-01-05T10:03:51Z</time>
        <extensions>
          <gpxtpx:TrackPointExtension>
            <gpxtpx:hr>140</gpxtpx:hr>
          </gpxtpx:TrackPointExtension>
        </extensions>
      </trkpt>
      <trkpt lat="31.472201585375934" lon="120.25454996195732">
        <ele>9.016372452490032</ele>
        <time>2025-01-05T10:03:52Z</time>
        <extensions>
          <gpxtpx:TrackPointExtension>
            <gpxtpx:hr>140</gpxtpx:hr>
          </gpxtpx:TrackPointExtension>
        </extensions>
      </trkpt>
      <trkpt lat="31.472224989164523" lon="120.25455533509653">
        <ele>9.021273460239172</ele>
        <time>2025-01-05T10:03:53Z</time>
        <extensions>
          <gpxtpx:TrackPointExtension>
            <gpxtpx:hr>143</gpxtpx:hr>
          </gpxtpx:TrackPointExtension>
        </extensions>
      </trkpt>
      <trkpt lat="31.472248722486487" lon="120.25455966839718">
        <ele>9.048063742928207</ele>
        <time>2025-01-05T10:03:54Z</time>
        <extensions>
          <gpxtpx:TrackPointExtension>
            <gpxtpx:hr>143</gpxtpx:hr>
          </gpxtpx:TrackPointExtension>
        </extensions>
      </trkpt>
      <trkpt lat="31.472273361623817" lon="120.25456369196519">
        <ele>9.042911754921079</ele>
        <time>2025-01-05T10:03:55Z</time>
        <extensions>
          <gpxtpx:TrackPointExtension>
            <gpxtpx:hr>143</gpxtpx:hr>
          </gpxtpx:TrackPointExtension>
        </extensions>
      </trkpt>
      <trkpt lat="31.472297065399392" lon="120.2545688870142">
        <ele>9.040860247798264</ele>
        <time>2025-01-05T10:03:56Z</time>
        <extensions>
          <gpxtpx:TrackPointExtension>
            <gpxtpx:hr>143</gpxtpx:hr>
          </gpxtpx:TrackPointExtension>
        </extensions>
      </trkpt>
      <trkpt lat="31.472320417651414" lon="120.25457527711784">
        <ele>9.040631616488099</ele>
        <time>2025-01-05T10:03:57Z</time>
        <extensions>
          <gpxtpx:TrackPointExtension>
            <gpxtpx:hr>143</gpxtpx:hr>
          </gpxtpx:TrackPointExtension>
        </extensions>
      </trkpt>
      <trkpt lat="31.47234412845603" lon="120.25458104918677">
        <ele>9.024659774266183</ele>
        <time>2025-01-05T10:03:58Z</time>
        <extensions>
          <gpxtpx:TrackPointExtension>
            <gpxtpx:hr>143</gpxtpx:hr>
          </gpxtpx:TrackPointExtension>
        </extensions>
      </trkpt>
      <trkpt lat="31.472367196819352" lon="120.25458437625029">
        <ele>8.965224263258278</ele>
        <time>2025-01-05T10:03:59Z</time>
        <extensions>
          <gpxtpx:TrackPointExtension>
            <gpxtpx:hr>144</gpxtpx:hr>
          </gpxtpx:TrackPointExtension>
        </extensions>
      </trkpt>
      <trkpt lat="31.47239031775637" lon="120.25458745532315">
        <ele>8.910299437120557</ele>
        <time>2025-01-05T10:04:00Z</time>
        <extensions>
          <gpxtpx:TrackPointExtension>
            <gpxtpx:hr>144</gpxtpx:hr>
          </gpxtpx:TrackPointExtension>
        </extensions>
      </trkpt>
      <trkpt lat="31.47241308050009" lon="120.25459255173872">
        <ele>8.870800609700382</ele>
        <time>2025-01-05T10:04:01Z</time>
        <extensions>
          <gpxtpx:TrackPointExtension>
            <gpxtpx:hr>144</gpxtpx:hr>
          </gpxtpx:TrackPointExtension>
        </extensions>
      </trkpt>
      <trkpt lat="31.47243400275242" lon="120.25459778125177">
        <ele>8.822837987914681</ele>
        <time>2025-01-05T10:04:02Z</time>
        <extensions>
          <gpxtpx:TrackPointExtension>
            <gpxtpx:hr>144</gpxtpx:hr>
          </gpxtpx:TrackPointExtension>
        </extensions>
      </trkpt>
      <trkpt lat="31.47245476480945" lon="120.25460180867643">
        <ele>8.759486502967775</ele>
        <time>2025-01-05T10:04:03Z</time>
        <extensions>
          <gpxtpx:TrackPointExtension>
            <gpxtpx:hr>144</gpxtpx:hr>
          </gpxtpx:TrackPointExtension>
        </extensions>
      </trkpt>
      <trkpt lat="31.472476295641968" lon="120.25460541615152">
        <ele>8.711575298570096</ele>
        <time>2025-01-05T10:04:04Z</time>
        <extensions>
          <gpxtpx:TrackPointExtension>
            <gpxtpx:hr>144</gpxtpx:hr>
          </gpxtpx:TrackPointExtension>
        </extensions>
      </trkpt>
      <trkpt lat="31.472498101884455" lon="120.25460939247277">
        <ele>8.670786732807755</ele>
        <time>2025-01-05T10:04:05Z</time>
        <extensions>
          <gpxtpx:TrackPointExtension>
            <gpxtpx:hr>144</gpxtpx:hr>
          </gpxtpx:TrackPointExtension>
        </extensions>
      </trkpt>
      <trkpt lat="31.47252050996566" lon="120.25461283850888">
        <ele>8.631722308695316</ele>
        <time>2025-01-05T10:04:06Z</time>
        <extensions>
          <gpxtpx:TrackPointExtension>
            <gpxtpx:hr>144</gpxtpx:hr>
          </gpxtpx:TrackPointExtension>
        </extensions>
      </trkpt>
      <trkpt lat="31.47254249371642" lon="120.2546158994166">
        <ele>8.577567335218191</ele>
        <time>2025-01-05T10:04:07Z</time>
        <extensions>
          <gpxtpx:TrackPointExtension>
            <gpxtpx:hr>144</gpxtpx:hr>
          </gpxtpx:TrackPointExtension>
        </extensions>
      </trkpt>
      <trkpt lat="31.472564450132484" lon="120.25461874033314">
        <ele>8.55557616520673</ele>
        <time>2025-01-05T10:04:08Z</time>
        <extensions>
          <gpxtpx:TrackPointExtension>
            <gpxtpx:hr>146</gpxtpx:hr>
          </gpxtpx:TrackPointExtension>
        </extensions>
      </trkpt>
      <trkpt lat="31.472587610497325" lon="120.2546217043032">
        <ele>8.513712910935283</ele>
        <time>2025-01-05T10:04:09Z</time>
        <extensions>
          <gpxtpx:TrackPointExtension>
            <gpxtpx:hr>146</gpxtpx:hr>
          </gpxtpx:TrackPointExtension>
        </extensions>
      </trkpt>
      <trkpt lat="31.472610679615556" lon="120.2546254556753">
        <ele>8.475695014931262</ele>
        <time>2025-01-05T10:04:10Z</time>
        <extensions>
          <gpxtpx:TrackPointExtension>
            <gpxtpx:hr>146</gpxtpx:hr>
          </gpxtpx:TrackPointExtension>
        </extensions>
      </trkpt>
      <trkpt lat="31.472632062974505" lon="120.25462952358814">
        <ele>8.407890281639993</ele>
        <time>2025-01-05T10:04:11Z</time>
        <extensions>
          <gpxtpx:TrackPointExtension>
            <gpxtpx:hr>146</gpxtpx:hr>
          </gpxtpx:TrackPointExtension>
        </extensions>
      </trkpt>
      <trkpt lat="31.47265272790382" lon="120.25463310343737">
        <ele>8.401186558417976</ele>
        <time>2025-01-05T10:04:12Z</time>
        <extensions>
          <gpxtpx:TrackPointExtension>
            <gpxtpx:hr>146</gpxtpx:hr>
          </gpxtpx:TrackPointExtension>
        </extensions>
      </trkpt>
      <trkpt lat="31.472673491181606" lon="120.25463591148092">
        <ele>8.403763616457582</ele>
        <time>2025-01-05T10:04:13Z</time>
        <extensions>
          <gpxtpx:TrackPointExtension>
            <gpxtpx:hr>146</gpxtpx:hr>
          </gpxtpx:TrackPointExtension>
        </extensions>
      </trkpt>
      <trkpt lat="31.472694775250694" lon="120.25463835150525">
        <ele>8.397173185832798</ele>
        <time>2025-01-05T10:04:14Z</time>
        <extensions>
          <gpxtpx:TrackPointExtension>
            <gpxtpx:hr>146</gpxtpx:hr>
          </gpxtpx:TrackPointExtension>
        </extensions>
      </trkpt>
      <trkpt lat="31.472718447955778" lon="120.2546409802382">
        <ele>8.392099988646805</ele>
        <time>2025-01-05T10:04:15Z</time>
        <extensions>
          <gpxtpx:TrackPointExtension>
            <gpxtpx:hr>146</gpxtpx:hr>
          </gpxtpx:TrackPointExtension>
        </extensions>
      </trkpt>
      <trkpt lat="31.47274307755959" lon="120.25464310016967">
        <ele>8.399100583977997</ele>
        <time>2025-01-05T10:04:16Z</time>
        <extensions>
          <gpxtpx:TrackPointExtension>
            <gpxtpx:hr>145</gpxtpx:hr>
          </gpxtpx:TrackPointExtension>
        </extensions>
      </trkpt>
      <trkpt lat="31.47276661239227" lon="120.25464370128051">
        <ele>8.421144225634634</ele>
        <time>2025-01-05T10:04:17Z</time>
        <extensions>
          <gpxtpx:TrackPointExtension>
            <gpxtpx:hr>145</gpxtpx:hr>
          </gpxtpx:TrackPointExtension>
        </extensions>
      </trkpt>
      <trkpt lat="31.472789024261516" lon="120.25464261398774">
        <ele>8.447598510421813</ele>
        <time>2025-01-05T10:04:18Z</time>
        <extensions>
          <gpxtpx:TrackPointExtension>
            <gpxtpx:hr>145</gpxtpx:hr>
          </gpxtpx:TrackPointExtension>
        </extensions>
      </trkpt>
      <trkpt lat="31.472810262718998" lon="120.2546408029999">
        <ele>8.476722218096256</ele>
        <time>2025-01-05T10:04:19Z</time>
        <extensions>
          <gpxtpx:TrackPointExtension>
            <gpxtpx:hr>145</gpxtpx:hr>
          </gpxtpx:TrackPointExtension>
        </extensions>
      </trkpt>
      <trkpt lat="31.472830336995763" lon="120.2546389179332">
        <ele>8.486379218287766</ele>
        <time>2025-01-05T10:04:20Z</time>
        <extensions>
          <gpxtpx:TrackPointExtension>
            <gpxtpx:hr>147</gpxtpx:hr>
          </gpxtpx:TrackPointExtension>
        </extensions>
      </trkpt>
      <trkpt lat="31.472850748597278" lon="120.25463541477886">
        <ele>8.506392192095518</ele>
        <time>2025-01-05T10:04:21Z</time>
        <extensions>
          <gpxtpx:TrackPointExtension>
            <gpxtpx:hr>147</gpxtpx:hr>
          </gpxtpx:TrackPointExtension>
        </extensions>
      </trkpt>
      <trkpt lat="31.472871691354488" lon="120.25462930968371">
        <ele>8.532715145498514</ele>
        <time>2025-01-05T10:04:22Z</time>
        <extensions>
          <gpxtpx:TrackPointExtension>
            <gpxtpx:hr>147</gpxtpx:hr>
          </gpxtpx:TrackPointExtension>
        </extensions>
      </trkpt>
      <trkpt lat="31.472891918991362" lon="120.25462072852861">
        <ele>8.552640359848738</ele>
        <time>2025-01-05T10:04:23Z</time>
        <extensions>
          <gpxtpx:TrackPointExtension>
            <gpxtpx:hr>147</gpxtpx:hr>
          </gpxtpx:TrackPointExtension>
        </extensions>
      </trkpt>
      <trkpt lat="31.472911765399015" lon="120.25461054855683">
        <ele>8.578201875090599</ele>
        <time>2025-01-05T10:04:24Z</time>
        <extensions>
          <gpxtpx:TrackPointExtension>
            <gpxtpx:hr>147</gpxtpx:hr>
          </gpxtpx:TrackPointExtension>
        </extensions>
      </trkpt>
      <trkpt lat="31.472931203821812" lon="120.25459962418051">
        <ele>8.583483789116144</ele>
        <time>2025-01-05T10:04:25Z</time>
        <extensions>
          <gpxtpx:TrackPointExtension>
            <gpxtpx:hr>146</gpxtpx:hr>
          </gpxtpx:TrackPointExtension>
        </extensions>
      </trkpt>
      <trkpt lat="31.47294960453955" lon="120.25458796309039">
        <ele>8.59971363004297</ele>
        <time>2025-01-05T10:04:26Z</time>
        <extensions>
          <gpxtpx:TrackPointExtension>
            <gpxtpx:hr>146</gpxtpx:hr>
          </gpxtpx:TrackPointExtension>
        </extensions>
      </trkpt>
      <trkpt lat="31.472968593443326" lon="120.25457412512891">
        <ele>8.60680016502738</ele>
        <time>2025-01-05T10:04:27Z</time>
        <extensions>
          <gpxtpx:TrackPointExtension>
            <gpxtpx:hr>146</gpxtpx:hr>
          </gpxtpx:TrackPointExtension>
        </extensions>
      </trkpt>
      <trkpt lat="31.47298840270056" lon="120.25455776115984">
        <ele>8.596602307632565</ele>
        <time>2025-01-05T10:04:28Z</time>
        <extensions>
          <gpxtpx:TrackPointExtension>
            <gpxtpx:hr>146</gpxtpx:hr>
          </gpxtpx:TrackPointExtension>
        </extensions>
      </trkpt>
      <trkpt lat="31.473007284130993" lon="120.25454088106258">
        <ele>8.636553670279682</ele>
        <time>2025-01-05T10:04:29Z</time>
        <extensions>
          <gpxtpx:TrackPointExtension>
            <gpxtpx:hr>146</gpxtpx:hr>
          </gpxtpx:TrackPointExtension>
        </extensions>
      </trkpt>
      <trkpt lat="31.47302524409066" lon="120.25452316505167">
        <ele>8.698559822514653</ele>
        <time>2025-01-05T10:04:30Z</time>
        <extensions>
          <gpxtpx:TrackPointExtension>
            <gpxtpx:hr>146</gpxtpx:hr>
          </gpxtpx:TrackPointExtension>
        </extensions>
      </trkpt>
      <trkpt lat="31.473041911585884" lon="120.25450332730273">
        <ele>8.723765817470849</ele>
        <time>2025-01-05T10:04:31Z</time>
        <extensions>
          <gpxtpx:TrackPointExtension>
            <gpxtpx:hr>146</gpxtpx:hr>
          </gpxtpx:TrackPointExtension>
        </extensions>
      </trkpt>
      <trkpt lat="31.473056368010376" lon="120.2544826091463">
        <ele>8.748773586936295</ele>
        <time>2025-01-05T10:04:32Z</time>
        <extensions>
          <gpxtpx:TrackPointExtension>
            <gpxtpx:hr>146</gpxtpx:hr>
          </gpxtpx:TrackPointExtension>
        </extensions>
      </trkpt>
      <trkpt lat="31.473069687962425" lon="120.25446120195502">
        <ele>8.78420181479305</ele>
        <time>2025-01-05T10:04:33Z</time>
        <extensions>
          <gpxtpx:TrackPointExtension>
            <gpxtpx:hr>146</gpxtpx:hr>
          </gpxtpx:TrackPointExtension>
        </extensions>
      </trkpt>
      <trkpt lat="31.47308227941312" lon="120.25443873987749">
        <ele>8.806935731321573</ele>
        <time>2025-01-05T10:04:34Z</time>
        <extensions>
          <gpxtpx:TrackPointExtension>
            <gpxtpx:hr>146</gpxtpx:hr>
          </gpxtpx:TrackPointExtension>
        </extensions>
      </trkpt>
      <trkpt lat="31.473092759166125" lon="120.25441723027477">
        <ele>8.818466864526272</ele>
        <time>2025-01-05T10:04:35Z</time>
        <extensions>
          <gpxtpx:TrackPointExtension>
            <gpxtpx:hr>147</gpxtpx:hr>
          </gpxtpx:TrackPointExtension>
        </extensions>
      </trkpt>
      <trkpt lat="31.473101783564882" lon="120.2543958988138">
        <ele>8.845040596090257</ele>
        <time>2025-01-05T10:04:36Z</time>
        <extensions>
          <gpxtpx:TrackPointExtension>
            <gpxtpx:hr>147</gpxtpx:hr>
          </gpxtpx:TrackPointExtension>
        </extensions>
      </trkpt>
      <trkpt lat="31.473111498656298" lon="120.25437349435883">
        <ele>8.85634496062994</ele>
        <time>2025-01-05T10:04:37Z</time>
        <extensions>
          <gpxtpx:TrackPointExtension>
            <gpxtpx:hr>147</gpxtpx:hr>
          </gpxtpx:TrackPointExtension>
        </extensions>
      </trkpt>
      <trkpt lat="31.473121209239952" lon="120.25435377415383">
        <ele>8.926520465873182</ele>
        <time>2025-01-05T10:04:38Z</time>
        <extensions>
          <gpxtpx:TrackPointExtension>
            <gpxtpx:hr>147</gpxtpx:hr>
          </gpxtpx:TrackPointExtension>
        </extensions>
      </trkpt>
      <trkpt lat="31.47312808531416" lon="120.25433387639502">
        <ele>8.96611596364528</ele>
        <time>2025-01-05T10:04:39Z</time>
        <extensions>
          <gpxtpx:TrackPointExtension>
            <gpxtpx:hr>146</gpxtpx:hr>
          </gpxtpx:TrackPointExtension>
        </extensions>
      </trkpt>
      <trkpt lat="31.47313173945506" lon="120.254308757192">
        <ele>8.988572830334306</ele>
        <time>2025-01-05T10:04:40Z</time>
        <extensions>
          <gpxtpx:TrackPointExtension>
            <gpxtpx:hr>146</gpxtpx:hr>
          </gpxtpx:TrackPointExtension>
        </extensions>
      </trkpt>
      <trkpt lat="31.47313373525717" lon="120.25428145541174">
        <ele>9.018822783604264</ele>
        <time>2025-01-05T10:04:41Z</time>
        <extensions>
          <gpxtpx:TrackPointExtension>
            <gpxtpx:hr>146</gpxtpx:hr>
          </gpxtpx:TrackPointExtension>
        </extensions>
      </trkpt>
      <trkpt lat="31.47313419096803" lon="120.25425479545471">
        <ele>9.04697270784527</ele>
        <time>2025-01-05T10:04:42Z</time>
        <extensions>
          <gpxtpx:TrackPointExtension>
            <gpxtpx:hr>146</gpxtpx:hr>
          </gpxtpx:TrackPointExtension>
        </extensions>
      </trkpt>
      <trkpt lat="31.4731347065207" lon="120.25422754554056">
        <ele>9.069314095191658</ele>
        <time>2025-01-05T10:04:43Z</time>
        <extensions>
          <gpxtpx:TrackPointExtension>
            <gpxtpx:hr>146</gpxtpx:hr>
          </gpxtpx:TrackPointExtension>
        </extensions>
      </trkpt>
      <trkpt lat="31.473137035880494" lon="120.2541999319175">
        <ele>9.083477089181542</ele>
        <time>2025-01-05T10:04:44Z</time>
        <extensions>
          <gpxtpx:TrackPointExtension>
            <gpxtpx:hr>147</gpxtpx:hr>
          </gpxtpx:TrackPointExtension>
        </extensions>
      </trkpt>
      <trkpt lat="31.473138705032046" lon="120.25417305350598">
        <ele>9.077239687554538</ele>
        <time>2025-01-05T10:04:45Z</time>
        <extensions>
          <gpxtpx:TrackPointExtension>
            <gpxtpx:hr>147</gpxtpx:hr>
          </gpxtpx:TrackPointExtension>
        </extensions>
      </trkpt>
      <trkpt lat="31.47313752893637" lon="120.2541458763776">
        <ele>9.09528375044465</ele>
        <time>2025-01-05T10:04:46Z</time>
        <extensions>
          <gpxtpx:TrackPointExtension>
            <gpxtpx:hr>147</gpxtpx:hr>
          </gpxtpx:TrackPointExtension>
        </extensions>
      </trkpt>
      <trkpt lat="31.473134184904023" lon="120.25411816751358">
        <ele>9.09360855538398</ele>
        <time>2025-01-05T10:04:47Z</time>
        <extensions>
          <gpxtpx:TrackPointExtension>
            <gpxtpx:hr>147</gpxtpx:hr>
          </gpxtpx:TrackPointExtension>
        </extensions>
      </trkpt>
      <trkpt lat="31.473129319783137" lon="120.25409178202452">
        <ele>9.096291976980865</ele>
        <time>2025-01-05T10:04:48Z</time>
        <extensions>
          <gpxtpx:TrackPointExtension>
            <gpxtpx:hr>147</gpxtpx:hr>
          </gpxtpx:TrackPointExtension>
        </extensions>
      </trkpt>
      <trkpt lat="31.47312276779287" lon="120.25406662536568">
        <ele>9.099675134755671</ele>
        <time>2025-01-05T10:04:49Z</time>
        <extensions>
          <gpxtpx:TrackPointExtension>
            <gpxtpx:hr>147</gpxtpx:hr>
          </gpxtpx:TrackPointExtension>
        </extensions>
      </trkpt>
      <trkpt lat="31.473114840672526" lon="120.25404138954094">
        <ele>9.13897424377501</ele>
        <time>2025-01-05T10:04:50Z</time>
        <extensions>
          <gpxtpx:TrackPointExtension>
            <gpxtpx:hr>147</gpxtpx:hr>
          </gpxtpx:TrackPointExtension>
        </extensions>
      </trkpt>
      <trkpt lat="31.473105316661794" lon="120.25401613815248">
        <ele>9.142093573696911</ele>
        <time>2025-01-05T10:04:51Z</time>
        <extensions>
          <gpxtpx:TrackPointExtension>
            <gpxtpx:hr>147</gpxtpx:hr>
          </gpxtpx:TrackPointExtension>
        </extensions>
      </trkpt>
      <trkpt lat="31.473094181217412" lon="120.2539909222134">
        <ele>9.12945868074894</ele>
        <time>2025-01-05T10:04:52Z</time>
        <extensions>
          <gpxtpx:TrackPointExtension>
            <gpxtpx:hr>147</gpxtpx:hr>
          </gpxtpx:TrackPointExtension>
        </extensions>
      </trkpt>
      <trkpt lat="31.473082519966766" lon="120.25396564826242">
        <ele>9.108061358332634</ele>
        <time>2025-01-05T10:04:53Z</time>
        <extensions>
          <gpxtpx:TrackPointExtension>
            <gpxtpx:hr>148</gpxtpx:hr>
          </gpxtpx:TrackPointExtension>
        </extensions>
      </trkpt>
      <trkpt lat="31.47306963977078" lon="120.25394151717842">
        <ele>9.074166885577142</ele>
        <time>2025-01-05T10:04:54Z</time>
        <extensions>
          <gpxtpx:TrackPointExtension>
            <gpxtpx:hr>148</gpxtpx:hr>
          </gpxtpx:TrackPointExtension>
        </extensions>
      </trkpt>
      <trkpt lat="31.473054259977342" lon="120.25391837785592">
        <ele>9.010884376242757</ele>
        <time>2025-01-05T10:04:55Z</time>
        <extensions>
          <gpxtpx:TrackPointExtension>
            <gpxtpx:hr>148</gpxtpx:hr>
          </gpxtpx:TrackPointExtension>
        </extensions>
      </trkpt>
      <trkpt lat="31.473037746755537" lon="120.25389670780174">
        <ele>8.964924385771155</ele>
        <time>2025-01-05T10:04:56Z</time>
        <extensions>
          <gpxtpx:TrackPointExtension>
            <gpxtpx:hr>148</gpxtpx:hr>
          </gpxtpx:TrackPointExtension>
        </extensions>
      </trkpt>
      <trkpt lat="31.473021196479756" lon="120.25387819095448">
        <ele>8.890271361917257</ele>
        <time>2025-01-05T10:04:57Z</time>
        <extensions>
          <gpxtpx:TrackPointExtension>
            <gpxtpx:hr>148</gpxtpx:hr>
          </gpxtpx:TrackPointExtension>
        </extensions>
      </trkpt>
      <trkpt lat="31.47300397030374" lon="120.25385998464135">
        <ele>8.829913071356714</ele>
        <time>2025-01-05T10:04:58Z</time>
        <extensions>
          <gpxtpx:TrackPointExtension>
            <gpxtpx:hr>148</gpxtpx:hr>
          </gpxtpx:TrackPointExtension>
        </extensions>
      </trkpt>
      <trkpt lat="31.472985308867905" lon="120.2538423495048">
        <ele>8.7476238431409</ele>
        <time>2025-01-05T10:04:59Z</time>
        <extensions>
          <gpxtpx:TrackPointExtension>
            <gpxtpx:hr>148</gpxtpx:hr>
          </gpxtpx:TrackPointExtension>
        </extensions>
      </trkpt>
      <trkpt lat="31.472965883685635" lon="120.25382843275227">
        <ele>8.62980944570154</ele>
        <time>2025-01-05T10:05:00Z</time>
        <extensions>
          <gpxtpx:TrackPointExtension>
            <gpxtpx:hr>148</gpxtpx:hr>
          </gpxtpx:TrackPointExtension>
        </extensions>
      </trkpt>
      <trkpt lat="31.472945359460642" lon="120.25381646608872">
        <ele>8.545866772532463</ele>
        <time>2025-01-05T10:05:01Z</time>
        <extensions>
          <gpxtpx:TrackPointExtension>
            <gpxtpx:hr>148</gpxtpx:hr>
          </gpxtpx:TrackPointExtension>
        </extensions>
      </trkpt>
      <trkpt lat="31.472923529663245" lon="120.25380474835146">
        <ele>8.464093212038279</ele>
        <time>2025-01-05T10:05:02Z</time>
        <extensions>
          <gpxtpx:TrackPointExtension>
            <gpxtpx:hr>148</gpxtpx:hr>
          </gpxtpx:TrackPointExtension>
        </extensions>
      </trkpt>
      <trkpt lat="31.472902772222206" lon="120.25379382841577">
        <ele>8.383214213885367</ele>
        <time>2025-01-05T10:05:03Z</time>
        <extensions>
          <gpxtpx:TrackPointExtension>
            <gpxtpx:hr>148</gpxtpx:hr>
          </gpxtpx:TrackPointExtension>
        </extensions>
      </trkpt>
      <trkpt lat="31.472883417098977" lon="120.25378316047397">
        <ele>8.338563969358802</ele>
        <time>2025-01-05T10:05:04Z</time>
        <extensions>
          <gpxtpx:TrackPointExtension>
            <gpxtpx:hr>148</gpxtpx:hr>
          </gpxtpx:TrackPointExtension>
        </extensions>
      </trkpt>
      <trkpt lat="31.472863734117666" lon="120.25377226682055">
        <ele>8.253011987544596</ele>
        <time>2025-01-05T10:05:05Z</time>
        <extensions>
          <gpxtpx:TrackPointExtension>
            <gpxtpx:hr>148</gpxtpx:hr>
          </gpxtpx:TrackPointExtension>
        </extensions>
      </trkpt>
      <trkpt lat="31.472843437522286" lon="120.25376393568746">
        <ele>8.163436282426119</ele>
        <time>2025-01-05T10:05:06Z</time>
        <extensions>
          <gpxtpx:TrackPointExtension>
            <gpxtpx:hr>148</gpxtpx:hr>
          </gpxtpx:TrackPointExtension>
        </extensions>
      </trkpt>
      <trkpt lat="31.47282286576975" lon="120.25375987965802">
        <ele>8.102672338485718</ele>
        <time>2025-01-05T10:05:07Z</time>
        <extensions>
          <gpxtpx:TrackPointExtension>
            <gpxtpx:hr>148</gpxtpx:hr>
          </gpxtpx:TrackPointExtension>
        </extensions>
      </trkpt>
      <trkpt lat="31.47280092130146" lon="120.25375764826853">
        <ele>8.02493886090815</ele>
        <time>2025-01-05T10:05:08Z</time>
        <extensions>
          <gpxtpx:TrackPointExtension>
            <gpxtpx:hr>148</gpxtpx:hr>
          </gpxtpx:TrackPointExtension>
        </extensions>
      </trkpt>
      <trkpt lat="31.472778278367752" lon="120.25375487676166">
        <ele>7.995159207843244</ele>
        <time>2025-01-05T10:05:09Z</time>
        <extensions>
          <gpxtpx:TrackPointExtension>
            <gpxtpx:hr>148</gpxtpx:hr>
          </gpxtpx:TrackPointExtension>
        </extensions>
      </trkpt>
      <trkpt lat="31.472757326730203" lon="120.2537516581787">
        <ele>7.957460983656347</ele>
        <time>2025-01-05T10:05:10Z</time>
        <extensions>
          <gpxtpx:TrackPointExtension>
            <gpxtpx:hr>148</gpxtpx:hr>
          </gpxtpx:TrackPointExtension>
        </extensions>
      </trkpt>
      <trkpt lat="31.47273652064304" lon="120.25374874448325">
        <ele>7.923344746232033</ele>
        <time>2025-01-05T10:05:11Z</time>
        <extensions>
          <gpxtpx:TrackPointExtension>
            <gpxtpx:hr>149</gpxtpx:hr>
          </gpxtpx:TrackPointExtension>
        </extensions>
      </trkpt>
      <trkpt lat="31.472715395107688" lon="120.25374530203334">
        <ele>7.899966734461486</ele>
        <time>2025-01-05T10:05:12Z</time>
        <extensions>
          <gpxtpx:TrackPointExtension>
            <gpxtpx:hr>149</gpxtpx:hr>
          </gpxtpx:TrackPointExtension>
        </extensions>
      </trkpt>
      <trkpt lat="31.47269562197261" lon="120.25374183718228">
        <ele>7.847014022991061</ele>
        <time>2025-01-05T10:05:13Z</time>
        <extensions>
          <gpxtpx:TrackPointExtension>
            <gpxtpx:hr>149</gpxtpx:hr>
          </gpxtpx:TrackPointExtension>
        </extensions>
      </trkpt>
      <trkpt lat="31.472674914035505" lon="120.25373925509858">
        <ele>7.831691567786038</ele>
        <time>2025-01-05T10:05:14Z</time>
        <extensions>
          <gpxtpx:TrackPointExtension>
            <gpxtpx:hr>149</gpxtpx:hr>
          </gpxtpx:TrackPointExtension>
        </extensions>
      </trkpt>
      <trkpt lat="31.4726527546466" lon="120.25373569111439">
        <ele>7.799579887650907</ele>
        <time>2025-01-05T10:05:15Z</time>
        <extensions>
          <gpxtpx:TrackPointExtension>
            <gpxtpx:hr>149</gpxtpx:hr>
          </gpxtpx:TrackPointExtension>
        </extensions>
      </trkpt>
      <trkpt lat="31.472631802328223" lon="120.25373111004556">
        <ele>7.765315685421228</ele>
        <time>2025-01-05T10:05:16Z</time>
        <extensions>
          <gpxtpx:TrackPointExtension>
            <gpxtpx:hr>148</gpxtpx:hr>
          </gpxtpx:TrackPointExtension>
        </extensions>
      </trkpt>
      <trkpt lat="31.472610391614218" lon="120.25372742976681">
        <ele>7.733173771761358</ele>
        <time>2025-01-05T10:05:17Z</time>
        <extensions>
          <gpxtpx:TrackPointExtension>
            <gpxtpx:hr>148</gpxtpx:hr>
          </gpxtpx:TrackPointExtension>
        </extensions>
      </trkpt>
      <trkpt lat="31.472586922341165" lon="120.25372401017711">
        <ele>7.713942282833159</ele>
        <time>2025-01-05T10:05:18Z</time>
        <extensions>
          <gpxtpx:TrackPointExtension>
            <gpxtpx:hr>148</gpxtpx:hr>
          </gpxtpx:TrackPointExtension>
        </extensions>
      </trkpt>
      <trkpt lat="31.472564068997105" lon="120.25372003254758">
        <ele>7.6612703576684</ele>
        <time>2025-01-05T10:05:19Z</time>
        <extensions>
          <gpxtpx:TrackPointExtension>
            <gpxtpx:hr>148</gpxtpx:hr>
          </gpxtpx:TrackPointExtension>
        </extensions>
      </trkpt>
      <trkpt lat="31.472542180144913" lon="120.25371652671093">
        <ele>7.657043782994151</ele>
        <time>2025-01-05T10:05:20Z</time>
        <extensions>
          <gpxtpx:TrackPointExtension>
            <gpxtpx:hr>148</gpxtpx:hr>
          </gpxtpx:TrackPointExtension>
        </extensions>
      </trkpt>
      <trkpt lat="31.47252031228746" lon="120.25371400544597">
        <ele>7.596131097525358</ele>
        <time>2025-01-05T10:05:21Z</time>
        <extensions>
          <gpxtpx:TrackPointExtension>
            <gpxtpx:hr>148</gpxtpx:hr>
          </gpxtpx:TrackPointExtension>
        </extensions>
      </trkpt>
      <trkpt lat="31.472499336558638" lon="120.25371120902247">
        <ele>7.552661685273051</ele>
        <time>2025-01-05T10:05:22Z</time>
        <extensions>
          <gpxtpx:TrackPointExtension>
            <gpxtpx:hr>148</gpxtpx:hr>
          </gpxtpx:TrackPointExtension>
        </extensions>
      </trkpt>
      <trkpt lat="31.472478709189105" lon="120.25370652447356">
        <ele>7.493645410053432</ele>
        <time>2025-01-05T10:05:23Z</time>
        <extensions>
          <gpxtpx:TrackPointExtension>
            <gpxtpx:hr>148</gpxtpx:hr>
          </gpxtpx:TrackPointExtension>
        </extensions>
      </trkpt>
      <trkpt lat="31.472456414609784" lon="120.25370135869521">
        <ele>7.419262682087719</ele>
        <time>2025-01-05T10:05:24Z</time>
        <extensions>
          <gpxtpx:TrackPointExtension>
            <gpxtpx:hr>148</gpxtpx:hr>
          </gpxtpx:TrackPointExtension>
        </extensions>
      </trkpt>
      <trkpt lat="31.47243446836264" lon="120.25369633119423">
        <ele>7.377714041620493</ele>
        <time>2025-01-05T10:05:25Z</time>
        <extensions>
          <gpxtpx:TrackPointExtension>
            <gpxtpx:hr>148</gpxtpx:hr>
          </gpxtpx:TrackPointExtension>
        </extensions>
      </trkpt>
      <trkpt lat="31.472413843874932" lon="120.25369106982389">
        <ele>7.32099904678762</ele>
        <time>2025-01-05T10:05:26Z</time>
        <extensions>
          <gpxtpx:TrackPointExtension>
            <gpxtpx:hr>148</gpxtpx:hr>
          </gpxtpx:TrackPointExtension>
        </extensions>
      </trkpt>
      <trkpt lat="31.47239298410601" lon="120.25368651389745">
        <ele>7.30785246565938</ele>
        <time>2025-01-05T10:05:27Z</time>
        <extensions>
          <gpxtpx:TrackPointExtension>
            <gpxtpx:hr>148</gpxtpx:hr>
          </gpxtpx:TrackPointExtension>
        </extensions>
      </trkpt>
      <trkpt lat="31.47237254469494" lon="120.25368201437601">
        <ele>7.271233380772173</ele>
        <time>2025-01-05T10:05:28Z</time>
        <extensions>
          <gpxtpx:TrackPointExtension>
            <gpxtpx:hr>148</gpxtpx:hr>
          </gpxtpx:TrackPointExtension>
        </extensions>
      </trkpt>
      <trkpt lat="31.472351555082714" lon="120.25367586322761">
        <ele>7.239771348424256</ele>
        <time>2025-01-05T10:05:29Z</time>
        <extensions>
          <gpxtpx:TrackPointExtension>
            <gpxtpx:hr>148</gpxtpx:hr>
          </gpxtpx:TrackPointExtension>
        </extensions>
      </trkpt>
      <trkpt lat="31.47232912232639" lon="120.25366920735246">
        <ele>7.234151974320412</ele>
        <time>2025-01-05T10:05:30Z</time>
        <extensions>
          <gpxtpx:TrackPointExtension>
            <gpxtpx:hr>148</gpxtpx:hr>
          </gpxtpx:TrackPointExtension>
        </extensions>
      </trkpt>
      <trkpt lat="31.472307202987068" lon="120.2536635714003">
        <ele>7.2066358318552375</ele>
        <time>2025-01-05T10:05:31Z</time>
        <extensions>
          <gpxtpx:TrackPointExtension>
            <gpxtpx:hr>149</gpxtpx:hr>
          </gpxtpx:TrackPointExtension>
        </extensions>
      </trkpt>
      <trkpt lat="31.472285201920513" lon="120.25365903845052">
        <ele>7.198314462788403</ele>
        <time>2025-01-05T10:05:32Z</time>
        <extensions>
          <gpxtpx:TrackPointExtension>
            <gpxtpx:hr>149</gpxtpx:hr>
          </gpxtpx:TrackPointExtension>
        </extensions>
      </trkpt>
      <trkpt lat="31.472262550548923" lon="120.25365565611924">
        <ele>7.180834414437413</ele>
        <time>2025-01-05T10:05:33Z</time>
        <extensions>
          <gpxtpx:TrackPointExtension>
            <gpxtpx:hr>149</gpxtpx:hr>
          </gpxtpx:TrackPointExtension>
        </extensions>
      </trkpt>
      <trkpt lat="31.47224039688368" lon="120.25365200514875">
        <ele>7.142455292865634</ele>
        <time>2025-01-05T10:05:34Z</time>
        <extensions>
          <gpxtpx:TrackPointExtension>
            <gpxtpx:hr>149</gpxtpx:hr>
          </gpxtpx:TrackPointExtension>
        </extensions>
      </trkpt>
      <trkpt lat="31.472217922256984" lon="120.2536479744028">
        <ele>7.138035507872701</ele>
        <time>2025-01-05T10:05:35Z</time>
        <extensions>
          <gpxtpx:TrackPointExtension>
            <gpxtpx:hr>149</gpxtpx:hr>
          </gpxtpx:TrackPointExtension>
        </extensions>
      </trkpt>
      <trkpt lat="31.47219519018547" lon="120.25364458240584">
        <ele>7.088577558286488</ele>
        <time>2025-01-05T10:05:36Z</time>
        <extensions>
          <gpxtpx:TrackPointExtension>
            <gpxtpx:hr>149</gpxtpx:hr>
          </gpxtpx:TrackPointExtension>
        </extensions>
      </trkpt>
      <trkpt lat="31.472172636117833" lon="120.25364265201988">
        <ele>7.033649382181466</ele>
        <time>2025-01-05T10:05:37Z</time>
        <extensions>
          <gpxtpx:TrackPointExtension>
            <gpxtpx:hr>149</gpxtpx:hr>
          </gpxtpx:TrackPointExtension>
        </extensions>
      </trkpt>
      <trkpt lat="31.472149607936842" lon="120.25364156100395">
        <ele>7.00019119028002</ele>
        <time>2025-01-05T10:05:38Z</time>
        <extensions>
          <gpxtpx:TrackPointExtension>
            <gpxtpx:hr>149</gpxtpx:hr>
          </gpxtpx:TrackPointExtension>
        </extensions>
      </trkpt>
      <trkpt lat="31.472126729977926" lon="120.25364042465243">
        <ele>6.977530864067376</ele>
        <time>2025-01-05T10:05:39Z</time>
        <extensions>
          <gpxtpx:TrackPointExtension>
            <gpxtpx:hr>150</gpxtpx:hr>
          </gpxtpx:TrackPointExtension>
        </extensions>
      </trkpt>
      <trkpt lat="31.472103717578868" lon="120.25363934909805">
        <ele>6.951255357824266</ele>
        <time>2025-01-05T10:05:40Z</time>
        <extensions>
          <gpxtpx:TrackPointExtension>
            <gpxtpx:hr>150</gpxtpx:hr>
          </gpxtpx:TrackPointExtension>
        </extensions>
      </trkpt>
      <trkpt lat="31.47208003021597" lon="120.25363794609521">
        <ele>6.948058538138866</ele>
        <time>2025-01-05T10:05:41Z</time>
        <extensions>
          <gpxtpx:TrackPointExtension>
            <gpxtpx:hr>150</gpxtpx:hr>
          </gpxtpx:TrackPointExtension>
        </extensions>
      </trkpt>
      <trkpt lat="31.47205662451489" lon="120.25363616519971">
        <ele>6.951064788736403</ele>
        <time>2025-01-05T10:05:42Z</time>
        <extensions>
          <gpxtpx:TrackPointExtension>
            <gpxtpx:hr>150</gpxtpx:hr>
          </gpxtpx:TrackPointExtension>
        </extensions>
      </trkpt>
      <trkpt lat="31.472033375547376" lon="120.25363476768187">
        <ele>6.961402153596282</ele>
        <time>2025-01-05T10:05:43Z</time>
        <extensions>
          <gpxtpx:TrackPointExtension>
            <gpxtpx:hr>150</gpxtpx:hr>
          </gpxtpx:TrackPointExtension>
        </extensions>
      </trkpt>
      <trkpt lat="31.47200952392924" lon="120.25363487787722">
        <ele>6.990737755782902</ele>
        <time>2025-01-05T10:05:44Z</time>
        <extensions>
          <gpxtpx:TrackPointExtension>
            <gpxtpx:hr>150</gpxtpx:hr>
          </gpxtpx:TrackPointExtension>
        </extensions>
      </trkpt>
      <trkpt lat="31.47198623840935" lon="120.25363802529516">
        <ele>7.021832168102264</ele>
        <time>2025-01-05T10:05:45Z</time>
        <extensions>
          <gpxtpx:TrackPointExtension>
            <gpxtpx:hr>149</gpxtpx:hr>
          </gpxtpx:TrackPointExtension>
        </extensions>
      </trkpt>
      <trkpt lat="31.471964794969853" lon="120.25364458342385">
        <ele>7.045077305287123</ele>
        <time>2025-01-05T10:05:46Z</time>
        <extensions>
          <gpxtpx:TrackPointExtension>
            <gpxtpx:hr>149</gpxtpx:hr>
          </gpxtpx:TrackPointExtension>
        </extensions>
      </trkpt>
      <trkpt lat="31.471943816790308" lon="120.25365283058888">
        <ele>7.114201222546399</ele>
        <time>2025-01-05T10:05:47Z</time>
        <extensions>
          <gpxtpx:TrackPointExtension>
            <gpxtpx:hr>149</gpxtpx:hr>
          </gpxtpx:TrackPointExtension>
        </extensions>
      </trkpt>
      <trkpt lat="31.471922380790947" lon="120.25366139893724">
        <ele>7.186036240309477</ele>
        <time>2025-01-05T10:05:48Z</time>
        <extensions>
          <gpxtpx:TrackPointExtension>
            <gpxtpx:hr>149</gpxtpx:hr>
          </gpxtpx:TrackPointExtension>
        </extensions>
      </trkpt>
      <trkpt lat="31.471901654185217" lon="120.25367101566461">
        <ele>7.2670393558219075</ele>
        <time>2025-01-05T10:05:49Z</time>
        <extensions>
          <gpxtpx:TrackPointExtension>
            <gpxtpx:hr>149</gpxtpx:hr>
          </gpxtpx:TrackPointExtension>
        </extensions>
      </trkpt>
      <trkpt lat="31.471881782695565" lon="120.25368309173564">
        <ele>7.350057749077678</ele>
        <time>2025-01-05T10:05:50Z</time>
        <extensions>
          <gpxtpx:TrackPointExtension>
            <gpxtpx:hr>149</gpxtpx:hr>
          </gpxtpx:TrackPointExtension>
        </extensions>
      </trkpt>
      <trkpt lat="31.47186238385792" lon="120.25369761138408">
        <ele>7.420173222199082</ele>
        <time>2025-01-05T10:05:51Z</time>
        <extensions>
          <gpxtpx:TrackPointExtension>
            <gpxtpx:hr>149</gpxtpx:hr>
          </gpxtpx:TrackPointExtension>
        </extensions>
      </trkpt>
      <trkpt lat="31.471844264420284" lon="120.25371321191774">
        <ele>7.494850357994437</ele>
        <time>2025-01-05T10:05:52Z</time>
        <extensions>
          <gpxtpx:TrackPointExtension>
            <gpxtpx:hr>149</gpxtpx:hr>
          </gpxtpx:TrackPointExtension>
        </extensions>
      </trkpt>
      <trkpt lat="31.471827309913007" lon="120.25372939462902">
        <ele>7.5708089573308825</ele>
        <time>2025-01-05T10:05:53Z</time>
        <extensions>
          <gpxtpx:TrackPointExtension>
            <gpxtpx:hr>149</gpxtpx:hr>
          </gpxtpx:TrackPointExtension>
        </extensions>
      </trkpt>
      <trkpt lat="31.471810509324765" lon="120.25374682900662">
        <ele>7.607322911731899</ele>
        <time>2025-01-05T10:05:54Z</time>
        <extensions>
          <gpxtpx:TrackPointExtension>
            <gpxtpx:hr>148</gpxtpx:hr>
          </gpxtpx:TrackPointExtension>
        </extensions>
      </trkpt>
      <trkpt lat="31.471794473066364" lon="120.25376500050322">
        <ele>7.667110589332879</ele>
        <time>2025-01-05T10:05:55Z</time>
        <extensions>
          <gpxtpx:TrackPointExtension>
            <gpxtpx:hr>148</gpxtpx:hr>
          </gpxtpx:TrackPointExtension>
        </extensions>
      </trkpt>
      <trkpt lat="31.471779016526593" lon="120.25378422106131">
        <ele>7.738124710507691</ele>
        <time>2025-01-05T10:05:56Z</time>
        <extensions>
          <gpxtpx:TrackPointExtension>
            <gpxtpx:hr>148</gpxtpx:hr>
          </gpxtpx:TrackPointExtension>
        </extensions>
      </trkpt>
      <trkpt lat="31.47176306771786" lon="120.25380533472486">
        <ele>7.779309708625078</ele>
        <time>2025-01-05T10:05:57Z</time>
        <extensions>
          <gpxtpx:TrackPointExtension>
            <gpxtpx:hr>148</gpxtpx:hr>
          </gpxtpx:TrackPointExtension>
        </extensions>
      </trkpt>
      <trkpt lat="31.471747245763975" lon="120.25382612784739">
        <ele>7.834993780590594</ele>
        <time>2025-01-05T10:05:58Z</time>
        <extensions>
          <gpxtpx:TrackPointExtension>
            <gpxtpx:hr>148</gpxtpx:hr>
          </gpxtpx:TrackPointExtension>
        </extensions>
      </trkpt>
      <trkpt lat="31.471733331105444" lon="120.25384591691898">
        <ele>7.889334819279611</ele>
        <time>2025-01-05T10:05:59Z</time>
        <extensions>
          <gpxtpx:TrackPointExtension>
            <gpxtpx:hr>148</gpxtpx:hr>
          </gpxtpx:TrackPointExtension>
        </extensions>
      </trkpt>
      <trkpt lat="31.471721949518248" lon="120.25386633243356">
        <ele>7.92697992362082</ele>
        <time>2025-01-05T10:06:00Z</time>
        <extensions>
          <gpxtpx:TrackPointExtension>
            <gpxtpx:hr>148</gpxtpx:hr>
          </gpxtpx:TrackPointExtension>
        </extensions>
      </trkpt>
      <trkpt lat="31.47171157278228" lon="120.25388610308177">
        <ele>7.9640993205830455</ele>
        <time>2025-01-05T10:06:01Z</time>
        <extensions>
          <gpxtpx:TrackPointExtension>
            <gpxtpx:hr>148</gpxtpx:hr>
          </gpxtpx:TrackPointExtension>
        </extensions>
      </trkpt>
      <trkpt lat="31.471701809611808" lon="120.25390530356478">
        <ele>7.982478218153119</ele>
        <time>2025-01-05T10:06:02Z</time>
        <extensions>
          <gpxtpx:TrackPointExtension>
            <gpxtpx:hr>148</gpxtpx:hr>
          </gpxtpx:TrackPointExtension>
        </extensions>
      </trkpt>
      <trkpt lat="31.47169412598517" lon="120.25392614658439">
        <ele>8.017535859718919</ele>
        <time>2025-01-05T10:06:03Z</time>
        <extensions>
          <gpxtpx:TrackPointExtension>
            <gpxtpx:hr>148</gpxtpx:hr>
          </gpxtpx:TrackPointExtension>
        </extensions>
      </trkpt>
      <trkpt lat="31.47168820521991" lon="120.25394848051064">
        <ele>8.052505462430418</ele>
        <time>2025-01-05T10:06:04Z</time>
        <extensions>
          <gpxtpx:TrackPointExtension>
            <gpxtpx:hr>148</gpxtpx:hr>
          </gpxtpx:TrackPointExtension>
        </extensions>
      </trkpt>
      <trkpt lat="31.471683232146816" lon="120.25397102430743">
        <ele>8.069674456492066</ele>
        <time>2025-01-05T10:06:05Z</time>
        <extensions>
          <gpxtpx:TrackPointExtension>
            <gpxtpx:hr>146</gpxtpx:hr>
          </gpxtpx:TrackPointExtension>
        </extensions>
      </trkpt>
      <trkpt lat="31.47167890157513" lon="120.25399386166285">
        <ele>8.097219896502793</ele>
        <time>2025-01-05T10:06:06Z</time>
        <extensions>
          <gpxtpx:TrackPointExtension>
            <gpxtpx:hr>146</gpxtpx:hr>
          </gpxtpx:TrackPointExtension>
        </extensions>
      </trkpt>
      <trkpt lat="31.4716766276215" lon="120.2540179729692">
        <ele>8.152727267704904</ele>
        <time>2025-01-05T10:06:07Z</time>
        <extensions>
          <gpxtpx:TrackPointExtension>
            <gpxtpx:hr>146</gpxtpx:hr>
          </gpxtpx:TrackPointExtension>
        </extensions>
      </trkpt>
      <trkpt lat="31.471676142863224" lon="120.25404273307812">
        <ele>8.188863737508655</ele>
        <time>2025-01-05T10:06:08Z</time>
        <extensions>
          <gpxtpx:TrackPointExtension>
            <gpxtpx:hr>146</gpxtpx:hr>
          </gpxtpx:TrackPointExtension>
        </extensions>
      </trkpt>
      <trkpt lat="31.471675064432066" lon="120.25406762192938">
        <ele>8.222957720048726</ele>
        <time>2025-01-05T10:06:09Z</time>
        <extensions>
          <gpxtpx:TrackPointExtension>
            <gpxtpx:hr>146</gpxtpx:hr>
          </gpxtpx:TrackPointExtension>
        </extensions>
      </trkpt>
      <trkpt lat="31.471672985590022" lon="120.25409251704258">
        <ele>8.26439377758652</ele>
        <time>2025-01-05T10:06:10Z</time>
        <extensions>
          <gpxtpx:TrackPointExtension>
            <gpxtpx:hr>146</gpxtpx:hr>
          </gpxtpx:TrackPointExtension>
        </extensions>
      </trkpt>
      <trkpt lat="31.471670990241183" lon="120.25411644609734">
        <ele>8.272842097096145</ele>
        <time>2025-01-05T10:06:11Z</time>
        <extensions>
          <gpxtpx:TrackPointExtension>
            <gpxtpx:hr>147</gpxtpx:hr>
          </gpxtpx:TrackPointExtension>
        </extensions>
      </trkpt>
      <trkpt lat="31.471670874107023" lon="120.25414020547177">
        <ele>8.279229099862278</ele>
        <time>2025-01-05T10:06:12Z</time>
        <extensions>
          <gpxtpx:TrackPointExtension>
            <gpxtpx:hr>147</gpxtpx:hr>
          </gpxtpx:TrackPointExtension>
        </extensions>
      </trkpt>
      <trkpt lat="31.471673086365055" lon="120.25416636970773">
        <ele>8.294292408972979</ele>
        <time>2025-01-05T10:06:13Z</time>
        <extensions>
          <gpxtpx:TrackPointExtension>
            <gpxtpx:hr>147</gpxtpx:hr>
          </gpxtpx:TrackPointExtension>
        </extensions>
      </trkpt>
      <trkpt lat="31.471677121998987" lon="120.25419303206148">
        <ele>8.294235740788281</ele>
        <time>2025-01-05T10:06:14Z</time>
        <extensions>
          <gpxtpx:TrackPointExtension>
            <gpxtpx:hr>147</gpxtpx:hr>
          </gpxtpx:TrackPointExtension>
        </extensions>
      </trkpt>
      <trkpt lat="31.471682602435827" lon="120.25421771224732">
        <ele>8.2938476735726</ele>
        <time>2025-01-05T10:06:15Z</time>
        <extensions>
          <gpxtpx:TrackPointExtension>
            <gpxtpx:hr>147</gpxtpx:hr>
          </gpxtpx:TrackPointExtension>
        </extensions>
      </trkpt>
      <trkpt lat="31.471688850964675" lon="120.2542422414776">
        <ele>8.287261229939759</ele>
        <time>2025-01-05T10:06:16Z</time>
        <extensions>
          <gpxtpx:TrackPointExtension>
            <gpxtpx:hr>147</gpxtpx:hr>
          </gpxtpx:TrackPointExtension>
        </extensions>
      </trkpt>
      <trkpt lat="31.471696384978816" lon="120.25426650793452">
        <ele>8.271866374649107</ele>
        <time>2025-01-05T10:06:17Z</time>
        <extensions>
          <gpxtpx:TrackPointExtension>
            <gpxtpx:hr>147</gpxtpx:hr>
          </gpxtpx:TrackPointExtension>
        </extensions>
      </trkpt>
      <trkpt lat="31.471705656050606" lon="120.25428835633204">
        <ele>8.2466626688838</ele>
        <time>2025-01-05T10:06:18Z</time>
        <extensions>
          <gpxtpx:TrackPointExtension>
            <gpxtpx:hr>147</gpxtpx:hr>
          </gpxtpx:TrackPointExtension>
        </extensions>
      </trkpt>
      <trkpt lat="31.471715406404122" lon="120.25430838876441">
        <ele>8.215583078563213</ele>
        <time>2025-01-05T10:06:19Z</time>
        <extensions>
          <gpxtpx:TrackPointExtension>
            <gpxtpx:hr>147</gpxtpx:hr>
          </gpxtpx:TrackPointExtension>
        </extensions>
      </trkpt>
      <trkpt lat="31.471725231820034" lon="120.25432803526074">
        <ele>8.176545768044889</ele>
        <time>2025-01-05T10:06:20Z</time>
        <extensions>
          <gpxtpx:TrackPointExtension>
            <gpxtpx:hr>147</gpxtpx:hr>
          </gpxtpx:TrackPointExtension>
        </extensions>
      </trkpt>
      <trkpt lat="31.471735513432293" lon="120.25434740872221">
        <ele>8.145664748735726</ele>
        <time>2025-01-05T10:06:21Z</time>
        <extensions>
          <gpxtpx:TrackPointExtension>
            <gpxtpx:hr>147</gpxtpx:hr>
          </gpxtpx:TrackPointExtension>
        </extensions>
      </trkpt>
      <trkpt lat="31.471747748240812" lon="120.25436645770321">
        <ele>8.107455124147236</ele>
        <time>2025-01-05T10:06:22Z</time>
        <extensions>
          <gpxtpx:TrackPointExtension>
            <gpxtpx:hr>152</gpxtpx:hr>
          </gpxtpx:TrackPointExtension>
        </extensions>
      </trkpt>
      <trkpt lat="31.471762671241287" lon="120.25438419236355">
        <ele>8.076237660832703</ele>
        <time>2025-01-05T10:06:23Z</time>
        <extensions>
          <gpxtpx:TrackPointExtension>
            <gpxtpx:hr>152</gpxtpx:hr>
          </gpxtpx:TrackPointExtension>
        </extensions>
      </trkpt>
      <trkpt lat="31.47177911850047" lon="120.25439993953746">
        <ele>8.048080706037581</ele>
        <time>2025-01-05T10:06:24Z</time>
        <extensions>
          <gpxtpx:TrackPointExtension>
            <gpxtpx:hr>152</gpxtpx:hr>
          </gpxtpx:TrackPointExtension>
        </extensions>
      </trkpt>
      <trkpt lat="31.471796757401027" lon="120.25441457576561">
        <ele>8.019596533849835</ele>
        <time>2025-01-05T10:06:25Z</time>
        <extensions>
          <gpxtpx:TrackPointExtension>
            <gpxtpx:hr>152</gpxtpx:hr>
          </gpxtpx:TrackPointExtension>
        </extensions>
      </trkpt>
      <trkpt lat="31.471814619285016" lon="120.25442907794432">
        <ele>8.004380458034575</ele>
        <time>2025-01-05T10:06:26Z</time>
        <extensions>
          <gpxtpx:TrackPointExtension>
            <gpxtpx:hr>152</gpxtpx:hr>
          </gpxtpx:TrackPointExtension>
        </extensions>
      </trkpt>
      <trkpt lat="31.47183179075215" lon="120.25444294537049">
        <ele>7.983964012935758</ele>
        <time>2025-01-05T10:06:27Z</time>
        <extensions>
          <gpxtpx:TrackPointExtension>
            <gpxtpx:hr>150</gpxtpx:hr>
          </gpxtpx:TrackPointExtension>
        </extensions>
      </trkpt>
      <trkpt lat="31.47184970944345" lon="120.25445594278094">
        <ele>7.966326807625592</ele>
        <time>2025-01-05T10:06:28Z</time>
        <extensions>
          <gpxtpx:TrackPointExtension>
            <gpxtpx:hr>150</gpxtpx:hr>
          </gpxtpx:TrackPointExtension>
        </extensions>
      </trkpt>
      <trkpt lat="31.471869112893692" lon="120.25446850069109">
        <ele>7.957789887674153</ele>
        <time>2025-01-05T10:06:29Z</time>
        <extensions>
          <gpxtpx:TrackPointExtension>
            <gpxtpx:hr>150</gpxtpx:hr>
          </gpxtpx:TrackPointExtension>
        </extensions>
      </trkpt>
      <trkpt lat="31.47188866166517" lon="120.25447951347475">
        <ele>7.942583963274956</ele>
        <time>2025-01-05T10:06:30Z</time>
        <extensions>
          <gpxtpx:TrackPointExtension>
            <gpxtpx:hr>150</gpxtpx:hr>
          </gpxtpx:TrackPointExtension>
        </extensions>
      </trkpt>
      <trkpt lat="31.471908516658644" lon="120.25448872838486">
        <ele>7.9638425232842565</ele>
        <time>2025-01-05T10:06:31Z</time>
        <extensions>
          <gpxtpx:TrackPointExtension>
            <gpxtpx:hr>151</gpxtpx:hr>
          </gpxtpx:TrackPointExtension>
        </extensions>
      </trkpt>
      <trkpt lat="31.471929853526124" lon="120.25449727518944">
        <ele>7.979985473677516</ele>
        <time>2025-01-05T10:06:32Z</time>
        <extensions>
          <gpxtpx:TrackPointExtension>
            <gpxtpx:hr>151</gpxtpx:hr>
          </gpxtpx:TrackPointExtension>
        </extensions>
      </trkpt>
      <trkpt lat="31.471951372816537" lon="120.25450470308701">
        <ele>7.984571027569473</ele>
        <time>2025-01-05T10:06:33Z</time>
        <extensions>
          <gpxtpx:TrackPointExtension>
            <gpxtpx:hr>151</gpxtpx:hr>
          </gpxtpx:TrackPointExtension>
        </extensions>
      </trkpt>
      <trkpt lat="31.471972655794954" lon="120.2545100159917">
        <ele>7.967468925751746</ele>
        <time>2025-01-05T10:06:34Z</time>
        <extensions>
          <gpxtpx:TrackPointExtension>
            <gpxtpx:hr>151</gpxtpx:hr>
          </gpxtpx:TrackPointExtension>
        </extensions>
      </trkpt>
      <trkpt lat="31.471995722737233" lon="120.25451480125191">
        <ele>8.006876721046865</ele>
        <time>2025-01-05T10:06:35Z</time>
        <extensions>
          <gpxtpx:TrackPointExtension>
            <gpxtpx:hr>151</gpxtpx:hr>
          </gpxtpx:TrackPointExtension>
        </extensions>
      </trkpt>
      <trkpt lat="31.47201972501133" lon="120.25452051281196">
        <ele>8.024649099446833</ele>
        <time>2025-01-05T10:06:36Z</time>
        <extensions>
          <gpxtpx:TrackPointExtension>
            <gpxtpx:hr>153</gpxtpx:hr>
          </gpxtpx:TrackPointExtension>
        </extensions>
      </trkpt>
      <trkpt lat="31.4720417877333" lon="120.25452652861495">
        <ele>8.059898909181356</ele>
        <time>2025-01-05T10:06:37Z</time>
        <extensions>
          <gpxtpx:TrackPointExtension>
            <gpxtpx:hr>153</gpxtpx:hr>
          </gpxtpx:TrackPointExtension>
        </extensions>
      </trkpt>
      <trkpt lat="31.472063135097876" lon="120.25453202514468">
        <ele>8.068317123688757</ele>
        <time>2025-01-05T10:06:38Z</time>
        <extensions>
          <gpxtpx:TrackPointExtension>
            <gpxtpx:hr>153</gpxtpx:hr>
          </gpxtpx:TrackPointExtension>
        </extensions>
      </trkpt>
      <trkpt lat="31.47208526629731" lon="120.25453663581163">
        <ele>8.094888114370406</ele>
        <time>2025-01-05T10:06:39Z</time>
        <extensions>
          <gpxtpx:TrackPointExtension>
            <gpxtpx:hr>153</gpxtpx:hr>
          </gpxtpx:TrackPointExtension>
        </extensions>
      </trkpt>
      <trkpt lat="31.472106894491745" lon="120.25453999970344">
        <ele>8.133987180888653</ele>
        <time>2025-01-05T10:06:40Z</time>
        <extensions>
          <gpxtpx:TrackPointExtension>
            <gpxtpx:hr>153</gpxtpx:hr>
          </gpxtpx:TrackPointExtension>
        </extensions>
      </trkpt>
      <trkpt lat="31.472128423416116" lon="120.25454351684441">
        <ele>8.179840862751007</ele>
        <time>2025-01-05T10:06:41Z</time>
        <extensions>
          <gpxtpx:TrackPointExtension>
            <gpxtpx:hr>153</gpxtpx:hr>
          </gpxtpx:TrackPointExtension>
        </extensions>
      </trkpt>
      <trkpt lat="31.472150246362187" lon="120.25454894487517">
        <ele>8.19826858304441</ele>
        <time>2025-01-05T10:06:42Z</time>
        <extensions>
          <gpxtpx:TrackPointExtension>
            <gpxtpx:hr>153</gpxtpx:hr>
          </gpxtpx:TrackPointExtension>
        </extensions>
      </trkpt>
      <trkpt lat="31.472171467055997" lon="120.25455438810681">
        <ele>8.225780545733869</ele>
        <time>2025-01-05T10:06:43Z</time>
        <extensions>
          <gpxtpx:TrackPointExtension>
            <gpxtpx:hr>153</gpxtpx:hr>
          </gpxtpx:TrackPointExtension>
        </extensions>
      </trkpt>
      <trkpt lat="31.472192841248965" lon="120.25455779493717">
        <ele>8.237665927037597</ele>
        <time>2025-01-05T10:06:44Z</time>
        <extensions>
          <gpxtpx:TrackPointExtension>
            <gpxtpx:hr>153</gpxtpx:hr>
          </gpxtpx:TrackPointExtension>
        </extensions>
      </trkpt>
      <trkpt lat="31.472215057296022" lon="120.25455889584119">
        <ele>8.235033496282995</ele>
        <time>2025-01-05T10:06:45Z</time>
        <extensions>
          <gpxtpx:TrackPointExtension>
            <gpxtpx:hr>153</gpxtpx:hr>
          </gpxtpx:TrackPointExtension>
        </extensions>
      </trkpt>
      <trkpt lat="31.472237014540735" lon="120.25455925559524">
        <ele>8.258544488810003</ele>
        <time>2025-01-05T10:06:46Z</time>
        <extensions>
          <gpxtpx:TrackPointExtension>
            <gpxtpx:hr>153</gpxtpx:hr>
          </gpxtpx:TrackPointExtension>
        </extensions>
      </trkpt>
      <trkpt lat="31.47225891255225" lon="120.25456087532406">
        <ele>8.27720604930073</ele>
        <time>2025-01-05T10:06:47Z</time>
        <extensions>
          <gpxtpx:TrackPointExtension>
            <gpxtpx:hr>153</gpxtpx:hr>
          </gpxtpx:TrackPointExtension>
        </extensions>
      </trkpt>
      <trkpt lat="31.472280667576154" lon="120.25456334425489">
        <ele>8.295326647348702</ele>
        <time>2025-01-05T10:06:48Z</time>
        <extensions>
          <gpxtpx:TrackPointExtension>
            <gpxtpx:hr>153</gpxtpx:hr>
          </gpxtpx:TrackPointExtension>
        </extensions>
      </trkpt>
      <trkpt lat="31.47230110564798" lon="120.25456634949971">
        <ele>8.312435077503324</ele>
        <time>2025-01-05T10:06:49Z</time>
        <extensions>
          <gpxtpx:TrackPointExtension>
            <gpxtpx:hr>152</gpxtpx:hr>
          </gpxtpx:TrackPointExtension>
        </extensions>
      </trkpt>
      <trkpt lat="31.47232188210978" lon="120.25457021216486">
        <ele>8.310318425297737</ele>
        <time>2025-01-05T10:06:50Z</time>
        <extensions>
          <gpxtpx:TrackPointExtension>
            <gpxtpx:hr>152</gpxtpx:hr>
          </gpxtpx:TrackPointExtension>
        </extensions>
      </trkpt>
      <trkpt lat="31.472343677399575" lon="120.25457484173235">
        <ele>8.300191189162433</ele>
        <time>2025-01-05T10:06:51Z</time>
        <extensions>
          <gpxtpx:TrackPointExtension>
            <gpxtpx:hr>152</gpxtpx:hr>
          </gpxtpx:TrackPointExtension>
        </extensions>
      </trkpt>
      <trkpt lat="31.472364934566155" lon="120.25458089645576">
        <ele>8.292197243310511</ele>
        <time>2025-01-05T10:06:52Z</time>
        <extensions>
          <gpxtpx:TrackPointExtension>
            <gpxtpx:hr>152</gpxtpx:hr>
          </gpxtpx:TrackPointExtension>
        </extensions>
      </trkpt>
      <trkpt lat="31.472386039344965" lon="120.25458804234526">
        <ele>8.283128208480775</ele>
        <time>2025-01-05T10:06:53Z</time>
        <extensions>
          <gpxtpx:TrackPointExtension>
            <gpxtpx:hr>152</gpxtpx:hr>
          </gpxtpx:TrackPointExtension>
        </extensions>
      </trkpt>
      <trkpt lat="31.472408162970616" lon="120.25459407732049">
        <ele>8.284936296753585</ele>
        <time>2025-01-05T10:06:54Z</time>
        <extensions>
          <gpxtpx:TrackPointExtension>
            <gpxtpx:hr>152</gpxtpx:hr>
          </gpxtpx:TrackPointExtension>
        </extensions>
      </trkpt>
      <trkpt lat="31.472430318539008" lon="120.25459822159027">
        <ele>8.273144873790443</ele>
        <time>2025-01-05T10:06:55Z</time>
        <extensions>
          <gpxtpx:TrackPointExtension>
            <gpxtpx:hr>152</gpxtpx:hr>
          </gpxtpx:TrackPointExtension>
        </extensions>
      </trkpt>
      <trkpt lat="31.472452243107874" lon="120.25460054017208">
        <ele>8.248449365608394</ele>
        <time>2025-01-05T10:06:56Z</time>
        <extensions>
          <gpxtpx:TrackPointExtension>
            <gpxtpx:hr>152</gpxtpx:hr>
          </gpxtpx:TrackPointExtension>
        </extensions>
      </trkpt>
      <trkpt lat="31.47247493676127" lon="120.25460306067481">
        <ele>8.229121218435466</ele>
        <time>2025-01-05T10:06:57Z</time>
        <extensions>
          <gpxtpx:TrackPointExtension>
            <gpxtpx:hr>152</gpxtpx:hr>
          </gpxtpx:TrackPointExtension>
        </extensions>
      </trkpt>
      <trkpt lat="31.47249877225003" lon="120.2546075232068">
        <ele>8.229449533857405</ele>
        <time>2025-01-05T10:06:58Z</time>
        <extensions>
          <gpxtpx:TrackPointExtension>
            <gpxtpx:hr>152</gpxtpx:hr>
          </gpxtpx:TrackPointExtension>
        </extensions>
      </trkpt>
      <trkpt lat="31.472522114607486" lon="120.25461146252142">
        <ele>8.23058792296797</ele>
        <time>2025-01-05T10:06:59Z</time>
        <extensions>
          <gpxtpx:TrackPointExtension>
            <gpxtpx:hr>152</gpxtpx:hr>
          </gpxtpx:TrackPointExtension>
        </extensions>
      </trkpt>
      <trkpt lat="31.472544996928875" lon="120.25461336939816">
        <ele>8.23900692164898</ele>
        <time>2025-01-05T10:07:00Z</time>
        <extensions>
          <gpxtpx:TrackPointExtension>
            <gpxtpx:hr>152</gpxtpx:hr>
          </gpxtpx:TrackPointExtension>
        </extensions>
      </trkpt>
      <trkpt lat="31.472568263238852" lon="120.25461374178626">
        <ele>8.229838750325143</ele>
        <time>2025-01-05T10:07:01Z</time>
        <extensions>
          <gpxtpx:TrackPointExtension>
            <gpxtpx:hr>152</gpxtpx:hr>
          </gpxtpx:TrackPointExtension>
        </extensions>
      </trkpt>
      <trkpt lat="31.472591149305533" lon="120.2546135691203">
        <ele>8.21600426081568</ele>
        <time>2025-01-05T10:07:02Z</time>
        <extensions>
          <gpxtpx:TrackPointExtension>
            <gpxtpx:hr>152</gpxtpx:hr>
          </gpxtpx:TrackPointExtension>
        </extensions>
      </trkpt>
      <trkpt lat="31.47261441860776" lon="120.25461498499794">
        <ele>8.223161400295794</ele>
        <time>2025-01-05T10:07:03Z</time>
        <extensions>
          <gpxtpx:TrackPointExtension>
            <gpxtpx:hr>152</gpxtpx:hr>
          </gpxtpx:TrackPointExtension>
        </extensions>
      </trkpt>
      <trkpt lat="31.47263810739868" lon="120.25461837151387">
        <ele>8.227970102801919</ele>
        <time>2025-01-05T10:07:04Z</time>
        <extensions>
          <gpxtpx:TrackPointExtension>
            <gpxtpx:hr>152</gpxtpx:hr>
          </gpxtpx:TrackPointExtension>
        </extensions>
      </trkpt>
      <trkpt lat="31.47266087418808" lon="120.25462285964072">
        <ele>8.173805750906467</ele>
        <time>2025-01-05T10:07:05Z</time>
        <extensions>
          <gpxtpx:TrackPointExtension>
            <gpxtpx:hr>151</gpxtpx:hr>
          </gpxtpx:TrackPointExtension>
        </extensions>
      </trkpt>
      <trkpt lat="31.47268306934866" lon="120.25462754277291">
        <ele>8.17682153172791</ele>
        <time>2025-01-05T10:07:06Z</time>
        <extensions>
          <gpxtpx:TrackPointExtension>
            <gpxtpx:hr>151</gpxtpx:hr>
          </gpxtpx:TrackPointExtension>
        </extensions>
      </trkpt>
      <trkpt lat="31.47270595702215" lon="120.25463125833991">
        <ele>8.194693207740784</ele>
        <time>2025-01-05T10:07:07Z</time>
        <extensions>
          <gpxtpx:TrackPointExtension>
            <gpxtpx:hr>151</gpxtpx:hr>
          </gpxtpx:TrackPointExtension>
        </extensions>
      </trkpt>
      <trkpt lat="31.472728500930934" lon="120.25463417061562">
        <ele>8.19110865984112</ele>
        <time>2025-01-05T10:07:08Z</time>
        <extensions>
          <gpxtpx:TrackPointExtension>
            <gpxtpx:hr>151</gpxtpx:hr>
          </gpxtpx:TrackPointExtension>
        </extensions>
      </trkpt>
      <trkpt lat="31.472750255060127" lon="120.25463698535964">
        <ele>8.19762532133609</ele>
        <time>2025-01-05T10:07:09Z</time>
        <extensions>
          <gpxtpx:TrackPointExtension>
            <gpxtpx:hr>151</gpxtpx:hr>
          </gpxtpx:TrackPointExtension>
        </extensions>
      </trkpt>
      <trkpt lat="31.47277260668758" lon="120.25463975683371">
        <ele>8.181054598651826</ele>
        <time>2025-01-05T10:07:10Z</time>
        <extensions>
          <gpxtpx:TrackPointExtension>
            <gpxtpx:hr>151</gpxtpx:hr>
          </gpxtpx:TrackPointExtension>
        </extensions>
      </trkpt>
      <trkpt lat="31.47279485447708" lon="120.2546410629217">
        <ele>8.159709335304797</ele>
        <time>2025-01-05T10:07:11Z</time>
        <extensions>
          <gpxtpx:TrackPointExtension>
            <gpxtpx:hr>151</gpxtpx:hr>
          </gpxtpx:TrackPointExtension>
        </extensions>
      </trkpt>
      <trkpt lat="31.4728153807904" lon="120.25463836099517">
        <ele>8.164388719014823</ele>
        <time>2025-01-05T10:07:12Z</time>
        <extensions>
          <gpxtpx:TrackPointExtension>
            <gpxtpx:hr>151</gpxtpx:hr>
          </gpxtpx:TrackPointExtension>
        </extensions>
      </trkpt>
      <trkpt lat="31.47283664042625" lon="120.25463297027086">
        <ele>8.135726638138294</ele>
        <time>2025-01-05T10:07:13Z</time>
        <extensions>
          <gpxtpx:TrackPointExtension>
            <gpxtpx:hr>151</gpxtpx:hr>
          </gpxtpx:TrackPointExtension>
        </extensions>
      </trkpt>
      <trkpt lat="31.472859573539548" lon="120.25462739817867">
        <ele>8.105674182996154</ele>
        <time>2025-01-05T10:07:14Z</time>
        <extensions>
          <gpxtpx:TrackPointExtension>
            <gpxtpx:hr>151</gpxtpx:hr>
          </gpxtpx:TrackPointExtension>
        </extensions>
      </trkpt>
      <trkpt lat="31.472880921726464" lon="120.25462052315252">
        <ele>8.082186442799866</ele>
        <time>2025-01-05T10:07:15Z</time>
        <extensions>
          <gpxtpx:TrackPointExtension>
            <gpxtpx:hr>151</gpxtpx:hr>
          </gpxtpx:TrackPointExtension>
        </extensions>
      </trkpt>
      <trkpt lat="31.47290118100664" lon="120.25461096130854">
        <ele>8.053204579278827</ele>
        <time>2025-01-05T10:07:16Z</time>
        <extensions>
          <gpxtpx:TrackPointExtension>
            <gpxtpx:hr>151</gpxtpx:hr>
          </gpxtpx:TrackPointExtension>
        </extensions>
      </trkpt>
      <trkpt lat="31.472920954388453" lon="120.25459855851065">
        <ele>8.032939709722996</ele>
        <time>2025-01-05T10:07:17Z</time>
        <extensions>
          <gpxtpx:TrackPointExtension>
            <gpxtpx:hr>150</gpxtpx:hr>
          </gpxtpx:TrackPointExtension>
        </extensions>
      </trkpt>
      <trkpt lat="31.472939317689264" lon="120.2545842735233">
        <ele>8.016571936197579</ele>
        <time>2025-01-05T10:07:18Z</time>
        <extensions>
          <gpxtpx:TrackPointExtension>
            <gpxtpx:hr>150</gpxtpx:hr>
          </gpxtpx:TrackPointExtension>
        </extensions>
      </trkpt>
      <trkpt lat="31.472958099153328" lon="120.25456926439392">
        <ele>7.992291034199297</ele>
        <time>2025-01-05T10:07:19Z</time>
        <extensions>
          <gpxtpx:TrackPointExtension>
            <gpxtpx:hr>150</gpxtpx:hr>
          </gpxtpx:TrackPointExtension>
        </extensions>
      </trkpt>
      <trkpt lat="31.47297799805287" lon="120.25455454959133">
        <ele>7.983931773342192</ele>
        <time>2025-01-05T10:07:20Z</time>
        <extensions>
          <gpxtpx:TrackPointExtension>
            <gpxtpx:hr>150</gpxtpx:hr>
          </gpxtpx:TrackPointExtension>
        </extensions>
      </trkpt>
      <trkpt lat="31.4729966785641" lon="120.25454077522727">
        <ele>7.9650935316458344</ele>
        <time>2025-01-05T10:07:21Z</time>
        <extensions>
          <gpxtpx:TrackPointExtension>
            <gpxtpx:hr>150</gpxtpx:hr>
          </gpxtpx:TrackPointExtension>
        </extensions>
      </trkpt>
      <trkpt lat="31.47301259904304" lon="120.25452679355479">
        <ele>7.951872150413692</ele>
        <time>2025-01-05T10:07:22Z</time>
        <extensions>
          <gpxtpx:TrackPointExtension>
            <gpxtpx:hr>150</gpxtpx:hr>
          </gpxtpx:TrackPointExtension>
        </extensions>
      </trkpt>
      <trkpt lat="31.47302791979178" lon="120.25451216501588">
        <ele>7.930932553485036</ele>
        <time>2025-01-05T10:07:23Z</time>
        <extensions>
          <gpxtpx:TrackPointExtension>
            <gpxtpx:hr>150</gpxtpx:hr>
          </gpxtpx:TrackPointExtension>
        </extensions>
      </trkpt>
      <trkpt lat="31.473042859402433" lon="120.25449619112635">
        <ele>7.92952446360141</ele>
        <time>2025-01-05T10:07:24Z</time>
        <extensions>
          <gpxtpx:TrackPointExtension>
            <gpxtpx:hr>150</gpxtpx:hr>
          </gpxtpx:TrackPointExtension>
        </extensions>
      </trkpt>
      <trkpt lat="31.47305593731618" lon="120.2544773909315">
        <ele>7.90546980779618</ele>
        <time>2025-01-05T10:07:25Z</time>
        <extensions>
          <gpxtpx:TrackPointExtension>
            <gpxtpx:hr>150</gpxtpx:hr>
          </gpxtpx:TrackPointExtension>
        </extensions>
      </trkpt>
      <trkpt lat="31.473068136792193" lon="120.25445676158807">
        <ele>7.876469700597227</ele>
        <time>2025-01-05T10:07:26Z</time>
        <extensions>
          <gpxtpx:TrackPointExtension>
            <gpxtpx:hr>150</gpxtpx:hr>
          </gpxtpx:TrackPointExtension>
        </extensions>
      </trkpt>
      <trkpt lat="31.473079738825945" lon="120.25443520286015">
        <ele>7.857287077233195</ele>
        <time>2025-01-05T10:07:27Z</time>
        <extensions>
          <gpxtpx:TrackPointExtension>
            <gpxtpx:hr>150</gpxtpx:hr>
          </gpxtpx:TrackPointExtension>
        </extensions>
      </trkpt>
      <trkpt lat="31.473090068853274" lon="120.25441376954925">
        <ele>7.822902364656329</ele>
        <time>2025-01-05T10:07:28Z</time>
        <extensions>
          <gpxtpx:TrackPointExtension>
            <gpxtpx:hr>150</gpxtpx:hr>
          </gpxtpx:TrackPointExtension>
        </extensions>
      </trkpt>
      <trkpt lat="31.47309985964116" lon="120.25439219276598">
        <ele>7.806862850673497</ele>
        <time>2025-01-05T10:07:29Z</time>
        <extensions>
          <gpxtpx:TrackPointExtension>
            <gpxtpx:hr>150</gpxtpx:hr>
          </gpxtpx:TrackPointExtension>
        </extensions>
      </trkpt>
      <trkpt lat="31.47310865508512" lon="120.2543695600109">
        <ele>7.811379700899124</ele>
        <time>2025-01-05T10:07:30Z</time>
        <extensions>
          <gpxtpx:TrackPointExtension>
            <gpxtpx:hr>150</gpxtpx:hr>
          </gpxtpx:TrackPointExtension>
        </extensions>
      </trkpt>
      <trkpt lat="31.473115475905356" lon="120.25434699110333">
        <ele>7.802449288778007</ele>
        <time>2025-01-05T10:07:31Z</time>
        <extensions>
          <gpxtpx:TrackPointExtension>
            <gpxtpx:hr>150</gpxtpx:hr>
          </gpxtpx:TrackPointExtension>
        </extensions>
      </trkpt>
      <trkpt lat="31.473120799179554" lon="120.25432414146779">
        <ele>7.830772802233696</ele>
        <time>2025-01-05T10:07:32Z</time>
        <extensions>
          <gpxtpx:TrackPointExtension>
            <gpxtpx:hr>150</gpxtpx:hr>
          </gpxtpx:TrackPointExtension>
        </extensions>
      </trkpt>
      <trkpt lat="31.47312511456746" lon="120.25429983160944">
        <ele>7.8588343327865005</ele>
        <time>2025-01-05T10:07:33Z</time>
        <extensions>
          <gpxtpx:TrackPointExtension>
            <gpxtpx:hr>150</gpxtpx:hr>
          </gpxtpx:TrackPointExtension>
        </extensions>
      </trkpt>
      <trkpt lat="31.47312847643491" lon="120.25427455748515">
        <ele>7.8749053832143545</ele>
        <time>2025-01-05T10:07:34Z</time>
        <extensions>
          <gpxtpx:TrackPointExtension>
            <gpxtpx:hr>150</gpxtpx:hr>
          </gpxtpx:TrackPointExtension>
        </extensions>
      </trkpt>
      <trkpt lat="31.473131590192853" lon="120.25424880105389">
        <ele>7.9189115492627025</ele>
        <time>2025-01-05T10:07:35Z</time>
        <extensions>
          <gpxtpx:TrackPointExtension>
            <gpxtpx:hr>150</gpxtpx:hr>
          </gpxtpx:TrackPointExtension>
        </extensions>
      </trkpt>
      <trkpt lat="31.47313532670792" lon="120.25422284336655">
        <ele>7.962673746980727</ele>
        <time>2025-01-05T10:07:36Z</time>
        <extensions>
          <gpxtpx:TrackPointExtension>
            <gpxtpx:hr>150</gpxtpx:hr>
          </gpxtpx:TrackPointExtension>
        </extensions>
      </trkpt>
      <trkpt lat="31.473138054264975" lon="120.25419879480437">
        <ele>7.999135399237275</ele>
        <time>2025-01-05T10:07:37Z</time>
        <extensions>
          <gpxtpx:TrackPointExtension>
            <gpxtpx:hr>150</gpxtpx:hr>
          </gpxtpx:TrackPointExtension>
        </extensions>
      </trkpt>
      <trkpt lat="31.473138376337676" lon="120.25417666139164">
        <ele>8.054223084822297</ele>
        <time>2025-01-05T10:07:38Z</time>
        <extensions>
          <gpxtpx:TrackPointExtension>
            <gpxtpx:hr>150</gpxtpx:hr>
          </gpxtpx:TrackPointExtension>
        </extensions>
      </trkpt>
      <trkpt lat="31.473135990183" lon="120.25415312608433">
        <ele>8.110286911949515</ele>
        <time>2025-01-05T10:07:39Z</time>
        <extensions>
          <gpxtpx:TrackPointExtension>
            <gpxtpx:hr>150</gpxtpx:hr>
          </gpxtpx:TrackPointExtension>
        </extensions>
      </trkpt>
      <trkpt lat="31.473130651561846" lon="120.25412778759025">
        <ele>8.142265136353672</ele>
        <time>2025-01-05T10:07:40Z</time>
        <extensions>
          <gpxtpx:TrackPointExtension>
            <gpxtpx:hr>150</gpxtpx:hr>
          </gpxtpx:TrackPointExtension>
        </extensions>
      </trkpt>
      <trkpt lat="31.47312335607714" lon="120.2541030344956">
        <ele>8.208564910106361</ele>
        <time>2025-01-05T10:07:41Z</time>
        <extensions>
          <gpxtpx:TrackPointExtension>
            <gpxtpx:hr>150</gpxtpx:hr>
          </gpxtpx:TrackPointExtension>
        </extensions>
      </trkpt>
      <trkpt lat="31.47311594596999" lon="120.25407830687115">
        <ele>8.240377124398947</ele>
        <time>2025-01-05T10:07:42Z</time>
        <extensions>
          <gpxtpx:TrackPointExtension>
            <gpxtpx:hr>151</gpxtpx:hr>
          </gpxtpx:TrackPointExtension>
        </extensions>
      </trkpt>
      <trkpt lat="31.473108564427452" lon="120.2540530448187">
        <ele>8.276243864558637</ele>
        <time>2025-01-05T10:07:43Z</time>
        <extensions>
          <gpxtpx:TrackPointExtension>
            <gpxtpx:hr>151</gpxtpx:hr>
          </gpxtpx:TrackPointExtension>
        </extensions>
      </trkpt>
      <trkpt lat="31.473100295654366" lon="120.25402969707179">
        <ele>8.309073220007122</ele>
        <time>2025-01-05T10:07:44Z</time>
        <extensions>
          <gpxtpx:TrackPointExtension>
            <gpxtpx:hr>151</gpxtpx:hr>
          </gpxtpx:TrackPointExtension>
        </extensions>
      </trkpt>
      <trkpt lat="31.47309110490236" lon="120.25400821508958">
        <ele>8.315487889572978</ele>
        <time>2025-01-05T10:07:45Z</time>
        <extensions>
          <gpxtpx:TrackPointExtension>
            <gpxtpx:hr>151</gpxtpx:hr>
          </gpxtpx:TrackPointExtension>
        </extensions>
      </trkpt>
      <trkpt lat="31.473080859288608" lon="120.25398544893017">
        <ele>8.309825924225152</ele>
        <time>2025-01-05T10:07:46Z</time>
        <extensions>
          <gpxtpx:TrackPointExtension>
            <gpxtpx:hr>151</gpxtpx:hr>
          </gpxtpx:TrackPointExtension>
        </extensions>
      </trkpt>
      <trkpt lat="31.473068918766913" lon="120.25396084583174">
        <ele>8.314394854940474</ele>
        <time>2025-01-05T10:07:47Z</time>
        <extensions>
          <gpxtpx:TrackPointExtension>
            <gpxtpx:hr>152</gpxtpx:hr>
          </gpxtpx:TrackPointExtension>
        </extensions>
      </trkpt>
      <trkpt lat="31.473055666708987" lon="120.25393769959808">
        <ele>8.305894645862281</ele>
        <time>2025-01-05T10:07:48Z</time>
        <extensions>
          <gpxtpx:TrackPointExtension>
            <gpxtpx:hr>152</gpxtpx:hr>
          </gpxtpx:TrackPointExtension>
        </extensions>
      </trkpt>
      <trkpt lat="31.47304184694194" lon="120.25391669756732">
        <ele>8.30006908532232</ele>
        <time>2025-01-05T10:07:49Z</time>
        <extensions>
          <gpxtpx:TrackPointExtension>
            <gpxtpx:hr>152</gpxtpx:hr>
          </gpxtpx:TrackPointExtension>
        </extensions>
      </trkpt>
      <trkpt lat="31.473027303561565" lon="120.2538971235915">
        <ele>8.251353927887976</ele>
        <time>2025-01-05T10:07:50Z</time>
        <extensions>
          <gpxtpx:TrackPointExtension>
            <gpxtpx:hr>152</gpxtpx:hr>
          </gpxtpx:TrackPointExtension>
        </extensions>
      </trkpt>
      <trkpt lat="31.47301202188906" lon="120.25388048818084">
        <ele>8.191048948094249</ele>
        <time>2025-01-05T10:07:51Z</time>
        <extensions>
          <gpxtpx:TrackPointExtension>
            <gpxtpx:hr>152</gpxtpx:hr>
          </gpxtpx:TrackPointExtension>
        </extensions>
      </trkpt>
      <trkpt lat="31.472995929949136" lon="120.25386538529376">
        <ele>8.130245534703135</ele>
        <time>2025-01-05T10:07:52Z</time>
        <extensions>
          <gpxtpx:TrackPointExtension>
            <gpxtpx:hr>152</gpxtpx:hr>
          </gpxtpx:TrackPointExtension>
        </extensions>
      </trkpt>
      <trkpt lat="31.472977985404462" lon="120.25384991452427">
        <ele>8.055791919119656</ele>
        <time>2025-01-05T10:07:53Z</time>
        <extensions>
          <gpxtpx:TrackPointExtension>
            <gpxtpx:hr>152</gpxtpx:hr>
          </gpxtpx:TrackPointExtension>
        </extensions>
      </trkpt>
      <trkpt lat="31.472958799016425" lon="120.25383438434054">
        <ele>7.9793781051412225</ele>
        <time>2025-01-05T10:07:54Z</time>
        <extensions>
          <gpxtpx:TrackPointExtension>
            <gpxtpx:hr>152</gpxtpx:hr>
          </gpxtpx:TrackPointExtension>
        </extensions>
      </trkpt>
      <trkpt lat="31.472939340963404" lon="120.2538188963715">
        <ele>7.873062218539417</ele>
        <time>2025-01-05T10:07:55Z</time>
        <extensions>
          <gpxtpx:TrackPointExtension>
            <gpxtpx:hr>152</gpxtpx:hr>
          </gpxtpx:TrackPointExtension>
        </extensions>
      </trkpt>
      <trkpt lat="31.472919554689724" lon="120.25380431959958">
        <ele>7.790794701315463</ele>
        <time>2025-01-05T10:07:56Z</time>
        <extensions>
          <gpxtpx:TrackPointExtension>
            <gpxtpx:hr>152</gpxtpx:hr>
          </gpxtpx:TrackPointExtension>
        </extensions>
      </trkpt>
      <trkpt lat="31.472899711970083" lon="120.2537921262826">
        <ele>7.659320725128055</ele>
        <time>2025-01-05T10:07:57Z</time>
        <extensions>
          <gpxtpx:TrackPointExtension>
            <gpxtpx:hr>152</gpxtpx:hr>
          </gpxtpx:TrackPointExtension>
        </extensions>
      </trkpt>
      <trkpt lat="31.472879449512657" lon="120.25378288021626">
        <ele>7.532283027656376</ele>
        <time>2025-01-05T10:07:58Z</time>
        <extensions>
          <gpxtpx:TrackPointExtension>
            <gpxtpx:hr>152</gpxtpx:hr>
          </gpxtpx:TrackPointExtension>
        </extensions>
      </trkpt>
      <trkpt lat="31.47285772178914" lon="120.25377487041882">
        <ele>7.422596741467714</ele>
        <time>2025-01-05T10:07:59Z</time>
        <extensions>
          <gpxtpx:TrackPointExtension>
            <gpxtpx:hr>152</gpxtpx:hr>
          </gpxtpx:TrackPointExtension>
        </extensions>
      </trkpt>
      <trkpt lat="31.47283477409172" lon="120.25376636900648">
        <ele>7.294202216900885</ele>
        <time>2025-01-05T10:08:00Z</time>
        <extensions>
          <gpxtpx:TrackPointExtension>
            <gpxtpx:hr>154</gpxtpx:hr>
          </gpxtpx:TrackPointExtension>
        </extensions>
      </trkpt>
      <trkpt lat="31.47281238471729" lon="120.253758967723">
        <ele>7.200950636528432</ele>
        <time>2025-01-05T10:08:01Z</time>
        <extensions>
          <gpxtpx:TrackPointExtension>
            <gpxtpx:hr>154</gpxtpx:hr>
          </gpxtpx:TrackPointExtension>
        </extensions>
      </trkpt>
      <trkpt lat="31.472790429096438" lon="120.25375475670305">
        <ele>7.128459399566054</ele>
        <time>2025-01-05T10:08:02Z</time>
        <extensions>
          <gpxtpx:TrackPointExtension>
            <gpxtpx:hr>154</gpxtpx:hr>
          </gpxtpx:TrackPointExtension>
        </extensions>
      </trkpt>
      <trkpt lat="31.472767761759258" lon="120.25375207396961">
        <ele>7.044629821553826</ele>
        <time>2025-01-05T10:08:03Z</time>
        <extensions>
          <gpxtpx:TrackPointExtension>
            <gpxtpx:hr>154</gpxtpx:hr>
          </gpxtpx:TrackPointExtension>
        </extensions>
      </trkpt>
      <trkpt lat="31.47274552276658" lon="120.25374863775319">
        <ele>6.994906403124332</ele>
        <time>2025-01-05T10:08:04Z</time>
        <extensions>
          <gpxtpx:TrackPointExtension>
            <gpxtpx:hr>154</gpxtpx:hr>
          </gpxtpx:TrackPointExtension>
        </extensions>
      </trkpt>
      <trkpt lat="31.47272442712801" lon="120.25374360305301">
        <ele>6.950697872787714</ele>
        <time>2025-01-05T10:08:05Z</time>
        <extensions>
          <gpxtpx:TrackPointExtension>
            <gpxtpx:hr>154</gpxtpx:hr>
          </gpxtpx:TrackPointExtension>
        </extensions>
      </trkpt>
      <trkpt lat="31.472703021570045" lon="120.25373782074385">
        <ele>6.914765162393451</ele>
        <time>2025-01-05T10:08:06Z</time>
        <extensions>
          <gpxtpx:TrackPointExtension>
            <gpxtpx:hr>154</gpxtpx:hr>
          </gpxtpx:TrackPointExtension>
        </extensions>
      </trkpt>
      <trkpt lat="31.472680875462544" lon="120.25373239320271">
        <ele>6.906285278499126</ele>
        <time>2025-01-05T10:08:07Z</time>
        <extensions>
          <gpxtpx:TrackPointExtension>
            <gpxtpx:hr>154</gpxtpx:hr>
          </gpxtpx:TrackPointExtension>
        </extensions>
      </trkpt>
      <trkpt lat="31.47265813082005" lon="120.25372823565776">
        <ele>6.8854766227304935</ele>
        <time>2025-01-05T10:08:08Z</time>
        <extensions>
          <gpxtpx:TrackPointExtension>
            <gpxtpx:hr>155</gpxtpx:hr>
          </gpxtpx:TrackPointExtension>
        </extensions>
      </trkpt>
      <trkpt lat="31.472634583747965" lon="120.25372565782797">
        <ele>6.894786261022091</ele>
        <time>2025-01-05T10:08:09Z</time>
        <extensions>
          <gpxtpx:TrackPointExtension>
            <gpxtpx:hr>155</gpxtpx:hr>
          </gpxtpx:TrackPointExtension>
        </extensions>
      </trkpt>
      <trkpt lat="31.472611816081802" lon="120.2537234527318">
        <ele>6.90421674400568</ele>
        <time>2025-01-05T10:08:10Z</time>
        <extensions>
          <gpxtpx:TrackPointExtension>
            <gpxtpx:hr>155</gpxtpx:hr>
          </gpxtpx:TrackPointExtension>
        </extensions>
      </trkpt>
      <trkpt lat="31.472590602940382" lon="120.25372128245957">
        <ele>6.890370210632682</ele>
        <time>2025-01-05T10:08:11Z</time>
        <extensions>
          <gpxtpx:TrackPointExtension>
            <gpxtpx:hr>155</gpxtpx:hr>
          </gpxtpx:TrackPointExtension>
        </extensions>
      </trkpt>
      <trkpt lat="31.472568461994676" lon="120.25371879915986">
        <ele>6.860632350668311</ele>
        <time>2025-01-05T10:08:12Z</time>
        <extensions>
          <gpxtpx:TrackPointExtension>
            <gpxtpx:hr>155</gpxtpx:hr>
          </gpxtpx:TrackPointExtension>
        </extensions>
      </trkpt>
      <trkpt lat="31.47254482609968" lon="120.25371530808012">
        <ele>6.828238300979137</ele>
        <time>2025-01-05T10:08:13Z</time>
        <extensions>
          <gpxtpx:TrackPointExtension>
            <gpxtpx:hr>155</gpxtpx:hr>
          </gpxtpx:TrackPointExtension>
        </extensions>
      </trkpt>
      <trkpt lat="31.472521817265704" lon="120.25371176413297">
        <ele>6.796584670431912</ele>
        <time>2025-01-05T10:08:14Z</time>
        <extensions>
          <gpxtpx:TrackPointExtension>
            <gpxtpx:hr>155</gpxtpx:hr>
          </gpxtpx:TrackPointExtension>
        </extensions>
      </trkpt>
      <trkpt lat="31.472499217205993" lon="120.25370797241152">
        <ele>6.772720170207322</ele>
        <time>2025-01-05T10:08:15Z</time>
        <extensions>
          <gpxtpx:TrackPointExtension>
            <gpxtpx:hr>154</gpxtpx:hr>
          </gpxtpx:TrackPointExtension>
        </extensions>
      </trkpt>
      <trkpt lat="31.472476766936428" lon="120.25370325456443">
        <ele>6.7715406101197</ele>
        <time>2025-01-05T10:08:16Z</time>
        <extensions>
          <gpxtpx:TrackPointExtension>
            <gpxtpx:hr>154</gpxtpx:hr>
          </gpxtpx:TrackPointExtension>
        </extensions>
      </trkpt>
      <trkpt lat="31.4724556906584" lon="120.25369924570172">
        <ele>6.752416864968836</ele>
        <time>2025-01-05T10:08:17Z</time>
        <extensions>
          <gpxtpx:TrackPointExtension>
            <gpxtpx:hr>154</gpxtpx:hr>
          </gpxtpx:TrackPointExtension>
        </extensions>
      </trkpt>
      <trkpt lat="31.472434797912435" lon="120.25369592175372">
        <ele>6.740344630554318</ele>
        <time>2025-01-05T10:08:18Z</time>
        <extensions>
          <gpxtpx:TrackPointExtension>
            <gpxtpx:hr>154</gpxtpx:hr>
          </gpxtpx:TrackPointExtension>
        </extensions>
      </trkpt>
      <trkpt lat="31.47241286293162" lon="120.25369243962881">
        <ele>6.7447290094569325</ele>
        <time>2025-01-05T10:08:19Z</time>
        <extensions>
          <gpxtpx:TrackPointExtension>
            <gpxtpx:hr>154</gpxtpx:hr>
          </gpxtpx:TrackPointExtension>
        </extensions>
      </trkpt>
      <trkpt lat="31.472391261104153" lon="120.25368915927486">
        <ele>6.7497944897040725</ele>
        <time>2025-01-05T10:08:20Z</time>
        <extensions>
          <gpxtpx:TrackPointExtension>
            <gpxtpx:hr>154</gpxtpx:hr>
          </gpxtpx:TrackPointExtension>
        </extensions>
      </trkpt>
      <trkpt lat="31.47237046160682" lon="120.2536859068456">
        <ele>6.756960534490645</ele>
        <time>2025-01-05T10:08:21Z</time>
        <extensions>
          <gpxtpx:TrackPointExtension>
            <gpxtpx:hr>154</gpxtpx:hr>
          </gpxtpx:TrackPointExtension>
        </extensions>
      </trkpt>
      <trkpt lat="31.472349381215942" lon="120.25368225929823">
        <ele>6.773634072393179</ele>
        <time>2025-01-05T10:08:22Z</time>
        <extensions>
          <gpxtpx:TrackPointExtension>
            <gpxtpx:hr>157</gpxtpx:hr>
          </gpxtpx:TrackPointExtension>
        </extensions>
      </trkpt>
      <trkpt lat="31.472328028200323" lon="120.25367895663429">
        <ele>6.779189097695053</ele>
        <time>2025-01-05T10:08:23Z</time>
        <extensions>
          <gpxtpx:TrackPointExtension>
            <gpxtpx:hr>157</gpxtpx:hr>
          </gpxtpx:TrackPointExtension>
        </extensions>
      </trkpt>
      <trkpt lat="31.472306129370107" lon="120.25367625978825">
        <ele>6.78704996034503</ele>
        <time>2025-01-05T10:08:24Z</time>
        <extensions>
          <gpxtpx:TrackPointExtension>
            <gpxtpx:hr>157</gpxtpx:hr>
          </gpxtpx:TrackPointExtension>
        </extensions>
      </trkpt>
      <trkpt lat="31.47228299033741" lon="120.25367352284051">
        <ele>6.790526608005166</ele>
        <time>2025-01-05T10:08:25Z</time>
        <extensions>
          <gpxtpx:TrackPointExtension>
            <gpxtpx:hr>156</gpxtpx:hr>
          </gpxtpx:TrackPointExtension>
        </extensions>
      </trkpt>
      <trkpt lat="31.47225944954784" lon="120.25367006670275">
        <ele>6.8080996396020055</ele>
        <time>2025-01-05T10:08:26Z</time>
        <extensions>
          <gpxtpx:TrackPointExtension>
            <gpxtpx:hr>156</gpxtpx:hr>
          </gpxtpx:TrackPointExtension>
        </extensions>
      </trkpt>
      <trkpt lat="31.472237158096902" lon="120.25366560801008">
        <ele>6.824214157648385</ele>
        <time>2025-01-05T10:08:27Z</time>
        <extensions>
          <gpxtpx:TrackPointExtension>
            <gpxtpx:hr>156</gpxtpx:hr>
          </gpxtpx:TrackPointExtension>
        </extensions>
      </trkpt>
      <trkpt lat="31.472215529811205" lon="120.25366147985854">
        <ele>6.843604032881558</ele>
        <time>2025-01-05T10:08:28Z</time>
        <extensions>
          <gpxtpx:TrackPointExtension>
            <gpxtpx:hr>156</gpxtpx:hr>
          </gpxtpx:TrackPointExtension>
        </extensions>
      </trkpt>
      <trkpt lat="31.4721940136186" lon="120.25365839186053">
        <ele>6.859763485379517</ele>
        <time>2025-01-05T10:08:29Z</time>
        <extensions>
          <gpxtpx:TrackPointExtension>
            <gpxtpx:hr>156</gpxtpx:hr>
          </gpxtpx:TrackPointExtension>
        </extensions>
      </trkpt>
      <trkpt lat="31.472173151622815" lon="120.25365556963413">
        <ele>6.888089216314256</ele>
        <time>2025-01-05T10:08:30Z</time>
        <extensions>
          <gpxtpx:TrackPointExtension>
            <gpxtpx:hr>156</gpxtpx:hr>
          </gpxtpx:TrackPointExtension>
        </extensions>
      </trkpt>
      <trkpt lat="31.47215216800228" lon="120.25365295608822">
        <ele>6.918051567859948</ele>
        <time>2025-01-05T10:08:31Z</time>
        <extensions>
          <gpxtpx:TrackPointExtension>
            <gpxtpx:hr>156</gpxtpx:hr>
          </gpxtpx:TrackPointExtension>
        </extensions>
      </trkpt>
      <trkpt lat="31.472129751917485" lon="120.25365080645818">
        <ele>6.943893143907189</ele>
        <time>2025-01-05T10:08:32Z</time>
        <extensions>
          <gpxtpx:TrackPointExtension>
            <gpxtpx:hr>156</gpxtpx:hr>
          </gpxtpx:TrackPointExtension>
        </extensions>
      </trkpt>
      <trkpt lat="31.472107368268265" lon="120.25364843071848">
        <ele>6.986820098012686</ele>
        <time>2025-01-05T10:08:33Z</time>
        <extensions>
          <gpxtpx:TrackPointExtension>
            <gpxtpx:hr>156</gpxtpx:hr>
          </gpxtpx:TrackPointExtension>
        </extensions>
      </trkpt>
      <trkpt lat="31.472085923191653" lon="120.25364633993108">
        <ele>7.02221833076328</ele>
        <time>2025-01-05T10:08:34Z</time>
        <extensions>
          <gpxtpx:TrackPointExtension>
            <gpxtpx:hr>156</gpxtpx:hr>
          </gpxtpx:TrackPointExtension>
        </extensions>
      </trkpt>
      <trkpt lat="31.472064031611417" lon="120.25364580477371">
        <ele>7.054774790070951</ele>
        <time>2025-01-05T10:08:35Z</time>
        <extensions>
          <gpxtpx:TrackPointExtension>
            <gpxtpx:hr>156</gpxtpx:hr>
          </gpxtpx:TrackPointExtension>
        </extensions>
      </trkpt>
      <trkpt lat="31.472041834133332" lon="120.25364674323238">
        <ele>7.097848495468497</ele>
        <time>2025-01-05T10:08:36Z</time>
        <extensions>
          <gpxtpx:TrackPointExtension>
            <gpxtpx:hr>156</gpxtpx:hr>
          </gpxtpx:TrackPointExtension>
        </extensions>
      </trkpt>
      <trkpt lat="31.472020728213334" lon="120.25364847410049">
        <ele>7.128978873603046</ele>
        <time>2025-01-05T10:08:37Z</time>
        <extensions>
          <gpxtpx:TrackPointExtension>
            <gpxtpx:hr>156</gpxtpx:hr>
          </gpxtpx:TrackPointExtension>
        </extensions>
      </trkpt>
      <trkpt lat="31.471999557675236" lon="120.25365123866807">
        <ele>7.1792697086930275</ele>
        <time>2025-01-05T10:08:38Z</time>
        <extensions>
          <gpxtpx:TrackPointExtension>
            <gpxtpx:hr>156</gpxtpx:hr>
          </gpxtpx:TrackPointExtension>
        </extensions>
      </trkpt>
      <trkpt lat="31.471976844011053" lon="120.25365529649505">
        <ele>7.24000923987478</ele>
        <time>2025-01-05T10:08:39Z</time>
        <extensions>
          <gpxtpx:TrackPointExtension>
            <gpxtpx:hr>156</gpxtpx:hr>
          </gpxtpx:TrackPointExtension>
        </extensions>
      </trkpt>
      <trkpt lat="31.471954431880864" lon="120.25366066851875">
        <ele>7.2897699335590005</ele>
        <time>2025-01-05T10:08:40Z</time>
        <extensions>
          <gpxtpx:TrackPointExtension>
            <gpxtpx:hr>156</gpxtpx:hr>
          </gpxtpx:TrackPointExtension>
        </extensions>
      </trkpt>
      <trkpt lat="31.471932641961725" lon="120.25366771728393">
        <ele>7.370297987945378</ele>
        <time>2025-01-05T10:08:41Z</time>
        <extensions>
          <gpxtpx:TrackPointExtension>
            <gpxtpx:hr>156</gpxtpx:hr>
          </gpxtpx:TrackPointExtension>
        </extensions>
      </trkpt>
      <trkpt lat="31.471910693796364" lon="120.2536766763567">
        <ele>7.434206940233707</ele>
        <time>2025-01-05T10:08:42Z</time>
        <extensions>
          <gpxtpx:TrackPointExtension>
            <gpxtpx:hr>156</gpxtpx:hr>
          </gpxtpx:TrackPointExtension>
        </extensions>
      </trkpt>
      <trkpt lat="31.47188957935763" lon="120.2536865135154">
        <ele>7.4999132212251425</ele>
        <time>2025-01-05T10:08:43Z</time>
        <extensions>
          <gpxtpx:TrackPointExtension>
            <gpxtpx:hr>156</gpxtpx:hr>
          </gpxtpx:TrackPointExtension>
        </extensions>
      </trkpt>
      <trkpt lat="31.4718696692549" lon="120.25369732124808">
        <ele>7.558974327519536</ele>
        <time>2025-01-05T10:08:44Z</time>
        <extensions>
          <gpxtpx:TrackPointExtension>
            <gpxtpx:hr>156</gpxtpx:hr>
          </gpxtpx:TrackPointExtension>
        </extensions>
      </trkpt>
      <trkpt lat="31.471849877704315" lon="120.25371052559734">
        <ele>7.630704880692065</ele>
        <time>2025-01-05T10:08:45Z</time>
        <extensions>
          <gpxtpx:TrackPointExtension>
            <gpxtpx:hr>156</gpxtpx:hr>
          </gpxtpx:TrackPointExtension>
        </extensions>
      </trkpt>
      <trkpt lat="31.471830376922192" lon="120.25372597264604">
        <ele>7.707038892433047</ele>
        <time>2025-01-05T10:08:46Z</time>
        <extensions>
          <gpxtpx:TrackPointExtension>
            <gpxtpx:hr>157</gpxtpx:hr>
          </gpxtpx:TrackPointExtension>
        </extensions>
      </trkpt>
      <trkpt lat="31.471812716391824" lon="120.25374248863636">
        <ele>7.758245685137808</ele>
        <time>2025-01-05T10:08:47Z</time>
        <extensions>
          <gpxtpx:TrackPointExtension>
            <gpxtpx:hr>157</gpxtpx:hr>
          </gpxtpx:TrackPointExtension>
        </extensions>
      </trkpt>
      <trkpt lat="31.471796416416083" lon="120.2537598502048">
        <ele>7.838275631889701</ele>
        <time>2025-01-05T10:08:48Z</time>
        <extensions>
          <gpxtpx:TrackPointExtension>
            <gpxtpx:hr>157</gpxtpx:hr>
          </gpxtpx:TrackPointExtension>
        </extensions>
      </trkpt>
      <trkpt lat="31.4717799926865" lon="120.25377820800611">
        <ele>7.8930789567530155</ele>
        <time>2025-01-05T10:08:49Z</time>
        <extensions>
          <gpxtpx:TrackPointExtension>
            <gpxtpx:hr>157</gpxtpx:hr>
          </gpxtpx:TrackPointExtension>
        </extensions>
      </trkpt>
      <trkpt lat="31.471763769949572" lon="120.25379649746692">
        <ele>7.937861662358046</ele>
        <time>2025-01-05T10:08:50Z</time>
        <extensions>
          <gpxtpx:TrackPointExtension>
            <gpxtpx:hr>157</gpxtpx:hr>
          </gpxtpx:TrackPointExtension>
        </extensions>
      </trkpt>
      <trkpt lat="31.47174799367298" lon="120.25381461011395">
        <ele>7.996672827750444</ele>
        <time>2025-01-05T10:08:51Z</time>
        <extensions>
          <gpxtpx:TrackPointExtension>
            <gpxtpx:hr>156</gpxtpx:hr>
          </gpxtpx:TrackPointExtension>
        </extensions>
      </trkpt>
      <trkpt lat="31.47173232133203" lon="120.25383481257032">
        <ele>8.03078415710479</ele>
        <time>2025-01-05T10:08:52Z</time>
        <extensions>
          <gpxtpx:TrackPointExtension>
            <gpxtpx:hr>156</gpxtpx:hr>
          </gpxtpx:TrackPointExtension>
        </extensions>
      </trkpt>
      <trkpt lat="31.47171779025043" lon="120.2538567112279">
        <ele>8.039387676864862</ele>
        <time>2025-01-05T10:08:53Z</time>
        <extensions>
          <gpxtpx:TrackPointExtension>
            <gpxtpx:hr>156</gpxtpx:hr>
          </gpxtpx:TrackPointExtension>
        </extensions>
      </trkpt>
      <trkpt lat="31.471705731307523" lon="120.25387901545466">
        <ele>8.06726033706218</ele>
        <time>2025-01-05T10:08:54Z</time>
        <extensions>
          <gpxtpx:TrackPointExtension>
            <gpxtpx:hr>156</gpxtpx:hr>
          </gpxtpx:TrackPointExtension>
        </extensions>
      </trkpt>
      <trkpt lat="31.471695475163738" lon="120.25390268993769">
        <ele>8.080065684393048</ele>
        <time>2025-01-05T10:08:55Z</time>
        <extensions>
          <gpxtpx:TrackPointExtension>
            <gpxtpx:hr>156</gpxtpx:hr>
          </gpxtpx:TrackPointExtension>
        </extensions>
      </trkpt>
      <trkpt lat="31.47168682777389" lon="120.25392805473747">
        <ele>8.089758276939392</ele>
        <time>2025-01-05T10:08:56Z</time>
        <extensions>
          <gpxtpx:TrackPointExtension>
            <gpxtpx:hr>156</gpxtpx:hr>
          </gpxtpx:TrackPointExtension>
        </extensions>
      </trkpt>
      <trkpt lat="31.47168032934693" lon="120.25395418892305">
        <ele>8.091147229075432</ele>
        <time>2025-01-05T10:08:57Z</time>
        <extensions>
          <gpxtpx:TrackPointExtension>
            <gpxtpx:hr>156</gpxtpx:hr>
          </gpxtpx:TrackPointExtension>
        </extensions>
      </trkpt>
      <trkpt lat="31.471675558226867" lon="120.25398195086979">
        <ele>8.069580933079123</ele>
        <time>2025-01-05T10:08:58Z</time>
        <extensions>
          <gpxtpx:TrackPointExtension>
            <gpxtpx:hr>156</gpxtpx:hr>
          </gpxtpx:TrackPointExtension>
        </extensions>
      </trkpt>
      <trkpt lat="31.47167219875451" lon="120.25401105275728">
        <ele>8.05842272657901</ele>
        <time>2025-01-05T10:08:59Z</time>
        <extensions>
          <gpxtpx:TrackPointExtension>
            <gpxtpx:hr>156</gpxtpx:hr>
          </gpxtpx:TrackPointExtension>
        </extensions>
      </trkpt>
      <trkpt lat="31.47167063123296" lon="120.2540389600419">
        <ele>8.022416446357965</ele>
        <time>2025-01-05T10:09:00Z</time>
        <extensions>
          <gpxtpx:TrackPointExtension>
            <gpxtpx:hr>157</gpxtpx:hr>
          </gpxtpx:TrackPointExtension>
        </extensions>
      </trkpt>
      <trkpt lat="31.47167156563521" lon="120.25406597674326">
        <ele>7.975815164856613</ele>
        <time>2025-01-05T10:09:01Z</time>
        <extensions>
          <gpxtpx:TrackPointExtension>
            <gpxtpx:hr>157</gpxtpx:hr>
          </gpxtpx:TrackPointExtension>
        </extensions>
      </trkpt>
      <trkpt lat="31.471673936066328" lon="120.2540931209361">
        <ele>7.937351768836379</ele>
        <time>2025-01-05T10:09:02Z</time>
        <extensions>
          <gpxtpx:TrackPointExtension>
            <gpxtpx:hr>157</gpxtpx:hr>
          </gpxtpx:TrackPointExtension>
        </extensions>
      </trkpt>
      <trkpt lat="31.471676260084514" lon="120.25411917898636">
        <ele>7.910054457373917</ele>
        <time>2025-01-05T10:09:03Z</time>
        <extensions>
          <gpxtpx:TrackPointExtension>
            <gpxtpx:hr>157</gpxtpx:hr>
          </gpxtpx:TrackPointExtension>
        </extensions>
      </trkpt>
      <trkpt lat="31.471679115820464" lon="120.25414492483046">
        <ele>7.879839230328798</ele>
        <time>2025-01-05T10:09:04Z</time>
        <extensions>
          <gpxtpx:TrackPointExtension>
            <gpxtpx:hr>157</gpxtpx:hr>
          </gpxtpx:TrackPointExtension>
        </extensions>
      </trkpt>
      <trkpt lat="31.471683562602024" lon="120.25417168848435">
        <ele>7.8523186184465885</ele>
        <time>2025-01-05T10:09:05Z</time>
        <extensions>
          <gpxtpx:TrackPointExtension>
            <gpxtpx:hr>157</gpxtpx:hr>
          </gpxtpx:TrackPointExtension>
        </extensions>
      </trkpt>
      <trkpt lat="31.4716884004098" lon="120.25419891521904">
        <ele>7.821847149170935</ele>
        <time>2025-01-05T10:09:06Z</time>
        <extensions>
          <gpxtpx:TrackPointExtension>
            <gpxtpx:hr>157</gpxtpx:hr>
          </gpxtpx:TrackPointExtension>
        </extensions>
      </trkpt>
      <trkpt lat="31.471693444177205" lon="120.25422578499924">
        <ele>7.782481078989804</ele>
        <time>2025-01-05T10:09:07Z</time>
        <extensions>
          <gpxtpx:TrackPointExtension>
            <gpxtpx:hr>157</gpxtpx:hr>
          </gpxtpx:TrackPointExtension>
        </extensions>
      </trkpt>
      <trkpt lat="31.471700149448534" lon="120.25425137988618">
        <ele>7.762782189063728</ele>
        <time>2025-01-05T10:09:08Z</time>
        <extensions>
          <gpxtpx:TrackPointExtension>
            <gpxtpx:hr>157</gpxtpx:hr>
          </gpxtpx:TrackPointExtension>
        </extensions>
      </trkpt>
      <trkpt lat="31.471708686044195" lon="120.2542761944749">
        <ele>7.731114438734949</ele>
        <time>2025-01-05T10:09:09Z</time>
        <extensions>
          <gpxtpx:TrackPointExtension>
            <gpxtpx:hr>157</gpxtpx:hr>
          </gpxtpx:TrackPointExtension>
        </extensions>
      </trkpt>
      <trkpt lat="31.471718695240707" lon="120.25430066927666">
        <ele>7.6882703779265285</ele>
        <time>2025-01-05T10:09:10Z</time>
        <extensions>
          <gpxtpx:TrackPointExtension>
            <gpxtpx:hr>157</gpxtpx:hr>
          </gpxtpx:TrackPointExtension>
        </extensions>
      </trkpt>
      <trkpt lat="31.471730598415796" lon="120.25432477473622">
        <ele>7.675302396528423</ele>
        <time>2025-01-05T10:09:11Z</time>
        <extensions>
          <gpxtpx:TrackPointExtension>
            <gpxtpx:hr>157</gpxtpx:hr>
          </gpxtpx:TrackPointExtension>
        </extensions>
      </trkpt>
      <trkpt lat="31.471744745511412" lon="120.25434789900936">
        <ele>7.6447801273316145</ele>
        <time>2025-01-05T10:09:12Z</time>
        <extensions>
          <gpxtpx:TrackPointExtension>
            <gpxtpx:hr>157</gpxtpx:hr>
          </gpxtpx:TrackPointExtension>
        </extensions>
      </trkpt>
      <trkpt lat="31.471760284395877" lon="120.25436906556624">
        <ele>7.623428546823561</ele>
        <time>2025-01-05T10:09:13Z</time>
        <extensions>
          <gpxtpx:TrackPointExtension>
            <gpxtpx:hr>157</gpxtpx:hr>
          </gpxtpx:TrackPointExtension>
        </extensions>
      </trkpt>
      <trkpt lat="31.47177702650917" lon="120.25438933573488">
        <ele>7.610002380795777</ele>
        <time>2025-01-05T10:09:14Z</time>
        <extensions>
          <gpxtpx:TrackPointExtension>
            <gpxtpx:hr>157</gpxtpx:hr>
          </gpxtpx:TrackPointExtension>
        </extensions>
      </trkpt>
      <trkpt lat="31.471795240932263" lon="120.25440987011545">
        <ele>7.60110479593277</ele>
        <time>2025-01-05T10:09:15Z</time>
        <extensions>
          <gpxtpx:TrackPointExtension>
            <gpxtpx:hr>158</gpxtpx:hr>
          </gpxtpx:TrackPointExtension>
        </extensions>
      </trkpt>
      <trkpt lat="31.471813889550457" lon="120.25442998995032">
        <ele>7.599824825301766</ele>
        <time>2025-01-05T10:09:16Z</time>
        <extensions>
          <gpxtpx:TrackPointExtension>
            <gpxtpx:hr>158</gpxtpx:hr>
          </gpxtpx:TrackPointExtension>
        </extensions>
      </trkpt>
      <trkpt lat="31.47183362059183" lon="120.25444914346572">
        <ele>7.604675188660622</ele>
        <time>2025-01-05T10:09:17Z</time>
        <extensions>
          <gpxtpx:TrackPointExtension>
            <gpxtpx:hr>158</gpxtpx:hr>
          </gpxtpx:TrackPointExtension>
        </extensions>
      </trkpt>
      <trkpt lat="31.471855312525037" lon="120.25446676262226">
        <ele>7.599565563723445</ele>
        <time>2025-01-05T10:09:18Z</time>
        <extensions>
          <gpxtpx:TrackPointExtension>
            <gpxtpx:hr>158</gpxtpx:hr>
          </gpxtpx:TrackPointExtension>
        </extensions>
      </trkpt>
      <trkpt lat="31.47187732528031" lon="120.25448164004408">
        <ele>7.60824129357934</ele>
        <time>2025-01-05T10:09:19Z</time>
        <extensions>
          <gpxtpx:TrackPointExtension>
            <gpxtpx:hr>158</gpxtpx:hr>
          </gpxtpx:TrackPointExtension>
        </extensions>
      </trkpt>
      <trkpt lat="31.47189897270212" lon="120.25449379865347">
        <ele>7.615975766442716</ele>
        <time>2025-01-05T10:09:20Z</time>
        <extensions>
          <gpxtpx:TrackPointExtension>
            <gpxtpx:hr>159</gpxtpx:hr>
          </gpxtpx:TrackPointExtension>
        </extensions>
      </trkpt>
      <trkpt lat="31.471921968095963" lon="120.25450490415655">
        <ele>7.611426182091236</ele>
        <time>2025-01-05T10:09:21Z</time>
        <extensions>
          <gpxtpx:TrackPointExtension>
            <gpxtpx:hr>159</gpxtpx:hr>
          </gpxtpx:TrackPointExtension>
        </extensions>
      </trkpt>
      <trkpt lat="31.47194604421768" lon="120.25451526235572">
        <ele>7.622946286574006</ele>
        <time>2025-01-05T10:09:22Z</time>
        <extensions>
          <gpxtpx:TrackPointExtension>
            <gpxtpx:hr>159</gpxtpx:hr>
          </gpxtpx:TrackPointExtension>
        </extensions>
      </trkpt>
      <trkpt lat="31.471969947649473" lon="120.2545231095797">
        <ele>7.632739000022411</ele>
        <time>2025-01-05T10:09:23Z</time>
        <extensions>
          <gpxtpx:TrackPointExtension>
            <gpxtpx:hr>159</gpxtpx:hr>
          </gpxtpx:TrackPointExtension>
        </extensions>
      </trkpt>
      <trkpt lat="31.471994415678218" lon="120.25452803761893">
        <ele>7.65678283944726</ele>
        <time>2025-01-05T10:09:24Z</time>
        <extensions>
          <gpxtpx:TrackPointExtension>
            <gpxtpx:hr>159</gpxtpx:hr>
          </gpxtpx:TrackPointExtension>
        </extensions>
      </trkpt>
      <trkpt lat="31.472019897070936" lon="120.25453151583825">
        <ele>7.676692430861294</ele>
        <time>2025-01-05T10:09:25Z</time>
        <extensions>
          <gpxtpx:TrackPointExtension>
            <gpxtpx:hr>159</gpxtpx:hr>
          </gpxtpx:TrackPointExtension>
        </extensions>
      </trkpt>
      <trkpt lat="31.4720454072851" lon="120.25453459531225">
        <ele>7.678829955868423</ele>
        <time>2025-01-05T10:09:26Z</time>
        <extensions>
          <gpxtpx:TrackPointExtension>
            <gpxtpx:hr>159</gpxtpx:hr>
          </gpxtpx:TrackPointExtension>
        </extensions>
      </trkpt>
      <trkpt lat="31.472071752856678" lon="120.25453882120672">
        <ele>7.699548087082803</ele>
        <time>2025-01-05T10:09:27Z</time>
        <extensions>
          <gpxtpx:TrackPointExtension>
            <gpxtpx:hr>159</gpxtpx:hr>
          </gpxtpx:TrackPointExtension>
        </extensions>
      </trkpt>
      <trkpt lat="31.47209869189303" lon="120.25454389574804">
        <ele>7.705665090121329</ele>
        <time>2025-01-05T10:09:28Z</time>
        <extensions>
          <gpxtpx:TrackPointExtension>
            <gpxtpx:hr>159</gpxtpx:hr>
          </gpxtpx:TrackPointExtension>
        </extensions>
      </trkpt>
      <trkpt lat="31.472123569425978" lon="120.25454799431161">
        <ele>7.697951971553266</ele>
        <time>2025-01-05T10:09:29Z</time>
        <extensions>
          <gpxtpx:TrackPointExtension>
            <gpxtpx:hr>159</gpxtpx:hr>
          </gpxtpx:TrackPointExtension>
        </extensions>
      </trkpt>
      <trkpt lat="31.472146836105274" lon="120.2545511004881">
        <ele>7.677245958708227</ele>
        <time>2025-01-05T10:09:30Z</time>
        <extensions>
          <gpxtpx:TrackPointExtension>
            <gpxtpx:hr>160</gpxtpx:hr>
          </gpxtpx:TrackPointExtension>
        </extensions>
      </trkpt>
      <trkpt lat="31.472169845787782" lon="120.25455428145467">
        <ele>7.688034317456186</ele>
        <time>2025-01-05T10:09:31Z</time>
        <extensions>
          <gpxtpx:TrackPointExtension>
            <gpxtpx:hr>160</gpxtpx:hr>
          </gpxtpx:TrackPointExtension>
        </extensions>
      </trkpt>
      <trkpt lat="31.472192268314625" lon="120.25455842825075">
        <ele>7.651021186262369</ele>
        <time>2025-01-05T10:09:32Z</time>
        <extensions>
          <gpxtpx:TrackPointExtension>
            <gpxtpx:hr>160</gpxtpx:hr>
          </gpxtpx:TrackPointExtension>
        </extensions>
      </trkpt>
      <trkpt lat="31.472214972713438" lon="120.25456303381623">
        <ele>7.635204829275608</ele>
        <time>2025-01-05T10:09:33Z</time>
        <extensions>
          <gpxtpx:TrackPointExtension>
            <gpxtpx:hr>160</gpxtpx:hr>
          </gpxtpx:TrackPointExtension>
        </extensions>
      </trkpt>
      <trkpt lat="31.47223862614555" lon="120.25456667985344">
        <ele>7.633294641971588</ele>
        <time>2025-01-05T10:09:34Z</time>
        <extensions>
          <gpxtpx:TrackPointExtension>
            <gpxtpx:hr>160</gpxtpx:hr>
          </gpxtpx:TrackPointExtension>
        </extensions>
      </trkpt>
      <trkpt lat="31.472261577606265" lon="120.25457036872469">
        <ele>7.648757071234286</ele>
        <time>2025-01-05T10:09:35Z</time>
        <extensions>
          <gpxtpx:TrackPointExtension>
            <gpxtpx:hr>160</gpxtpx:hr>
          </gpxtpx:TrackPointExtension>
        </extensions>
      </trkpt>
      <trkpt lat="31.472284514880556" lon="120.25457538246718">
        <ele>7.661721956916153</ele>
        <time>2025-01-05T10:09:36Z</time>
        <extensions>
          <gpxtpx:TrackPointExtension>
            <gpxtpx:hr>160</gpxtpx:hr>
          </gpxtpx:TrackPointExtension>
        </extensions>
      </trkpt>
      <trkpt lat="31.47230824605188" lon="120.25457972292382">
        <ele>7.6736768474802375</ele>
        <time>2025-01-05T10:09:37Z</time>
        <extensions>
          <gpxtpx:TrackPointExtension>
            <gpxtpx:hr>164</gpxtpx:hr>
          </gpxtpx:TrackPointExtension>
        </extensions>
      </trkpt>
      <trkpt lat="31.472331224500227" lon="120.25458335407453">
        <ele>7.666249472647905</ele>
        <time>2025-01-05T10:09:38Z</time>
        <extensions>
          <gpxtpx:TrackPointExtension>
            <gpxtpx:hr>164</gpxtpx:hr>
          </gpxtpx:TrackPointExtension>
        </extensions>
      </trkpt>
      <trkpt lat="31.47235402402592" lon="120.254588210413">
        <ele>7.697552192024887</ele>
        <time>2025-01-05T10:09:39Z</time>
        <extensions>
          <gpxtpx:TrackPointExtension>
            <gpxtpx:hr>164</gpxtpx:hr>
          </gpxtpx:TrackPointExtension>
        </extensions>
      </trkpt>
      <trkpt lat="31.472377525295876" lon="120.25459384317945">
        <ele>7.738375729881227</ele>
        <time>2025-01-05T10:09:40Z</time>
        <extensions>
          <gpxtpx:TrackPointExtension>
            <gpxtpx:hr>164</gpxtpx:hr>
          </gpxtpx:TrackPointExtension>
        </extensions>
      </trkpt>
      <trkpt lat="31.47239994035605" lon="120.25460012354195">
        <ele>7.770601348020136</ele>
        <time>2025-01-05T10:09:41Z</time>
        <extensions>
          <gpxtpx:TrackPointExtension>
            <gpxtpx:hr>164</gpxtpx:hr>
          </gpxtpx:TrackPointExtension>
        </extensions>
      </trkpt>
      <trkpt lat="31.47242043792031" lon="120.25460670156653">
        <ele>7.820808736607432</ele>
        <time>2025-01-05T10:09:42Z</time>
        <extensions>
          <gpxtpx:TrackPointExtension>
            <gpxtpx:hr>167</gpxtpx:hr>
          </gpxtpx:TrackPointExtension>
        </extensions>
      </trkpt>
      <trkpt lat="31.472441585791625" lon="120.25461246872926">
        <ele>7.875832078978419</ele>
        <time>2025-01-05T10:09:43Z</time>
        <extensions>
          <gpxtpx:TrackPointExtension>
            <gpxtpx:hr>167</gpxtpx:hr>
          </gpxtpx:TrackPointExtension>
        </extensions>
      </trkpt>
      <trkpt lat="31.47246415443108" lon="120.25461683197649">
        <ele>7.930987836793065</ele>
        <time>2025-01-05T10:09:44Z</time>
        <extensions>
          <gpxtpx:TrackPointExtension>
            <gpxtpx:hr>167</gpxtpx:hr>
          </gpxtpx:TrackPointExtension>
        </extensions>
      </trkpt>
      <trkpt lat="31.472487211646463" lon="120.25462179782284">
        <ele>7.993774817325175</ele>
        <time>2025-01-05T10:09:45Z</time>
        <extensions>
          <gpxtpx:TrackPointExtension>
            <gpxtpx:hr>168</gpxtpx:hr>
          </gpxtpx:TrackPointExtension>
        </extensions>
      </trkpt>
      <trkpt lat="31.472510535924094" lon="120.25462908637873">
        <ele>8.064458310604095</ele>
        <time>2025-01-05T10:09:46Z</time>
        <extensions>
          <gpxtpx:TrackPointExtension>
            <gpxtpx:hr>168</gpxtpx:hr>
          </gpxtpx:TrackPointExtension>
        </extensions>
      </trkpt>
      <trkpt lat="31.4725334073865" lon="120.25463586432154">
        <ele>8.146148382686079</ele>
        <time>2025-01-05T10:09:47Z</time>
        <extensions>
          <gpxtpx:TrackPointExtension>
            <gpxtpx:hr>168</gpxtpx:hr>
          </gpxtpx:TrackPointExtension>
        </extensions>
      </trkpt>
      <trkpt lat="31.472555043758685" lon="120.25464094666407">
        <ele>8.242777021601796</ele>
        <time>2025-01-05T10:09:48Z</time>
        <extensions>
          <gpxtpx:TrackPointExtension>
            <gpxtpx:hr>168</gpxtpx:hr>
          </gpxtpx:TrackPointExtension>
        </extensions>
      </trkpt>
      <trkpt lat="31.472577089274065" lon="120.25464659767502">
        <ele>8.33727205824107</ele>
        <time>2025-01-05T10:09:49Z</time>
        <extensions>
          <gpxtpx:TrackPointExtension>
            <gpxtpx:hr>168</gpxtpx:hr>
          </gpxtpx:TrackPointExtension>
        </extensions>
      </trkpt>
      <trkpt lat="31.47260050918621" lon="120.25465353980854">
        <ele>8.454838718287647</ele>
        <time>2025-01-05T10:09:50Z</time>
        <extensions>
          <gpxtpx:TrackPointExtension>
            <gpxtpx:hr>166</gpxtpx:hr>
          </gpxtpx:TrackPointExtension>
        </extensions>
      </trkpt>
      <trkpt lat="31.472622936817363" lon="120.25465988111206">
        <ele>8.554314675740898</ele>
        <time>2025-01-05T10:09:51Z</time>
        <extensions>
          <gpxtpx:TrackPointExtension>
            <gpxtpx:hr>166</gpxtpx:hr>
          </gpxtpx:TrackPointExtension>
        </extensions>
      </trkpt>
      <trkpt lat="31.472643440092913" lon="120.25466441483852">
        <ele>8.649199280887842</ele>
        <time>2025-01-05T10:09:52Z</time>
        <extensions>
          <gpxtpx:TrackPointExtension>
            <gpxtpx:hr>166</gpxtpx:hr>
          </gpxtpx:TrackPointExtension>
        </extensions>
      </trkpt>
      <trkpt lat="31.472663237463486" lon="120.25466820885038">
        <ele>8.74544454086572</ele>
        <time>2025-01-05T10:09:53Z</time>
        <extensions>
          <gpxtpx:TrackPointExtension>
            <gpxtpx:hr>166</gpxtpx:hr>
          </gpxtpx:TrackPointExtension>
        </extensions>
      </trkpt>
      <trkpt lat="31.472683243762173" lon="120.25467202172187">
        <ele>8.842624415643513</ele>
        <time>2025-01-05T10:09:54Z</time>
        <extensions>
          <gpxtpx:TrackPointExtension>
            <gpxtpx:hr>166</gpxtpx:hr>
          </gpxtpx:TrackPointExtension>
        </extensions>
      </trkpt>
      <trkpt lat="31.47270351303374" lon="120.25467599207121">
        <ele>8.940371535718441</ele>
        <time>2025-01-05T10:09:55Z</time>
        <extensions>
          <gpxtpx:TrackPointExtension>
            <gpxtpx:hr>166</gpxtpx:hr>
          </gpxtpx:TrackPointExtension>
        </extensions>
      </trkpt>
      <trkpt lat="31.472725623896128" lon="120.25468044008187">
        <ele>9.038288969546556</ele>
        <time>2025-01-05T10:09:56Z</time>
        <extensions>
          <gpxtpx:TrackPointExtension>
            <gpxtpx:hr>166</gpxtpx:hr>
          </gpxtpx:TrackPointExtension>
        </extensions>
      </trkpt>
      <trkpt lat="31.47274959597389" lon="120.25468480976495">
        <ele>9.135932747274637</ele>
        <time>2025-01-05T10:09:57Z</time>
        <extensions>
          <gpxtpx:TrackPointExtension>
            <gpxtpx:hr>167</gpxtpx:hr>
          </gpxtpx:TrackPointExtension>
        </extensions>
      </trkpt>
      <trkpt lat="31.472773285885886" lon="120.25468739311533">
        <ele>9.232863899320364</ele>
        <time>2025-01-05T10:09:58Z</time>
        <extensions>
          <gpxtpx:TrackPointExtension>
            <gpxtpx:hr>167</gpxtpx:hr>
          </gpxtpx:TrackPointExtension>
        </extensions>
      </trkpt>
      <trkpt lat="31.47279644010437" lon="120.25468826470488">
        <ele>9.32877168059349</ele>
        <time>2025-01-05T10:09:59Z</time>
        <extensions>
          <gpxtpx:TrackPointExtension>
            <gpxtpx:hr>167</gpxtpx:hr>
          </gpxtpx:TrackPointExtension>
        </extensions>
      </trkpt>
      <trkpt lat="31.472819013827348" lon="120.25468921777063">
        <ele>9.423566805198789</ele>
        <time>2025-01-05T10:10:00Z</time>
        <extensions>
          <gpxtpx:TrackPointExtension>
            <gpxtpx:hr>167</gpxtpx:hr>
          </gpxtpx:TrackPointExtension>
        </extensions>
      </trkpt>
      <trkpt lat="31.472838716455843" lon="120.25469042290388">
        <ele>9.51745726633817</ele>
        <time>2025-01-05T10:10:01Z</time>
        <extensions>
          <gpxtpx:TrackPointExtension>
            <gpxtpx:hr>167</gpxtpx:hr>
          </gpxtpx:TrackPointExtension>
        </extensions>
      </trkpt>
    </trkseg>
  </trk>
</gpx>