<?xml version="1.0" encoding="UTF-8"?>
<gpx xmlns="http://www.topografix.com/GPX/1/1" xmlns:gpxtpx="http://www.garmin.com/xmlschemas/TrackPointExtension/v1" xmlns:xsi="http://www.w3.org/2001/XMLSchema-instance" xsi:schemaLocation="http://www.topografix.com/GPX/1/1 http://www.topografix.com/GPX/1/1/gpx.xsd" version="1.1" creator="gpx.py -- https://github.com/tkrajina/gpxpy">
  <trk>
    <name>gpx from keep</name>
    <type>Ride</type>
    <trkseg>
      <trkpt lat="32.05261208782483" lon="118.79172776489091">
        <ele>0</ele>
        <time>2026-05-29T08:50:24Z</time>
      </trkpt>
      <trkpt lat="32.05260914975151" lon="118.79174285474191">
        <ele>0</ele>
        <time>2026-05-29T08:50:25Z</time>
      </trkpt>
      <trkpt lat="32.05260554804898" lon="118.79176021535561">
        <ele>0</ele>
        <time>2026-05-29T08:50:26Z</time>
      </trkpt>
      <trkpt lat="32.05260067308068" lon="118.79178139828791">
        <ele>0</ele>
        <time>2026-05-29T08:50:27Z</time>
      </trkpt>
      <trkpt lat="32.05259477220839" lon="118.79180532538196">
        <ele>0</ele>
        <time>2026-05-29T08:50:28Z</time>
      </trkpt>
      <trkpt lat="32.05258542187491" lon="118.79184238058465">
        <ele>0</ele>
        <time>2026-05-29T08:50:29Z</time>
      </trkpt>
      <trkpt lat="32.052579192762764" lon="118.79186725886515">
        <ele>0</ele>
        <time>2026-05-29T08:50:30Z</time>
      </trkpt>
      <trkpt lat="32.05257317146227" lon="118.79189249435652">
        <ele>0</ele>
        <time>2026-05-29T08:50:31Z</time>
      </trkpt>
      <trkpt lat="32.05256751499684" lon="118.79191829877857">
        <ele>0</ele>
        <time>2026-05-29T08:50:32Z</time>
      </trkpt>
      <trkpt lat="32.052561944406236" lon="118.79194453653297">
        <ele>0</ele>
        <time>2026-05-29T08:50:33Z</time>
      </trkpt>
      <trkpt lat="32.05255694749967" lon="118.79197113313549">
        <ele>0</ele>
        <time>2026-05-29T08:50:34Z</time>
      </trkpt>
      <trkpt lat="32.052553231796345" lon="118.79199830988388">
        <ele>0</ele>
        <time>2026-05-29T08:50:35Z</time>
      </trkpt>
      <trkpt lat="32.05254989994989" lon="118.79202618629459">
        <ele>0</ele>
        <time>2026-05-29T08:50:36Z</time>
      </trkpt>
      <trkpt lat="32.05254585799783" lon="118.79205517503213">
        <ele>0</ele>
        <time>2026-05-29T08:50:37Z</time>
      </trkpt>
      <trkpt lat="32.05254115557446" lon="118.7920857139431">
        <ele>0</ele>
        <time>2026-05-29T08:50:38Z</time>
        <extensions>
          <gpxtpx:TrackPointExtension>
            <gpxtpx:hr>119</gpxtpx:hr>
          </gpxtpx:TrackPointExtension>
        </extensions>
      </trkpt>
      <trkpt lat="32.052536401242826" lon="118.79211747134677">
        <ele>0</ele>
        <time>2026-05-29T08:50:39Z</time>
        <extensions>
          <gpxtpx:TrackPointExtension>
            <gpxtpx:hr>119</gpxtpx:hr>
          </gpxtpx:TrackPointExtension>
        </extensions>
      </trkpt>
      <trkpt lat="32.05253171989135" lon="118.79215052776301">
        <ele>0</ele>
        <time>2026-05-29T08:50:40Z</time>
        <extensions>
          <gpxtpx:TrackPointExtension>
            <gpxtpx:hr>119</gpxtpx:hr>
          </gpxtpx:TrackPointExtension>
        </extensions>
      </trkpt>
      <trkpt lat="32.0525268213566" lon="118.79218485259081">
        <ele>0</ele>
        <time>2026-05-29T08:50:41Z</time>
        <extensions>
          <gpxtpx:TrackPointExtension>
            <gpxtpx:hr>119</gpxtpx:hr>
          </gpxtpx:TrackPointExtension>
        </extensions>
      </trkpt>
      <trkpt lat="32.05252147944275" lon="118.79221952369105">
        <ele>0</ele>
        <time>2026-05-29T08:50:42Z</time>
        <extensions>
          <gpxtpx:TrackPointExtension>
            <gpxtpx:hr>119</gpxtpx:hr>
          </gpxtpx:TrackPointExtension>
        </extensions>
      </trkpt>
      <trkpt lat="32.05251568348763" lon="118.79225403544251">
        <ele>0</ele>
        <time>2026-05-29T08:50:43Z</time>
        <extensions>
          <gpxtpx:TrackPointExtension>
            <gpxtpx:hr>119</gpxtpx:hr>
          </gpxtpx:TrackPointExtension>
        </extensions>
      </trkpt>
      <trkpt lat="32.05250958032182" lon="118.79228808073377">
        <ele>0</ele>
        <time>2026-05-29T08:50:44Z</time>
        <extensions>
          <gpxtpx:TrackPointExtension>
            <gpxtpx:hr>119</gpxtpx:hr>
          </gpxtpx:TrackPointExtension>
        </extensions>
      </trkpt>
      <trkpt lat="32.05250332980473" lon="118.79232138619079">
        <ele>0</ele>
        <time>2026-05-29T08:50:45Z</time>
        <extensions>
          <gpxtpx:TrackPointExtension>
            <gpxtpx:hr>119</gpxtpx:hr>
          </gpxtpx:TrackPointExtension>
        </extensions>
      </trkpt>
      <trkpt lat="32.05249700503148" lon="118.79235383289513">
        <ele>0</ele>
        <time>2026-05-29T08:50:46Z</time>
        <extensions>
          <gpxtpx:TrackPointExtension>
            <gpxtpx:hr>119</gpxtpx:hr>
          </gpxtpx:TrackPointExtension>
        </extensions>
      </trkpt>
      <trkpt lat="32.052490569011546" lon="118.79238544355795">
        <ele>0</ele>
        <time>2026-05-29T08:50:47Z</time>
        <extensions>
          <gpxtpx:TrackPointExtension>
            <gpxtpx:hr>119</gpxtpx:hr>
          </gpxtpx:TrackPointExtension>
        </extensions>
      </trkpt>
      <trkpt lat="32.05248415462811" lon="118.79241659805022">
        <ele>0</ele>
        <time>2026-05-29T08:50:48Z</time>
        <extensions>
          <gpxtpx:TrackPointExtension>
            <gpxtpx:hr>119</gpxtpx:hr>
          </gpxtpx:TrackPointExtension>
        </extensions>
      </trkpt>
      <trkpt lat="32.05247792197729" lon="118.79244727149957">
        <ele>0</ele>
        <time>2026-05-29T08:50:49Z</time>
        <extensions>
          <gpxtpx:TrackPointExtension>
            <gpxtpx:hr>119</gpxtpx:hr>
          </gpxtpx:TrackPointExtension>
        </extensions>
      </trkpt>
      <trkpt lat="32.05247232069062" lon="118.79247702750617">
        <ele>0</ele>
        <time>2026-05-29T08:50:50Z</time>
        <extensions>
          <gpxtpx:TrackPointExtension>
            <gpxtpx:hr>122</gpxtpx:hr>
          </gpxtpx:TrackPointExtension>
        </extensions>
      </trkpt>
      <trkpt lat="32.05246844217262" lon="118.79250484423804">
        <ele>0</ele>
        <time>2026-05-29T08:50:51Z</time>
        <extensions>
          <gpxtpx:TrackPointExtension>
            <gpxtpx:hr>122</gpxtpx:hr>
          </gpxtpx:TrackPointExtension>
        </extensions>
      </trkpt>
      <trkpt lat="32.05246673702978" lon="118.79253049137459">
        <ele>0</ele>
        <time>2026-05-29T08:50:52Z</time>
        <extensions>
          <gpxtpx:TrackPointExtension>
            <gpxtpx:hr>122</gpxtpx:hr>
          </gpxtpx:TrackPointExtension>
        </extensions>
      </trkpt>
      <trkpt lat="32.05246607191538" lon="118.79255545389768">
        <ele>0</ele>
        <time>2026-05-29T08:50:53Z</time>
        <extensions>
          <gpxtpx:TrackPointExtension>
            <gpxtpx:hr>122</gpxtpx:hr>
          </gpxtpx:TrackPointExtension>
        </extensions>
      </trkpt>
      <trkpt lat="32.05246479060657" lon="118.79258034345885">
        <ele>0</ele>
        <time>2026-05-29T08:50:54Z</time>
        <extensions>
          <gpxtpx:TrackPointExtension>
            <gpxtpx:hr>124</gpxtpx:hr>
          </gpxtpx:TrackPointExtension>
        </extensions>
      </trkpt>
      <trkpt lat="32.0524619868805" lon="118.79260549100314">
        <ele>0</ele>
        <time>2026-05-29T08:50:55Z</time>
        <extensions>
          <gpxtpx:TrackPointExtension>
            <gpxtpx:hr>124</gpxtpx:hr>
          </gpxtpx:TrackPointExtension>
        </extensions>
      </trkpt>
      <trkpt lat="32.05245715972913" lon="118.79263254554849">
        <ele>0</ele>
        <time>2026-05-29T08:50:56Z</time>
        <extensions>
          <gpxtpx:TrackPointExtension>
            <gpxtpx:hr>124</gpxtpx:hr>
          </gpxtpx:TrackPointExtension>
        </extensions>
      </trkpt>
      <trkpt lat="32.052450244184065" lon="118.79266170528655">
        <ele>0</ele>
        <time>2026-05-29T08:50:57Z</time>
        <extensions>
          <gpxtpx:TrackPointExtension>
            <gpxtpx:hr>124</gpxtpx:hr>
          </gpxtpx:TrackPointExtension>
        </extensions>
      </trkpt>
      <trkpt lat="32.052442511851076" lon="118.79269218795808">
        <ele>0</ele>
        <time>2026-05-29T08:50:58Z</time>
        <extensions>
          <gpxtpx:TrackPointExtension>
            <gpxtpx:hr>123</gpxtpx:hr>
          </gpxtpx:TrackPointExtension>
        </extensions>
      </trkpt>
      <trkpt lat="32.05243554255037" lon="118.79272370139942">
        <ele>0</ele>
        <time>2026-05-29T08:50:59Z</time>
        <extensions>
          <gpxtpx:TrackPointExtension>
            <gpxtpx:hr>123</gpxtpx:hr>
          </gpxtpx:TrackPointExtension>
        </extensions>
      </trkpt>
      <trkpt lat="32.05242984002732" lon="118.79275588820978">
        <ele>0</ele>
        <time>2026-05-29T08:51:00Z</time>
        <extensions>
          <gpxtpx:TrackPointExtension>
            <gpxtpx:hr>123</gpxtpx:hr>
          </gpxtpx:TrackPointExtension>
        </extensions>
      </trkpt>
      <trkpt lat="32.05242488670819" lon="118.79278883318801">
        <ele>0</ele>
        <time>2026-05-29T08:51:01Z</time>
        <extensions>
          <gpxtpx:TrackPointExtension>
            <gpxtpx:hr>123</gpxtpx:hr>
          </gpxtpx:TrackPointExtension>
        </extensions>
      </trkpt>
      <trkpt lat="32.05241933961448" lon="118.7928234833337">
        <ele>0</ele>
        <time>2026-05-29T08:51:02Z</time>
        <extensions>
          <gpxtpx:TrackPointExtension>
            <gpxtpx:hr>123</gpxtpx:hr>
          </gpxtpx:TrackPointExtension>
        </extensions>
      </trkpt>
      <trkpt lat="32.05241270751166" lon="118.79285975013707">
        <ele>0</ele>
        <time>2026-05-29T08:51:03Z</time>
        <extensions>
          <gpxtpx:TrackPointExtension>
            <gpxtpx:hr>123</gpxtpx:hr>
          </gpxtpx:TrackPointExtension>
        </extensions>
      </trkpt>
      <trkpt lat="32.052405803802" lon="118.79289623680988">
        <ele>0</ele>
        <time>2026-05-29T08:51:04Z</time>
        <extensions>
          <gpxtpx:TrackPointExtension>
            <gpxtpx:hr>120</gpxtpx:hr>
          </gpxtpx:TrackPointExtension>
        </extensions>
      </trkpt>
      <trkpt lat="32.052399214892894" lon="118.7929324981888">
        <ele>0</ele>
        <time>2026-05-29T08:51:05Z</time>
        <extensions>
          <gpxtpx:TrackPointExtension>
            <gpxtpx:hr>120</gpxtpx:hr>
          </gpxtpx:TrackPointExtension>
        </extensions>
      </trkpt>
      <trkpt lat="32.05239360203364" lon="118.79296855144413">
        <ele>0</ele>
        <time>2026-05-29T08:51:06Z</time>
        <extensions>
          <gpxtpx:TrackPointExtension>
            <gpxtpx:hr>120</gpxtpx:hr>
          </gpxtpx:TrackPointExtension>
        </extensions>
      </trkpt>
      <trkpt lat="32.05238960905081" lon="118.79300422444051">
        <ele>0</ele>
        <time>2026-05-29T08:51:07Z</time>
        <extensions>
          <gpxtpx:TrackPointExtension>
            <gpxtpx:hr>120</gpxtpx:hr>
          </gpxtpx:TrackPointExtension>
        </extensions>
      </trkpt>
      <trkpt lat="32.05238735691213" lon="118.79303958883217">
        <ele>0</ele>
        <time>2026-05-29T08:51:08Z</time>
        <extensions>
          <gpxtpx:TrackPointExtension>
            <gpxtpx:hr>120</gpxtpx:hr>
          </gpxtpx:TrackPointExtension>
        </extensions>
      </trkpt>
      <trkpt lat="32.05238646571404" lon="118.79307462397348">
        <ele>0</ele>
        <time>2026-05-29T08:51:09Z</time>
        <extensions>
          <gpxtpx:TrackPointExtension>
            <gpxtpx:hr>122</gpxtpx:hr>
          </gpxtpx:TrackPointExtension>
        </extensions>
      </trkpt>
      <trkpt lat="32.052385918333286" lon="118.79310862280309">
        <ele>0</ele>
        <time>2026-05-29T08:51:10Z</time>
        <extensions>
          <gpxtpx:TrackPointExtension>
            <gpxtpx:hr>122</gpxtpx:hr>
          </gpxtpx:TrackPointExtension>
        </extensions>
      </trkpt>
      <trkpt lat="32.05238490100486" lon="118.79314101299852">
        <ele>0</ele>
        <time>2026-05-29T08:51:11Z</time>
        <extensions>
          <gpxtpx:TrackPointExtension>
            <gpxtpx:hr>122</gpxtpx:hr>
          </gpxtpx:TrackPointExtension>
        </extensions>
      </trkpt>
      <trkpt lat="32.052383057853255" lon="118.79317251742953">
        <ele>0</ele>
        <time>2026-05-29T08:51:12Z</time>
        <extensions>
          <gpxtpx:TrackPointExtension>
            <gpxtpx:hr>122</gpxtpx:hr>
          </gpxtpx:TrackPointExtension>
        </extensions>
      </trkpt>
      <trkpt lat="32.05238066997791" lon="118.79320485197123">
        <ele>0</ele>
        <time>2026-05-29T08:51:13Z</time>
        <extensions>
          <gpxtpx:TrackPointExtension>
            <gpxtpx:hr>122</gpxtpx:hr>
          </gpxtpx:TrackPointExtension>
        </extensions>
      </trkpt>
      <trkpt lat="32.05237806748898" lon="118.79323804957546">
        <ele>0</ele>
        <time>2026-05-29T08:51:14Z</time>
        <extensions>
          <gpxtpx:TrackPointExtension>
            <gpxtpx:hr>124</gpxtpx:hr>
          </gpxtpx:TrackPointExtension>
        </extensions>
      </trkpt>
      <trkpt lat="32.052375286174524" lon="118.79327147468037">
        <ele>0</ele>
        <time>2026-05-29T08:51:15Z</time>
        <extensions>
          <gpxtpx:TrackPointExtension>
            <gpxtpx:hr>124</gpxtpx:hr>
          </gpxtpx:TrackPointExtension>
        </extensions>
      </trkpt>
      <trkpt lat="32.052372220123075" lon="118.79330536688502">
        <ele>0</ele>
        <time>2026-05-29T08:51:16Z</time>
        <extensions>
          <gpxtpx:TrackPointExtension>
            <gpxtpx:hr>124</gpxtpx:hr>
          </gpxtpx:TrackPointExtension>
        </extensions>
      </trkpt>
      <trkpt lat="32.05236907008946" lon="118.79334052623238">
        <ele>0</ele>
        <time>2026-05-29T08:51:17Z</time>
        <extensions>
          <gpxtpx:TrackPointExtension>
            <gpxtpx:hr>124</gpxtpx:hr>
          </gpxtpx:TrackPointExtension>
        </extensions>
      </trkpt>
      <trkpt lat="32.05236588914543" lon="118.7933768812248">
        <ele>0</ele>
        <time>2026-05-29T08:51:18Z</time>
        <extensions>
          <gpxtpx:TrackPointExtension>
            <gpxtpx:hr>124</gpxtpx:hr>
          </gpxtpx:TrackPointExtension>
        </extensions>
      </trkpt>
      <trkpt lat="32.052362526476536" lon="118.79341368162117">
        <ele>0</ele>
        <time>2026-05-29T08:51:19Z</time>
        <extensions>
          <gpxtpx:TrackPointExtension>
            <gpxtpx:hr>122</gpxtpx:hr>
          </gpxtpx:TrackPointExtension>
        </extensions>
      </trkpt>
      <trkpt lat="32.05235925793565" lon="118.79345061371913">
        <ele>0</ele>
        <time>2026-05-29T08:51:20Z</time>
        <extensions>
          <gpxtpx:TrackPointExtension>
            <gpxtpx:hr>122</gpxtpx:hr>
          </gpxtpx:TrackPointExtension>
        </extensions>
      </trkpt>
      <trkpt lat="32.05235594021934" lon="118.79348784809771">
        <ele>0</ele>
        <time>2026-05-29T08:51:21Z</time>
        <extensions>
          <gpxtpx:TrackPointExtension>
            <gpxtpx:hr>122</gpxtpx:hr>
          </gpxtpx:TrackPointExtension>
        </extensions>
      </trkpt>
      <trkpt lat="32.05235218927233" lon="118.79352533762169">
        <ele>0</ele>
        <time>2026-05-29T08:51:22Z</time>
        <extensions>
          <gpxtpx:TrackPointExtension>
            <gpxtpx:hr>122</gpxtpx:hr>
          </gpxtpx:TrackPointExtension>
        </extensions>
      </trkpt>
      <trkpt lat="32.05234778288449" lon="118.79356290984038">
        <ele>0</ele>
        <time>2026-05-29T08:51:23Z</time>
        <extensions>
          <gpxtpx:TrackPointExtension>
            <gpxtpx:hr>122</gpxtpx:hr>
          </gpxtpx:TrackPointExtension>
        </extensions>
      </trkpt>
      <trkpt lat="32.05234261278586" lon="118.79359997402076">
        <ele>0</ele>
        <time>2026-05-29T08:51:24Z</time>
        <extensions>
          <gpxtpx:TrackPointExtension>
            <gpxtpx:hr>125</gpxtpx:hr>
          </gpxtpx:TrackPointExtension>
        </extensions>
      </trkpt>
      <trkpt lat="32.052336810631495" lon="118.79363631231232">
        <ele>0</ele>
        <time>2026-05-29T08:51:25Z</time>
        <extensions>
          <gpxtpx:TrackPointExtension>
            <gpxtpx:hr>125</gpxtpx:hr>
          </gpxtpx:TrackPointExtension>
        </extensions>
      </trkpt>
      <trkpt lat="32.05233113875521" lon="118.79367103837565">
        <ele>0</ele>
        <time>2026-05-29T08:51:26Z</time>
        <extensions>
          <gpxtpx:TrackPointExtension>
            <gpxtpx:hr>125</gpxtpx:hr>
          </gpxtpx:TrackPointExtension>
        </extensions>
      </trkpt>
      <trkpt lat="32.05232669857741" lon="118.79370269028348">
        <ele>0</ele>
        <time>2026-05-29T08:51:27Z</time>
        <extensions>
          <gpxtpx:TrackPointExtension>
            <gpxtpx:hr>125</gpxtpx:hr>
          </gpxtpx:TrackPointExtension>
        </extensions>
      </trkpt>
      <trkpt lat="32.052323621690704" lon="118.79373259543794">
        <ele>0</ele>
        <time>2026-05-29T08:51:28Z</time>
        <extensions>
          <gpxtpx:TrackPointExtension>
            <gpxtpx:hr>125</gpxtpx:hr>
          </gpxtpx:TrackPointExtension>
        </extensions>
      </trkpt>
      <trkpt lat="32.052321887160275" lon="118.79376190418182">
        <ele>0</ele>
        <time>2026-05-29T08:51:29Z</time>
        <extensions>
          <gpxtpx:TrackPointExtension>
            <gpxtpx:hr>124</gpxtpx:hr>
          </gpxtpx:TrackPointExtension>
        </extensions>
      </trkpt>
      <trkpt lat="32.05232177610279" lon="118.79378859848497">
        <ele>0</ele>
        <time>2026-05-29T08:51:30Z</time>
        <extensions>
          <gpxtpx:TrackPointExtension>
            <gpxtpx:hr>124</gpxtpx:hr>
          </gpxtpx:TrackPointExtension>
        </extensions>
      </trkpt>
      <trkpt lat="32.05232256422908" lon="118.79381153667777">
        <ele>0</ele>
        <time>2026-05-29T08:51:31Z</time>
        <extensions>
          <gpxtpx:TrackPointExtension>
            <gpxtpx:hr>124</gpxtpx:hr>
          </gpxtpx:TrackPointExtension>
        </extensions>
      </trkpt>
      <trkpt lat="32.05232305517585" lon="118.79383310548826">
        <ele>0</ele>
        <time>2026-05-29T08:51:32Z</time>
        <extensions>
          <gpxtpx:TrackPointExtension>
            <gpxtpx:hr>124</gpxtpx:hr>
          </gpxtpx:TrackPointExtension>
        </extensions>
      </trkpt>
      <trkpt lat="32.05232285982444" lon="118.7938558528215">
        <ele>0</ele>
        <time>2026-05-29T08:51:33Z</time>
        <extensions>
          <gpxtpx:TrackPointExtension>
            <gpxtpx:hr>124</gpxtpx:hr>
          </gpxtpx:TrackPointExtension>
        </extensions>
      </trkpt>
      <trkpt lat="32.05232223281973" lon="118.79387943445487">
        <ele>0</ele>
        <time>2026-05-29T08:51:34Z</time>
        <extensions>
          <gpxtpx:TrackPointExtension>
            <gpxtpx:hr>124</gpxtpx:hr>
          </gpxtpx:TrackPointExtension>
        </extensions>
      </trkpt>
      <trkpt lat="32.052320598881046" lon="118.79390354614304">
        <ele>0</ele>
        <time>2026-05-29T08:51:35Z</time>
        <extensions>
          <gpxtpx:TrackPointExtension>
            <gpxtpx:hr>124</gpxtpx:hr>
          </gpxtpx:TrackPointExtension>
        </extensions>
      </trkpt>
      <trkpt lat="32.05231728469366" lon="118.79392991013354">
        <ele>0</ele>
        <time>2026-05-29T08:51:36Z</time>
        <extensions>
          <gpxtpx:TrackPointExtension>
            <gpxtpx:hr>124</gpxtpx:hr>
          </gpxtpx:TrackPointExtension>
        </extensions>
      </trkpt>
      <trkpt lat="32.052312553787964" lon="118.79395978042653">
        <ele>0</ele>
        <time>2026-05-29T08:51:37Z</time>
        <extensions>
          <gpxtpx:TrackPointExtension>
            <gpxtpx:hr>124</gpxtpx:hr>
          </gpxtpx:TrackPointExtension>
        </extensions>
      </trkpt>
      <trkpt lat="32.05230751867435" lon="118.79399169241346">
        <ele>0</ele>
        <time>2026-05-29T08:51:38Z</time>
        <extensions>
          <gpxtpx:TrackPointExtension>
            <gpxtpx:hr>126</gpxtpx:hr>
          </gpxtpx:TrackPointExtension>
        </extensions>
      </trkpt>
      <trkpt lat="32.052303329049074" lon="118.79402396100464">
        <ele>0</ele>
        <time>2026-05-29T08:51:39Z</time>
        <extensions>
          <gpxtpx:TrackPointExtension>
            <gpxtpx:hr>126</gpxtpx:hr>
          </gpxtpx:TrackPointExtension>
        </extensions>
      </trkpt>
      <trkpt lat="32.05229984116265" lon="118.79405644569006">
        <ele>0</ele>
        <time>2026-05-29T08:51:40Z</time>
        <extensions>
          <gpxtpx:TrackPointExtension>
            <gpxtpx:hr>126</gpxtpx:hr>
          </gpxtpx:TrackPointExtension>
        </extensions>
      </trkpt>
      <trkpt lat="32.05229635996584" lon="118.79408898299712">
        <ele>0</ele>
        <time>2026-05-29T08:51:41Z</time>
        <extensions>
          <gpxtpx:TrackPointExtension>
            <gpxtpx:hr>126</gpxtpx:hr>
          </gpxtpx:TrackPointExtension>
        </extensions>
      </trkpt>
      <trkpt lat="32.0522934599967" lon="118.7941213986218">
        <ele>0</ele>
        <time>2026-05-29T08:51:42Z</time>
        <extensions>
          <gpxtpx:TrackPointExtension>
            <gpxtpx:hr>126</gpxtpx:hr>
          </gpxtpx:TrackPointExtension>
        </extensions>
      </trkpt>
      <trkpt lat="32.05229202252996" lon="118.79415383692768">
        <ele>0</ele>
        <time>2026-05-29T08:51:43Z</time>
        <extensions>
          <gpxtpx:TrackPointExtension>
            <gpxtpx:hr>126</gpxtpx:hr>
          </gpxtpx:TrackPointExtension>
        </extensions>
      </trkpt>
      <trkpt lat="32.052293074090926" lon="118.79418589807344">
        <ele>0</ele>
        <time>2026-05-29T08:51:44Z</time>
        <extensions>
          <gpxtpx:TrackPointExtension>
            <gpxtpx:hr>126</gpxtpx:hr>
          </gpxtpx:TrackPointExtension>
        </extensions>
      </trkpt>
      <trkpt lat="32.05229762878606" lon="118.79421724311855">
        <ele>0</ele>
        <time>2026-05-29T08:51:45Z</time>
        <extensions>
          <gpxtpx:TrackPointExtension>
            <gpxtpx:hr>126</gpxtpx:hr>
          </gpxtpx:TrackPointExtension>
        </extensions>
      </trkpt>
      <trkpt lat="32.05230603062472" lon="118.79424723938699">
        <ele>0</ele>
        <time>2026-05-29T08:51:46Z</time>
        <extensions>
          <gpxtpx:TrackPointExtension>
            <gpxtpx:hr>126</gpxtpx:hr>
          </gpxtpx:TrackPointExtension>
        </extensions>
      </trkpt>
      <trkpt lat="32.05231903889967" lon="118.79427412156228">
        <ele>0</ele>
        <time>2026-05-29T08:51:47Z</time>
        <extensions>
          <gpxtpx:TrackPointExtension>
            <gpxtpx:hr>126</gpxtpx:hr>
          </gpxtpx:TrackPointExtension>
        </extensions>
      </trkpt>
      <trkpt lat="32.0523365742893" lon="118.79429700295027">
        <ele>0</ele>
        <time>2026-05-29T08:51:48Z</time>
        <extensions>
          <gpxtpx:TrackPointExtension>
            <gpxtpx:hr>126</gpxtpx:hr>
          </gpxtpx:TrackPointExtension>
        </extensions>
      </trkpt>
      <trkpt lat="32.05235777891133" lon="118.79431537784342">
        <ele>0</ele>
        <time>2026-05-29T08:51:49Z</time>
        <extensions>
          <gpxtpx:TrackPointExtension>
            <gpxtpx:hr>126</gpxtpx:hr>
          </gpxtpx:TrackPointExtension>
        </extensions>
      </trkpt>
      <trkpt lat="32.05238193117954" lon="118.794329956713">
        <ele>0</ele>
        <time>2026-05-29T08:51:50Z</time>
        <extensions>
          <gpxtpx:TrackPointExtension>
            <gpxtpx:hr>126</gpxtpx:hr>
          </gpxtpx:TrackPointExtension>
        </extensions>
      </trkpt>
      <trkpt lat="32.052407725397025" lon="118.7943427477258">
        <ele>0</ele>
        <time>2026-05-29T08:51:51Z</time>
        <extensions>
          <gpxtpx:TrackPointExtension>
            <gpxtpx:hr>126</gpxtpx:hr>
          </gpxtpx:TrackPointExtension>
        </extensions>
      </trkpt>
      <trkpt lat="32.05243399784806" lon="118.79435471974578">
        <ele>0</ele>
        <time>2026-05-29T08:51:52Z</time>
        <extensions>
          <gpxtpx:TrackPointExtension>
            <gpxtpx:hr>126</gpxtpx:hr>
          </gpxtpx:TrackPointExtension>
        </extensions>
      </trkpt>
      <trkpt lat="32.05246046024229" lon="118.79436606849612">
        <ele>0</ele>
        <time>2026-05-29T08:51:53Z</time>
        <extensions>
          <gpxtpx:TrackPointExtension>
            <gpxtpx:hr>126</gpxtpx:hr>
          </gpxtpx:TrackPointExtension>
        </extensions>
      </trkpt>
      <trkpt lat="32.052487000905344" lon="118.7943769997131">
        <ele>0</ele>
        <time>2026-05-29T08:51:54Z</time>
        <extensions>
          <gpxtpx:TrackPointExtension>
            <gpxtpx:hr>124</gpxtpx:hr>
          </gpxtpx:TrackPointExtension>
        </extensions>
      </trkpt>
      <trkpt lat="32.05251376207938" lon="118.79438739725921">
        <ele>0</ele>
        <time>2026-05-29T08:51:55Z</time>
        <extensions>
          <gpxtpx:TrackPointExtension>
            <gpxtpx:hr>124</gpxtpx:hr>
          </gpxtpx:TrackPointExtension>
        </extensions>
      </trkpt>
      <trkpt lat="32.05254125769054" lon="118.79439735216106">
        <ele>0</ele>
        <time>2026-05-29T08:51:56Z</time>
        <extensions>
          <gpxtpx:TrackPointExtension>
            <gpxtpx:hr>124</gpxtpx:hr>
          </gpxtpx:TrackPointExtension>
        </extensions>
      </trkpt>
      <trkpt lat="32.05256965667987" lon="118.79440809088472">
        <ele>0</ele>
        <time>2026-05-29T08:51:57Z</time>
        <extensions>
          <gpxtpx:TrackPointExtension>
            <gpxtpx:hr>122</gpxtpx:hr>
          </gpxtpx:TrackPointExtension>
        </extensions>
      </trkpt>
      <trkpt lat="32.05259864591949" lon="118.79441971415528">
        <ele>0</ele>
        <time>2026-05-29T08:51:58Z</time>
        <extensions>
          <gpxtpx:TrackPointExtension>
            <gpxtpx:hr>122</gpxtpx:hr>
          </gpxtpx:TrackPointExtension>
        </extensions>
      </trkpt>
      <trkpt lat="32.05262770712574" lon="118.79443169408272">
        <ele>0</ele>
        <time>2026-05-29T08:51:59Z</time>
        <extensions>
          <gpxtpx:TrackPointExtension>
            <gpxtpx:hr>122</gpxtpx:hr>
          </gpxtpx:TrackPointExtension>
        </extensions>
      </trkpt>
      <trkpt lat="32.05265632936546" lon="118.79444443539754">
        <ele>0</ele>
        <time>2026-05-29T08:52:00Z</time>
        <extensions>
          <gpxtpx:TrackPointExtension>
            <gpxtpx:hr>122</gpxtpx:hr>
          </gpxtpx:TrackPointExtension>
        </extensions>
      </trkpt>
      <trkpt lat="32.05268469033323" lon="118.79445785259392">
        <ele>0</ele>
        <time>2026-05-29T08:52:01Z</time>
        <extensions>
          <gpxtpx:TrackPointExtension>
            <gpxtpx:hr>122</gpxtpx:hr>
          </gpxtpx:TrackPointExtension>
        </extensions>
      </trkpt>
      <trkpt lat="32.05271356470467" lon="118.79447082328377">
        <ele>0</ele>
        <time>2026-05-29T08:52:02Z</time>
        <extensions>
          <gpxtpx:TrackPointExtension>
            <gpxtpx:hr>122</gpxtpx:hr>
          </gpxtpx:TrackPointExtension>
        </extensions>
      </trkpt>
      <trkpt lat="32.05274256410317" lon="118.79448321728782">
        <ele>0</ele>
        <time>2026-05-29T08:52:03Z</time>
        <extensions>
          <gpxtpx:TrackPointExtension>
            <gpxtpx:hr>123</gpxtpx:hr>
          </gpxtpx:TrackPointExtension>
        </extensions>
      </trkpt>
      <trkpt lat="32.052770465822796" lon="118.79449582456681">
        <ele>0</ele>
        <time>2026-05-29T08:52:04Z</time>
        <extensions>
          <gpxtpx:TrackPointExtension>
            <gpxtpx:hr>123</gpxtpx:hr>
          </gpxtpx:TrackPointExtension>
        </extensions>
      </trkpt>
      <trkpt lat="32.05279587136081" lon="118.7945092517057">
        <ele>0</ele>
        <time>2026-05-29T08:52:05Z</time>
        <extensions>
          <gpxtpx:TrackPointExtension>
            <gpxtpx:hr>123</gpxtpx:hr>
          </gpxtpx:TrackPointExtension>
        </extensions>
      </trkpt>
      <trkpt lat="32.05281664470177" lon="118.7945240447544">
        <ele>0</ele>
        <time>2026-05-29T08:52:06Z</time>
        <extensions>
          <gpxtpx:TrackPointExtension>
            <gpxtpx:hr>123</gpxtpx:hr>
          </gpxtpx:TrackPointExtension>
        </extensions>
      </trkpt>
      <trkpt lat="32.05283116641837" lon="118.79453960109367">
        <ele>0</ele>
        <time>2026-05-29T08:52:07Z</time>
        <extensions>
          <gpxtpx:TrackPointExtension>
            <gpxtpx:hr>123</gpxtpx:hr>
          </gpxtpx:TrackPointExtension>
        </extensions>
      </trkpt>
      <trkpt lat="32.05283956257315" lon="118.79455627640195">
        <ele>0</ele>
        <time>2026-05-29T08:52:08Z</time>
        <extensions>
          <gpxtpx:TrackPointExtension>
            <gpxtpx:hr>123</gpxtpx:hr>
          </gpxtpx:TrackPointExtension>
        </extensions>
      </trkpt>
      <trkpt lat="32.05284230964919" lon="118.794574800242">
        <ele>0</ele>
        <time>2026-05-29T08:52:09Z</time>
        <extensions>
          <gpxtpx:TrackPointExtension>
            <gpxtpx:hr>123</gpxtpx:hr>
          </gpxtpx:TrackPointExtension>
        </extensions>
      </trkpt>
      <trkpt lat="32.05284156102802" lon="118.79460079950344">
        <ele>0</ele>
        <time>2026-05-29T08:52:10Z</time>
        <extensions>
          <gpxtpx:TrackPointExtension>
            <gpxtpx:hr>123</gpxtpx:hr>
          </gpxtpx:TrackPointExtension>
        </extensions>
      </trkpt>
      <trkpt lat="32.05284072647322" lon="118.79463417651273">
        <ele>0</ele>
        <time>2026-05-29T08:52:11Z</time>
        <extensions>
          <gpxtpx:TrackPointExtension>
            <gpxtpx:hr>123</gpxtpx:hr>
          </gpxtpx:TrackPointExtension>
        </extensions>
      </trkpt>
      <trkpt lat="32.05284312568529" lon="118.7946650792486">
        <ele>0</ele>
        <time>2026-05-29T08:52:12Z</time>
        <extensions>
          <gpxtpx:TrackPointExtension>
            <gpxtpx:hr>123</gpxtpx:hr>
          </gpxtpx:TrackPointExtension>
        </extensions>
      </trkpt>
      <trkpt lat="32.052852246589325" lon="118.79468981571877">
        <ele>0</ele>
        <time>2026-05-29T08:52:13Z</time>
        <extensions>
          <gpxtpx:TrackPointExtension>
            <gpxtpx:hr>124</gpxtpx:hr>
          </gpxtpx:TrackPointExtension>
        </extensions>
      </trkpt>
      <trkpt lat="32.05286932812019" lon="118.79470649822407">
        <ele>0</ele>
        <time>2026-05-29T08:52:14Z</time>
        <extensions>
          <gpxtpx:TrackPointExtension>
            <gpxtpx:hr>124</gpxtpx:hr>
          </gpxtpx:TrackPointExtension>
        </extensions>
      </trkpt>
      <trkpt lat="32.05289213554335" lon="118.7947173195325">
        <ele>0</ele>
        <time>2026-05-29T08:52:15Z</time>
        <extensions>
          <gpxtpx:TrackPointExtension>
            <gpxtpx:hr>124</gpxtpx:hr>
          </gpxtpx:TrackPointExtension>
        </extensions>
      </trkpt>
      <trkpt lat="32.05291823353746" lon="118.79472769833983">
        <ele>0</ele>
        <time>2026-05-29T08:52:16Z</time>
        <extensions>
          <gpxtpx:TrackPointExtension>
            <gpxtpx:hr>125</gpxtpx:hr>
          </gpxtpx:TrackPointExtension>
        </extensions>
      </trkpt>
      <trkpt lat="32.05294666178739" lon="118.79473890450025">
        <ele>0</ele>
        <time>2026-05-29T08:52:17Z</time>
        <extensions>
          <gpxtpx:TrackPointExtension>
            <gpxtpx:hr>125</gpxtpx:hr>
          </gpxtpx:TrackPointExtension>
        </extensions>
      </trkpt>
      <trkpt lat="32.05297622676969" lon="118.79475040467246">
        <ele>0</ele>
        <time>2026-05-29T08:52:18Z</time>
        <extensions>
          <gpxtpx:TrackPointExtension>
            <gpxtpx:hr>125</gpxtpx:hr>
          </gpxtpx:TrackPointExtension>
        </extensions>
      </trkpt>
      <trkpt lat="32.05300616124182" lon="118.79476153991918">
        <ele>0</ele>
        <time>2026-05-29T08:52:19Z</time>
        <extensions>
          <gpxtpx:TrackPointExtension>
            <gpxtpx:hr>125</gpxtpx:hr>
          </gpxtpx:TrackPointExtension>
        </extensions>
      </trkpt>
      <trkpt lat="32.053036116634786" lon="118.79477199551309">
        <ele>0</ele>
        <time>2026-05-29T08:52:20Z</time>
        <extensions>
          <gpxtpx:TrackPointExtension>
            <gpxtpx:hr>125</gpxtpx:hr>
          </gpxtpx:TrackPointExtension>
        </extensions>
      </trkpt>
      <trkpt lat="32.05306597077296" lon="118.79478202133984">
        <ele>0</ele>
        <time>2026-05-29T08:52:21Z</time>
        <extensions>
          <gpxtpx:TrackPointExtension>
            <gpxtpx:hr>125</gpxtpx:hr>
          </gpxtpx:TrackPointExtension>
        </extensions>
      </trkpt>
      <trkpt lat="32.05309573988171" lon="118.79479185813203">
        <ele>0</ele>
        <time>2026-05-29T08:52:22Z</time>
        <extensions>
          <gpxtpx:TrackPointExtension>
            <gpxtpx:hr>125</gpxtpx:hr>
          </gpxtpx:TrackPointExtension>
        </extensions>
      </trkpt>
      <trkpt lat="32.05312545368193" lon="118.79480156562661">
        <ele>0</ele>
        <time>2026-05-29T08:52:23Z</time>
        <extensions>
          <gpxtpx:TrackPointExtension>
            <gpxtpx:hr>124</gpxtpx:hr>
          </gpxtpx:TrackPointExtension>
        </extensions>
      </trkpt>
      <trkpt lat="32.053155128462365" lon="118.79481154941526">
        <ele>0</ele>
        <time>2026-05-29T08:52:24Z</time>
        <extensions>
          <gpxtpx:TrackPointExtension>
            <gpxtpx:hr>124</gpxtpx:hr>
          </gpxtpx:TrackPointExtension>
        </extensions>
      </trkpt>
      <trkpt lat="32.053184465740785" lon="118.79482183869534">
        <ele>0</ele>
        <time>2026-05-29T08:52:25Z</time>
        <extensions>
          <gpxtpx:TrackPointExtension>
            <gpxtpx:hr>124</gpxtpx:hr>
          </gpxtpx:TrackPointExtension>
        </extensions>
      </trkpt>
      <trkpt lat="32.053212966677535" lon="118.79483183802292">
        <ele>0</ele>
        <time>2026-05-29T08:52:26Z</time>
        <extensions>
          <gpxtpx:TrackPointExtension>
            <gpxtpx:hr>124</gpxtpx:hr>
          </gpxtpx:TrackPointExtension>
        </extensions>
      </trkpt>
      <trkpt lat="32.05324078297126" lon="118.7948411138714">
        <ele>0</ele>
        <time>2026-05-29T08:52:27Z</time>
        <extensions>
          <gpxtpx:TrackPointExtension>
            <gpxtpx:hr>124</gpxtpx:hr>
          </gpxtpx:TrackPointExtension>
        </extensions>
      </trkpt>
      <trkpt lat="32.05326848270549" lon="118.79484960236051">
        <ele>0</ele>
        <time>2026-05-29T08:52:28Z</time>
        <extensions>
          <gpxtpx:TrackPointExtension>
            <gpxtpx:hr>124</gpxtpx:hr>
          </gpxtpx:TrackPointExtension>
        </extensions>
      </trkpt>
      <trkpt lat="32.05329604090788" lon="118.79485774413382">
        <ele>0</ele>
        <time>2026-05-29T08:52:29Z</time>
        <extensions>
          <gpxtpx:TrackPointExtension>
            <gpxtpx:hr>124</gpxtpx:hr>
          </gpxtpx:TrackPointExtension>
        </extensions>
      </trkpt>
      <trkpt lat="32.05332307324566" lon="118.79486635262288">
        <ele>0</ele>
        <time>2026-05-29T08:52:30Z</time>
        <extensions>
          <gpxtpx:TrackPointExtension>
            <gpxtpx:hr>126</gpxtpx:hr>
          </gpxtpx:TrackPointExtension>
        </extensions>
      </trkpt>
      <trkpt lat="32.05334972448489" lon="118.79487584679559">
        <ele>0</ele>
        <time>2026-05-29T08:52:31Z</time>
        <extensions>
          <gpxtpx:TrackPointExtension>
            <gpxtpx:hr>126</gpxtpx:hr>
          </gpxtpx:TrackPointExtension>
        </extensions>
      </trkpt>
      <trkpt lat="32.053376782431364" lon="118.79488637631806">
        <ele>0</ele>
        <time>2026-05-29T08:52:32Z</time>
        <extensions>
          <gpxtpx:TrackPointExtension>
            <gpxtpx:hr>126</gpxtpx:hr>
          </gpxtpx:TrackPointExtension>
        </extensions>
      </trkpt>
      <trkpt lat="32.05340389843779" lon="118.7948967780732">
        <ele>0</ele>
        <time>2026-05-29T08:52:33Z</time>
        <extensions>
          <gpxtpx:TrackPointExtension>
            <gpxtpx:hr>125</gpxtpx:hr>
          </gpxtpx:TrackPointExtension>
        </extensions>
      </trkpt>
      <trkpt lat="32.053427652610026" lon="118.79490449729812">
        <ele>0</ele>
        <time>2026-05-29T08:52:34Z</time>
        <extensions>
          <gpxtpx:TrackPointExtension>
            <gpxtpx:hr>125</gpxtpx:hr>
          </gpxtpx:TrackPointExtension>
        </extensions>
      </trkpt>
      <trkpt lat="32.05344521081718" lon="118.7949089110775">
        <ele>0</ele>
        <time>2026-05-29T08:52:35Z</time>
        <extensions>
          <gpxtpx:TrackPointExtension>
            <gpxtpx:hr>125</gpxtpx:hr>
          </gpxtpx:TrackPointExtension>
        </extensions>
      </trkpt>
      <trkpt lat="32.05345923347381" lon="118.79491246408458">
        <ele>0</ele>
        <time>2026-05-29T08:52:36Z</time>
        <extensions>
          <gpxtpx:TrackPointExtension>
            <gpxtpx:hr>125</gpxtpx:hr>
          </gpxtpx:TrackPointExtension>
        </extensions>
      </trkpt>
      <trkpt lat="32.05347338105853" lon="118.79491621351009">
        <ele>0</ele>
        <time>2026-05-29T08:52:37Z</time>
        <extensions>
          <gpxtpx:TrackPointExtension>
            <gpxtpx:hr>125</gpxtpx:hr>
          </gpxtpx:TrackPointExtension>
        </extensions>
      </trkpt>
      <trkpt lat="32.05348831098181" lon="118.79491822898179">
        <ele>0</ele>
        <time>2026-05-29T08:52:38Z</time>
        <extensions>
          <gpxtpx:TrackPointExtension>
            <gpxtpx:hr>124</gpxtpx:hr>
          </gpxtpx:TrackPointExtension>
        </extensions>
      </trkpt>
      <trkpt lat="32.053503382710694" lon="118.79491974641753">
        <ele>0</ele>
        <time>2026-05-29T08:52:39Z</time>
        <extensions>
          <gpxtpx:TrackPointExtension>
            <gpxtpx:hr>124</gpxtpx:hr>
          </gpxtpx:TrackPointExtension>
        </extensions>
      </trkpt>
      <trkpt lat="32.05351786437397" lon="118.79492280405684">
        <ele>0</ele>
        <time>2026-05-29T08:52:40Z</time>
        <extensions>
          <gpxtpx:TrackPointExtension>
            <gpxtpx:hr>124</gpxtpx:hr>
          </gpxtpx:TrackPointExtension>
        </extensions>
      </trkpt>
      <trkpt lat="32.05353210510116" lon="118.79492665322829">
        <ele>0</ele>
        <time>2026-05-29T08:52:41Z</time>
        <extensions>
          <gpxtpx:TrackPointExtension>
            <gpxtpx:hr>124</gpxtpx:hr>
          </gpxtpx:TrackPointExtension>
        </extensions>
      </trkpt>
      <trkpt lat="32.05354798285969" lon="118.79492975176082">
        <ele>0</ele>
        <time>2026-05-29T08:52:42Z</time>
        <extensions>
          <gpxtpx:TrackPointExtension>
            <gpxtpx:hr>124</gpxtpx:hr>
          </gpxtpx:TrackPointExtension>
        </extensions>
      </trkpt>
      <trkpt lat="32.0535659047407" lon="118.79493196919964">
        <ele>0</ele>
        <time>2026-05-29T08:52:43Z</time>
        <extensions>
          <gpxtpx:TrackPointExtension>
            <gpxtpx:hr>124</gpxtpx:hr>
          </gpxtpx:TrackPointExtension>
        </extensions>
      </trkpt>
      <trkpt lat="32.05358602365759" lon="118.7949353069064">
        <ele>0</ele>
        <time>2026-05-29T08:52:44Z</time>
        <extensions>
          <gpxtpx:TrackPointExtension>
            <gpxtpx:hr>124</gpxtpx:hr>
          </gpxtpx:TrackPointExtension>
        </extensions>
      </trkpt>
      <trkpt lat="32.05360902436505" lon="118.79494076149027">
        <ele>0</ele>
        <time>2026-05-29T08:52:45Z</time>
        <extensions>
          <gpxtpx:TrackPointExtension>
            <gpxtpx:hr>124</gpxtpx:hr>
          </gpxtpx:TrackPointExtension>
        </extensions>
      </trkpt>
      <trkpt lat="32.053633939652734" lon="118.79494829174584">
        <ele>0</ele>
        <time>2026-05-29T08:52:46Z</time>
        <extensions>
          <gpxtpx:TrackPointExtension>
            <gpxtpx:hr>124</gpxtpx:hr>
          </gpxtpx:TrackPointExtension>
        </extensions>
      </trkpt>
      <trkpt lat="32.05365985333458" lon="118.79495715002928">
        <ele>0</ele>
        <time>2026-05-29T08:52:47Z</time>
        <extensions>
          <gpxtpx:TrackPointExtension>
            <gpxtpx:hr>124</gpxtpx:hr>
          </gpxtpx:TrackPointExtension>
        </extensions>
      </trkpt>
      <trkpt lat="32.05368619087506" lon="118.79496610626188">
        <ele>0</ele>
        <time>2026-05-29T08:52:48Z</time>
        <extensions>
          <gpxtpx:TrackPointExtension>
            <gpxtpx:hr>124</gpxtpx:hr>
          </gpxtpx:TrackPointExtension>
        </extensions>
      </trkpt>
      <trkpt lat="32.053713029125575" lon="118.79497456361827">
        <ele>0</ele>
        <time>2026-05-29T08:52:49Z</time>
        <extensions>
          <gpxtpx:TrackPointExtension>
            <gpxtpx:hr>124</gpxtpx:hr>
          </gpxtpx:TrackPointExtension>
        </extensions>
      </trkpt>
      <trkpt lat="32.05374052211537" lon="118.79498246139076">
        <ele>0</ele>
        <time>2026-05-29T08:52:50Z</time>
        <extensions>
          <gpxtpx:TrackPointExtension>
            <gpxtpx:hr>124</gpxtpx:hr>
          </gpxtpx:TrackPointExtension>
        </extensions>
      </trkpt>
      <trkpt lat="32.053768296498205" lon="118.79499011673728">
        <ele>0</ele>
        <time>2026-05-29T08:52:51Z</time>
        <extensions>
          <gpxtpx:TrackPointExtension>
            <gpxtpx:hr>123</gpxtpx:hr>
          </gpxtpx:TrackPointExtension>
        </extensions>
      </trkpt>
      <trkpt lat="32.053796445803755" lon="118.7949979139465">
        <ele>0</ele>
        <time>2026-05-29T08:52:52Z</time>
        <extensions>
          <gpxtpx:TrackPointExtension>
            <gpxtpx:hr>123</gpxtpx:hr>
          </gpxtpx:TrackPointExtension>
        </extensions>
      </trkpt>
      <trkpt lat="32.053825020453594" lon="118.79500594198646">
        <ele>0</ele>
        <time>2026-05-29T08:52:53Z</time>
        <extensions>
          <gpxtpx:TrackPointExtension>
            <gpxtpx:hr>123</gpxtpx:hr>
          </gpxtpx:TrackPointExtension>
        </extensions>
      </trkpt>
      <trkpt lat="32.05385408180241" lon="118.79501423965628">
        <ele>0</ele>
        <time>2026-05-29T08:52:54Z</time>
        <extensions>
          <gpxtpx:TrackPointExtension>
            <gpxtpx:hr>123</gpxtpx:hr>
          </gpxtpx:TrackPointExtension>
        </extensions>
      </trkpt>
      <trkpt lat="32.05388315153495" lon="118.79502231249751">
        <ele>0</ele>
        <time>2026-05-29T08:52:55Z</time>
        <extensions>
          <gpxtpx:TrackPointExtension>
            <gpxtpx:hr>123</gpxtpx:hr>
          </gpxtpx:TrackPointExtension>
        </extensions>
      </trkpt>
      <trkpt lat="32.05391166785438" lon="118.79502962279088">
        <ele>0</ele>
        <time>2026-05-29T08:52:56Z</time>
        <extensions>
          <gpxtpx:TrackPointExtension>
            <gpxtpx:hr>123</gpxtpx:hr>
          </gpxtpx:TrackPointExtension>
        </extensions>
      </trkpt>
      <trkpt lat="32.0539397841114" lon="118.79503656406797">
        <ele>0</ele>
        <time>2026-05-29T08:52:57Z</time>
        <extensions>
          <gpxtpx:TrackPointExtension>
            <gpxtpx:hr>123</gpxtpx:hr>
          </gpxtpx:TrackPointExtension>
        </extensions>
      </trkpt>
      <trkpt lat="32.05396797299227" lon="118.79504467182801">
        <ele>0</ele>
        <time>2026-05-29T08:52:58Z</time>
        <extensions>
          <gpxtpx:TrackPointExtension>
            <gpxtpx:hr>123</gpxtpx:hr>
          </gpxtpx:TrackPointExtension>
        </extensions>
      </trkpt>
      <trkpt lat="32.053996553648425" lon="118.79505458225402">
        <ele>0</ele>
        <time>2026-05-29T08:52:59Z</time>
        <extensions>
          <gpxtpx:TrackPointExtension>
            <gpxtpx:hr>123</gpxtpx:hr>
          </gpxtpx:TrackPointExtension>
        </extensions>
      </trkpt>
      <trkpt lat="32.05402534159661" lon="118.79506553243367">
        <ele>0</ele>
        <time>2026-05-29T08:53:00Z</time>
        <extensions>
          <gpxtpx:TrackPointExtension>
            <gpxtpx:hr>123</gpxtpx:hr>
          </gpxtpx:TrackPointExtension>
        </extensions>
      </trkpt>
      <trkpt lat="32.0540544226459" lon="118.79507707722874">
        <ele>0</ele>
        <time>2026-05-29T08:53:01Z</time>
        <extensions>
          <gpxtpx:TrackPointExtension>
            <gpxtpx:hr>123</gpxtpx:hr>
          </gpxtpx:TrackPointExtension>
        </extensions>
      </trkpt>
      <trkpt lat="32.05408383107037" lon="118.7950893684791">
        <ele>0</ele>
        <time>2026-05-29T08:53:02Z</time>
        <extensions>
          <gpxtpx:TrackPointExtension>
            <gpxtpx:hr>123</gpxtpx:hr>
          </gpxtpx:TrackPointExtension>
        </extensions>
      </trkpt>
      <trkpt lat="32.054113495316486" lon="118.7951024356344">
        <ele>0</ele>
        <time>2026-05-29T08:53:03Z</time>
        <extensions>
          <gpxtpx:TrackPointExtension>
            <gpxtpx:hr>124</gpxtpx:hr>
          </gpxtpx:TrackPointExtension>
        </extensions>
      </trkpt>
      <trkpt lat="32.05414320466561" lon="118.79511579699187">
        <ele>0</ele>
        <time>2026-05-29T08:53:04Z</time>
        <extensions>
          <gpxtpx:TrackPointExtension>
            <gpxtpx:hr>124</gpxtpx:hr>
          </gpxtpx:TrackPointExtension>
        </extensions>
      </trkpt>
      <trkpt lat="32.05417288898257" lon="118.7951288617093">
        <ele>0</ele>
        <time>2026-05-29T08:53:05Z</time>
        <extensions>
          <gpxtpx:TrackPointExtension>
            <gpxtpx:hr>124</gpxtpx:hr>
          </gpxtpx:TrackPointExtension>
        </extensions>
      </trkpt>
      <trkpt lat="32.0542031120848" lon="118.79514129083078">
        <ele>0</ele>
        <time>2026-05-29T08:53:06Z</time>
        <extensions>
          <gpxtpx:TrackPointExtension>
            <gpxtpx:hr>124</gpxtpx:hr>
          </gpxtpx:TrackPointExtension>
        </extensions>
      </trkpt>
      <trkpt lat="32.05423390008266" lon="118.79515355346167">
        <ele>0</ele>
        <time>2026-05-29T08:53:07Z</time>
        <extensions>
          <gpxtpx:TrackPointExtension>
            <gpxtpx:hr>124</gpxtpx:hr>
          </gpxtpx:TrackPointExtension>
        </extensions>
      </trkpt>
      <trkpt lat="32.054264710978465" lon="118.79516682105913">
        <ele>0</ele>
        <time>2026-05-29T08:53:08Z</time>
        <extensions>
          <gpxtpx:TrackPointExtension>
            <gpxtpx:hr>124</gpxtpx:hr>
          </gpxtpx:TrackPointExtension>
        </extensions>
      </trkpt>
      <trkpt lat="32.05429529305092" lon="118.79518154344623">
        <ele>0</ele>
        <time>2026-05-29T08:53:09Z</time>
        <extensions>
          <gpxtpx:TrackPointExtension>
            <gpxtpx:hr>123</gpxtpx:hr>
          </gpxtpx:TrackPointExtension>
        </extensions>
      </trkpt>
      <trkpt lat="32.054326017976905" lon="118.79519697209321">
        <ele>0</ele>
        <time>2026-05-29T08:53:10Z</time>
        <extensions>
          <gpxtpx:TrackPointExtension>
            <gpxtpx:hr>123</gpxtpx:hr>
          </gpxtpx:TrackPointExtension>
        </extensions>
      </trkpt>
      <trkpt lat="32.05435695476373" lon="118.79521233755436">
        <ele>0</ele>
        <time>2026-05-29T08:53:11Z</time>
        <extensions>
          <gpxtpx:TrackPointExtension>
            <gpxtpx:hr>123</gpxtpx:hr>
          </gpxtpx:TrackPointExtension>
        </extensions>
      </trkpt>
      <trkpt lat="32.054387953392485" lon="118.79522779913766">
        <ele>0</ele>
        <time>2026-05-29T08:53:12Z</time>
        <extensions>
          <gpxtpx:TrackPointExtension>
            <gpxtpx:hr>124</gpxtpx:hr>
          </gpxtpx:TrackPointExtension>
        </extensions>
      </trkpt>
      <trkpt lat="32.05441888449776" lon="118.79524456637508">
        <ele>0</ele>
        <time>2026-05-29T08:53:13Z</time>
        <extensions>
          <gpxtpx:TrackPointExtension>
            <gpxtpx:hr>124</gpxtpx:hr>
          </gpxtpx:TrackPointExtension>
        </extensions>
      </trkpt>
      <trkpt lat="32.05444881488994" lon="118.79526368626641">
        <ele>0</ele>
        <time>2026-05-29T08:53:14Z</time>
        <extensions>
          <gpxtpx:TrackPointExtension>
            <gpxtpx:hr>124</gpxtpx:hr>
          </gpxtpx:TrackPointExtension>
        </extensions>
      </trkpt>
      <trkpt lat="32.054476992200804" lon="118.79528421611882">
        <ele>0</ele>
        <time>2026-05-29T08:53:15Z</time>
        <extensions>
          <gpxtpx:TrackPointExtension>
            <gpxtpx:hr>124</gpxtpx:hr>
          </gpxtpx:TrackPointExtension>
        </extensions>
      </trkpt>
      <trkpt lat="32.054503335947324" lon="118.79530456853944">
        <ele>0</ele>
        <time>2026-05-29T08:53:16Z</time>
        <extensions>
          <gpxtpx:TrackPointExtension>
            <gpxtpx:hr>124</gpxtpx:hr>
          </gpxtpx:TrackPointExtension>
        </extensions>
      </trkpt>
      <trkpt lat="32.05452887621898" lon="118.79532453253951">
        <ele>0</ele>
        <time>2026-05-29T08:53:17Z</time>
        <extensions>
          <gpxtpx:TrackPointExtension>
            <gpxtpx:hr>124</gpxtpx:hr>
          </gpxtpx:TrackPointExtension>
        </extensions>
      </trkpt>
      <trkpt lat="32.05455463522284" lon="118.79534394572752">
        <ele>0</ele>
        <time>2026-05-29T08:53:18Z</time>
        <extensions>
          <gpxtpx:TrackPointExtension>
            <gpxtpx:hr>125</gpxtpx:hr>
          </gpxtpx:TrackPointExtension>
        </extensions>
      </trkpt>
      <trkpt lat="32.05458076616165" lon="118.79536214249732">
        <ele>0</ele>
        <time>2026-05-29T08:53:19Z</time>
        <extensions>
          <gpxtpx:TrackPointExtension>
            <gpxtpx:hr>125</gpxtpx:hr>
          </gpxtpx:TrackPointExtension>
        </extensions>
      </trkpt>
      <trkpt lat="32.054607281950474" lon="118.79537868707186">
        <ele>0</ele>
        <time>2026-05-29T08:53:20Z</time>
        <extensions>
          <gpxtpx:TrackPointExtension>
            <gpxtpx:hr>125</gpxtpx:hr>
          </gpxtpx:TrackPointExtension>
        </extensions>
      </trkpt>
      <trkpt lat="32.054634949143406" lon="118.79539406635725">
        <ele>0</ele>
        <time>2026-05-29T08:53:21Z</time>
        <extensions>
          <gpxtpx:TrackPointExtension>
            <gpxtpx:hr>125</gpxtpx:hr>
          </gpxtpx:TrackPointExtension>
        </extensions>
      </trkpt>
      <trkpt lat="32.05466404403526" lon="118.79540924557966">
        <ele>0</ele>
        <time>2026-05-29T08:53:22Z</time>
        <extensions>
          <gpxtpx:TrackPointExtension>
            <gpxtpx:hr>125</gpxtpx:hr>
          </gpxtpx:TrackPointExtension>
        </extensions>
      </trkpt>
      <trkpt lat="32.05469314935914" lon="118.79542485527651">
        <ele>0</ele>
        <time>2026-05-29T08:53:23Z</time>
        <extensions>
          <gpxtpx:TrackPointExtension>
            <gpxtpx:hr>125</gpxtpx:hr>
          </gpxtpx:TrackPointExtension>
        </extensions>
      </trkpt>
      <trkpt lat="32.05472166992534" lon="118.79544138346634">
        <ele>0</ele>
        <time>2026-05-29T08:53:24Z</time>
        <extensions>
          <gpxtpx:TrackPointExtension>
            <gpxtpx:hr>125</gpxtpx:hr>
          </gpxtpx:TrackPointExtension>
        </extensions>
      </trkpt>
      <trkpt lat="32.05474980494722" lon="118.79545945001712">
        <ele>18.478448865935206</ele>
        <time>2026-05-29T08:53:25Z</time>
        <extensions>
          <gpxtpx:TrackPointExtension>
            <gpxtpx:hr>125</gpxtpx:hr>
          </gpxtpx:TrackPointExtension>
        </extensions>
      </trkpt>
      <trkpt lat="32.05477742982454" lon="118.79547896952401">
        <ele>18.328703379258513</ele>
        <time>2026-05-29T08:53:26Z</time>
        <extensions>
          <gpxtpx:TrackPointExtension>
            <gpxtpx:hr>125</gpxtpx:hr>
          </gpxtpx:TrackPointExtension>
        </extensions>
      </trkpt>
      <trkpt lat="32.054804820920566" lon="118.79549845385513">
        <ele>18.161879957653582</ele>
        <time>2026-05-29T08:53:27Z</time>
        <extensions>
          <gpxtpx:TrackPointExtension>
            <gpxtpx:hr>125</gpxtpx:hr>
          </gpxtpx:TrackPointExtension>
        </extensions>
      </trkpt>
      <trkpt lat="32.05483254184205" lon="118.79551518316883">
        <ele>17.986853859387338</ele>
        <time>2026-05-29T08:53:28Z</time>
        <extensions>
          <gpxtpx:TrackPointExtension>
            <gpxtpx:hr>125</gpxtpx:hr>
          </gpxtpx:TrackPointExtension>
        </extensions>
      </trkpt>
      <trkpt lat="32.0548618058131" lon="118.79552548922422">
        <ele>17.818000939674675</ele>
        <time>2026-05-29T08:53:29Z</time>
        <extensions>
          <gpxtpx:TrackPointExtension>
            <gpxtpx:hr>125</gpxtpx:hr>
          </gpxtpx:TrackPointExtension>
        </extensions>
      </trkpt>
      <trkpt lat="32.05489303882962" lon="118.79552997476179">
        <ele>17.671372498385608</ele>
        <time>2026-05-29T08:53:30Z</time>
        <extensions>
          <gpxtpx:TrackPointExtension>
            <gpxtpx:hr>125</gpxtpx:hr>
          </gpxtpx:TrackPointExtension>
        </extensions>
      </trkpt>
      <trkpt lat="32.05492479919388" lon="118.79553270457959">
        <ele>17.55606760457158</ele>
        <time>2026-05-29T08:53:31Z</time>
        <extensions>
          <gpxtpx:TrackPointExtension>
            <gpxtpx:hr>125</gpxtpx:hr>
          </gpxtpx:TrackPointExtension>
        </extensions>
      </trkpt>
      <trkpt lat="32.05495587593959" lon="118.79553572650062">
        <ele>17.4726852318272</ele>
        <time>2026-05-29T08:53:32Z</time>
        <extensions>
          <gpxtpx:TrackPointExtension>
            <gpxtpx:hr>125</gpxtpx:hr>
          </gpxtpx:TrackPointExtension>
        </extensions>
      </trkpt>
      <trkpt lat="32.054985875761666" lon="118.79554008457643">
        <ele>17.417254453524947</ele>
        <time>2026-05-29T08:53:33Z</time>
        <extensions>
          <gpxtpx:TrackPointExtension>
            <gpxtpx:hr>126</gpxtpx:hr>
          </gpxtpx:TrackPointExtension>
        </extensions>
      </trkpt>
      <trkpt lat="32.05501424222037" lon="118.79554708724862">
        <ele>17.38376070931554</ele>
        <time>2026-05-29T08:53:34Z</time>
        <extensions>
          <gpxtpx:TrackPointExtension>
            <gpxtpx:hr>126</gpxtpx:hr>
          </gpxtpx:TrackPointExtension>
        </extensions>
      </trkpt>
      <trkpt lat="32.055040454507676" lon="118.79555880346413">
        <ele>17.36561668291688</ele>
        <time>2026-05-29T08:53:35Z</time>
        <extensions>
          <gpxtpx:TrackPointExtension>
            <gpxtpx:hr>126</gpxtpx:hr>
          </gpxtpx:TrackPointExtension>
        </extensions>
      </trkpt>
      <trkpt lat="32.05506228459894" lon="118.79557827437644">
        <ele>17.35662893112749</ele>
        <time>2026-05-29T08:53:36Z</time>
        <extensions>
          <gpxtpx:TrackPointExtension>
            <gpxtpx:hr>126</gpxtpx:hr>
          </gpxtpx:TrackPointExtension>
        </extensions>
      </trkpt>
      <trkpt lat="32.05507876003697" lon="118.79560387313124">
        <ele>17.351805361919105</ele>
        <time>2026-05-29T08:53:37Z</time>
        <extensions>
          <gpxtpx:TrackPointExtension>
            <gpxtpx:hr>126</gpxtpx:hr>
          </gpxtpx:TrackPointExtension>
        </extensions>
      </trkpt>
      <trkpt lat="32.05509054635444" lon="118.79563023850157">
        <ele>17.347862360998988</ele>
        <time>2026-05-29T08:53:38Z</time>
        <extensions>
          <gpxtpx:TrackPointExtension>
            <gpxtpx:hr>126</gpxtpx:hr>
          </gpxtpx:TrackPointExtension>
        </extensions>
      </trkpt>
      <trkpt lat="32.05509881677113" lon="118.7956548741915">
        <ele>17.343210456892848</ele>
        <time>2026-05-29T08:53:39Z</time>
        <extensions>
          <gpxtpx:TrackPointExtension>
            <gpxtpx:hr>126</gpxtpx:hr>
          </gpxtpx:TrackPointExtension>
        </extensions>
      </trkpt>
      <trkpt lat="32.05510716866917" lon="118.79567675711205">
        <ele>17.337653512135148</ele>
        <time>2026-05-29T08:53:40Z</time>
        <extensions>
          <gpxtpx:TrackPointExtension>
            <gpxtpx:hr>123</gpxtpx:hr>
          </gpxtpx:TrackPointExtension>
        </extensions>
      </trkpt>
      <trkpt lat="32.05511841708358" lon="118.7956946131646">
        <ele>17.33199928328395</ele>
        <time>2026-05-29T08:53:41Z</time>
        <extensions>
          <gpxtpx:TrackPointExtension>
            <gpxtpx:hr>123</gpxtpx:hr>
          </gpxtpx:TrackPointExtension>
        </extensions>
      </trkpt>
      <trkpt lat="32.055133243391694" lon="118.79570788494777">
        <ele>17.32755307946354</ele>
        <time>2026-05-29T08:53:42Z</time>
        <extensions>
          <gpxtpx:TrackPointExtension>
            <gpxtpx:hr>123</gpxtpx:hr>
          </gpxtpx:TrackPointExtension>
        </extensions>
      </trkpt>
      <trkpt lat="32.055151191134456" lon="118.79571756513643">
        <ele>17.325610542669892</ele>
        <time>2026-05-29T08:53:43Z</time>
        <extensions>
          <gpxtpx:TrackPointExtension>
            <gpxtpx:hr>123</gpxtpx:hr>
          </gpxtpx:TrackPointExtension>
        </extensions>
      </trkpt>
      <trkpt lat="32.05517132002047" lon="118.79572467757508">
        <ele>17.327039025723934</ele>
        <time>2026-05-29T08:53:44Z</time>
        <extensions>
          <gpxtpx:TrackPointExtension>
            <gpxtpx:hr>122</gpxtpx:hr>
          </gpxtpx:TrackPointExtension>
        </extensions>
      </trkpt>
      <trkpt lat="32.055192428477895" lon="118.79573037764432">
        <ele>17.331902340985835</ele>
        <time>2026-05-29T08:53:45Z</time>
        <extensions>
          <gpxtpx:TrackPointExtension>
            <gpxtpx:hr>122</gpxtpx:hr>
          </gpxtpx:TrackPointExtension>
        </extensions>
      </trkpt>
      <trkpt lat="32.055213739060065" lon="118.79573603059443">
        <ele>17.33929598890245</ele>
        <time>2026-05-29T08:53:46Z</time>
        <extensions>
          <gpxtpx:TrackPointExtension>
            <gpxtpx:hr>122</gpxtpx:hr>
          </gpxtpx:TrackPointExtension>
        </extensions>
      </trkpt>
      <trkpt lat="32.05523482701093" lon="118.79574234794136">
        <ele>17.34754616767168</ele>
        <time>2026-05-29T08:53:47Z</time>
        <extensions>
          <gpxtpx:TrackPointExtension>
            <gpxtpx:hr>122</gpxtpx:hr>
          </gpxtpx:TrackPointExtension>
        </extensions>
      </trkpt>
      <trkpt lat="32.05525520662934" lon="118.7957498044124">
        <ele>17.354606269858778</ele>
        <time>2026-05-29T08:53:48Z</time>
        <extensions>
          <gpxtpx:TrackPointExtension>
            <gpxtpx:hr>122</gpxtpx:hr>
          </gpxtpx:TrackPointExtension>
        </extensions>
      </trkpt>
      <trkpt lat="32.05527396618098" lon="118.79575886542713">
        <ele>17.358617145568132</ele>
        <time>2026-05-29T08:53:49Z</time>
        <extensions>
          <gpxtpx:TrackPointExtension>
            <gpxtpx:hr>122</gpxtpx:hr>
          </gpxtpx:TrackPointExtension>
        </extensions>
      </trkpt>
      <trkpt lat="32.05528945257855" lon="118.79577000179663">
        <ele>17.358657708391547</ele>
        <time>2026-05-29T08:53:50Z</time>
        <extensions>
          <gpxtpx:TrackPointExtension>
            <gpxtpx:hr>122</gpxtpx:hr>
          </gpxtpx:TrackPointExtension>
        </extensions>
      </trkpt>
      <trkpt lat="32.05530019268559" lon="118.79578371869142">
        <ele>17.355235029943287</ele>
        <time>2026-05-29T08:53:51Z</time>
        <extensions>
          <gpxtpx:TrackPointExtension>
            <gpxtpx:hr>125</gpxtpx:hr>
          </gpxtpx:TrackPointExtension>
        </extensions>
      </trkpt>
      <trkpt lat="32.05530625324931" lon="118.79580004478396">
        <ele>17.350169672630727</ele>
        <time>2026-05-29T08:53:52Z</time>
        <extensions>
          <gpxtpx:TrackPointExtension>
            <gpxtpx:hr>125</gpxtpx:hr>
          </gpxtpx:TrackPointExtension>
        </extensions>
      </trkpt>
      <trkpt lat="32.05530854905499" lon="118.79581868311236">
        <ele>17.346179788932204</ele>
        <time>2026-05-29T08:53:53Z</time>
        <extensions>
          <gpxtpx:TrackPointExtension>
            <gpxtpx:hr>125</gpxtpx:hr>
          </gpxtpx:TrackPointExtension>
        </extensions>
      </trkpt>
      <trkpt lat="32.05530775091922" lon="118.79583966984349">
        <ele>17.346290918067098</ele>
        <time>2026-05-29T08:53:54Z</time>
        <extensions>
          <gpxtpx:TrackPointExtension>
            <gpxtpx:hr>125</gpxtpx:hr>
          </gpxtpx:TrackPointExtension>
        </extensions>
      </trkpt>
      <trkpt lat="32.05530432316695" lon="118.7958629334319">
        <ele>17.352972144261003</ele>
        <time>2026-05-29T08:53:55Z</time>
        <extensions>
          <gpxtpx:TrackPointExtension>
            <gpxtpx:hr>125</gpxtpx:hr>
          </gpxtpx:TrackPointExtension>
        </extensions>
      </trkpt>
      <trkpt lat="32.05529883316624" lon="118.79588888566508">
        <ele>17.367446810938418</ele>
        <time>2026-05-29T08:53:56Z</time>
        <extensions>
          <gpxtpx:TrackPointExtension>
            <gpxtpx:hr>125</gpxtpx:hr>
          </gpxtpx:TrackPointExtension>
        </extensions>
      </trkpt>
      <trkpt lat="32.05529209640376" lon="118.79591778979132">
        <ele>17.389558678492904</ele>
        <time>2026-05-29T08:53:57Z</time>
        <extensions>
          <gpxtpx:TrackPointExtension>
            <gpxtpx:hr>125</gpxtpx:hr>
          </gpxtpx:TrackPointExtension>
        </extensions>
      </trkpt>
      <trkpt lat="32.05528477432063" lon="118.79594907480636">
        <ele>17.417908309958875</ele>
        <time>2026-05-29T08:53:58Z</time>
        <extensions>
          <gpxtpx:TrackPointExtension>
            <gpxtpx:hr>127</gpxtpx:hr>
          </gpxtpx:TrackPointExtension>
        </extensions>
      </trkpt>
      <trkpt lat="32.05527734003802" lon="118.79598202266713">
        <ele>17.45020847581327</ele>
        <time>2026-05-29T08:53:59Z</time>
        <extensions>
          <gpxtpx:TrackPointExtension>
            <gpxtpx:hr>127</gpxtpx:hr>
          </gpxtpx:TrackPointExtension>
        </extensions>
      </trkpt>
      <trkpt lat="32.05527010525785" lon="118.79601609048514">
        <ele>17.483954223804176</ele>
        <time>2026-05-29T08:54:00Z</time>
        <extensions>
          <gpxtpx:TrackPointExtension>
            <gpxtpx:hr>127</gpxtpx:hr>
          </gpxtpx:TrackPointExtension>
        </extensions>
      </trkpt>
      <trkpt lat="32.05526314627341" lon="118.79605105310952">
        <ele>17.517016333527863</ele>
        <time>2026-05-29T08:54:01Z</time>
        <extensions>
          <gpxtpx:TrackPointExtension>
            <gpxtpx:hr>127</gpxtpx:hr>
          </gpxtpx:TrackPointExtension>
        </extensions>
      </trkpt>
      <trkpt lat="32.05525643618115" lon="118.79608676734512">
        <ele>17.54789275676012</ele>
        <time>2026-05-29T08:54:02Z</time>
        <extensions>
          <gpxtpx:TrackPointExtension>
            <gpxtpx:hr>127</gpxtpx:hr>
          </gpxtpx:TrackPointExtension>
        </extensions>
      </trkpt>
      <trkpt lat="32.05524990105002" lon="118.7961230036858">
        <ele>17.575775613076985</ele>
        <time>2026-05-29T08:54:03Z</time>
        <extensions>
          <gpxtpx:TrackPointExtension>
            <gpxtpx:hr>127</gpxtpx:hr>
          </gpxtpx:TrackPointExtension>
        </extensions>
      </trkpt>
      <trkpt lat="32.05524357736577" lon="118.79615956010967">
        <ele>17.600501641631126</ele>
        <time>2026-05-29T08:54:04Z</time>
        <extensions>
          <gpxtpx:TrackPointExtension>
            <gpxtpx:hr>127</gpxtpx:hr>
          </gpxtpx:TrackPointExtension>
        </extensions>
      </trkpt>
      <trkpt lat="32.05523754708753" lon="118.79619636970693">
        <ele>17.622372522950172</ele>
        <time>2026-05-29T08:54:05Z</time>
        <extensions>
          <gpxtpx:TrackPointExtension>
            <gpxtpx:hr>128</gpxtpx:hr>
          </gpxtpx:TrackPointExtension>
        </extensions>
      </trkpt>
      <trkpt lat="32.05523172084599" lon="118.79623335787817">
        <ele>17.641944180242717</ele>
        <time>2026-05-29T08:54:06Z</time>
        <extensions>
          <gpxtpx:TrackPointExtension>
            <gpxtpx:hr>128</gpxtpx:hr>
          </gpxtpx:TrackPointExtension>
        </extensions>
      </trkpt>
      <trkpt lat="32.055225985504165" lon="118.79627047870092">
        <ele>17.65980810765177</ele>
        <time>2026-05-29T08:54:07Z</time>
        <extensions>
          <gpxtpx:TrackPointExtension>
            <gpxtpx:hr>128</gpxtpx:hr>
          </gpxtpx:TrackPointExtension>
        </extensions>
      </trkpt>
      <trkpt lat="32.05522024035805" lon="118.7963079320201">
        <ele>17.67638850118965</ele>
        <time>2026-05-29T08:54:08Z</time>
        <extensions>
          <gpxtpx:TrackPointExtension>
            <gpxtpx:hr>128</gpxtpx:hr>
          </gpxtpx:TrackPointExtension>
        </extensions>
      </trkpt>
      <trkpt lat="32.05521435909264" lon="118.7963459075701">
        <ele>17.691872101277113</ele>
        <time>2026-05-29T08:54:09Z</time>
        <extensions>
          <gpxtpx:TrackPointExtension>
            <gpxtpx:hr>127</gpxtpx:hr>
          </gpxtpx:TrackPointExtension>
        </extensions>
      </trkpt>
      <trkpt lat="32.05520844389403" lon="118.79638417098865">
        <ele>17.706312441267073</ele>
        <time>2026-05-29T08:54:10Z</time>
        <extensions>
          <gpxtpx:TrackPointExtension>
            <gpxtpx:hr>127</gpxtpx:hr>
          </gpxtpx:TrackPointExtension>
        </extensions>
      </trkpt>
      <trkpt lat="32.05520268738528" lon="118.79642249319055">
        <ele>17.719774220138788</ele>
        <time>2026-05-29T08:54:11Z</time>
        <extensions>
          <gpxtpx:TrackPointExtension>
            <gpxtpx:hr>127</gpxtpx:hr>
          </gpxtpx:TrackPointExtension>
        </extensions>
      </trkpt>
      <trkpt lat="32.05519711782698" lon="118.79646074868671">
        <ele>17.732395981438458</ele>
        <time>2026-05-29T08:54:12Z</time>
        <extensions>
          <gpxtpx:TrackPointExtension>
            <gpxtpx:hr>127</gpxtpx:hr>
          </gpxtpx:TrackPointExtension>
        </extensions>
      </trkpt>
      <trkpt lat="32.05519176744469" lon="118.79649849123383">
        <ele>17.744392710737884</ele>
        <time>2026-05-29T08:54:13Z</time>
        <extensions>
          <gpxtpx:TrackPointExtension>
            <gpxtpx:hr>127</gpxtpx:hr>
          </gpxtpx:TrackPointExtension>
        </extensions>
      </trkpt>
      <trkpt lat="32.05518663093559" lon="118.79653555205111">
        <ele>17.756007709540427</ele>
        <time>2026-05-29T08:54:14Z</time>
        <extensions>
          <gpxtpx:TrackPointExtension>
            <gpxtpx:hr>127</gpxtpx:hr>
          </gpxtpx:TrackPointExtension>
        </extensions>
      </trkpt>
      <trkpt lat="32.05518156548765" lon="118.79657250565631">
        <ele>17.767389739863575</ele>
        <time>2026-05-29T08:54:15Z</time>
        <extensions>
          <gpxtpx:TrackPointExtension>
            <gpxtpx:hr>127</gpxtpx:hr>
          </gpxtpx:TrackPointExtension>
        </extensions>
      </trkpt>
      <trkpt lat="32.055176501756065" lon="118.79660981780425">
        <ele>17.77846935670823</ele>
        <time>2026-05-29T08:54:16Z</time>
        <extensions>
          <gpxtpx:TrackPointExtension>
            <gpxtpx:hr>127</gpxtpx:hr>
          </gpxtpx:TrackPointExtension>
        </extensions>
      </trkpt>
      <trkpt lat="32.05517153599576" lon="118.79664750375078">
        <ele>17.788927716203034</ele>
        <time>2026-05-29T08:54:17Z</time>
        <extensions>
          <gpxtpx:TrackPointExtension>
            <gpxtpx:hr>127</gpxtpx:hr>
          </gpxtpx:TrackPointExtension>
        </extensions>
      </trkpt>
      <trkpt lat="32.05516693578772" lon="118.79668502940014">
        <ele>17.79824326839298</ele>
        <time>2026-05-29T08:54:18Z</time>
        <extensions>
          <gpxtpx:TrackPointExtension>
            <gpxtpx:hr>127</gpxtpx:hr>
          </gpxtpx:TrackPointExtension>
        </extensions>
      </trkpt>
      <trkpt lat="32.05516310935928" lon="118.79672194459286">
        <ele>17.805785765871406</ele>
        <time>2026-05-29T08:54:19Z</time>
        <extensions>
          <gpxtpx:TrackPointExtension>
            <gpxtpx:hr>127</gpxtpx:hr>
          </gpxtpx:TrackPointExtension>
        </extensions>
      </trkpt>
      <trkpt lat="32.05516035470636" lon="118.79675836505703">
        <ele>17.810970786958933</ele>
        <time>2026-05-29T08:54:20Z</time>
        <extensions>
          <gpxtpx:TrackPointExtension>
            <gpxtpx:hr>127</gpxtpx:hr>
          </gpxtpx:TrackPointExtension>
        </extensions>
      </trkpt>
      <trkpt lat="32.05515884378262" lon="118.79679431592037">
        <ele>17.81340788397938</ele>
        <time>2026-05-29T08:54:21Z</time>
        <extensions>
          <gpxtpx:TrackPointExtension>
            <gpxtpx:hr>127</gpxtpx:hr>
          </gpxtpx:TrackPointExtension>
        </extensions>
      </trkpt>
      <trkpt lat="32.05515897996473" lon="118.79682964343941">
        <ele>17.812909585423768</ele>
        <time>2026-05-29T08:54:22Z</time>
        <extensions>
          <gpxtpx:TrackPointExtension>
            <gpxtpx:hr>127</gpxtpx:hr>
          </gpxtpx:TrackPointExtension>
        </extensions>
      </trkpt>
      <trkpt lat="32.055161616770825" lon="118.7968637871016">
        <ele>17.80937591381371</ele>
        <time>2026-05-29T08:54:23Z</time>
        <extensions>
          <gpxtpx:TrackPointExtension>
            <gpxtpx:hr>127</gpxtpx:hr>
          </gpxtpx:TrackPointExtension>
        </extensions>
      </trkpt>
      <trkpt lat="32.05516788157907" lon="118.79689574421532">
        <ele>17.80271810013801</ele>
        <time>2026-05-29T08:54:24Z</time>
        <extensions>
          <gpxtpx:TrackPointExtension>
            <gpxtpx:hr>127</gpxtpx:hr>
          </gpxtpx:TrackPointExtension>
        </extensions>
      </trkpt>
      <trkpt lat="32.05517881128528" lon="118.79692442825845">
        <ele>17.792915320023894</ele>
        <time>2026-05-29T08:54:25Z</time>
        <extensions>
          <gpxtpx:TrackPointExtension>
            <gpxtpx:hr>127</gpxtpx:hr>
          </gpxtpx:TrackPointExtension>
        </extensions>
      </trkpt>
      <trkpt lat="32.05519465093043" lon="118.79694907030296">
        <ele>17.780150551348925</ele>
        <time>2026-05-29T08:54:26Z</time>
        <extensions>
          <gpxtpx:TrackPointExtension>
            <gpxtpx:hr>127</gpxtpx:hr>
          </gpxtpx:TrackPointExtension>
        </extensions>
      </trkpt>
      <trkpt lat="32.05521469971825" lon="118.79696887109918">
        <ele>17.764934725128114</ele>
        <time>2026-05-29T08:54:27Z</time>
        <extensions>
          <gpxtpx:TrackPointExtension>
            <gpxtpx:hr>127</gpxtpx:hr>
          </gpxtpx:TrackPointExtension>
        </extensions>
      </trkpt>
      <trkpt lat="32.0552382776709" lon="118.79698343251364">
        <ele>17.7482140827924</ele>
        <time>2026-05-29T08:54:28Z</time>
        <extensions>
          <gpxtpx:TrackPointExtension>
            <gpxtpx:hr>127</gpxtpx:hr>
          </gpxtpx:TrackPointExtension>
        </extensions>
      </trkpt>
      <trkpt lat="32.055265108601425" lon="118.79699328145973">
        <ele>17.73139496333897</ele>
        <time>2026-05-29T08:54:29Z</time>
        <extensions>
          <gpxtpx:TrackPointExtension>
            <gpxtpx:hr>127</gpxtpx:hr>
          </gpxtpx:TrackPointExtension>
        </extensions>
      </trkpt>
      <trkpt lat="32.055294641475896" lon="118.79699924297555">
        <ele>17.71615452785045</ele>
        <time>2026-05-29T08:54:30Z</time>
        <extensions>
          <gpxtpx:TrackPointExtension>
            <gpxtpx:hr>127</gpxtpx:hr>
          </gpxtpx:TrackPointExtension>
        </extensions>
      </trkpt>
      <trkpt lat="32.05532609736069" lon="118.79700249526994">
        <ele>17.704134001396596</ele>
        <time>2026-05-29T08:54:31Z</time>
        <extensions>
          <gpxtpx:TrackPointExtension>
            <gpxtpx:hr>127</gpxtpx:hr>
          </gpxtpx:TrackPointExtension>
        </extensions>
      </trkpt>
      <trkpt lat="32.055358769859865" lon="118.79700425866469">
        <ele>17.696686571463943</ele>
        <time>2026-05-29T08:54:32Z</time>
        <extensions>
          <gpxtpx:TrackPointExtension>
            <gpxtpx:hr>128</gpxtpx:hr>
          </gpxtpx:TrackPointExtension>
        </extensions>
      </trkpt>
      <trkpt lat="32.05539208923401" lon="118.79700556953892">
        <ele>17.69466766808182</ele>
        <time>2026-05-29T08:54:33Z</time>
        <extensions>
          <gpxtpx:TrackPointExtension>
            <gpxtpx:hr>128</gpxtpx:hr>
          </gpxtpx:TrackPointExtension>
        </extensions>
      </trkpt>
      <trkpt lat="32.05542592314957" lon="118.79700715213428">
        <ele>17.69827424455434</ele>
        <time>2026-05-29T08:54:34Z</time>
        <extensions>
          <gpxtpx:TrackPointExtension>
            <gpxtpx:hr>128</gpxtpx:hr>
          </gpxtpx:TrackPointExtension>
        </extensions>
      </trkpt>
      <trkpt lat="32.05546019659696" lon="118.79700900615501">
        <ele>17.707020146772265</ele>
        <time>2026-05-29T08:54:35Z</time>
        <extensions>
          <gpxtpx:TrackPointExtension>
            <gpxtpx:hr>128</gpxtpx:hr>
          </gpxtpx:TrackPointExtension>
        </extensions>
      </trkpt>
      <trkpt lat="32.05549467423798" lon="118.79701096835257">
        <ele>17.719790627248585</ele>
        <time>2026-05-29T08:54:36Z</time>
        <extensions>
          <gpxtpx:TrackPointExtension>
            <gpxtpx:hr>128</gpxtpx:hr>
          </gpxtpx:TrackPointExtension>
        </extensions>
      </trkpt>
      <trkpt lat="32.0555291513884" lon="118.79701322222408">
        <ele>17.73502405639738</ele>
        <time>2026-05-29T08:54:37Z</time>
        <extensions>
          <gpxtpx:TrackPointExtension>
            <gpxtpx:hr>128</gpxtpx:hr>
          </gpxtpx:TrackPointExtension>
        </extensions>
      </trkpt>
      <trkpt lat="32.05556350365198" lon="118.79701567502313">
        <ele>17.751131537370384</ele>
        <time>2026-05-29T08:54:38Z</time>
        <extensions>
          <gpxtpx:TrackPointExtension>
            <gpxtpx:hr>128</gpxtpx:hr>
          </gpxtpx:TrackPointExtension>
        </extensions>
      </trkpt>
      <trkpt lat="32.05559781739573" lon="118.79701833794321">
        <ele>17.76690453849733</ele>
        <time>2026-05-29T08:54:39Z</time>
        <extensions>
          <gpxtpx:TrackPointExtension>
            <gpxtpx:hr>128</gpxtpx:hr>
          </gpxtpx:TrackPointExtension>
        </extensions>
      </trkpt>
      <trkpt lat="32.0556321758523" lon="118.79702141310032">
        <ele>17.781658682972193</ele>
        <time>2026-05-29T08:54:40Z</time>
        <extensions>
          <gpxtpx:TrackPointExtension>
            <gpxtpx:hr>128</gpxtpx:hr>
          </gpxtpx:TrackPointExtension>
        </extensions>
      </trkpt>
      <trkpt lat="32.05566643163263" lon="118.79702486141744">
        <ele>17.79520549904555</ele>
        <time>2026-05-29T08:54:41Z</time>
        <extensions>
          <gpxtpx:TrackPointExtension>
            <gpxtpx:hr>128</gpxtpx:hr>
          </gpxtpx:TrackPointExtension>
        </extensions>
      </trkpt>
      <trkpt lat="32.05570046736231" lon="118.79702843416261">
        <ele>17.80774411559105</ele>
        <time>2026-05-29T08:54:42Z</time>
        <extensions>
          <gpxtpx:TrackPointExtension>
            <gpxtpx:hr>128</gpxtpx:hr>
          </gpxtpx:TrackPointExtension>
        </extensions>
      </trkpt>
      <trkpt lat="32.05573428255414" lon="118.79703188183156">
        <ele>17.81965119484812</ele>
        <time>2026-05-29T08:54:43Z</time>
        <extensions>
          <gpxtpx:TrackPointExtension>
            <gpxtpx:hr>128</gpxtpx:hr>
          </gpxtpx:TrackPointExtension>
        </extensions>
      </trkpt>
      <trkpt lat="32.055767973859254" lon="118.7970352189743">
        <ele>17.831292655318975</ele>
        <time>2026-05-29T08:54:44Z</time>
        <extensions>
          <gpxtpx:TrackPointExtension>
            <gpxtpx:hr>128</gpxtpx:hr>
          </gpxtpx:TrackPointExtension>
        </extensions>
      </trkpt>
      <trkpt lat="32.0558015413759" lon="118.79703866152333">
        <ele>17.84297774359584</ele>
        <time>2026-05-29T08:54:45Z</time>
        <extensions>
          <gpxtpx:TrackPointExtension>
            <gpxtpx:hr>128</gpxtpx:hr>
          </gpxtpx:TrackPointExtension>
        </extensions>
      </trkpt>
      <trkpt lat="32.05583489248555" lon="118.79704235956697">
        <ele>17.85502347815782</ele>
        <time>2026-05-29T08:54:46Z</time>
        <extensions>
          <gpxtpx:TrackPointExtension>
            <gpxtpx:hr>128</gpxtpx:hr>
          </gpxtpx:TrackPointExtension>
        </extensions>
      </trkpt>
      <trkpt lat="32.05586800300221" lon="118.7970462655016">
        <ele>17.86776659730822</ele>
        <time>2026-05-29T08:54:47Z</time>
        <extensions>
          <gpxtpx:TrackPointExtension>
            <gpxtpx:hr>127</gpxtpx:hr>
          </gpxtpx:TrackPointExtension>
        </extensions>
      </trkpt>
      <trkpt lat="32.05590077373171" lon="118.79705041730122">
        <ele>17.881412217393517</ele>
        <time>2026-05-29T08:54:48Z</time>
        <extensions>
          <gpxtpx:TrackPointExtension>
            <gpxtpx:hr>127</gpxtpx:hr>
          </gpxtpx:TrackPointExtension>
        </extensions>
      </trkpt>
      <trkpt lat="32.055933089471324" lon="118.79705484188487">
        <ele>17.895832553505898</ele>
        <time>2026-05-29T08:54:49Z</time>
        <extensions>
          <gpxtpx:TrackPointExtension>
            <gpxtpx:hr>127</gpxtpx:hr>
          </gpxtpx:TrackPointExtension>
        </extensions>
      </trkpt>
      <trkpt lat="32.05596497966206" lon="118.79705932412205">
        <ele>17.910473188385367</ele>
        <time>2026-05-29T08:54:50Z</time>
        <extensions>
          <gpxtpx:TrackPointExtension>
            <gpxtpx:hr>127</gpxtpx:hr>
          </gpxtpx:TrackPointExtension>
        </extensions>
      </trkpt>
      <trkpt lat="32.055996575059936" lon="118.79706359049595">
        <ele>17.924360720440745</ele>
        <time>2026-05-29T08:54:51Z</time>
        <extensions>
          <gpxtpx:TrackPointExtension>
            <gpxtpx:hr>127</gpxtpx:hr>
          </gpxtpx:TrackPointExtension>
        </extensions>
      </trkpt>
      <trkpt lat="32.05602790854895" lon="118.79706766040863">
        <ele>17.936206434853375</ele>
        <time>2026-05-29T08:54:52Z</time>
        <extensions>
          <gpxtpx:TrackPointExtension>
            <gpxtpx:hr>127</gpxtpx:hr>
          </gpxtpx:TrackPointExtension>
        </extensions>
      </trkpt>
      <trkpt lat="32.05605887367447" lon="118.79707164046553">
        <ele>17.94467289466411</ele>
        <time>2026-05-29T08:54:53Z</time>
        <extensions>
          <gpxtpx:TrackPointExtension>
            <gpxtpx:hr>127</gpxtpx:hr>
          </gpxtpx:TrackPointExtension>
        </extensions>
      </trkpt>
      <trkpt lat="32.05608933544536" lon="118.7970753486966">
        <ele>17.94869471807033</ele>
        <time>2026-05-29T08:54:54Z</time>
        <extensions>
          <gpxtpx:TrackPointExtension>
            <gpxtpx:hr>127</gpxtpx:hr>
          </gpxtpx:TrackPointExtension>
        </extensions>
      </trkpt>
      <trkpt lat="32.05611923547214" lon="118.79707857874483">
        <ele>17.947630773298442</ele>
        <time>2026-05-29T08:54:55Z</time>
        <extensions>
          <gpxtpx:TrackPointExtension>
            <gpxtpx:hr>127</gpxtpx:hr>
          </gpxtpx:TrackPointExtension>
        </extensions>
      </trkpt>
      <trkpt lat="32.05614856052833" lon="118.79708128962989">
        <ele>17.941243743523955</ele>
        <time>2026-05-29T08:54:56Z</time>
        <extensions>
          <gpxtpx:TrackPointExtension>
            <gpxtpx:hr>127</gpxtpx:hr>
          </gpxtpx:TrackPointExtension>
        </extensions>
      </trkpt>
      <trkpt lat="32.05617734717443" lon="118.79708337907672">
        <ele>17.92960051819682</ele>
        <time>2026-05-29T08:54:57Z</time>
        <extensions>
          <gpxtpx:TrackPointExtension>
            <gpxtpx:hr>127</gpxtpx:hr>
          </gpxtpx:TrackPointExtension>
        </extensions>
      </trkpt>
      <trkpt lat="32.05620550932302" lon="118.79708481311782">
        <ele>17.91285778582096</ele>
        <time>2026-05-29T08:54:58Z</time>
        <extensions>
          <gpxtpx:TrackPointExtension>
            <gpxtpx:hr>127</gpxtpx:hr>
          </gpxtpx:TrackPointExtension>
        </extensions>
      </trkpt>
      <trkpt lat="32.05623285570682" lon="118.79708538602179">
        <ele>17.891051702201366</ele>
        <time>2026-05-29T08:54:59Z</time>
        <extensions>
          <gpxtpx:TrackPointExtension>
            <gpxtpx:hr>127</gpxtpx:hr>
          </gpxtpx:TrackPointExtension>
        </extensions>
      </trkpt>
      <trkpt lat="32.05625922677999" lon="118.79708440504047">
        <ele>17.864232687279582</ele>
        <time>2026-05-29T08:55:00Z</time>
        <extensions>
          <gpxtpx:TrackPointExtension>
            <gpxtpx:hr>128</gpxtpx:hr>
          </gpxtpx:TrackPointExtension>
        </extensions>
      </trkpt>
      <trkpt lat="32.056284524867685" lon="118.79708116582628">
        <ele>17.83292608615011</ele>
        <time>2026-05-29T08:55:01Z</time>
        <extensions>
          <gpxtpx:TrackPointExtension>
            <gpxtpx:hr>128</gpxtpx:hr>
          </gpxtpx:TrackPointExtension>
        </extensions>
      </trkpt>
      <trkpt lat="32.05630839427936" lon="118.7970748363844">
        <ele>17.798541084863245</ele>
        <time>2026-05-29T08:55:02Z</time>
        <extensions>
          <gpxtpx:TrackPointExtension>
            <gpxtpx:hr>128</gpxtpx:hr>
          </gpxtpx:TrackPointExtension>
        </extensions>
      </trkpt>
      <trkpt lat="32.056330019724136" lon="118.79706424871385">
        <ele>17.763143496587873</ele>
        <time>2026-05-29T08:55:03Z</time>
        <extensions>
          <gpxtpx:TrackPointExtension>
            <gpxtpx:hr>128</gpxtpx:hr>
          </gpxtpx:TrackPointExtension>
        </extensions>
      </trkpt>
      <trkpt lat="32.05634870088362" lon="118.79704878721033">
        <ele>17.728833446279168</ele>
        <time>2026-05-29T08:55:04Z</time>
        <extensions>
          <gpxtpx:TrackPointExtension>
            <gpxtpx:hr>128</gpxtpx:hr>
          </gpxtpx:TrackPointExtension>
        </extensions>
      </trkpt>
      <trkpt lat="32.056364107789264" lon="118.79702894762694">
        <ele>17.697209403850138</ele>
        <time>2026-05-29T08:55:05Z</time>
        <extensions>
          <gpxtpx:TrackPointExtension>
            <gpxtpx:hr>128</gpxtpx:hr>
          </gpxtpx:TrackPointExtension>
        </extensions>
      </trkpt>
      <trkpt lat="32.05637610301635" lon="118.79700618602678">
        <ele>17.66905726492405</ele>
        <time>2026-05-29T08:55:06Z</time>
        <extensions>
          <gpxtpx:TrackPointExtension>
            <gpxtpx:hr>126</gpxtpx:hr>
          </gpxtpx:TrackPointExtension>
        </extensions>
      </trkpt>
      <trkpt lat="32.056384840224226" lon="118.79698250608843">
        <ele>17.644223843701184</ele>
        <time>2026-05-29T08:55:07Z</time>
        <extensions>
          <gpxtpx:TrackPointExtension>
            <gpxtpx:hr>126</gpxtpx:hr>
          </gpxtpx:TrackPointExtension>
        </extensions>
      </trkpt>
      <trkpt lat="32.0563908967272" lon="118.79696017938939">
        <ele>17.62182656954974</ele>
        <time>2026-05-29T08:55:08Z</time>
        <extensions>
          <gpxtpx:TrackPointExtension>
            <gpxtpx:hr>126</gpxtpx:hr>
          </gpxtpx:TrackPointExtension>
        </extensions>
      </trkpt>
      <trkpt lat="32.05639508758939" lon="118.7969410017176">
        <ele>17.6007095631212</ele>
        <time>2026-05-29T08:55:09Z</time>
        <extensions>
          <gpxtpx:TrackPointExtension>
            <gpxtpx:hr>126</gpxtpx:hr>
          </gpxtpx:TrackPointExtension>
        </extensions>
      </trkpt>
      <trkpt lat="32.05639810168623" lon="118.79692493277">
        <ele>17.579831544309855</ele>
        <time>2026-05-29T08:55:10Z</time>
        <extensions>
          <gpxtpx:TrackPointExtension>
            <gpxtpx:hr>126</gpxtpx:hr>
          </gpxtpx:TrackPointExtension>
        </extensions>
      </trkpt>
      <trkpt lat="32.05640042393732" lon="118.79691046680543">
        <ele>17.5585380140692</ele>
        <time>2026-05-29T08:55:11Z</time>
        <extensions>
          <gpxtpx:TrackPointExtension>
            <gpxtpx:hr>126</gpxtpx:hr>
          </gpxtpx:TrackPointExtension>
        </extensions>
      </trkpt>
      <trkpt lat="32.05640250704697" lon="118.79689611353103">
        <ele>17.536661045625806</ele>
        <time>2026-05-29T08:55:12Z</time>
        <extensions>
          <gpxtpx:TrackPointExtension>
            <gpxtpx:hr>126</gpxtpx:hr>
          </gpxtpx:TrackPointExtension>
        </extensions>
      </trkpt>
      <trkpt lat="32.056404634745334" lon="118.79688098391048">
        <ele>17.51453829742968</ele>
        <time>2026-05-29T08:55:13Z</time>
        <extensions>
          <gpxtpx:TrackPointExtension>
            <gpxtpx:hr>125</gpxtpx:hr>
          </gpxtpx:TrackPointExtension>
        </extensions>
      </trkpt>
      <trkpt lat="32.05640709776964" lon="118.79686441699242">
        <ele>17.49282055813819</ele>
        <time>2026-05-29T08:55:14Z</time>
        <extensions>
          <gpxtpx:TrackPointExtension>
            <gpxtpx:hr>125</gpxtpx:hr>
          </gpxtpx:TrackPointExtension>
        </extensions>
      </trkpt>
      <trkpt lat="32.056410165690615" lon="118.79684589021107">
        <ele>17.472269975580275</ele>
        <time>2026-05-29T08:55:15Z</time>
        <extensions>
          <gpxtpx:TrackPointExtension>
            <gpxtpx:hr>125</gpxtpx:hr>
          </gpxtpx:TrackPointExtension>
        </extensions>
      </trkpt>
      <trkpt lat="32.05641374104921" lon="118.79682513248815">
        <ele>17.453571205958724</ele>
        <time>2026-05-29T08:55:16Z</time>
        <extensions>
          <gpxtpx:TrackPointExtension>
            <gpxtpx:hr>125</gpxtpx:hr>
          </gpxtpx:TrackPointExtension>
        </extensions>
      </trkpt>
      <trkpt lat="32.056417523170666" lon="118.79680189833977">
        <ele>17.436877937987447</ele>
        <time>2026-05-29T08:55:17Z</time>
        <extensions>
          <gpxtpx:TrackPointExtension>
            <gpxtpx:hr>125</gpxtpx:hr>
          </gpxtpx:TrackPointExtension>
        </extensions>
      </trkpt>
      <trkpt lat="32.05642135866069" lon="118.79677626031737">
        <ele>17.422095744870603</ele>
        <time>2026-05-29T08:55:18Z</time>
        <extensions>
          <gpxtpx:TrackPointExtension>
            <gpxtpx:hr>125</gpxtpx:hr>
          </gpxtpx:TrackPointExtension>
        </extensions>
      </trkpt>
      <trkpt lat="32.05642541349216" lon="118.79674867954041">
        <ele>17.408824023790658</ele>
        <time>2026-05-29T08:55:19Z</time>
        <extensions>
          <gpxtpx:TrackPointExtension>
            <gpxtpx:hr>125</gpxtpx:hr>
          </gpxtpx:TrackPointExtension>
        </extensions>
      </trkpt>
      <trkpt lat="32.05643002967296" lon="118.79671965421785">
        <ele>17.394964857958257</ele>
        <time>2026-05-29T08:55:20Z</time>
        <extensions>
          <gpxtpx:TrackPointExtension>
            <gpxtpx:hr>125</gpxtpx:hr>
          </gpxtpx:TrackPointExtension>
        </extensions>
      </trkpt>
      <trkpt lat="32.05643533255424" lon="118.79668956883683">
        <ele>17.378466986119747</ele>
        <time>2026-05-29T08:55:21Z</time>
        <extensions>
          <gpxtpx:TrackPointExtension>
            <gpxtpx:hr>125</gpxtpx:hr>
          </gpxtpx:TrackPointExtension>
        </extensions>
      </trkpt>
      <trkpt lat="32.05644105734651" lon="118.79665861891593">
        <ele>17.357017202302814</ele>
        <time>2026-05-29T08:55:22Z</time>
        <extensions>
          <gpxtpx:TrackPointExtension>
            <gpxtpx:hr>125</gpxtpx:hr>
          </gpxtpx:TrackPointExtension>
        </extensions>
      </trkpt>
      <trkpt lat="32.056447206675756" lon="118.79662709087364">
        <ele>17.328338615596294</ele>
        <time>2026-05-29T08:55:23Z</time>
        <extensions>
          <gpxtpx:TrackPointExtension>
            <gpxtpx:hr>125</gpxtpx:hr>
          </gpxtpx:TrackPointExtension>
        </extensions>
      </trkpt>
      <trkpt lat="32.05645402998411" lon="118.7965955063484">
        <ele>17.2906327014789</ele>
        <time>2026-05-29T08:55:24Z</time>
        <extensions>
          <gpxtpx:TrackPointExtension>
            <gpxtpx:hr>125</gpxtpx:hr>
          </gpxtpx:TrackPointExtension>
        </extensions>
      </trkpt>
      <trkpt lat="32.05646158504946" lon="118.79656449776164">
        <ele>17.243184193968773</ele>
        <time>2026-05-29T08:55:25Z</time>
        <extensions>
          <gpxtpx:TrackPointExtension>
            <gpxtpx:hr>125</gpxtpx:hr>
          </gpxtpx:TrackPointExtension>
        </extensions>
      </trkpt>
      <trkpt lat="32.05646988914969" lon="118.79653444943794">
        <ele>17.187149233184755</ele>
        <time>2026-05-29T08:55:26Z</time>
        <extensions>
          <gpxtpx:TrackPointExtension>
            <gpxtpx:hr>125</gpxtpx:hr>
          </gpxtpx:TrackPointExtension>
        </extensions>
      </trkpt>
      <trkpt lat="32.05647905575281" lon="118.79650604099008">
        <ele>17.125291978009045</ele>
        <time>2026-05-29T08:55:27Z</time>
        <extensions>
          <gpxtpx:TrackPointExtension>
            <gpxtpx:hr>125</gpxtpx:hr>
          </gpxtpx:TrackPointExtension>
        </extensions>
      </trkpt>
      <trkpt lat="32.056489605029924" lon="118.79648122186777">
        <ele>17.060362002812326</ele>
        <time>2026-05-29T08:55:28Z</time>
        <extensions>
          <gpxtpx:TrackPointExtension>
            <gpxtpx:hr>120</gpxtpx:hr>
          </gpxtpx:TrackPointExtension>
        </extensions>
      </trkpt>
      <trkpt lat="32.056502020354486" lon="118.7964620747825">
        <ele>16.994280642829835</ele>
        <time>2026-05-29T08:55:29Z</time>
        <extensions>
          <gpxtpx:TrackPointExtension>
            <gpxtpx:hr>120</gpxtpx:hr>
          </gpxtpx:TrackPointExtension>
        </extensions>
      </trkpt>
      <trkpt lat="32.056516281063644" lon="118.79644944787559">
        <ele>16.92828882858157</ele>
        <time>2026-05-29T08:55:30Z</time>
        <extensions>
          <gpxtpx:TrackPointExtension>
            <gpxtpx:hr>120</gpxtpx:hr>
          </gpxtpx:TrackPointExtension>
        </extensions>
      </trkpt>
      <trkpt lat="32.056532501738594" lon="118.79644285815098">
        <ele>16.86306901089847</ele>
        <time>2026-05-29T08:55:31Z</time>
        <extensions>
          <gpxtpx:TrackPointExtension>
            <gpxtpx:hr>120</gpxtpx:hr>
          </gpxtpx:TrackPointExtension>
        </extensions>
      </trkpt>
      <trkpt lat="32.056551085967016" lon="118.79644134748797">
        <ele>16.798880009911954</ele>
        <time>2026-05-29T08:55:32Z</time>
        <extensions>
          <gpxtpx:TrackPointExtension>
            <gpxtpx:hr>120</gpxtpx:hr>
          </gpxtpx:TrackPointExtension>
        </extensions>
      </trkpt>
      <trkpt lat="32.056572009052054" lon="118.79644438091186">
        <ele>16.73564673680812</ele>
        <time>2026-05-29T08:55:33Z</time>
        <extensions>
          <gpxtpx:TrackPointExtension>
            <gpxtpx:hr>120</gpxtpx:hr>
          </gpxtpx:TrackPointExtension>
        </extensions>
      </trkpt>
      <trkpt lat="32.05659479502989" lon="118.79645161768416">
        <ele>16.673028682358563</ele>
        <time>2026-05-29T08:55:34Z</time>
        <extensions>
          <gpxtpx:TrackPointExtension>
            <gpxtpx:hr>122</gpxtpx:hr>
          </gpxtpx:TrackPointExtension>
        </extensions>
      </trkpt>
      <trkpt lat="32.05661890969074" lon="118.7964618829073">
        <ele>16.6105496622622</ele>
        <time>2026-05-29T08:55:35Z</time>
        <extensions>
          <gpxtpx:TrackPointExtension>
            <gpxtpx:hr>122</gpxtpx:hr>
          </gpxtpx:TrackPointExtension>
        </extensions>
      </trkpt>
      <trkpt lat="32.05664391365331" lon="118.79647332596629">
        <ele>16.54774504248053</ele>
        <time>2026-05-29T08:55:36Z</time>
        <extensions>
          <gpxtpx:TrackPointExtension>
            <gpxtpx:hr>122</gpxtpx:hr>
          </gpxtpx:TrackPointExtension>
        </extensions>
      </trkpt>
      <trkpt lat="32.05666974007466" lon="118.79648494156808">
        <ele>16.484180171974003</ele>
        <time>2026-05-29T08:55:37Z</time>
        <extensions>
          <gpxtpx:TrackPointExtension>
            <gpxtpx:hr>122</gpxtpx:hr>
          </gpxtpx:TrackPointExtension>
        </extensions>
      </trkpt>
      <trkpt lat="32.05669628806874" lon="118.79649647911614">
        <ele>16.41941319592297</ele>
        <time>2026-05-29T08:55:38Z</time>
        <extensions>
          <gpxtpx:TrackPointExtension>
            <gpxtpx:hr>122</gpxtpx:hr>
          </gpxtpx:TrackPointExtension>
        </extensions>
      </trkpt>
      <trkpt lat="32.05672344215682" lon="118.79650780236518">
        <ele>16.353038634173572</ele>
        <time>2026-05-29T08:55:39Z</time>
        <extensions>
          <gpxtpx:TrackPointExtension>
            <gpxtpx:hr>124</gpxtpx:hr>
          </gpxtpx:TrackPointExtension>
        </extensions>
      </trkpt>
      <trkpt lat="32.056750941688186" lon="118.79651900214091">
        <ele>16.284707635641098</ele>
        <time>2026-05-29T08:55:40Z</time>
        <extensions>
          <gpxtpx:TrackPointExtension>
            <gpxtpx:hr>124</gpxtpx:hr>
          </gpxtpx:TrackPointExtension>
        </extensions>
      </trkpt>
      <trkpt lat="32.05677842790504" lon="118.79653018663895">
        <ele>16.214063996449113</ele>
        <time>2026-05-29T08:55:41Z</time>
        <extensions>
          <gpxtpx:TrackPointExtension>
            <gpxtpx:hr>124</gpxtpx:hr>
          </gpxtpx:TrackPointExtension>
        </extensions>
      </trkpt>
      <trkpt lat="32.05680599978633" lon="118.79654112679776">
        <ele>16.140641733072698</ele>
        <time>2026-05-29T08:55:42Z</time>
        <extensions>
          <gpxtpx:TrackPointExtension>
            <gpxtpx:hr>124</gpxtpx:hr>
          </gpxtpx:TrackPointExtension>
        </extensions>
      </trkpt>
      <trkpt lat="32.05683378831264" lon="118.79655108742588">
        <ele>16.063760560005903</ele>
        <time>2026-05-29T08:55:43Z</time>
        <extensions>
          <gpxtpx:TrackPointExtension>
            <gpxtpx:hr>124</gpxtpx:hr>
          </gpxtpx:TrackPointExtension>
        </extensions>
      </trkpt>
      <trkpt lat="32.05686139912494" lon="118.7965594065212">
        <ele>15.98245209082961</ele>
        <time>2026-05-29T08:55:44Z</time>
        <extensions>
          <gpxtpx:TrackPointExtension>
            <gpxtpx:hr>124</gpxtpx:hr>
          </gpxtpx:TrackPointExtension>
        </extensions>
      </trkpt>
      <trkpt lat="32.05688842487243" lon="118.796565864552">
        <ele>15.895436272956431</ele>
        <time>2026-05-29T08:55:45Z</time>
        <extensions>
          <gpxtpx:TrackPointExtension>
            <gpxtpx:hr>124</gpxtpx:hr>
          </gpxtpx:TrackPointExtension>
        </extensions>
      </trkpt>
      <trkpt lat="32.05691487787121" lon="118.79657053028069">
        <ele>15.801260260865092</ele>
        <time>2026-05-29T08:55:46Z</time>
        <extensions>
          <gpxtpx:TrackPointExtension>
            <gpxtpx:hr>124</gpxtpx:hr>
          </gpxtpx:TrackPointExtension>
        </extensions>
      </trkpt>
      <trkpt lat="32.05694037730845" lon="118.79657379318218">
        <ele>15.698559847660363</ele>
        <time>2026-05-29T08:55:47Z</time>
        <extensions>
          <gpxtpx:TrackPointExtension>
            <gpxtpx:hr>126</gpxtpx:hr>
          </gpxtpx:TrackPointExtension>
        </extensions>
      </trkpt>
      <trkpt lat="32.05696395853488" lon="118.79657618191723">
        <ele>15.586116994731128</ele>
        <time>2026-05-29T08:55:48Z</time>
        <extensions>
          <gpxtpx:TrackPointExtension>
            <gpxtpx:hr>126</gpxtpx:hr>
          </gpxtpx:TrackPointExtension>
        </extensions>
      </trkpt>
      <trkpt lat="32.05698549117065" lon="118.79657817099323">
        <ele>15.462723002769053</ele>
        <time>2026-05-29T08:55:49Z</time>
        <extensions>
          <gpxtpx:TrackPointExtension>
            <gpxtpx:hr>126</gpxtpx:hr>
          </gpxtpx:TrackPointExtension>
        </extensions>
      </trkpt>
      <trkpt lat="32.05700505161787" lon="118.79657990902544">
        <ele>15.326993943192065</ele>
        <time>2026-05-29T08:55:50Z</time>
        <extensions>
          <gpxtpx:TrackPointExtension>
            <gpxtpx:hr>126</gpxtpx:hr>
          </gpxtpx:TrackPointExtension>
        </extensions>
      </trkpt>
      <trkpt lat="32.057021412569846" lon="118.79658121276461">
        <ele>15.177157430909574</ele>
        <time>2026-05-29T08:55:51Z</time>
        <extensions>
          <gpxtpx:TrackPointExtension>
            <gpxtpx:hr>126</gpxtpx:hr>
          </gpxtpx:TrackPointExtension>
        </extensions>
      </trkpt>
      <trkpt lat="32.05703331360433" lon="118.79658185206529">
        <ele>15.010999718680978</ele>
        <time>2026-05-29T08:55:52Z</time>
        <extensions>
          <gpxtpx:TrackPointExtension>
            <gpxtpx:hr>126</gpxtpx:hr>
          </gpxtpx:TrackPointExtension>
        </extensions>
      </trkpt>
      <trkpt lat="32.05704083065182" lon="118.79658184919597">
        <ele>14.825803616084158</ele>
        <time>2026-05-29T08:55:53Z</time>
        <extensions>
          <gpxtpx:TrackPointExtension>
            <gpxtpx:hr>126</gpxtpx:hr>
          </gpxtpx:TrackPointExtension>
        </extensions>
      </trkpt>
      <trkpt lat="32.05704490327882" lon="118.79658144641802">
        <ele>14.618269852362573</ele>
        <time>2026-05-29T08:55:54Z</time>
        <extensions>
          <gpxtpx:TrackPointExtension>
            <gpxtpx:hr>126</gpxtpx:hr>
          </gpxtpx:TrackPointExtension>
        </extensions>
      </trkpt>
      <trkpt lat="32.05704646473245" lon="118.79658076258872">
        <ele>14.38478886988014</ele>
        <time>2026-05-29T08:55:55Z</time>
        <extensions>
          <gpxtpx:TrackPointExtension>
            <gpxtpx:hr>126</gpxtpx:hr>
          </gpxtpx:TrackPointExtension>
        </extensions>
      </trkpt>
      <trkpt lat="32.05704630803666" lon="118.79657985644438">
        <ele>14.122121087275445</ele>
        <time>2026-05-29T08:55:56Z</time>
        <extensions>
          <gpxtpx:TrackPointExtension>
            <gpxtpx:hr>126</gpxtpx:hr>
          </gpxtpx:TrackPointExtension>
        </extensions>
      </trkpt>
      <trkpt lat="32.05704501601252" lon="118.7965787521077">
        <ele>13.828019121661782</ele>
        <time>2026-05-29T08:55:57Z</time>
        <extensions>
          <gpxtpx:TrackPointExtension>
            <gpxtpx:hr>126</gpxtpx:hr>
          </gpxtpx:TrackPointExtension>
        </extensions>
      </trkpt>
      <trkpt lat="32.0570429681237" lon="118.79657744414621">
        <ele>13.501280779018998</ele>
        <time>2026-05-29T08:55:58Z</time>
        <extensions>
          <gpxtpx:TrackPointExtension>
            <gpxtpx:hr>126</gpxtpx:hr>
          </gpxtpx:TrackPointExtension>
        </extensions>
      </trkpt>
      <trkpt lat="32.05704043094029" lon="118.79657589118281">
        <ele>13.14132927544415</ele>
        <time>2026-05-29T08:55:59Z</time>
        <extensions>
          <gpxtpx:TrackPointExtension>
            <gpxtpx:hr>126</gpxtpx:hr>
          </gpxtpx:TrackPointExtension>
        </extensions>
      </trkpt>
      <trkpt lat="32.05703749745813" lon="118.79657404690656">
        <ele>12.747587288729846</ele>
        <time>2026-05-29T08:56:00Z</time>
        <extensions>
          <gpxtpx:TrackPointExtension>
            <gpxtpx:hr>126</gpxtpx:hr>
          </gpxtpx:TrackPointExtension>
        </extensions>
      </trkpt>
      <trkpt lat="32.05703411521295" lon="118.79657188283518">
        <ele>12.319030113518238</ele>
        <time>2026-05-29T08:56:01Z</time>
        <extensions>
          <gpxtpx:TrackPointExtension>
            <gpxtpx:hr>126</gpxtpx:hr>
          </gpxtpx:TrackPointExtension>
        </extensions>
      </trkpt>
      <trkpt lat="32.05703027753043" lon="118.79656932537888">
        <ele>11.854117827489972</ele>
        <time>2026-05-29T08:56:02Z</time>
        <extensions>
          <gpxtpx:TrackPointExtension>
            <gpxtpx:hr>126</gpxtpx:hr>
          </gpxtpx:TrackPointExtension>
        </extensions>
      </trkpt>
      <trkpt lat="32.057025991035744" lon="118.79656624123">
        <ele>11.351010812446475</ele>
        <time>2026-05-29T08:56:03Z</time>
        <extensions>
          <gpxtpx:TrackPointExtension>
            <gpxtpx:hr>126</gpxtpx:hr>
          </gpxtpx:TrackPointExtension>
        </extensions>
      </trkpt>
      <trkpt lat="32.05702123678434" lon="118.79656245301864">
        <ele>10.808132863603532</ele>
        <time>2026-05-29T08:56:04Z</time>
        <extensions>
          <gpxtpx:TrackPointExtension>
            <gpxtpx:hr>126</gpxtpx:hr>
          </gpxtpx:TrackPointExtension>
        </extensions>
      </trkpt>
      <trkpt lat="32.057015953305054" lon="118.79655772330132">
        <ele>10.224975905381143</ele>
        <time>2026-05-29T08:56:05Z</time>
        <extensions>
          <gpxtpx:TrackPointExtension>
            <gpxtpx:hr>126</gpxtpx:hr>
          </gpxtpx:TrackPointExtension>
        </extensions>
      </trkpt>
      <trkpt lat="32.057009987786806" lon="118.79655175412215">
        <ele>9.602977040223777</ele>
        <time>2026-05-29T08:56:06Z</time>
        <extensions>
          <gpxtpx:TrackPointExtension>
            <gpxtpx:hr>126</gpxtpx:hr>
          </gpxtpx:TrackPointExtension>
        </extensions>
      </trkpt>
      <trkpt lat="32.05700346853659" lon="118.79654485967433">
        <ele>8.946360545232892</ele>
        <time>2026-05-29T08:56:07Z</time>
        <extensions>
          <gpxtpx:TrackPointExtension>
            <gpxtpx:hr>126</gpxtpx:hr>
          </gpxtpx:TrackPointExtension>
        </extensions>
      </trkpt>
      <trkpt lat="32.056996782852124" lon="118.79653772062797">
        <ele>8.263520754873753</ele>
        <time>2026-05-29T08:56:08Z</time>
        <extensions>
          <gpxtpx:TrackPointExtension>
            <gpxtpx:hr>126</gpxtpx:hr>
          </gpxtpx:TrackPointExtension>
        </extensions>
      </trkpt>
    </trkseg>
  </trk>
</gpx>