<?xml version="1.0" encoding="UTF-8"?>
<gpx xmlns="http://www.topografix.com/GPX/1/1" xmlns:gpxtpx="http://www.garmin.com/xmlschemas/TrackPointExtension/v1" xmlns:xsi="http://www.w3.org/2001/XMLSchema-instance" xsi:schemaLocation="http://www.topografix.com/GPX/1/1 http://www.topografix.com/GPX/1/1/gpx.xsd" version="1.1" creator="gpx.py -- https://github.com/tkrajina/gpxpy">
  <trk>
    <name>gpx from keep</name>
    <type>Run</type>
    <trkseg>
      <trkpt lat="36.03058437940891" lon="119.40737452036304">
        <ele>57.99933578353375</ele>
        <time>2025-01-17T10:02:19Z</time>
        <extensions>
          <gpxtpx:TrackPointExtension>
            <gpxtpx:hr>92</gpxtpx:hr>
          </gpxtpx:TrackPointExtension>
        </extensions>
      </trkpt>
      <trkpt lat="36.030590785008584" lon="119.40736546024947">
        <ele>58.0159077020362</ele>
        <time>2025-01-17T10:02:20Z</time>
        <extensions>
          <gpxtpx:TrackPointExtension>
            <gpxtpx:hr>92</gpxtpx:hr>
          </gpxtpx:TrackPointExtension>
        </extensions>
      </trkpt>
      <trkpt lat="36.03059647056898" lon="119.4073555052822">
        <ele>58.036891303025186</ele>
        <time>2025-01-17T10:02:21Z</time>
        <extensions>
          <gpxtpx:TrackPointExtension>
            <gpxtpx:hr>92</gpxtpx:hr>
          </gpxtpx:TrackPointExtension>
        </extensions>
      </trkpt>
      <trkpt lat="36.03060143527704" lon="119.40734446347068">
        <ele>58.05863085761666</ele>
        <time>2025-01-17T10:02:22Z</time>
        <extensions>
          <gpxtpx:TrackPointExtension>
            <gpxtpx:hr>92</gpxtpx:hr>
          </gpxtpx:TrackPointExtension>
        </extensions>
      </trkpt>
      <trkpt lat="36.03060681852089" lon="119.40733276306977">
        <ele>58.08022069744766</ele>
        <time>2025-01-17T10:02:23Z</time>
        <extensions>
          <gpxtpx:TrackPointExtension>
            <gpxtpx:hr>92</gpxtpx:hr>
          </gpxtpx:TrackPointExtension>
        </extensions>
      </trkpt>
      <trkpt lat="36.030613021655036" lon="119.40732066038898">
        <ele>58.100478678010404</ele>
        <time>2025-01-17T10:02:24Z</time>
        <extensions>
          <gpxtpx:TrackPointExtension>
            <gpxtpx:hr>92</gpxtpx:hr>
          </gpxtpx:TrackPointExtension>
        </extensions>
      </trkpt>
      <trkpt lat="36.030620217864126" lon="119.407308677801">
        <ele>58.12056697998196</ele>
        <time>2025-01-17T10:02:25Z</time>
        <extensions>
          <gpxtpx:TrackPointExtension>
            <gpxtpx:hr>92</gpxtpx:hr>
          </gpxtpx:TrackPointExtension>
        </extensions>
      </trkpt>
      <trkpt lat="36.030628136218645" lon="119.40729710519588">
        <ele>58.140692288056016</ele>
        <time>2025-01-17T10:02:26Z</time>
        <extensions>
          <gpxtpx:TrackPointExtension>
            <gpxtpx:hr>92</gpxtpx:hr>
          </gpxtpx:TrackPointExtension>
        </extensions>
      </trkpt>
      <trkpt lat="36.03063656517326" lon="119.4072849481902">
        <ele>58.159679459407926</ele>
        <time>2025-01-17T10:02:27Z</time>
        <extensions>
          <gpxtpx:TrackPointExtension>
            <gpxtpx:hr>92</gpxtpx:hr>
          </gpxtpx:TrackPointExtension>
        </extensions>
      </trkpt>
      <trkpt lat="36.03064410266479" lon="119.40727142416246">
        <ele>58.17749545816332</ele>
        <time>2025-01-17T10:02:28Z</time>
        <extensions>
          <gpxtpx:TrackPointExtension>
            <gpxtpx:hr>92</gpxtpx:hr>
          </gpxtpx:TrackPointExtension>
        </extensions>
      </trkpt>
      <trkpt lat="36.03065144315283" lon="119.40725653531035">
        <ele>58.19306414667517</ele>
        <time>2025-01-17T10:02:28Z</time>
        <extensions>
          <gpxtpx:TrackPointExtension>
            <gpxtpx:hr>92</gpxtpx:hr>
          </gpxtpx:TrackPointExtension>
        </extensions>
      </trkpt>
      <trkpt lat="36.03065918421307" lon="119.40724082674758">
        <ele>58.20702455099672</ele>
        <time>2025-01-17T10:02:30Z</time>
        <extensions>
          <gpxtpx:TrackPointExtension>
            <gpxtpx:hr>92</gpxtpx:hr>
          </gpxtpx:TrackPointExtension>
        </extensions>
      </trkpt>
      <trkpt lat="36.03066701381921" lon="119.40722453446577">
        <ele>58.21971339453012</ele>
        <time>2025-01-17T10:02:31Z</time>
        <extensions>
          <gpxtpx:TrackPointExtension>
            <gpxtpx:hr>92</gpxtpx:hr>
          </gpxtpx:TrackPointExtension>
        </extensions>
      </trkpt>
      <trkpt lat="36.03067532069834" lon="119.40720718169868">
        <ele>58.22770007606596</ele>
        <time>2025-01-17T10:02:31Z</time>
        <extensions>
          <gpxtpx:TrackPointExtension>
            <gpxtpx:hr>96</gpxtpx:hr>
          </gpxtpx:TrackPointExtension>
        </extensions>
      </trkpt>
      <trkpt lat="36.030683495663546" lon="119.40718854414523">
        <ele>58.23214635439217</ele>
        <time>2025-01-17T10:02:32Z</time>
        <extensions>
          <gpxtpx:TrackPointExtension>
            <gpxtpx:hr>96</gpxtpx:hr>
          </gpxtpx:TrackPointExtension>
        </extensions>
      </trkpt>
      <trkpt lat="36.030691826679245" lon="119.40716815144005">
        <ele>58.23445700760931</ele>
        <time>2025-01-17T10:02:33Z</time>
        <extensions>
          <gpxtpx:TrackPointExtension>
            <gpxtpx:hr>96</gpxtpx:hr>
          </gpxtpx:TrackPointExtension>
        </extensions>
      </trkpt>
      <trkpt lat="36.03070084646273" lon="119.40714683828207">
        <ele>58.232203773222864</ele>
        <time>2025-01-17T10:02:35Z</time>
        <extensions>
          <gpxtpx:TrackPointExtension>
            <gpxtpx:hr>96</gpxtpx:hr>
          </gpxtpx:TrackPointExtension>
        </extensions>
      </trkpt>
      <trkpt lat="36.030710696784894" lon="119.4071245016058">
        <ele>58.22968657501042</ele>
        <time>2025-01-17T10:02:36Z</time>
        <extensions>
          <gpxtpx:TrackPointExtension>
            <gpxtpx:hr>100</gpxtpx:hr>
          </gpxtpx:TrackPointExtension>
        </extensions>
      </trkpt>
      <trkpt lat="36.03072032394517" lon="119.40710070286295">
        <ele>58.22488391492516</ele>
        <time>2025-01-17T10:02:36Z</time>
        <extensions>
          <gpxtpx:TrackPointExtension>
            <gpxtpx:hr>100</gpxtpx:hr>
          </gpxtpx:TrackPointExtension>
        </extensions>
      </trkpt>
      <trkpt lat="36.030730574692804" lon="119.40707522081543">
        <ele>58.215457478538156</ele>
        <time>2025-01-17T10:02:37Z</time>
        <extensions>
          <gpxtpx:TrackPointExtension>
            <gpxtpx:hr>100</gpxtpx:hr>
          </gpxtpx:TrackPointExtension>
        </extensions>
      </trkpt>
      <trkpt lat="36.03074227403179" lon="119.4070489549021">
        <ele>58.20201504044235</ele>
        <time>2025-01-17T10:02:38Z</time>
        <extensions>
          <gpxtpx:TrackPointExtension>
            <gpxtpx:hr>103</gpxtpx:hr>
          </gpxtpx:TrackPointExtension>
        </extensions>
      </trkpt>
      <trkpt lat="36.030754641104885" lon="119.4070229308109">
        <ele>58.17981990799308</ele>
        <time>2025-01-17T10:02:39Z</time>
        <extensions>
          <gpxtpx:TrackPointExtension>
            <gpxtpx:hr>103</gpxtpx:hr>
          </gpxtpx:TrackPointExtension>
        </extensions>
      </trkpt>
      <trkpt lat="36.03076763646226" lon="119.40699640553167">
        <ele>58.15624096803367</ele>
        <time>2025-01-17T10:02:40Z</time>
        <extensions>
          <gpxtpx:TrackPointExtension>
            <gpxtpx:hr>103</gpxtpx:hr>
          </gpxtpx:TrackPointExtension>
        </extensions>
      </trkpt>
      <trkpt lat="36.030784933683776" lon="119.40694983795292">
        <ele>58.208390556275845</ele>
        <time>2025-01-17T10:02:41Z</time>
        <extensions>
          <gpxtpx:TrackPointExtension>
            <gpxtpx:hr>103</gpxtpx:hr>
          </gpxtpx:TrackPointExtension>
        </extensions>
      </trkpt>
      <trkpt lat="36.030799086447715" lon="119.40691559281356">
        <ele>58.28587332833558</ele>
        <time>2025-01-17T10:02:42Z</time>
        <extensions>
          <gpxtpx:TrackPointExtension>
            <gpxtpx:hr>108</gpxtpx:hr>
          </gpxtpx:TrackPointExtension>
        </extensions>
      </trkpt>
      <trkpt lat="36.03081136562424" lon="119.40688673384949">
        <ele>58.38568952213973</ele>
        <time>2025-01-17T10:02:43Z</time>
        <extensions>
          <gpxtpx:TrackPointExtension>
            <gpxtpx:hr>108</gpxtpx:hr>
          </gpxtpx:TrackPointExtension>
        </extensions>
      </trkpt>
      <trkpt lat="36.03082263224032" lon="119.40685921994755">
        <ele>58.50915704946965</ele>
        <time>2025-01-17T10:02:44Z</time>
        <extensions>
          <gpxtpx:TrackPointExtension>
            <gpxtpx:hr>108</gpxtpx:hr>
          </gpxtpx:TrackPointExtension>
        </extensions>
      </trkpt>
      <trkpt lat="36.030833387173026" lon="119.40683066646965">
        <ele>58.63408657070249</ele>
        <time>2025-01-17T10:02:45Z</time>
        <extensions>
          <gpxtpx:TrackPointExtension>
            <gpxtpx:hr>108</gpxtpx:hr>
          </gpxtpx:TrackPointExtension>
        </extensions>
      </trkpt>
      <trkpt lat="36.03084478214736" lon="119.40680034416988">
        <ele>58.77639685198665</ele>
        <time>2025-01-17T10:02:46Z</time>
        <extensions>
          <gpxtpx:TrackPointExtension>
            <gpxtpx:hr>108</gpxtpx:hr>
          </gpxtpx:TrackPointExtension>
        </extensions>
      </trkpt>
      <trkpt lat="36.03085700960144" lon="119.40676873568985">
        <ele>58.953483554534614</ele>
        <time>2025-01-17T10:02:47Z</time>
        <extensions>
          <gpxtpx:TrackPointExtension>
            <gpxtpx:hr>115</gpxtpx:hr>
          </gpxtpx:TrackPointExtension>
        </extensions>
      </trkpt>
      <trkpt lat="36.03086896327666" lon="119.40673575798107">
        <ele>59.14201694354415</ele>
        <time>2025-01-17T10:02:48Z</time>
        <extensions>
          <gpxtpx:TrackPointExtension>
            <gpxtpx:hr>115</gpxtpx:hr>
          </gpxtpx:TrackPointExtension>
        </extensions>
      </trkpt>
      <trkpt lat="36.03088064505668" lon="119.40670203827752">
        <ele>59.346320221200585</ele>
        <time>2025-01-17T10:02:49Z</time>
        <extensions>
          <gpxtpx:TrackPointExtension>
            <gpxtpx:hr>115</gpxtpx:hr>
          </gpxtpx:TrackPointExtension>
        </extensions>
      </trkpt>
      <trkpt lat="36.03089245845549" lon="119.4066669107076">
        <ele>59.51091591082513</ele>
        <time>2025-01-17T10:02:50Z</time>
        <extensions>
          <gpxtpx:TrackPointExtension>
            <gpxtpx:hr>115</gpxtpx:hr>
          </gpxtpx:TrackPointExtension>
        </extensions>
      </trkpt>
      <trkpt lat="36.03090689924027" lon="119.406619317769">
        <ele>59.66588860563934</ele>
        <time>2025-01-17T10:02:51Z</time>
        <extensions>
          <gpxtpx:TrackPointExtension>
            <gpxtpx:hr>115</gpxtpx:hr>
          </gpxtpx:TrackPointExtension>
        </extensions>
      </trkpt>
      <trkpt lat="36.030923525551216" lon="119.4065619371243">
        <ele>59.84308542590588</ele>
        <time>2025-01-17T10:02:52Z</time>
        <extensions>
          <gpxtpx:TrackPointExtension>
            <gpxtpx:hr>122</gpxtpx:hr>
          </gpxtpx:TrackPointExtension>
        </extensions>
      </trkpt>
      <trkpt lat="36.03093816153599" lon="119.40650971183551">
        <ele>60.0162515360862</ele>
        <time>2025-01-17T10:02:53Z</time>
        <extensions>
          <gpxtpx:TrackPointExtension>
            <gpxtpx:hr>122</gpxtpx:hr>
          </gpxtpx:TrackPointExtension>
        </extensions>
      </trkpt>
      <trkpt lat="36.0309497132654" lon="119.406464507778">
        <ele>60.164471252821386</ele>
        <time>2025-01-17T10:02:54Z</time>
        <extensions>
          <gpxtpx:TrackPointExtension>
            <gpxtpx:hr>122</gpxtpx:hr>
          </gpxtpx:TrackPointExtension>
        </extensions>
      </trkpt>
      <trkpt lat="36.03095870190307" lon="119.40642387959996">
        <ele>60.315174689516425</ele>
        <time>2025-01-17T10:02:55Z</time>
        <extensions>
          <gpxtpx:TrackPointExtension>
            <gpxtpx:hr>122</gpxtpx:hr>
          </gpxtpx:TrackPointExtension>
        </extensions>
      </trkpt>
      <trkpt lat="36.03096619097494" lon="119.40638507900428">
        <ele>60.451582446694374</ele>
        <time>2025-01-17T10:02:56Z</time>
        <extensions>
          <gpxtpx:TrackPointExtension>
            <gpxtpx:hr>122</gpxtpx:hr>
          </gpxtpx:TrackPointExtension>
        </extensions>
      </trkpt>
      <trkpt lat="36.030972506938056" lon="119.40634648999252">
        <ele>60.59793946612626</ele>
        <time>2025-01-17T10:02:57Z</time>
        <extensions>
          <gpxtpx:TrackPointExtension>
            <gpxtpx:hr>127</gpxtpx:hr>
          </gpxtpx:TrackPointExtension>
        </extensions>
      </trkpt>
      <trkpt lat="36.030977740874995" lon="119.40630817992499">
        <ele>60.734230793081224</ele>
        <time>2025-01-17T10:02:58Z</time>
        <extensions>
          <gpxtpx:TrackPointExtension>
            <gpxtpx:hr>127</gpxtpx:hr>
          </gpxtpx:TrackPointExtension>
        </extensions>
      </trkpt>
      <trkpt lat="36.03098206648738" lon="119.40627073247965">
        <ele>60.80248075071722</ele>
        <time>2025-01-17T10:02:59Z</time>
        <extensions>
          <gpxtpx:TrackPointExtension>
            <gpxtpx:hr>127</gpxtpx:hr>
          </gpxtpx:TrackPointExtension>
        </extensions>
      </trkpt>
      <trkpt lat="36.030986134609435" lon="119.40623404671457">
        <ele>60.86294337268919</ele>
        <time>2025-01-17T10:03:00Z</time>
        <extensions>
          <gpxtpx:TrackPointExtension>
            <gpxtpx:hr>127</gpxtpx:hr>
          </gpxtpx:TrackPointExtension>
        </extensions>
      </trkpt>
      <trkpt lat="36.030990203228626" lon="119.40619879218514">
        <ele>60.911000738851726</ele>
        <time>2025-01-17T10:03:01Z</time>
        <extensions>
          <gpxtpx:TrackPointExtension>
            <gpxtpx:hr>127</gpxtpx:hr>
          </gpxtpx:TrackPointExtension>
        </extensions>
      </trkpt>
      <trkpt lat="36.03099320378882" lon="119.40616518562612">
        <ele>60.95841989479959</ele>
        <time>2025-01-17T10:03:02Z</time>
        <extensions>
          <gpxtpx:TrackPointExtension>
            <gpxtpx:hr>131</gpxtpx:hr>
          </gpxtpx:TrackPointExtension>
        </extensions>
      </trkpt>
      <trkpt lat="36.03099492823011" lon="119.4061316460302">
        <ele>61.029825516976416</ele>
        <time>2025-01-17T10:03:03Z</time>
        <extensions>
          <gpxtpx:TrackPointExtension>
            <gpxtpx:hr>131</gpxtpx:hr>
          </gpxtpx:TrackPointExtension>
        </extensions>
      </trkpt>
      <trkpt lat="36.03099630536782" lon="119.40609813250185">
        <ele>61.09065634664148</ele>
        <time>2025-01-17T10:03:04Z</time>
        <extensions>
          <gpxtpx:TrackPointExtension>
            <gpxtpx:hr>131</gpxtpx:hr>
          </gpxtpx:TrackPointExtension>
        </extensions>
      </trkpt>
      <trkpt lat="36.030998041219775" lon="119.40606500945937">
        <ele>61.14880756102502</ele>
        <time>2025-01-17T10:03:05Z</time>
        <extensions>
          <gpxtpx:TrackPointExtension>
            <gpxtpx:hr>131</gpxtpx:hr>
          </gpxtpx:TrackPointExtension>
        </extensions>
      </trkpt>
      <trkpt lat="36.03100028940343" lon="119.40603182511128">
        <ele>61.19069382362068</ele>
        <time>2025-01-17T10:03:06Z</time>
        <extensions>
          <gpxtpx:TrackPointExtension>
            <gpxtpx:hr>131</gpxtpx:hr>
          </gpxtpx:TrackPointExtension>
        </extensions>
      </trkpt>
      <trkpt lat="36.0310024153248" lon="119.40599906484294">
        <ele>61.2529293904081</ele>
        <time>2025-01-17T10:03:07Z</time>
        <extensions>
          <gpxtpx:TrackPointExtension>
            <gpxtpx:hr>131</gpxtpx:hr>
          </gpxtpx:TrackPointExtension>
        </extensions>
      </trkpt>
      <trkpt lat="36.03100374775743" lon="119.40596698306014">
        <ele>61.31045698095113</ele>
        <time>2025-01-17T10:03:08Z</time>
        <extensions>
          <gpxtpx:TrackPointExtension>
            <gpxtpx:hr>131</gpxtpx:hr>
          </gpxtpx:TrackPointExtension>
        </extensions>
      </trkpt>
      <trkpt lat="36.031004775146904" lon="119.40593502627638">
        <ele>61.353176310658455</ele>
        <time>2025-01-17T10:03:09Z</time>
        <extensions>
          <gpxtpx:TrackPointExtension>
            <gpxtpx:hr>139</gpxtpx:hr>
          </gpxtpx:TrackPointExtension>
        </extensions>
      </trkpt>
      <trkpt lat="36.03100529261372" lon="119.40590324313885">
        <ele>61.37743154913187</ele>
        <time>2025-01-17T10:03:10Z</time>
        <extensions>
          <gpxtpx:TrackPointExtension>
            <gpxtpx:hr>139</gpxtpx:hr>
          </gpxtpx:TrackPointExtension>
        </extensions>
      </trkpt>
      <trkpt lat="36.031003947853634" lon="119.40587087504973">
        <ele>61.346767206676304</ele>
        <time>2025-01-17T10:03:11Z</time>
        <extensions>
          <gpxtpx:TrackPointExtension>
            <gpxtpx:hr>139</gpxtpx:hr>
          </gpxtpx:TrackPointExtension>
        </extensions>
      </trkpt>
      <trkpt lat="36.03100047951989" lon="119.4058371212266">
        <ele>61.29744504485279</ele>
        <time>2025-01-17T10:03:12Z</time>
        <extensions>
          <gpxtpx:TrackPointExtension>
            <gpxtpx:hr>139</gpxtpx:hr>
          </gpxtpx:TrackPointExtension>
        </extensions>
      </trkpt>
      <trkpt lat="36.030996175425855" lon="119.40580347587971">
        <ele>61.25114810094237</ele>
        <time>2025-01-17T10:03:13Z</time>
        <extensions>
          <gpxtpx:TrackPointExtension>
            <gpxtpx:hr>139</gpxtpx:hr>
          </gpxtpx:TrackPointExtension>
        </extensions>
      </trkpt>
      <trkpt lat="36.03099291606342" lon="119.40577043164336">
        <ele>61.19281222578138</ele>
        <time>2025-01-17T10:03:14Z</time>
        <extensions>
          <gpxtpx:TrackPointExtension>
            <gpxtpx:hr>139</gpxtpx:hr>
          </gpxtpx:TrackPointExtension>
        </extensions>
      </trkpt>
      <trkpt lat="36.03099096943554" lon="119.4057373621875">
        <ele>61.107457188889384</ele>
        <time>2025-01-17T10:03:15Z</time>
        <extensions>
          <gpxtpx:TrackPointExtension>
            <gpxtpx:hr>139</gpxtpx:hr>
          </gpxtpx:TrackPointExtension>
        </extensions>
      </trkpt>
      <trkpt lat="36.03098949280341" lon="119.40570443215397">
        <ele>61.01486842148006</ele>
        <time>2025-01-17T10:03:16Z</time>
        <extensions>
          <gpxtpx:TrackPointExtension>
            <gpxtpx:hr>139</gpxtpx:hr>
          </gpxtpx:TrackPointExtension>
        </extensions>
      </trkpt>
      <trkpt lat="36.03098766889309" lon="119.40567067815373">
        <ele>60.90971147082746</ele>
        <time>2025-01-17T10:03:17Z</time>
        <extensions>
          <gpxtpx:TrackPointExtension>
            <gpxtpx:hr>139</gpxtpx:hr>
          </gpxtpx:TrackPointExtension>
        </extensions>
      </trkpt>
      <trkpt lat="36.030985301032516" lon="119.40563578643139">
        <ele>60.81325319595635</ele>
        <time>2025-01-17T10:03:18Z</time>
        <extensions>
          <gpxtpx:TrackPointExtension>
            <gpxtpx:hr>139</gpxtpx:hr>
          </gpxtpx:TrackPointExtension>
        </extensions>
      </trkpt>
      <trkpt lat="36.03098244854647" lon="119.40560152763697">
        <ele>60.701974388211966</ele>
        <time>2025-01-17T10:03:19Z</time>
        <extensions>
          <gpxtpx:TrackPointExtension>
            <gpxtpx:hr>139</gpxtpx:hr>
          </gpxtpx:TrackPointExtension>
        </extensions>
      </trkpt>
      <trkpt lat="36.030978832254455" lon="119.4055696597708">
        <ele>60.56571925804019</ele>
        <time>2025-01-17T10:03:20Z</time>
        <extensions>
          <gpxtpx:TrackPointExtension>
            <gpxtpx:hr>139</gpxtpx:hr>
          </gpxtpx:TrackPointExtension>
        </extensions>
      </trkpt>
      <trkpt lat="36.030975191296406" lon="119.40553980819999">
        <ele>60.417175294831395</ele>
        <time>2025-01-17T10:03:21Z</time>
        <extensions>
          <gpxtpx:TrackPointExtension>
            <gpxtpx:hr>139</gpxtpx:hr>
          </gpxtpx:TrackPointExtension>
        </extensions>
      </trkpt>
      <trkpt lat="36.03097186051735" lon="119.40551098516866">
        <ele>60.27372258529067</ele>
        <time>2025-01-17T10:03:22Z</time>
        <extensions>
          <gpxtpx:TrackPointExtension>
            <gpxtpx:hr>147</gpxtpx:hr>
          </gpxtpx:TrackPointExtension>
        </extensions>
      </trkpt>
      <trkpt lat="36.03096877639002" lon="119.40548209164255">
        <ele>60.15142038650811</ele>
        <time>2025-01-17T10:03:23Z</time>
        <extensions>
          <gpxtpx:TrackPointExtension>
            <gpxtpx:hr>147</gpxtpx:hr>
          </gpxtpx:TrackPointExtension>
        </extensions>
      </trkpt>
      <trkpt lat="36.030965734216124" lon="119.40545304175157">
        <ele>60.08230982441455</ele>
        <time>2025-01-17T10:03:24Z</time>
        <extensions>
          <gpxtpx:TrackPointExtension>
            <gpxtpx:hr>147</gpxtpx:hr>
          </gpxtpx:TrackPointExtension>
        </extensions>
      </trkpt>
      <trkpt lat="36.03096156179414" lon="119.40542523231949">
        <ele>59.993436174467206</ele>
        <time>2025-01-17T10:03:25Z</time>
        <extensions>
          <gpxtpx:TrackPointExtension>
            <gpxtpx:hr>147</gpxtpx:hr>
          </gpxtpx:TrackPointExtension>
        </extensions>
      </trkpt>
      <trkpt lat="36.03095561845657" lon="119.40539880389068">
        <ele>59.915104096755385</ele>
        <time>2025-01-17T10:03:26Z</time>
        <extensions>
          <gpxtpx:TrackPointExtension>
            <gpxtpx:hr>147</gpxtpx:hr>
          </gpxtpx:TrackPointExtension>
        </extensions>
      </trkpt>
      <trkpt lat="36.03094940446544" lon="119.40537257458047">
        <ele>59.863132514059544</ele>
        <time>2025-01-17T10:03:27Z</time>
        <extensions>
          <gpxtpx:TrackPointExtension>
            <gpxtpx:hr>147</gpxtpx:hr>
          </gpxtpx:TrackPointExtension>
        </extensions>
      </trkpt>
      <trkpt lat="36.030943926696246" lon="119.40534595279387">
        <ele>59.82512742187828</ele>
        <time>2025-01-17T10:03:28Z</time>
        <extensions>
          <gpxtpx:TrackPointExtension>
            <gpxtpx:hr>144</gpxtpx:hr>
          </gpxtpx:TrackPointExtension>
        </extensions>
      </trkpt>
      <trkpt lat="36.03093789395887" lon="119.4053182439318">
        <ele>59.79569411184639</ele>
        <time>2025-01-17T10:03:29Z</time>
        <extensions>
          <gpxtpx:TrackPointExtension>
            <gpxtpx:hr>144</gpxtpx:hr>
          </gpxtpx:TrackPointExtension>
        </extensions>
      </trkpt>
      <trkpt lat="36.03093009140562" lon="119.4052886685619">
        <ele>59.781368118710816</ele>
        <time>2025-01-17T10:03:30Z</time>
        <extensions>
          <gpxtpx:TrackPointExtension>
            <gpxtpx:hr>144</gpxtpx:hr>
          </gpxtpx:TrackPointExtension>
        </extensions>
      </trkpt>
      <trkpt lat="36.03091956361432" lon="119.40525808219977">
        <ele>59.759432224556804</ele>
        <time>2025-01-17T10:03:31Z</time>
        <extensions>
          <gpxtpx:TrackPointExtension>
            <gpxtpx:hr>144</gpxtpx:hr>
          </gpxtpx:TrackPointExtension>
        </extensions>
      </trkpt>
      <trkpt lat="36.030906590710764" lon="119.40522683411425">
        <ele>59.74092941079289</ele>
        <time>2025-01-17T10:03:32Z</time>
        <extensions>
          <gpxtpx:TrackPointExtension>
            <gpxtpx:hr>144</gpxtpx:hr>
          </gpxtpx:TrackPointExtension>
        </extensions>
      </trkpt>
      <trkpt lat="36.03089359658607" lon="119.405195519197">
        <ele>59.71221124753356</ele>
        <time>2025-01-17T10:03:33Z</time>
        <extensions>
          <gpxtpx:TrackPointExtension>
            <gpxtpx:hr>144</gpxtpx:hr>
          </gpxtpx:TrackPointExtension>
        </extensions>
      </trkpt>
      <trkpt lat="36.03088224789175" lon="119.40516524072937">
        <ele>59.704415833577514</ele>
        <time>2025-01-17T10:03:34Z</time>
        <extensions>
          <gpxtpx:TrackPointExtension>
            <gpxtpx:hr>149</gpxtpx:hr>
          </gpxtpx:TrackPointExtension>
        </extensions>
      </trkpt>
      <trkpt lat="36.030872666298656" lon="119.40513453191895">
        <ele>59.72942758444697</ele>
        <time>2025-01-17T10:03:35Z</time>
        <extensions>
          <gpxtpx:TrackPointExtension>
            <gpxtpx:hr>149</gpxtpx:hr>
          </gpxtpx:TrackPointExtension>
        </extensions>
      </trkpt>
      <trkpt lat="36.030864344466046" lon="119.40510323772124">
        <ele>59.76327359396964</ele>
        <time>2025-01-17T10:03:36Z</time>
        <extensions>
          <gpxtpx:TrackPointExtension>
            <gpxtpx:hr>149</gpxtpx:hr>
          </gpxtpx:TrackPointExtension>
        </extensions>
      </trkpt>
      <trkpt lat="36.03085584100583" lon="119.40507357562264">
        <ele>59.83302318863571</ele>
        <time>2025-01-17T10:03:37Z</time>
        <extensions>
          <gpxtpx:TrackPointExtension>
            <gpxtpx:hr>149</gpxtpx:hr>
          </gpxtpx:TrackPointExtension>
        </extensions>
      </trkpt>
      <trkpt lat="36.03084624487395" lon="119.40504452626207">
        <ele>59.89995997399092</ele>
        <time>2025-01-17T10:03:38Z</time>
        <extensions>
          <gpxtpx:TrackPointExtension>
            <gpxtpx:hr>149</gpxtpx:hr>
          </gpxtpx:TrackPointExtension>
        </extensions>
      </trkpt>
      <trkpt lat="36.030836622598535" lon="119.40501407573954">
        <ele>59.93224801495671</ele>
        <time>2025-01-17T10:03:39Z</time>
        <extensions>
          <gpxtpx:TrackPointExtension>
            <gpxtpx:hr>149</gpxtpx:hr>
          </gpxtpx:TrackPointExtension>
        </extensions>
      </trkpt>
      <trkpt lat="36.0308277362168" lon="119.40498401279008">
        <ele>59.99056845065206</ele>
        <time>2025-01-17T10:03:40Z</time>
        <extensions>
          <gpxtpx:TrackPointExtension>
            <gpxtpx:hr>149</gpxtpx:hr>
          </gpxtpx:TrackPointExtension>
        </extensions>
      </trkpt>
      <trkpt lat="36.030818303313524" lon="119.40495550324239">
        <ele>60.05692188907415</ele>
        <time>2025-01-17T10:03:41Z</time>
        <extensions>
          <gpxtpx:TrackPointExtension>
            <gpxtpx:hr>151</gpxtpx:hr>
          </gpxtpx:TrackPointExtension>
        </extensions>
      </trkpt>
      <trkpt lat="36.030807567570776" lon="119.40492740331699">
        <ele>60.100873777642846</ele>
        <time>2025-01-17T10:03:42Z</time>
        <extensions>
          <gpxtpx:TrackPointExtension>
            <gpxtpx:hr>151</gpxtpx:hr>
          </gpxtpx:TrackPointExtension>
        </extensions>
      </trkpt>
      <trkpt lat="36.030795942643714" lon="119.4049003219282">
        <ele>60.16121214814484</ele>
        <time>2025-01-17T10:03:43Z</time>
        <extensions>
          <gpxtpx:TrackPointExtension>
            <gpxtpx:hr>151</gpxtpx:hr>
          </gpxtpx:TrackPointExtension>
        </extensions>
      </trkpt>
      <trkpt lat="36.03078357536789" lon="119.40487386402921">
        <ele>60.22436462063342</ele>
        <time>2025-01-17T10:03:44Z</time>
        <extensions>
          <gpxtpx:TrackPointExtension>
            <gpxtpx:hr>150</gpxtpx:hr>
          </gpxtpx:TrackPointExtension>
        </extensions>
      </trkpt>
      <trkpt lat="36.03077073364808" lon="119.40484713274074">
        <ele>60.27008972130716</ele>
        <time>2025-01-17T10:03:45Z</time>
        <extensions>
          <gpxtpx:TrackPointExtension>
            <gpxtpx:hr>150</gpxtpx:hr>
          </gpxtpx:TrackPointExtension>
        </extensions>
      </trkpt>
      <trkpt lat="36.03075792556489" lon="119.40482094080373">
        <ele>60.31768037099391</ele>
        <time>2025-01-17T10:03:46Z</time>
        <extensions>
          <gpxtpx:TrackPointExtension>
            <gpxtpx:hr>150</gpxtpx:hr>
          </gpxtpx:TrackPointExtension>
        </extensions>
      </trkpt>
      <trkpt lat="36.03074440528403" lon="119.40479498504016">
        <ele>60.31977977324277</ele>
        <time>2025-01-17T10:03:47Z</time>
        <extensions>
          <gpxtpx:TrackPointExtension>
            <gpxtpx:hr>150</gpxtpx:hr>
          </gpxtpx:TrackPointExtension>
        </extensions>
      </trkpt>
      <trkpt lat="36.03072969392306" lon="119.40476819873491">
        <ele>60.34640722256154</ele>
        <time>2025-01-17T10:03:48Z</time>
        <extensions>
          <gpxtpx:TrackPointExtension>
            <gpxtpx:hr>148</gpxtpx:hr>
          </gpxtpx:TrackPointExtension>
        </extensions>
      </trkpt>
      <trkpt lat="36.03071474578441" lon="119.40474128623322">
        <ele>60.383354153484106</ele>
        <time>2025-01-17T10:03:49Z</time>
        <extensions>
          <gpxtpx:TrackPointExtension>
            <gpxtpx:hr>148</gpxtpx:hr>
          </gpxtpx:TrackPointExtension>
        </extensions>
      </trkpt>
      <trkpt lat="36.030699588860855" lon="119.40471483526113">
        <ele>60.39234391413629</ele>
        <time>2025-01-17T10:03:50Z</time>
        <extensions>
          <gpxtpx:TrackPointExtension>
            <gpxtpx:hr>148</gpxtpx:hr>
          </gpxtpx:TrackPointExtension>
        </extensions>
      </trkpt>
      <trkpt lat="36.03068410113903" lon="119.40468846496856">
        <ele>60.39277000725269</ele>
        <time>2025-01-17T10:03:51Z</time>
        <extensions>
          <gpxtpx:TrackPointExtension>
            <gpxtpx:hr>148</gpxtpx:hr>
          </gpxtpx:TrackPointExtension>
        </extensions>
      </trkpt>
      <trkpt lat="36.03066858693342" lon="119.40466248036387">
        <ele>60.353965980000794</ele>
        <time>2025-01-17T10:03:52Z</time>
        <extensions>
          <gpxtpx:TrackPointExtension>
            <gpxtpx:hr>148</gpxtpx:hr>
          </gpxtpx:TrackPointExtension>
        </extensions>
      </trkpt>
      <trkpt lat="36.030652226035784" lon="119.40463670247154">
        <ele>60.31039170268923</ele>
        <time>2025-01-17T10:03:53Z</time>
        <extensions>
          <gpxtpx:TrackPointExtension>
            <gpxtpx:hr>148</gpxtpx:hr>
          </gpxtpx:TrackPointExtension>
        </extensions>
      </trkpt>
      <trkpt lat="36.03063530306351" lon="119.40461047780603">
        <ele>60.26853965688497</ele>
        <time>2025-01-17T10:03:54Z</time>
        <extensions>
          <gpxtpx:TrackPointExtension>
            <gpxtpx:hr>156</gpxtpx:hr>
          </gpxtpx:TrackPointExtension>
        </extensions>
      </trkpt>
      <trkpt lat="36.03061906163629" lon="119.4045842071938">
        <ele>60.2262051217258</ele>
        <time>2025-01-17T10:03:55Z</time>
        <extensions>
          <gpxtpx:TrackPointExtension>
            <gpxtpx:hr>156</gpxtpx:hr>
          </gpxtpx:TrackPointExtension>
        </extensions>
      </trkpt>
      <trkpt lat="36.03060282565246" lon="119.4045581627482">
        <ele>60.20881052315235</ele>
        <time>2025-01-17T10:03:56Z</time>
        <extensions>
          <gpxtpx:TrackPointExtension>
            <gpxtpx:hr>156</gpxtpx:hr>
          </gpxtpx:TrackPointExtension>
        </extensions>
      </trkpt>
      <trkpt lat="36.03058606946374" lon="119.40453243791788">
        <ele>60.18684498406947</ele>
        <time>2025-01-17T10:03:57Z</time>
        <extensions>
          <gpxtpx:TrackPointExtension>
            <gpxtpx:hr>156</gpxtpx:hr>
          </gpxtpx:TrackPointExtension>
        </extensions>
      </trkpt>
      <trkpt lat="36.03056917832162" lon="119.40450716860029">
        <ele>60.18431131914258</ele>
        <time>2025-01-17T10:03:58Z</time>
        <extensions>
          <gpxtpx:TrackPointExtension>
            <gpxtpx:hr>156</gpxtpx:hr>
          </gpxtpx:TrackPointExtension>
        </extensions>
      </trkpt>
      <trkpt lat="36.03055153076314" lon="119.40448159143189">
        <ele>60.19667999912053</ele>
        <time>2025-01-17T10:03:59Z</time>
        <extensions>
          <gpxtpx:TrackPointExtension>
            <gpxtpx:hr>156</gpxtpx:hr>
          </gpxtpx:TrackPointExtension>
        </extensions>
      </trkpt>
      <trkpt lat="36.03053359806782" lon="119.40445554840264">
        <ele>60.200583916157484</ele>
        <time>2025-01-17T10:04:00Z</time>
        <extensions>
          <gpxtpx:TrackPointExtension>
            <gpxtpx:hr>155</gpxtpx:hr>
          </gpxtpx:TrackPointExtension>
        </extensions>
      </trkpt>
      <trkpt lat="36.030516413923344" lon="119.40442969084702">
        <ele>60.21967208292335</ele>
        <time>2025-01-17T10:04:01Z</time>
        <extensions>
          <gpxtpx:TrackPointExtension>
            <gpxtpx:hr>155</gpxtpx:hr>
          </gpxtpx:TrackPointExtension>
        </extensions>
      </trkpt>
      <trkpt lat="36.0304993363605" lon="119.40440477765594">
        <ele>60.22542099934071</ele>
        <time>2025-01-17T10:04:02Z</time>
        <extensions>
          <gpxtpx:TrackPointExtension>
            <gpxtpx:hr>155</gpxtpx:hr>
          </gpxtpx:TrackPointExtension>
        </extensions>
      </trkpt>
      <trkpt lat="36.030481706390276" lon="119.40438165484314">
        <ele>60.239243533462286</ele>
        <time>2025-01-17T10:04:03Z</time>
        <extensions>
          <gpxtpx:TrackPointExtension>
            <gpxtpx:hr>155</gpxtpx:hr>
          </gpxtpx:TrackPointExtension>
        </extensions>
      </trkpt>
      <trkpt lat="36.03046318789265" lon="119.4043605804036">
        <ele>60.290109497494996</ele>
        <time>2025-01-17T10:04:04Z</time>
        <extensions>
          <gpxtpx:TrackPointExtension>
            <gpxtpx:hr>157</gpxtpx:hr>
          </gpxtpx:TrackPointExtension>
        </extensions>
      </trkpt>
      <trkpt lat="36.030443036268835" lon="119.40434040176754">
        <ele>60.32265417277813</ele>
        <time>2025-01-17T10:04:05Z</time>
        <extensions>
          <gpxtpx:TrackPointExtension>
            <gpxtpx:hr>157</gpxtpx:hr>
          </gpxtpx:TrackPointExtension>
        </extensions>
      </trkpt>
      <trkpt lat="36.03042228693897" lon="119.40432088665601">
        <ele>60.34926810581237</ele>
        <time>2025-01-17T10:04:06Z</time>
        <extensions>
          <gpxtpx:TrackPointExtension>
            <gpxtpx:hr>157</gpxtpx:hr>
          </gpxtpx:TrackPointExtension>
        </extensions>
      </trkpt>
      <trkpt lat="36.03040223712923" lon="119.40430256537222">
        <ele>60.412869178690016</ele>
        <time>2025-01-17T10:04:07Z</time>
        <extensions>
          <gpxtpx:TrackPointExtension>
            <gpxtpx:hr>157</gpxtpx:hr>
          </gpxtpx:TrackPointExtension>
        </extensions>
      </trkpt>
      <trkpt lat="36.03038214541026" lon="119.40428419135849">
        <ele>60.46023968141526</ele>
        <time>2025-01-17T10:04:08Z</time>
        <extensions>
          <gpxtpx:TrackPointExtension>
            <gpxtpx:hr>157</gpxtpx:hr>
          </gpxtpx:TrackPointExtension>
        </extensions>
      </trkpt>
      <trkpt lat="36.03036229189083" lon="119.40426495927787">
        <ele>60.48646003194153</ele>
        <time>2025-01-17T10:04:09Z</time>
        <extensions>
          <gpxtpx:TrackPointExtension>
            <gpxtpx:hr>157</gpxtpx:hr>
          </gpxtpx:TrackPointExtension>
        </extensions>
      </trkpt>
      <trkpt lat="36.03034390127293" lon="119.4042463617465">
        <ele>60.50450499728322</ele>
        <time>2025-01-17T10:04:10Z</time>
        <extensions>
          <gpxtpx:TrackPointExtension>
            <gpxtpx:hr>157</gpxtpx:hr>
          </gpxtpx:TrackPointExtension>
        </extensions>
      </trkpt>
      <trkpt lat="36.030326221660054" lon="119.40422955396717">
        <ele>60.548321208916605</ele>
        <time>2025-01-17T10:04:11Z</time>
        <extensions>
          <gpxtpx:TrackPointExtension>
            <gpxtpx:hr>157</gpxtpx:hr>
          </gpxtpx:TrackPointExtension>
        </extensions>
      </trkpt>
      <trkpt lat="36.03030773267652" lon="119.40421329325088">
        <ele>60.57860512007028</ele>
        <time>2025-01-17T10:04:12Z</time>
        <extensions>
          <gpxtpx:TrackPointExtension>
            <gpxtpx:hr>157</gpxtpx:hr>
          </gpxtpx:TrackPointExtension>
        </extensions>
      </trkpt>
      <trkpt lat="36.03028833298494" lon="119.40419700601659">
        <ele>60.610847974196076</ele>
        <time>2025-01-17T10:04:13Z</time>
        <extensions>
          <gpxtpx:TrackPointExtension>
            <gpxtpx:hr>157</gpxtpx:hr>
          </gpxtpx:TrackPointExtension>
        </extensions>
      </trkpt>
      <trkpt lat="36.03026807953657" lon="119.40418173239556">
        <ele>60.64718643203378</ele>
        <time>2025-01-17T10:04:14Z</time>
        <extensions>
          <gpxtpx:TrackPointExtension>
            <gpxtpx:hr>157</gpxtpx:hr>
          </gpxtpx:TrackPointExtension>
        </extensions>
      </trkpt>
      <trkpt lat="36.03024694424945" lon="119.40416761338032">
        <ele>60.66369110997766</ele>
        <time>2025-01-17T10:04:15Z</time>
        <extensions>
          <gpxtpx:TrackPointExtension>
            <gpxtpx:hr>157</gpxtpx:hr>
          </gpxtpx:TrackPointExtension>
        </extensions>
      </trkpt>
      <trkpt lat="36.03022597656109" lon="119.4041545873867">
        <ele>60.7092011095956</ele>
        <time>2025-01-17T10:04:16Z</time>
        <extensions>
          <gpxtpx:TrackPointExtension>
            <gpxtpx:hr>157</gpxtpx:hr>
          </gpxtpx:TrackPointExtension>
        </extensions>
      </trkpt>
      <trkpt lat="36.03020511270676" lon="119.40414248091139">
        <ele>60.70672617852688</ele>
        <time>2025-01-17T10:04:17Z</time>
        <extensions>
          <gpxtpx:TrackPointExtension>
            <gpxtpx:hr>157</gpxtpx:hr>
          </gpxtpx:TrackPointExtension>
        </extensions>
      </trkpt>
      <trkpt lat="36.03018366034074" lon="119.40412999050916">
        <ele>60.67646399140358</ele>
        <time>2025-01-17T10:04:18Z</time>
        <extensions>
          <gpxtpx:TrackPointExtension>
            <gpxtpx:hr>157</gpxtpx:hr>
          </gpxtpx:TrackPointExtension>
        </extensions>
      </trkpt>
      <trkpt lat="36.03016244173323" lon="119.40411693113327">
        <ele>60.67610456235707</ele>
        <time>2025-01-17T10:04:19Z</time>
        <extensions>
          <gpxtpx:TrackPointExtension>
            <gpxtpx:hr>155</gpxtpx:hr>
          </gpxtpx:TrackPointExtension>
        </extensions>
      </trkpt>
      <trkpt lat="36.030141375740186" lon="119.40410472820508">
        <ele>60.67006984818727</ele>
        <time>2025-01-17T10:04:20Z</time>
        <extensions>
          <gpxtpx:TrackPointExtension>
            <gpxtpx:hr>155</gpxtpx:hr>
          </gpxtpx:TrackPointExtension>
        </extensions>
      </trkpt>
      <trkpt lat="36.030119076298234" lon="119.40409379590862">
        <ele>60.705421641469</ele>
        <time>2025-01-17T10:04:21Z</time>
        <extensions>
          <gpxtpx:TrackPointExtension>
            <gpxtpx:hr>155</gpxtpx:hr>
          </gpxtpx:TrackPointExtension>
        </extensions>
      </trkpt>
      <trkpt lat="36.030096227185204" lon="119.40408324116281">
        <ele>60.72076679952443</ele>
        <time>2025-01-17T10:04:22Z</time>
        <extensions>
          <gpxtpx:TrackPointExtension>
            <gpxtpx:hr>155</gpxtpx:hr>
          </gpxtpx:TrackPointExtension>
        </extensions>
      </trkpt>
      <trkpt lat="36.03007370360872" lon="119.40407215798335">
        <ele>60.710756682790816</ele>
        <time>2025-01-17T10:04:23Z</time>
        <extensions>
          <gpxtpx:TrackPointExtension>
            <gpxtpx:hr>155</gpxtpx:hr>
          </gpxtpx:TrackPointExtension>
        </extensions>
      </trkpt>
      <trkpt lat="36.03005065429019" lon="119.40406021198801">
        <ele>60.71204633451998</ele>
        <time>2025-01-17T10:04:24Z</time>
        <extensions>
          <gpxtpx:TrackPointExtension>
            <gpxtpx:hr>155</gpxtpx:hr>
          </gpxtpx:TrackPointExtension>
        </extensions>
      </trkpt>
      <trkpt lat="36.03002752243106" lon="119.40404713411506">
        <ele>60.717052957974374</ele>
        <time>2025-01-17T10:04:25Z</time>
        <extensions>
          <gpxtpx:TrackPointExtension>
            <gpxtpx:hr>155</gpxtpx:hr>
          </gpxtpx:TrackPointExtension>
        </extensions>
      </trkpt>
      <trkpt lat="36.03000484877341" lon="119.40403359976362">
        <ele>60.73919166624546</ele>
        <time>2025-01-17T10:04:26Z</time>
        <extensions>
          <gpxtpx:TrackPointExtension>
            <gpxtpx:hr>155</gpxtpx:hr>
          </gpxtpx:TrackPointExtension>
        </extensions>
      </trkpt>
      <trkpt lat="36.02998151770666" lon="119.40402009190804">
        <ele>60.75382614135742</ele>
        <time>2025-01-17T10:04:27Z</time>
        <extensions>
          <gpxtpx:TrackPointExtension>
            <gpxtpx:hr>155</gpxtpx:hr>
          </gpxtpx:TrackPointExtension>
        </extensions>
      </trkpt>
      <trkpt lat="36.02995772087507" lon="119.40400653183065">
        <ele>60.70536449737847</ele>
        <time>2025-01-17T10:04:28Z</time>
        <extensions>
          <gpxtpx:TrackPointExtension>
            <gpxtpx:hr>154</gpxtpx:hr>
          </gpxtpx:TrackPointExtension>
        </extensions>
      </trkpt>
      <trkpt lat="36.029934387337995" lon="119.40399362154456">
        <ele>60.67059923429042</ele>
        <time>2025-01-17T10:04:29Z</time>
        <extensions>
          <gpxtpx:TrackPointExtension>
            <gpxtpx:hr>154</gpxtpx:hr>
          </gpxtpx:TrackPointExtension>
        </extensions>
      </trkpt>
      <trkpt lat="36.0299106425447" lon="119.40398144204718">
        <ele>60.64550387393683</ele>
        <time>2025-01-17T10:04:30Z</time>
        <extensions>
          <gpxtpx:TrackPointExtension>
            <gpxtpx:hr>154</gpxtpx:hr>
          </gpxtpx:TrackPointExtension>
        </extensions>
      </trkpt>
      <trkpt lat="36.029886274738615" lon="119.40396951099808">
        <ele>60.63045839034021</ele>
        <time>2025-01-17T10:04:31Z</time>
        <extensions>
          <gpxtpx:TrackPointExtension>
            <gpxtpx:hr>154</gpxtpx:hr>
          </gpxtpx:TrackPointExtension>
        </extensions>
      </trkpt>
      <trkpt lat="36.02986222349003" lon="119.40395764362904">
        <ele>60.624220138415694</ele>
        <time>2025-01-17T10:04:32Z</time>
        <extensions>
          <gpxtpx:TrackPointExtension>
            <gpxtpx:hr>154</gpxtpx:hr>
          </gpxtpx:TrackPointExtension>
        </extensions>
      </trkpt>
      <trkpt lat="36.029838305627365" lon="119.40394666840734">
        <ele>60.56473613809794</ele>
        <time>2025-01-17T10:04:33Z</time>
        <extensions>
          <gpxtpx:TrackPointExtension>
            <gpxtpx:hr>154</gpxtpx:hr>
          </gpxtpx:TrackPointExtension>
        </extensions>
      </trkpt>
      <trkpt lat="36.029814095872815" lon="119.40393733971742">
        <ele>60.51394396554679</ele>
        <time>2025-01-17T10:04:34Z</time>
        <extensions>
          <gpxtpx:TrackPointExtension>
            <gpxtpx:hr>154</gpxtpx:hr>
          </gpxtpx:TrackPointExtension>
        </extensions>
      </trkpt>
      <trkpt lat="36.02979035238008" lon="119.40392925226298">
        <ele>60.477374414913356</ele>
        <time>2025-01-17T10:04:35Z</time>
        <extensions>
          <gpxtpx:TrackPointExtension>
            <gpxtpx:hr>158</gpxtpx:hr>
          </gpxtpx:TrackPointExtension>
        </extensions>
      </trkpt>
      <trkpt lat="36.029767100449284" lon="119.4039217842556">
        <ele>60.49554136488587</ele>
        <time>2025-01-17T10:04:36Z</time>
        <extensions>
          <gpxtpx:TrackPointExtension>
            <gpxtpx:hr>158</gpxtpx:hr>
          </gpxtpx:TrackPointExtension>
        </extensions>
      </trkpt>
      <trkpt lat="36.02974343044259" lon="119.40391361648055">
        <ele>60.458172677084804</ele>
        <time>2025-01-17T10:04:37Z</time>
        <extensions>
          <gpxtpx:TrackPointExtension>
            <gpxtpx:hr>158</gpxtpx:hr>
          </gpxtpx:TrackPointExtension>
        </extensions>
      </trkpt>
      <trkpt lat="36.029719670194055" lon="119.40390418858715">
        <ele>60.42317932937294</ele>
        <time>2025-01-17T10:04:38Z</time>
        <extensions>
          <gpxtpx:TrackPointExtension>
            <gpxtpx:hr>158</gpxtpx:hr>
          </gpxtpx:TrackPointExtension>
        </extensions>
      </trkpt>
      <trkpt lat="36.029695827204854" lon="119.40389474221364">
        <ele>60.395194014534354</ele>
        <time>2025-01-17T10:04:39Z</time>
        <extensions>
          <gpxtpx:TrackPointExtension>
            <gpxtpx:hr>158</gpxtpx:hr>
          </gpxtpx:TrackPointExtension>
        </extensions>
      </trkpt>
      <trkpt lat="36.02967108323229" lon="119.40388609033333">
        <ele>60.389456261880696</ele>
        <time>2025-01-17T10:04:40Z</time>
        <extensions>
          <gpxtpx:TrackPointExtension>
            <gpxtpx:hr>158</gpxtpx:hr>
          </gpxtpx:TrackPointExtension>
        </extensions>
      </trkpt>
      <trkpt lat="36.02964627833396" lon="119.40387846081558">
        <ele>60.35523658897728</ele>
        <time>2025-01-17T10:04:41Z</time>
        <extensions>
          <gpxtpx:TrackPointExtension>
            <gpxtpx:hr>158</gpxtpx:hr>
          </gpxtpx:TrackPointExtension>
        </extensions>
      </trkpt>
      <trkpt lat="36.02962198856063" lon="119.40387183516151">
        <ele>60.345819644629955</ele>
        <time>2025-01-17T10:04:42Z</time>
        <extensions>
          <gpxtpx:TrackPointExtension>
            <gpxtpx:hr>158</gpxtpx:hr>
          </gpxtpx:TrackPointExtension>
        </extensions>
      </trkpt>
      <trkpt lat="36.029597483346365" lon="119.40386564258978">
        <ele>60.294092322699726</ele>
        <time>2025-01-17T10:04:43Z</time>
        <extensions>
          <gpxtpx:TrackPointExtension>
            <gpxtpx:hr>157</gpxtpx:hr>
          </gpxtpx:TrackPointExtension>
        </extensions>
      </trkpt>
      <trkpt lat="36.02957313041099" lon="119.40385991111803">
        <ele>60.26255969516933</ele>
        <time>2025-01-17T10:04:44Z</time>
        <extensions>
          <gpxtpx:TrackPointExtension>
            <gpxtpx:hr>157</gpxtpx:hr>
          </gpxtpx:TrackPointExtension>
        </extensions>
      </trkpt>
      <trkpt lat="36.02954924623584" lon="119.40385532730221">
        <ele>60.21940928697586</ele>
        <time>2025-01-17T10:04:45Z</time>
        <extensions>
          <gpxtpx:TrackPointExtension>
            <gpxtpx:hr>157</gpxtpx:hr>
          </gpxtpx:TrackPointExtension>
        </extensions>
      </trkpt>
      <trkpt lat="36.02952498025437" lon="119.40385233157494">
        <ele>60.13417974580079</ele>
        <time>2025-01-17T10:04:46Z</time>
        <extensions>
          <gpxtpx:TrackPointExtension>
            <gpxtpx:hr>157</gpxtpx:hr>
          </gpxtpx:TrackPointExtension>
        </extensions>
      </trkpt>
      <trkpt lat="36.02950030625493" lon="119.40385015824617">
        <ele>60.1383397532627</ele>
        <time>2025-01-17T10:04:47Z</time>
        <extensions>
          <gpxtpx:TrackPointExtension>
            <gpxtpx:hr>157</gpxtpx:hr>
          </gpxtpx:TrackPointExtension>
        </extensions>
      </trkpt>
      <trkpt lat="36.02947594706394" lon="119.40384810920199">
        <ele>60.14059267938137</ele>
        <time>2025-01-17T10:04:48Z</time>
        <extensions>
          <gpxtpx:TrackPointExtension>
            <gpxtpx:hr>157</gpxtpx:hr>
          </gpxtpx:TrackPointExtension>
        </extensions>
      </trkpt>
      <trkpt lat="36.02945135170835" lon="119.40384649802843">
        <ele>60.17463575769216</ele>
        <time>2025-01-17T10:04:49Z</time>
        <extensions>
          <gpxtpx:TrackPointExtension>
            <gpxtpx:hr>157</gpxtpx:hr>
          </gpxtpx:TrackPointExtension>
        </extensions>
      </trkpt>
      <trkpt lat="36.0294265810019" lon="119.40384461055078">
        <ele>60.20913450233638</ele>
        <time>2025-01-17T10:04:50Z</time>
        <extensions>
          <gpxtpx:TrackPointExtension>
            <gpxtpx:hr>158</gpxtpx:hr>
          </gpxtpx:TrackPointExtension>
        </extensions>
      </trkpt>
      <trkpt lat="36.029402731778724" lon="119.40384155404297">
        <ele>60.215943480841815</ele>
        <time>2025-01-17T10:04:51Z</time>
        <extensions>
          <gpxtpx:TrackPointExtension>
            <gpxtpx:hr>158</gpxtpx:hr>
          </gpxtpx:TrackPointExtension>
        </extensions>
      </trkpt>
      <trkpt lat="36.02937938495043" lon="119.40383866326559">
        <ele>60.23459230270237</ele>
        <time>2025-01-17T10:04:52Z</time>
        <extensions>
          <gpxtpx:TrackPointExtension>
            <gpxtpx:hr>158</gpxtpx:hr>
          </gpxtpx:TrackPointExtension>
        </extensions>
      </trkpt>
      <trkpt lat="36.02935542717689" lon="119.40383702502716">
        <ele>60.25896157696843</ele>
        <time>2025-01-17T10:04:53Z</time>
        <extensions>
          <gpxtpx:TrackPointExtension>
            <gpxtpx:hr>158</gpxtpx:hr>
          </gpxtpx:TrackPointExtension>
        </extensions>
      </trkpt>
      <trkpt lat="36.02933150325047" lon="119.40383657650469">
        <ele>60.34333986137062</ele>
        <time>2025-01-17T10:04:54Z</time>
        <extensions>
          <gpxtpx:TrackPointExtension>
            <gpxtpx:hr>158</gpxtpx:hr>
          </gpxtpx:TrackPointExtension>
        </extensions>
      </trkpt>
      <trkpt lat="36.02930773659722" lon="119.40383731858019">
        <ele>60.45240551419556</ele>
        <time>2025-01-17T10:04:55Z</time>
        <extensions>
          <gpxtpx:TrackPointExtension>
            <gpxtpx:hr>158</gpxtpx:hr>
          </gpxtpx:TrackPointExtension>
        </extensions>
      </trkpt>
      <trkpt lat="36.02928311933099" lon="119.40383827857873">
        <ele>60.578253886662424</ele>
        <time>2025-01-17T10:04:56Z</time>
        <extensions>
          <gpxtpx:TrackPointExtension>
            <gpxtpx:hr>158</gpxtpx:hr>
          </gpxtpx:TrackPointExtension>
        </extensions>
      </trkpt>
      <trkpt lat="36.0292578601475" lon="119.4038388478983">
        <ele>60.7253293665126</ele>
        <time>2025-01-17T10:04:57Z</time>
        <extensions>
          <gpxtpx:TrackPointExtension>
            <gpxtpx:hr>158</gpxtpx:hr>
          </gpxtpx:TrackPointExtension>
        </extensions>
      </trkpt>
      <trkpt lat="36.029232368977624" lon="119.40383921406381">
        <ele>60.864277346991</ele>
        <time>2025-01-17T10:04:58Z</time>
        <extensions>
          <gpxtpx:TrackPointExtension>
            <gpxtpx:hr>160</gpxtpx:hr>
          </gpxtpx:TrackPointExtension>
        </extensions>
      </trkpt>
      <trkpt lat="36.029206634358204" lon="119.40383938905454">
        <ele>60.976422687992454</ele>
        <time>2025-01-17T10:04:59Z</time>
        <extensions>
          <gpxtpx:TrackPointExtension>
            <gpxtpx:hr>160</gpxtpx:hr>
          </gpxtpx:TrackPointExtension>
        </extensions>
      </trkpt>
      <trkpt lat="36.02918194484869" lon="119.40383903850751">
        <ele>61.06595444492996</ele>
        <time>2025-01-17T10:05:00Z</time>
        <extensions>
          <gpxtpx:TrackPointExtension>
            <gpxtpx:hr>160</gpxtpx:hr>
          </gpxtpx:TrackPointExtension>
        </extensions>
      </trkpt>
      <trkpt lat="36.02915878556918" lon="119.40383854695936">
        <ele>61.102465842850506</ele>
        <time>2025-01-17T10:05:01Z</time>
        <extensions>
          <gpxtpx:TrackPointExtension>
            <gpxtpx:hr>160</gpxtpx:hr>
          </gpxtpx:TrackPointExtension>
        </extensions>
      </trkpt>
      <trkpt lat="36.029135246037484" lon="119.4038384051655">
        <ele>61.11680891178548</ele>
        <time>2025-01-17T10:05:02Z</time>
        <extensions>
          <gpxtpx:TrackPointExtension>
            <gpxtpx:hr>160</gpxtpx:hr>
          </gpxtpx:TrackPointExtension>
        </extensions>
      </trkpt>
      <trkpt lat="36.02911143340987" lon="119.40383844691294">
        <ele>61.07924683392048</ele>
        <time>2025-01-17T10:05:03Z</time>
        <extensions>
          <gpxtpx:TrackPointExtension>
            <gpxtpx:hr>160</gpxtpx:hr>
          </gpxtpx:TrackPointExtension>
        </extensions>
      </trkpt>
      <trkpt lat="36.02908805856328" lon="119.40383840475305">
        <ele>61.0824422147125</ele>
        <time>2025-01-17T10:05:04Z</time>
        <extensions>
          <gpxtpx:TrackPointExtension>
            <gpxtpx:hr>160</gpxtpx:hr>
          </gpxtpx:TrackPointExtension>
        </extensions>
      </trkpt>
      <trkpt lat="36.029064656506215" lon="119.4038372737108">
        <ele>61.024459559470415</ele>
        <time>2025-01-17T10:05:05Z</time>
        <extensions>
          <gpxtpx:TrackPointExtension>
            <gpxtpx:hr>161</gpxtpx:hr>
          </gpxtpx:TrackPointExtension>
        </extensions>
      </trkpt>
      <trkpt lat="36.029041681053016" lon="119.403833744359">
        <ele>60.938521469943225</ele>
        <time>2025-01-17T10:05:06Z</time>
        <extensions>
          <gpxtpx:TrackPointExtension>
            <gpxtpx:hr>161</gpxtpx:hr>
          </gpxtpx:TrackPointExtension>
        </extensions>
      </trkpt>
      <trkpt lat="36.02902027634169" lon="119.40382760955143">
        <ele>60.88630723487586</ele>
        <time>2025-01-17T10:05:07Z</time>
        <extensions>
          <gpxtpx:TrackPointExtension>
            <gpxtpx:hr>161</gpxtpx:hr>
          </gpxtpx:TrackPointExtension>
        </extensions>
      </trkpt>
      <trkpt lat="36.02900058456981" lon="119.40381728679246">
        <ele>60.783838253468275</ele>
        <time>2025-01-17T10:05:08Z</time>
        <extensions>
          <gpxtpx:TrackPointExtension>
            <gpxtpx:hr>160</gpxtpx:hr>
          </gpxtpx:TrackPointExtension>
        </extensions>
      </trkpt>
      <trkpt lat="36.02898290593741" lon="119.40380030454473">
        <ele>60.67384582385421</ele>
        <time>2025-01-17T10:05:09Z</time>
        <extensions>
          <gpxtpx:TrackPointExtension>
            <gpxtpx:hr>160</gpxtpx:hr>
          </gpxtpx:TrackPointExtension>
        </extensions>
      </trkpt>
      <trkpt lat="36.028969089336705" lon="119.403776630545">
        <ele>60.56022584158927</ele>
        <time>2025-01-17T10:05:10Z</time>
        <extensions>
          <gpxtpx:TrackPointExtension>
            <gpxtpx:hr>160</gpxtpx:hr>
          </gpxtpx:TrackPointExtension>
        </extensions>
      </trkpt>
      <trkpt lat="36.02896060546819" lon="119.40374637036908">
        <ele>60.428973141126335</ele>
        <time>2025-01-17T10:05:11Z</time>
        <extensions>
          <gpxtpx:TrackPointExtension>
            <gpxtpx:hr>160</gpxtpx:hr>
          </gpxtpx:TrackPointExtension>
        </extensions>
      </trkpt>
      <trkpt lat="36.028956887577955" lon="119.40370944955052">
        <ele>60.31843842379749</ele>
        <time>2025-01-17T10:05:12Z</time>
        <extensions>
          <gpxtpx:TrackPointExtension>
            <gpxtpx:hr>160</gpxtpx:hr>
          </gpxtpx:TrackPointExtension>
        </extensions>
      </trkpt>
      <trkpt lat="36.028956071530004" lon="119.40367037506033">
        <ele>60.17926228791475</ele>
        <time>2025-01-17T10:05:13Z</time>
        <extensions>
          <gpxtpx:TrackPointExtension>
            <gpxtpx:hr>160</gpxtpx:hr>
          </gpxtpx:TrackPointExtension>
        </extensions>
      </trkpt>
      <trkpt lat="36.02895521473821" lon="119.40363389006454">
        <ele>60.025263835676014</ele>
        <time>2025-01-17T10:05:14Z</time>
        <extensions>
          <gpxtpx:TrackPointExtension>
            <gpxtpx:hr>160</gpxtpx:hr>
          </gpxtpx:TrackPointExtension>
        </extensions>
      </trkpt>
      <trkpt lat="36.02895259433701" lon="119.40359950985406">
        <ele>59.910950544290245</ele>
        <time>2025-01-17T10:05:15Z</time>
        <extensions>
          <gpxtpx:TrackPointExtension>
            <gpxtpx:hr>160</gpxtpx:hr>
          </gpxtpx:TrackPointExtension>
        </extensions>
      </trkpt>
      <trkpt lat="36.028948530896734" lon="119.40356663103341">
        <ele>59.79544278793037</ele>
        <time>2025-01-17T10:05:16Z</time>
        <extensions>
          <gpxtpx:TrackPointExtension>
            <gpxtpx:hr>160</gpxtpx:hr>
          </gpxtpx:TrackPointExtension>
        </extensions>
      </trkpt>
      <trkpt lat="36.02894292666934" lon="119.40353544631374">
        <ele>59.71057607792318</ele>
        <time>2025-01-17T10:05:17Z</time>
        <extensions>
          <gpxtpx:TrackPointExtension>
            <gpxtpx:hr>160</gpxtpx:hr>
          </gpxtpx:TrackPointExtension>
        </extensions>
      </trkpt>
      <trkpt lat="36.02893627313082" lon="119.4035041401077">
        <ele>59.651205115020275</ele>
        <time>2025-01-17T10:05:18Z</time>
        <extensions>
          <gpxtpx:TrackPointExtension>
            <gpxtpx:hr>160</gpxtpx:hr>
          </gpxtpx:TrackPointExtension>
        </extensions>
      </trkpt>
      <trkpt lat="36.02892994608892" lon="119.40347259039898">
        <ele>59.58929892722517</ele>
        <time>2025-01-17T10:05:19Z</time>
        <extensions>
          <gpxtpx:TrackPointExtension>
            <gpxtpx:hr>160</gpxtpx:hr>
          </gpxtpx:TrackPointExtension>
        </extensions>
      </trkpt>
      <trkpt lat="36.02892403804206" lon="119.40344183830376">
        <ele>59.57203755993396</ele>
        <time>2025-01-17T10:05:20Z</time>
        <extensions>
          <gpxtpx:TrackPointExtension>
            <gpxtpx:hr>161</gpxtpx:hr>
          </gpxtpx:TrackPointExtension>
        </extensions>
      </trkpt>
      <trkpt lat="36.02891733609851" lon="119.4034110627443">
        <ele>59.55061230622232</ele>
        <time>2025-01-17T10:05:21Z</time>
        <extensions>
          <gpxtpx:TrackPointExtension>
            <gpxtpx:hr>161</gpxtpx:hr>
          </gpxtpx:TrackPointExtension>
        </extensions>
      </trkpt>
      <trkpt lat="36.02890960082393" lon="119.40337964079687">
        <ele>59.5519586103037</ele>
        <time>2025-01-17T10:05:22Z</time>
        <extensions>
          <gpxtpx:TrackPointExtension>
            <gpxtpx:hr>161</gpxtpx:hr>
          </gpxtpx:TrackPointExtension>
        </extensions>
      </trkpt>
      <trkpt lat="36.0289016197393" lon="119.40334806402794">
        <ele>59.5593425668776</ele>
        <time>2025-01-17T10:05:23Z</time>
        <extensions>
          <gpxtpx:TrackPointExtension>
            <gpxtpx:hr>161</gpxtpx:hr>
          </gpxtpx:TrackPointExtension>
        </extensions>
      </trkpt>
      <trkpt lat="36.02889347610742" lon="119.40331652350872">
        <ele>59.582998166792095</ele>
        <time>2025-01-17T10:05:24Z</time>
        <extensions>
          <gpxtpx:TrackPointExtension>
            <gpxtpx:hr>161</gpxtpx:hr>
          </gpxtpx:TrackPointExtension>
        </extensions>
      </trkpt>
      <trkpt lat="36.02888504178509" lon="119.40328525823502">
        <ele>59.61984043568373</ele>
        <time>2025-01-17T10:05:25Z</time>
        <extensions>
          <gpxtpx:TrackPointExtension>
            <gpxtpx:hr>161</gpxtpx:hr>
          </gpxtpx:TrackPointExtension>
        </extensions>
      </trkpt>
      <trkpt lat="36.028876630572256" lon="119.40325536071622">
        <ele>59.65332310087979</ele>
        <time>2025-01-17T10:05:26Z</time>
        <extensions>
          <gpxtpx:TrackPointExtension>
            <gpxtpx:hr>161</gpxtpx:hr>
          </gpxtpx:TrackPointExtension>
        </extensions>
      </trkpt>
      <trkpt lat="36.028867853461826" lon="119.40322626556545">
        <ele>59.67967825382948</ele>
        <time>2025-01-17T10:05:27Z</time>
        <extensions>
          <gpxtpx:TrackPointExtension>
            <gpxtpx:hr>161</gpxtpx:hr>
          </gpxtpx:TrackPointExtension>
        </extensions>
      </trkpt>
      <trkpt lat="36.02885862938932" lon="119.40319607802313">
        <ele>59.66045364178717</ele>
        <time>2025-01-17T10:05:28Z</time>
        <extensions>
          <gpxtpx:TrackPointExtension>
            <gpxtpx:hr>161</gpxtpx:hr>
          </gpxtpx:TrackPointExtension>
        </extensions>
      </trkpt>
      <trkpt lat="36.02884997176888" lon="119.40316518596354">
        <ele>59.64293536171317</ele>
        <time>2025-01-17T10:05:29Z</time>
        <extensions>
          <gpxtpx:TrackPointExtension>
            <gpxtpx:hr>161</gpxtpx:hr>
          </gpxtpx:TrackPointExtension>
        </extensions>
      </trkpt>
      <trkpt lat="36.028841283077284" lon="119.40313522096893">
        <ele>59.643684099428356</ele>
        <time>2025-01-17T10:05:30Z</time>
        <extensions>
          <gpxtpx:TrackPointExtension>
            <gpxtpx:hr>161</gpxtpx:hr>
          </gpxtpx:TrackPointExtension>
        </extensions>
      </trkpt>
      <trkpt lat="36.028831237647644" lon="119.40310639915575">
        <ele>59.64235012885183</ele>
        <time>2025-01-17T10:05:31Z</time>
        <extensions>
          <gpxtpx:TrackPointExtension>
            <gpxtpx:hr>161</gpxtpx:hr>
          </gpxtpx:TrackPointExtension>
        </extensions>
      </trkpt>
      <trkpt lat="36.028820041517385" lon="119.40307877956081">
        <ele>59.66077657137066</ele>
        <time>2025-01-17T10:05:32Z</time>
        <extensions>
          <gpxtpx:TrackPointExtension>
            <gpxtpx:hr>161</gpxtpx:hr>
          </gpxtpx:TrackPointExtension>
        </extensions>
      </trkpt>
      <trkpt lat="36.02880773378988" lon="119.40305203162141">
        <ele>59.62601498980075</ele>
        <time>2025-01-17T10:05:33Z</time>
        <extensions>
          <gpxtpx:TrackPointExtension>
            <gpxtpx:hr>161</gpxtpx:hr>
          </gpxtpx:TrackPointExtension>
        </extensions>
      </trkpt>
      <trkpt lat="36.028793686465946" lon="119.40302545422831">
        <ele>59.62601932045072</ele>
        <time>2025-01-17T10:05:34Z</time>
        <extensions>
          <gpxtpx:TrackPointExtension>
            <gpxtpx:hr>161</gpxtpx:hr>
          </gpxtpx:TrackPointExtension>
        </extensions>
      </trkpt>
      <trkpt lat="36.02877830689483" lon="119.40300085160402">
        <ele>59.610987931489944</ele>
        <time>2025-01-17T10:05:35Z</time>
        <extensions>
          <gpxtpx:TrackPointExtension>
            <gpxtpx:hr>160</gpxtpx:hr>
          </gpxtpx:TrackPointExtension>
        </extensions>
      </trkpt>
      <trkpt lat="36.02876142287467" lon="119.4029796090709">
        <ele>59.54437398351729</ele>
        <time>2025-01-17T10:05:36Z</time>
        <extensions>
          <gpxtpx:TrackPointExtension>
            <gpxtpx:hr>160</gpxtpx:hr>
          </gpxtpx:TrackPointExtension>
        </extensions>
      </trkpt>
      <trkpt lat="36.02874197546475" lon="119.40296080808491">
        <ele>59.51976084243506</ele>
        <time>2025-01-17T10:05:37Z</time>
        <extensions>
          <gpxtpx:TrackPointExtension>
            <gpxtpx:hr>160</gpxtpx:hr>
          </gpxtpx:TrackPointExtension>
        </extensions>
      </trkpt>
      <trkpt lat="36.02872089152993" lon="119.40294369288429">
        <ele>59.462204777635634</ele>
        <time>2025-01-17T10:05:38Z</time>
        <extensions>
          <gpxtpx:TrackPointExtension>
            <gpxtpx:hr>160</gpxtpx:hr>
          </gpxtpx:TrackPointExtension>
        </extensions>
      </trkpt>
      <trkpt lat="36.02869881005979" lon="119.40292871653038">
        <ele>59.41322798188776</ele>
        <time>2025-01-17T10:05:39Z</time>
        <extensions>
          <gpxtpx:TrackPointExtension>
            <gpxtpx:hr>160</gpxtpx:hr>
          </gpxtpx:TrackPointExtension>
        </extensions>
      </trkpt>
      <trkpt lat="36.02867513175924" lon="119.4029166810713">
        <ele>59.37998605519533</ele>
        <time>2025-01-17T10:05:40Z</time>
        <extensions>
          <gpxtpx:TrackPointExtension>
            <gpxtpx:hr>160</gpxtpx:hr>
          </gpxtpx:TrackPointExtension>
        </extensions>
      </trkpt>
      <trkpt lat="36.028650808293264" lon="119.40290712882818">
        <ele>59.363753573037684</ele>
        <time>2025-01-17T10:05:41Z</time>
        <extensions>
          <gpxtpx:TrackPointExtension>
            <gpxtpx:hr>159</gpxtpx:hr>
          </gpxtpx:TrackPointExtension>
        </extensions>
      </trkpt>
      <trkpt lat="36.02862769000969" lon="119.4028992680135">
        <ele>59.39206387475133</ele>
        <time>2025-01-17T10:05:42Z</time>
        <extensions>
          <gpxtpx:TrackPointExtension>
            <gpxtpx:hr>159</gpxtpx:hr>
          </gpxtpx:TrackPointExtension>
        </extensions>
      </trkpt>
      <trkpt lat="36.028605458845576" lon="119.40289198728853">
        <ele>59.43541002087295</ele>
        <time>2025-01-17T10:05:43Z</time>
        <extensions>
          <gpxtpx:TrackPointExtension>
            <gpxtpx:hr>159</gpxtpx:hr>
          </gpxtpx:TrackPointExtension>
        </extensions>
      </trkpt>
      <trkpt lat="36.02858325551393" lon="119.40288386929815">
        <ele>59.4956837547943</ele>
        <time>2025-01-17T10:05:44Z</time>
        <extensions>
          <gpxtpx:TrackPointExtension>
            <gpxtpx:hr>159</gpxtpx:hr>
          </gpxtpx:TrackPointExtension>
        </extensions>
      </trkpt>
      <trkpt lat="36.02856164384879" lon="119.40287436060389">
        <ele>59.582870960235596</ele>
        <time>2025-01-17T10:05:45Z</time>
        <extensions>
          <gpxtpx:TrackPointExtension>
            <gpxtpx:hr>159</gpxtpx:hr>
          </gpxtpx:TrackPointExtension>
        </extensions>
      </trkpt>
      <trkpt lat="36.028540070358254" lon="119.40286335537587">
        <ele>59.666094296611845</ele>
        <time>2025-01-17T10:05:46Z</time>
        <extensions>
          <gpxtpx:TrackPointExtension>
            <gpxtpx:hr>159</gpxtpx:hr>
          </gpxtpx:TrackPointExtension>
        </extensions>
      </trkpt>
      <trkpt lat="36.02851768813724" lon="119.40285096943477">
        <ele>59.744660194031894</ele>
        <time>2025-01-17T10:05:47Z</time>
        <extensions>
          <gpxtpx:TrackPointExtension>
            <gpxtpx:hr>159</gpxtpx:hr>
          </gpxtpx:TrackPointExtension>
        </extensions>
      </trkpt>
      <trkpt lat="36.02849531036156" lon="119.40283735823509">
        <ele>59.85689956601709</ele>
        <time>2025-01-17T10:05:48Z</time>
        <extensions>
          <gpxtpx:TrackPointExtension>
            <gpxtpx:hr>159</gpxtpx:hr>
          </gpxtpx:TrackPointExtension>
        </extensions>
      </trkpt>
      <trkpt lat="36.02847314435943" lon="119.40282244522061">
        <ele>59.970134695991874</ele>
        <time>2025-01-17T10:05:49Z</time>
        <extensions>
          <gpxtpx:TrackPointExtension>
            <gpxtpx:hr>159</gpxtpx:hr>
          </gpxtpx:TrackPointExtension>
        </extensions>
      </trkpt>
      <trkpt lat="36.02845129825453" lon="119.40280591339283">
        <ele>60.08766112383455</ele>
        <time>2025-01-17T10:05:50Z</time>
        <extensions>
          <gpxtpx:TrackPointExtension>
            <gpxtpx:hr>159</gpxtpx:hr>
          </gpxtpx:TrackPointExtension>
        </extensions>
      </trkpt>
      <trkpt lat="36.02843084777336" lon="119.40278789574361">
        <ele>60.211076967418194</ele>
        <time>2025-01-17T10:05:51Z</time>
        <extensions>
          <gpxtpx:TrackPointExtension>
            <gpxtpx:hr>159</gpxtpx:hr>
          </gpxtpx:TrackPointExtension>
        </extensions>
      </trkpt>
      <trkpt lat="36.028411372676956" lon="119.40276839066001">
        <ele>60.34931385330856</ele>
        <time>2025-01-17T10:05:52Z</time>
        <extensions>
          <gpxtpx:TrackPointExtension>
            <gpxtpx:hr>160</gpxtpx:hr>
          </gpxtpx:TrackPointExtension>
        </extensions>
      </trkpt>
      <trkpt lat="36.028392500969844" lon="119.40274679094557">
        <ele>60.469239690341055</ele>
        <time>2025-01-17T10:05:53Z</time>
        <extensions>
          <gpxtpx:TrackPointExtension>
            <gpxtpx:hr>160</gpxtpx:hr>
          </gpxtpx:TrackPointExtension>
        </extensions>
      </trkpt>
      <trkpt lat="36.028375288410196" lon="119.40272293460241">
        <ele>60.59084101207554</ele>
        <time>2025-01-17T10:05:54Z</time>
        <extensions>
          <gpxtpx:TrackPointExtension>
            <gpxtpx:hr>160</gpxtpx:hr>
          </gpxtpx:TrackPointExtension>
        </extensions>
      </trkpt>
      <trkpt lat="36.028359731813964" lon="119.40269756989208">
        <ele>60.67095065675676</ele>
        <time>2025-01-17T10:05:55Z</time>
        <extensions>
          <gpxtpx:TrackPointExtension>
            <gpxtpx:hr>160</gpxtpx:hr>
          </gpxtpx:TrackPointExtension>
        </extensions>
      </trkpt>
      <trkpt lat="36.028344058371836" lon="119.4026714827337">
        <ele>60.7441557245329</ele>
        <time>2025-01-17T10:05:56Z</time>
        <extensions>
          <gpxtpx:TrackPointExtension>
            <gpxtpx:hr>160</gpxtpx:hr>
          </gpxtpx:TrackPointExtension>
        </extensions>
      </trkpt>
      <trkpt lat="36.02832754745821" lon="119.40264580164059">
        <ele>60.83686190005392</ele>
        <time>2025-01-17T10:05:57Z</time>
        <extensions>
          <gpxtpx:TrackPointExtension>
            <gpxtpx:hr>160</gpxtpx:hr>
          </gpxtpx:TrackPointExtension>
        </extensions>
      </trkpt>
      <trkpt lat="36.02831032903324" lon="119.40262168099926">
        <ele>60.8920888165012</ele>
        <time>2025-01-17T10:05:58Z</time>
        <extensions>
          <gpxtpx:TrackPointExtension>
            <gpxtpx:hr>160</gpxtpx:hr>
          </gpxtpx:TrackPointExtension>
        </extensions>
      </trkpt>
      <trkpt lat="36.02829247621436" lon="119.40259779578821">
        <ele>60.936124509200454</ele>
        <time>2025-01-17T10:05:59Z</time>
        <extensions>
          <gpxtpx:TrackPointExtension>
            <gpxtpx:hr>162</gpxtpx:hr>
          </gpxtpx:TrackPointExtension>
        </extensions>
      </trkpt>
      <trkpt lat="36.02827511274334" lon="119.40257323944931">
        <ele>60.99224460311234</ele>
        <time>2025-01-17T10:06:00Z</time>
        <extensions>
          <gpxtpx:TrackPointExtension>
            <gpxtpx:hr>162</gpxtpx:hr>
          </gpxtpx:TrackPointExtension>
        </extensions>
      </trkpt>
      <trkpt lat="36.02825873528419" lon="119.40254916584931">
        <ele>61.03289846237749</ele>
        <time>2025-01-17T10:06:01Z</time>
        <extensions>
          <gpxtpx:TrackPointExtension>
            <gpxtpx:hr>162</gpxtpx:hr>
          </gpxtpx:TrackPointExtension>
        </extensions>
      </trkpt>
      <trkpt lat="36.02824231014593" lon="119.40252599774664">
        <ele>61.04613633733243</ele>
        <time>2025-01-17T10:06:02Z</time>
        <extensions>
          <gpxtpx:TrackPointExtension>
            <gpxtpx:hr>162</gpxtpx:hr>
          </gpxtpx:TrackPointExtension>
        </extensions>
      </trkpt>
      <trkpt lat="36.02822548650212" lon="119.40250306112132">
        <ele>61.08608537167311</ele>
        <time>2025-01-17T10:06:03Z</time>
        <extensions>
          <gpxtpx:TrackPointExtension>
            <gpxtpx:hr>162</gpxtpx:hr>
          </gpxtpx:TrackPointExtension>
        </extensions>
      </trkpt>
      <trkpt lat="36.02820861141822" lon="119.40247992820221">
        <ele>61.10514677409083</ele>
        <time>2025-01-17T10:06:04Z</time>
        <extensions>
          <gpxtpx:TrackPointExtension>
            <gpxtpx:hr>162</gpxtpx:hr>
          </gpxtpx:TrackPointExtension>
        </extensions>
      </trkpt>
      <trkpt lat="36.02819153273445" lon="119.40245567060317">
        <ele>61.13033564481884</ele>
        <time>2025-01-17T10:06:05Z</time>
        <extensions>
          <gpxtpx:TrackPointExtension>
            <gpxtpx:hr>162</gpxtpx:hr>
          </gpxtpx:TrackPointExtension>
        </extensions>
      </trkpt>
      <trkpt lat="36.02817499826186" lon="119.40242981628953">
        <ele>61.11296563502401</ele>
        <time>2025-01-17T10:06:06Z</time>
        <extensions>
          <gpxtpx:TrackPointExtension>
            <gpxtpx:hr>162</gpxtpx:hr>
          </gpxtpx:TrackPointExtension>
        </extensions>
      </trkpt>
      <trkpt lat="36.02815956308242" lon="119.4024031999061">
        <ele>61.08157117012888</ele>
        <time>2025-01-17T10:06:07Z</time>
        <extensions>
          <gpxtpx:TrackPointExtension>
            <gpxtpx:hr>162</gpxtpx:hr>
          </gpxtpx:TrackPointExtension>
        </extensions>
      </trkpt>
      <trkpt lat="36.028144823991035" lon="119.40237590780458">
        <ele>61.04146981891245</ele>
        <time>2025-01-17T10:06:08Z</time>
        <extensions>
          <gpxtpx:TrackPointExtension>
            <gpxtpx:hr>162</gpxtpx:hr>
          </gpxtpx:TrackPointExtension>
        </extensions>
      </trkpt>
      <trkpt lat="36.02813135564116" lon="119.40234785114129">
        <ele>61.015154900960624</ele>
        <time>2025-01-17T10:06:09Z</time>
        <extensions>
          <gpxtpx:TrackPointExtension>
            <gpxtpx:hr>162</gpxtpx:hr>
          </gpxtpx:TrackPointExtension>
        </extensions>
      </trkpt>
      <trkpt lat="36.02811969670501" lon="119.40232001944794">
        <ele>60.98774640727788</ele>
        <time>2025-01-17T10:06:10Z</time>
        <extensions>
          <gpxtpx:TrackPointExtension>
            <gpxtpx:hr>162</gpxtpx:hr>
          </gpxtpx:TrackPointExtension>
        </extensions>
      </trkpt>
      <trkpt lat="36.028108977561175" lon="119.40229311495409">
        <ele>60.99371632095426</ele>
        <time>2025-01-17T10:06:11Z</time>
        <extensions>
          <gpxtpx:TrackPointExtension>
            <gpxtpx:hr>162</gpxtpx:hr>
          </gpxtpx:TrackPointExtension>
        </extensions>
      </trkpt>
      <trkpt lat="36.028098551090665" lon="119.40226619379702">
        <ele>61.00190448760986</ele>
        <time>2025-01-17T10:06:12Z</time>
        <extensions>
          <gpxtpx:TrackPointExtension>
            <gpxtpx:hr>162</gpxtpx:hr>
          </gpxtpx:TrackPointExtension>
        </extensions>
      </trkpt>
      <trkpt lat="36.02808864317953" lon="119.40223858870735">
        <ele>60.998130028136075</ele>
        <time>2025-01-17T10:06:13Z</time>
        <extensions>
          <gpxtpx:TrackPointExtension>
            <gpxtpx:hr>162</gpxtpx:hr>
          </gpxtpx:TrackPointExtension>
        </extensions>
      </trkpt>
      <trkpt lat="36.02807883491359" lon="119.40220994026585">
        <ele>61.007463249377906</ele>
        <time>2025-01-17T10:06:14Z</time>
        <extensions>
          <gpxtpx:TrackPointExtension>
            <gpxtpx:hr>162</gpxtpx:hr>
          </gpxtpx:TrackPointExtension>
        </extensions>
      </trkpt>
      <trkpt lat="36.028068979760995" lon="119.40217991759198">
        <ele>61.02145681437105</ele>
        <time>2025-01-17T10:06:15Z</time>
        <extensions>
          <gpxtpx:TrackPointExtension>
            <gpxtpx:hr>162</gpxtpx:hr>
          </gpxtpx:TrackPointExtension>
        </extensions>
      </trkpt>
      <trkpt lat="36.028059976529924" lon="119.40214980898853">
        <ele>61.031809822656214</ele>
        <time>2025-01-17T10:06:16Z</time>
        <extensions>
          <gpxtpx:TrackPointExtension>
            <gpxtpx:hr>162</gpxtpx:hr>
          </gpxtpx:TrackPointExtension>
        </extensions>
      </trkpt>
      <trkpt lat="36.028051481018885" lon="119.40212010879448">
        <ele>61.06738748867065</ele>
        <time>2025-01-17T10:06:17Z</time>
        <extensions>
          <gpxtpx:TrackPointExtension>
            <gpxtpx:hr>162</gpxtpx:hr>
          </gpxtpx:TrackPointExtension>
        </extensions>
      </trkpt>
      <trkpt lat="36.028042575004356" lon="119.40208964670195">
        <ele>61.07663544733077</ele>
        <time>2025-01-17T10:06:18Z</time>
        <extensions>
          <gpxtpx:TrackPointExtension>
            <gpxtpx:hr>161</gpxtpx:hr>
          </gpxtpx:TrackPointExtension>
        </extensions>
      </trkpt>
      <trkpt lat="36.02803338507673" lon="119.40205958216725">
        <ele>61.08103921636939</ele>
        <time>2025-01-17T10:06:19Z</time>
        <extensions>
          <gpxtpx:TrackPointExtension>
            <gpxtpx:hr>161</gpxtpx:hr>
          </gpxtpx:TrackPointExtension>
        </extensions>
      </trkpt>
      <trkpt lat="36.028023827321576" lon="119.40203118484128">
        <ele>61.076542465016246</ele>
        <time>2025-01-17T10:06:20Z</time>
        <extensions>
          <gpxtpx:TrackPointExtension>
            <gpxtpx:hr>161</gpxtpx:hr>
          </gpxtpx:TrackPointExtension>
        </extensions>
      </trkpt>
      <trkpt lat="36.02801388498102" lon="119.40200325042765">
        <ele>61.04320347402245</ele>
        <time>2025-01-17T10:06:21Z</time>
        <extensions>
          <gpxtpx:TrackPointExtension>
            <gpxtpx:hr>161</gpxtpx:hr>
          </gpxtpx:TrackPointExtension>
        </extensions>
      </trkpt>
      <trkpt lat="36.028004678136334" lon="119.40197549032901">
        <ele>61.00714925676584</ele>
        <time>2025-01-17T10:06:22Z</time>
        <extensions>
          <gpxtpx:TrackPointExtension>
            <gpxtpx:hr>161</gpxtpx:hr>
          </gpxtpx:TrackPointExtension>
        </extensions>
      </trkpt>
      <trkpt lat="36.02799705364761" lon="119.40194841578354">
        <ele>60.95663437619805</ele>
        <time>2025-01-17T10:06:23Z</time>
        <extensions>
          <gpxtpx:TrackPointExtension>
            <gpxtpx:hr>161</gpxtpx:hr>
          </gpxtpx:TrackPointExtension>
        </extensions>
      </trkpt>
      <trkpt lat="36.02799028225737" lon="119.40192064445996">
        <ele>60.87464948929846</ele>
        <time>2025-01-17T10:06:24Z</time>
        <extensions>
          <gpxtpx:TrackPointExtension>
            <gpxtpx:hr>161</gpxtpx:hr>
          </gpxtpx:TrackPointExtension>
        </extensions>
      </trkpt>
      <trkpt lat="36.027983865092516" lon="119.4018910820375">
        <ele>60.80699150450528</ele>
        <time>2025-01-17T10:06:25Z</time>
        <extensions>
          <gpxtpx:TrackPointExtension>
            <gpxtpx:hr>161</gpxtpx:hr>
          </gpxtpx:TrackPointExtension>
        </extensions>
      </trkpt>
      <trkpt lat="36.02797781199212" lon="119.40186093883942">
        <ele>60.71618862170726</ele>
        <time>2025-01-17T10:06:26Z</time>
        <extensions>
          <gpxtpx:TrackPointExtension>
            <gpxtpx:hr>161</gpxtpx:hr>
          </gpxtpx:TrackPointExtension>
        </extensions>
      </trkpt>
      <trkpt lat="36.02797162845057" lon="119.40183079607583">
        <ele>60.61927522812039</ele>
        <time>2025-01-17T10:06:27Z</time>
        <extensions>
          <gpxtpx:TrackPointExtension>
            <gpxtpx:hr>161</gpxtpx:hr>
          </gpxtpx:TrackPointExtension>
        </extensions>
      </trkpt>
      <trkpt lat="36.027965686020735" lon="119.4017998019351">
        <ele>60.56673386041075</ele>
        <time>2025-01-17T10:06:28Z</time>
        <extensions>
          <gpxtpx:TrackPointExtension>
            <gpxtpx:hr>161</gpxtpx:hr>
          </gpxtpx:TrackPointExtension>
        </extensions>
      </trkpt>
      <trkpt lat="36.02796146712705" lon="119.40176800545785">
        <ele>60.477618775330484</ele>
        <time>2025-01-17T10:06:29Z</time>
        <extensions>
          <gpxtpx:TrackPointExtension>
            <gpxtpx:hr>161</gpxtpx:hr>
          </gpxtpx:TrackPointExtension>
        </extensions>
      </trkpt>
      <trkpt lat="36.02795924235796" lon="119.4017362991432">
        <ele>60.39551853388548</ele>
        <time>2025-01-17T10:06:30Z</time>
        <extensions>
          <gpxtpx:TrackPointExtension>
            <gpxtpx:hr>161</gpxtpx:hr>
          </gpxtpx:TrackPointExtension>
        </extensions>
      </trkpt>
      <trkpt lat="36.027958097008394" lon="119.4017049697602">
        <ele>60.336749342270195</ele>
        <time>2025-01-17T10:06:31Z</time>
        <extensions>
          <gpxtpx:TrackPointExtension>
            <gpxtpx:hr>161</gpxtpx:hr>
          </gpxtpx:TrackPointExtension>
        </extensions>
      </trkpt>
      <trkpt lat="36.027956949722395" lon="119.40167538655447">
        <ele>60.27514698635787</ele>
        <time>2025-01-17T10:06:32Z</time>
        <extensions>
          <gpxtpx:TrackPointExtension>
            <gpxtpx:hr>161</gpxtpx:hr>
          </gpxtpx:TrackPointExtension>
        </extensions>
      </trkpt>
      <trkpt lat="36.02795459848568" lon="119.40164757309788">
        <ele>60.226396632380784</ele>
        <time>2025-01-17T10:06:33Z</time>
        <extensions>
          <gpxtpx:TrackPointExtension>
            <gpxtpx:hr>162</gpxtpx:hr>
          </gpxtpx:TrackPointExtension>
        </extensions>
      </trkpt>
      <trkpt lat="36.027951871647204" lon="119.40161852827516">
        <ele>60.197051364928484</ele>
        <time>2025-01-17T10:06:34Z</time>
        <extensions>
          <gpxtpx:TrackPointExtension>
            <gpxtpx:hr>162</gpxtpx:hr>
          </gpxtpx:TrackPointExtension>
        </extensions>
      </trkpt>
      <trkpt lat="36.02795031817429" lon="119.40158776393407">
        <ele>60.133698587305844</ele>
        <time>2025-01-17T10:06:35Z</time>
        <extensions>
          <gpxtpx:TrackPointExtension>
            <gpxtpx:hr>162</gpxtpx:hr>
          </gpxtpx:TrackPointExtension>
        </extensions>
      </trkpt>
      <trkpt lat="36.027949748833436" lon="119.40155759823854">
        <ele>60.08686070796102</ele>
        <time>2025-01-17T10:06:36Z</time>
        <extensions>
          <gpxtpx:TrackPointExtension>
            <gpxtpx:hr>162</gpxtpx:hr>
          </gpxtpx:TrackPointExtension>
        </extensions>
      </trkpt>
      <trkpt lat="36.02794941416821" lon="119.40152859295677">
        <ele>60.02729470189661</ele>
        <time>2025-01-17T10:06:37Z</time>
        <extensions>
          <gpxtpx:TrackPointExtension>
            <gpxtpx:hr>162</gpxtpx:hr>
          </gpxtpx:TrackPointExtension>
        </extensions>
      </trkpt>
      <trkpt lat="36.027949247370266" lon="119.40150015997301">
        <ele>59.95640385337174</ele>
        <time>2025-01-17T10:06:38Z</time>
        <extensions>
          <gpxtpx:TrackPointExtension>
            <gpxtpx:hr>162</gpxtpx:hr>
          </gpxtpx:TrackPointExtension>
        </extensions>
      </trkpt>
      <trkpt lat="36.02794956717019" lon="119.40147152559473">
        <ele>59.88802836369723</ele>
        <time>2025-01-17T10:06:39Z</time>
        <extensions>
          <gpxtpx:TrackPointExtension>
            <gpxtpx:hr>162</gpxtpx:hr>
          </gpxtpx:TrackPointExtension>
        </extensions>
      </trkpt>
      <trkpt lat="36.02795009095481" lon="119.4014417482758">
        <ele>59.82752463873476</ele>
        <time>2025-01-17T10:06:40Z</time>
        <extensions>
          <gpxtpx:TrackPointExtension>
            <gpxtpx:hr>162</gpxtpx:hr>
          </gpxtpx:TrackPointExtension>
        </extensions>
      </trkpt>
      <trkpt lat="36.02795037922495" lon="119.40141129955977">
        <ele>59.79737845156342</ele>
        <time>2025-01-17T10:06:41Z</time>
        <extensions>
          <gpxtpx:TrackPointExtension>
            <gpxtpx:hr>162</gpxtpx:hr>
          </gpxtpx:TrackPointExtension>
        </extensions>
      </trkpt>
      <trkpt lat="36.0279502208079" lon="119.40138161946481">
        <ele>59.78419395815581</ele>
        <time>2025-01-17T10:06:42Z</time>
        <extensions>
          <gpxtpx:TrackPointExtension>
            <gpxtpx:hr>162</gpxtpx:hr>
          </gpxtpx:TrackPointExtension>
        </extensions>
      </trkpt>
      <trkpt lat="36.0279490187564" lon="119.40135236023421">
        <ele>59.774041595868766</ele>
        <time>2025-01-17T10:06:43Z</time>
        <extensions>
          <gpxtpx:TrackPointExtension>
            <gpxtpx:hr>162</gpxtpx:hr>
          </gpxtpx:TrackPointExtension>
        </extensions>
      </trkpt>
      <trkpt lat="36.0279460640259" lon="119.40132215541809">
        <ele>59.76884452626109</ele>
        <time>2025-01-17T10:06:44Z</time>
        <extensions>
          <gpxtpx:TrackPointExtension>
            <gpxtpx:hr>162</gpxtpx:hr>
          </gpxtpx:TrackPointExtension>
        </extensions>
      </trkpt>
      <trkpt lat="36.02794065397354" lon="119.40129211193269">
        <ele>59.7848139712587</ele>
        <time>2025-01-17T10:06:45Z</time>
        <extensions>
          <gpxtpx:TrackPointExtension>
            <gpxtpx:hr>162</gpxtpx:hr>
          </gpxtpx:TrackPointExtension>
        </extensions>
      </trkpt>
      <trkpt lat="36.02793042581388" lon="119.40126502252512">
        <ele>59.7922111582011</ele>
        <time>2025-01-17T10:06:46Z</time>
        <extensions>
          <gpxtpx:TrackPointExtension>
            <gpxtpx:hr>162</gpxtpx:hr>
          </gpxtpx:TrackPointExtension>
        </extensions>
      </trkpt>
      <trkpt lat="36.02791364043861" lon="119.40124355608118">
        <ele>59.820763343945146</ele>
        <time>2025-01-17T10:06:47Z</time>
        <extensions>
          <gpxtpx:TrackPointExtension>
            <gpxtpx:hr>162</gpxtpx:hr>
          </gpxtpx:TrackPointExtension>
        </extensions>
      </trkpt>
      <trkpt lat="36.02789273080449" lon="119.401228245136">
        <ele>59.855298415757716</ele>
        <time>2025-01-17T10:06:48Z</time>
        <extensions>
          <gpxtpx:TrackPointExtension>
            <gpxtpx:hr>162</gpxtpx:hr>
          </gpxtpx:TrackPointExtension>
        </extensions>
      </trkpt>
      <trkpt lat="36.027870345211426" lon="119.40121577196975">
        <ele>59.88135840371251</ele>
        <time>2025-01-17T10:06:49Z</time>
        <extensions>
          <gpxtpx:TrackPointExtension>
            <gpxtpx:hr>162</gpxtpx:hr>
          </gpxtpx:TrackPointExtension>
        </extensions>
      </trkpt>
      <trkpt lat="36.027847182230204" lon="119.4012023183141">
        <ele>59.91588487755507</ele>
        <time>2025-01-17T10:06:50Z</time>
        <extensions>
          <gpxtpx:TrackPointExtension>
            <gpxtpx:hr>162</gpxtpx:hr>
          </gpxtpx:TrackPointExtension>
        </extensions>
      </trkpt>
      <trkpt lat="36.02782461449313" lon="119.40118739907679">
        <ele>59.98954373039305</ele>
        <time>2025-01-17T10:06:51Z</time>
        <extensions>
          <gpxtpx:TrackPointExtension>
            <gpxtpx:hr>162</gpxtpx:hr>
          </gpxtpx:TrackPointExtension>
        </extensions>
      </trkpt>
      <trkpt lat="36.02780293317421" lon="119.4011720601126">
        <ele>60.01714813057333</ele>
        <time>2025-01-17T10:06:52Z</time>
        <extensions>
          <gpxtpx:TrackPointExtension>
            <gpxtpx:hr>162</gpxtpx:hr>
          </gpxtpx:TrackPointExtension>
        </extensions>
      </trkpt>
      <trkpt lat="36.02778103297953" lon="119.40115616195418">
        <ele>60.05904002301395</ele>
        <time>2025-01-17T10:06:53Z</time>
        <extensions>
          <gpxtpx:TrackPointExtension>
            <gpxtpx:hr>162</gpxtpx:hr>
          </gpxtpx:TrackPointExtension>
        </extensions>
      </trkpt>
      <trkpt lat="36.027759950364675" lon="119.40113951724949">
        <ele>60.052573134191334</ele>
        <time>2025-01-17T10:06:54Z</time>
        <extensions>
          <gpxtpx:TrackPointExtension>
            <gpxtpx:hr>162</gpxtpx:hr>
          </gpxtpx:TrackPointExtension>
        </extensions>
      </trkpt>
      <trkpt lat="36.02774000234217" lon="119.40112303484479">
        <ele>60.043276575393975</ele>
        <time>2025-01-17T10:06:55Z</time>
        <extensions>
          <gpxtpx:TrackPointExtension>
            <gpxtpx:hr>162</gpxtpx:hr>
          </gpxtpx:TrackPointExtension>
        </extensions>
      </trkpt>
      <trkpt lat="36.027719798238614" lon="119.40110640518843">
        <ele>60.05678202956915</ele>
        <time>2025-01-17T10:06:56Z</time>
        <extensions>
          <gpxtpx:TrackPointExtension>
            <gpxtpx:hr>162</gpxtpx:hr>
          </gpxtpx:TrackPointExtension>
        </extensions>
      </trkpt>
      <trkpt lat="36.02769963209059" lon="119.40108916814508">
        <ele>60.06348748411983</ele>
        <time>2025-01-17T10:06:57Z</time>
        <extensions>
          <gpxtpx:TrackPointExtension>
            <gpxtpx:hr>162</gpxtpx:hr>
          </gpxtpx:TrackPointExtension>
        </extensions>
      </trkpt>
      <trkpt lat="36.02767943343872" lon="119.4010720303856">
        <ele>60.052153868600726</ele>
        <time>2025-01-17T10:06:58Z</time>
        <extensions>
          <gpxtpx:TrackPointExtension>
            <gpxtpx:hr>162</gpxtpx:hr>
          </gpxtpx:TrackPointExtension>
        </extensions>
      </trkpt>
      <trkpt lat="36.02765821339848" lon="119.40105461016809">
        <ele>60.0246573779732</ele>
        <time>2025-01-17T10:06:59Z</time>
        <extensions>
          <gpxtpx:TrackPointExtension>
            <gpxtpx:hr>163</gpxtpx:hr>
          </gpxtpx:TrackPointExtension>
        </extensions>
      </trkpt>
      <trkpt lat="36.02763724496756" lon="119.40103704784508">
        <ele>59.97299957834184</ele>
        <time>2025-01-17T10:07:00Z</time>
        <extensions>
          <gpxtpx:TrackPointExtension>
            <gpxtpx:hr>163</gpxtpx:hr>
          </gpxtpx:TrackPointExtension>
        </extensions>
      </trkpt>
      <trkpt lat="36.02761767539816" lon="119.40102030853346">
        <ele>59.90317598730326</ele>
        <time>2025-01-17T10:07:01Z</time>
        <extensions>
          <gpxtpx:TrackPointExtension>
            <gpxtpx:hr>163</gpxtpx:hr>
          </gpxtpx:TrackPointExtension>
        </extensions>
      </trkpt>
      <trkpt lat="36.02759837230709" lon="119.4010038003054">
        <ele>59.82269251532853</ele>
        <time>2025-01-17T10:07:02Z</time>
        <extensions>
          <gpxtpx:TrackPointExtension>
            <gpxtpx:hr>163</gpxtpx:hr>
          </gpxtpx:TrackPointExtension>
        </extensions>
      </trkpt>
      <trkpt lat="36.027578372593354" lon="119.40098721474645">
        <ele>59.74652126058936</ele>
        <time>2025-01-17T10:07:03Z</time>
        <extensions>
          <gpxtpx:TrackPointExtension>
            <gpxtpx:hr>163</gpxtpx:hr>
          </gpxtpx:TrackPointExtension>
        </extensions>
      </trkpt>
      <trkpt lat="36.02755750972423" lon="119.40097135100827">
        <ele>59.66135008819401</ele>
        <time>2025-01-17T10:07:04Z</time>
        <extensions>
          <gpxtpx:TrackPointExtension>
            <gpxtpx:hr>163</gpxtpx:hr>
          </gpxtpx:TrackPointExtension>
        </extensions>
      </trkpt>
      <trkpt lat="36.02753572456457" lon="119.40095705685935">
        <ele>59.57591122202575</ele>
        <time>2025-01-17T10:07:05Z</time>
        <extensions>
          <gpxtpx:TrackPointExtension>
            <gpxtpx:hr>163</gpxtpx:hr>
          </gpxtpx:TrackPointExtension>
        </extensions>
      </trkpt>
      <trkpt lat="36.0275148752063" lon="119.40094552588496">
        <ele>59.49126405455172</ele>
        <time>2025-01-17T10:07:06Z</time>
        <extensions>
          <gpxtpx:TrackPointExtension>
            <gpxtpx:hr>163</gpxtpx:hr>
          </gpxtpx:TrackPointExtension>
        </extensions>
      </trkpt>
      <trkpt lat="36.02749753476951" lon="119.40093689880024">
        <ele>59.40987525973469</ele>
        <time>2025-01-17T10:07:07Z</time>
        <extensions>
          <gpxtpx:TrackPointExtension>
            <gpxtpx:hr>163</gpxtpx:hr>
          </gpxtpx:TrackPointExtension>
        </extensions>
      </trkpt>
      <trkpt lat="36.027483486116715" lon="119.40093027118961">
        <ele>59.32442852947861</ele>
        <time>2025-01-17T10:07:08Z</time>
        <extensions>
          <gpxtpx:TrackPointExtension>
            <gpxtpx:hr>163</gpxtpx:hr>
          </gpxtpx:TrackPointExtension>
        </extensions>
      </trkpt>
      <trkpt lat="36.02747120085436" lon="119.40092541302771">
        <ele>59.24042757693678</ele>
        <time>2025-01-17T10:07:09Z</time>
        <extensions>
          <gpxtpx:TrackPointExtension>
            <gpxtpx:hr>163</gpxtpx:hr>
          </gpxtpx:TrackPointExtension>
        </extensions>
      </trkpt>
      <trkpt lat="36.02745990771374" lon="119.40092220837282">
        <ele>59.13635528367013</ele>
        <time>2025-01-17T10:07:10Z</time>
        <extensions>
          <gpxtpx:TrackPointExtension>
            <gpxtpx:hr>162</gpxtpx:hr>
          </gpxtpx:TrackPointExtension>
        </extensions>
      </trkpt>
      <trkpt lat="36.02744886806981" lon="119.40091953209729">
        <ele>59.023746124468744</ele>
        <time>2025-01-17T10:07:11Z</time>
        <extensions>
          <gpxtpx:TrackPointExtension>
            <gpxtpx:hr>162</gpxtpx:hr>
          </gpxtpx:TrackPointExtension>
        </extensions>
      </trkpt>
      <trkpt lat="36.027437241963526" lon="119.4009153544037">
        <ele>58.918144289404154</ele>
        <time>2025-01-17T10:07:12Z</time>
        <extensions>
          <gpxtpx:TrackPointExtension>
            <gpxtpx:hr>162</gpxtpx:hr>
          </gpxtpx:TrackPointExtension>
        </extensions>
      </trkpt>
      <trkpt lat="36.027425179834" lon="119.40090890856875">
        <ele>58.80153620056808</ele>
        <time>2025-01-17T10:07:13Z</time>
        <extensions>
          <gpxtpx:TrackPointExtension>
            <gpxtpx:hr>162</gpxtpx:hr>
          </gpxtpx:TrackPointExtension>
        </extensions>
      </trkpt>
      <trkpt lat="36.02741411378196" lon="119.40090250621627">
        <ele>58.690773563459516</ele>
        <time>2025-01-17T10:07:14Z</time>
        <extensions>
          <gpxtpx:TrackPointExtension>
            <gpxtpx:hr>162</gpxtpx:hr>
          </gpxtpx:TrackPointExtension>
        </extensions>
      </trkpt>
      <trkpt lat="36.02740443142897" lon="119.40089760254716">
        <ele>58.59283473715186</ele>
        <time>2025-01-17T10:07:15Z</time>
        <extensions>
          <gpxtpx:TrackPointExtension>
            <gpxtpx:hr>162</gpxtpx:hr>
          </gpxtpx:TrackPointExtension>
        </extensions>
      </trkpt>
      <trkpt lat="36.02739471761878" lon="119.40089307114451">
        <ele>58.499905839562416</ele>
        <time>2025-01-17T10:07:16Z</time>
        <extensions>
          <gpxtpx:TrackPointExtension>
            <gpxtpx:hr>157</gpxtpx:hr>
          </gpxtpx:TrackPointExtension>
        </extensions>
      </trkpt>
      <trkpt lat="36.02738444812838" lon="119.40088825914216">
        <ele>58.42387241218239</ele>
        <time>2025-01-17T10:07:17Z</time>
        <extensions>
          <gpxtpx:TrackPointExtension>
            <gpxtpx:hr>157</gpxtpx:hr>
          </gpxtpx:TrackPointExtension>
        </extensions>
      </trkpt>
      <trkpt lat="36.027374099560326" lon="119.40088330456699">
        <ele>58.34198485221714</ele>
        <time>2025-01-17T10:07:18Z</time>
        <extensions>
          <gpxtpx:TrackPointExtension>
            <gpxtpx:hr>157</gpxtpx:hr>
          </gpxtpx:TrackPointExtension>
        </extensions>
      </trkpt>
      <trkpt lat="36.027363444222246" lon="119.40087792227484">
        <ele>58.258931756950915</ele>
        <time>2025-01-17T10:07:19Z</time>
        <extensions>
          <gpxtpx:TrackPointExtension>
            <gpxtpx:hr>157</gpxtpx:hr>
          </gpxtpx:TrackPointExtension>
        </extensions>
      </trkpt>
      <trkpt lat="36.02735246089886" lon="119.40087182809985">
        <ele>58.175583069212735</ele>
        <time>2025-01-17T10:07:20Z</time>
        <extensions>
          <gpxtpx:TrackPointExtension>
            <gpxtpx:hr>155</gpxtpx:hr>
          </gpxtpx:TrackPointExtension>
        </extensions>
      </trkpt>
      <trkpt lat="36.02734125331619" lon="119.40086463260266">
        <ele>58.10250326059759</ele>
        <time>2025-01-17T10:07:21Z</time>
        <extensions>
          <gpxtpx:TrackPointExtension>
            <gpxtpx:hr>155</gpxtpx:hr>
          </gpxtpx:TrackPointExtension>
        </extensions>
      </trkpt>
      <trkpt lat="36.02733004330612" lon="119.40085690573787">
        <ele>58.040136027149856</ele>
        <time>2025-01-17T10:07:22Z</time>
        <extensions>
          <gpxtpx:TrackPointExtension>
            <gpxtpx:hr>155</gpxtpx:hr>
          </gpxtpx:TrackPointExtension>
        </extensions>
      </trkpt>
      <trkpt lat="36.02731834024281" lon="119.40084883674815">
        <ele>57.99031273741275</ele>
        <time>2025-01-17T10:07:23Z</time>
        <extensions>
          <gpxtpx:TrackPointExtension>
            <gpxtpx:hr>155</gpxtpx:hr>
          </gpxtpx:TrackPointExtension>
        </extensions>
      </trkpt>
      <trkpt lat="36.02730632558081" lon="119.40084077599981">
        <ele>57.95321236085147</ele>
        <time>2025-01-17T10:07:24Z</time>
        <extensions>
          <gpxtpx:TrackPointExtension>
            <gpxtpx:hr>151</gpxtpx:hr>
          </gpxtpx:TrackPointExtension>
        </extensions>
      </trkpt>
      <trkpt lat="36.02729482410629" lon="119.40083275229237">
        <ele>57.92066332604736</ele>
        <time>2025-01-17T10:07:25Z</time>
        <extensions>
          <gpxtpx:TrackPointExtension>
            <gpxtpx:hr>151</gpxtpx:hr>
          </gpxtpx:TrackPointExtension>
        </extensions>
      </trkpt>
      <trkpt lat="36.02728342620857" lon="119.40082470048058">
        <ele>57.91253514494747</ele>
        <time>2025-01-17T10:07:26Z</time>
        <extensions>
          <gpxtpx:TrackPointExtension>
            <gpxtpx:hr>151</gpxtpx:hr>
          </gpxtpx:TrackPointExtension>
        </extensions>
      </trkpt>
      <trkpt lat="36.0272715554341" lon="119.4008176377957">
        <ele>57.92411466687918</ele>
        <time>2025-01-17T10:07:27Z</time>
        <extensions>
          <gpxtpx:TrackPointExtension>
            <gpxtpx:hr>151</gpxtpx:hr>
          </gpxtpx:TrackPointExtension>
        </extensions>
      </trkpt>
      <trkpt lat="36.02725924356248" lon="119.40081192859861">
        <ele>57.94882110692561</ele>
        <time>2025-01-17T10:07:28Z</time>
        <extensions>
          <gpxtpx:TrackPointExtension>
            <gpxtpx:hr>151</gpxtpx:hr>
          </gpxtpx:TrackPointExtension>
        </extensions>
      </trkpt>
      <trkpt lat="36.02724692949827" lon="119.40080765898294">
        <ele>57.97741530183703</ele>
        <time>2025-01-17T10:07:29Z</time>
        <extensions>
          <gpxtpx:TrackPointExtension>
            <gpxtpx:hr>149</gpxtpx:hr>
          </gpxtpx:TrackPointExtension>
        </extensions>
      </trkpt>
      <trkpt lat="36.02723492626536" lon="119.40080428189543">
        <ele>58.00919549819082</ele>
        <time>2025-01-17T10:07:30Z</time>
        <extensions>
          <gpxtpx:TrackPointExtension>
            <gpxtpx:hr>149</gpxtpx:hr>
          </gpxtpx:TrackPointExtension>
        </extensions>
      </trkpt>
      <trkpt lat="36.02722299130669" lon="119.40080062594946">
        <ele>58.03431101050228</ele>
        <time>2025-01-17T10:07:31Z</time>
        <extensions>
          <gpxtpx:TrackPointExtension>
            <gpxtpx:hr>149</gpxtpx:hr>
          </gpxtpx:TrackPointExtension>
        </extensions>
      </trkpt>
      <trkpt lat="36.02721082876605" lon="119.40079632715097">
        <ele>58.058862942270935</ele>
        <time>2025-01-17T10:07:32Z</time>
        <extensions>
          <gpxtpx:TrackPointExtension>
            <gpxtpx:hr>149</gpxtpx:hr>
          </gpxtpx:TrackPointExtension>
        </extensions>
      </trkpt>
      <trkpt lat="36.02719874145503" lon="119.40079181089988">
        <ele>58.105255864560604</ele>
        <time>2025-01-17T10:07:33Z</time>
        <extensions>
          <gpxtpx:TrackPointExtension>
            <gpxtpx:hr>149</gpxtpx:hr>
          </gpxtpx:TrackPointExtension>
        </extensions>
      </trkpt>
      <trkpt lat="36.02718680570027" lon="119.40078725876005">
        <ele>58.17038829065859</ele>
        <time>2025-01-17T10:07:34Z</time>
        <extensions>
          <gpxtpx:TrackPointExtension>
            <gpxtpx:hr>146</gpxtpx:hr>
          </gpxtpx:TrackPointExtension>
        </extensions>
      </trkpt>
      <trkpt lat="36.02717479808542" lon="119.40078253143403">
        <ele>58.23420620895922</ele>
        <time>2025-01-17T10:07:35Z</time>
        <extensions>
          <gpxtpx:TrackPointExtension>
            <gpxtpx:hr>146</gpxtpx:hr>
          </gpxtpx:TrackPointExtension>
        </extensions>
      </trkpt>
      <trkpt lat="36.02716318240145" lon="119.40077745803565">
        <ele>58.29182164557278</ele>
        <time>2025-01-17T10:07:36Z</time>
        <extensions>
          <gpxtpx:TrackPointExtension>
            <gpxtpx:hr>146</gpxtpx:hr>
          </gpxtpx:TrackPointExtension>
        </extensions>
      </trkpt>
      <trkpt lat="36.02715218107289" lon="119.40077228903172">
        <ele>58.345043797045946</ele>
        <time>2025-01-17T10:07:37Z</time>
        <extensions>
          <gpxtpx:TrackPointExtension>
            <gpxtpx:hr>146</gpxtpx:hr>
          </gpxtpx:TrackPointExtension>
        </extensions>
      </trkpt>
      <trkpt lat="36.02714155691284" lon="119.400767274712">
        <ele>58.39254074729979</ele>
        <time>2025-01-17T10:07:38Z</time>
        <extensions>
          <gpxtpx:TrackPointExtension>
            <gpxtpx:hr>146</gpxtpx:hr>
          </gpxtpx:TrackPointExtension>
        </extensions>
      </trkpt>
      <trkpt lat="36.02713115711489" lon="119.40076254517083">
        <ele>58.43051684461534</ele>
        <time>2025-01-17T10:07:39Z</time>
        <extensions>
          <gpxtpx:TrackPointExtension>
            <gpxtpx:hr>146</gpxtpx:hr>
          </gpxtpx:TrackPointExtension>
        </extensions>
      </trkpt>
      <trkpt lat="36.02712099964512" lon="119.40075836263587">
        <ele>58.4755874555558</ele>
        <time>2025-01-17T10:07:40Z</time>
        <extensions>
          <gpxtpx:TrackPointExtension>
            <gpxtpx:hr>146</gpxtpx:hr>
          </gpxtpx:TrackPointExtension>
        </extensions>
      </trkpt>
      <trkpt lat="36.027111298714296" lon="119.4007547998966">
        <ele>58.51944411918521</ele>
        <time>2025-01-17T10:07:41Z</time>
        <extensions>
          <gpxtpx:TrackPointExtension>
            <gpxtpx:hr>146</gpxtpx:hr>
          </gpxtpx:TrackPointExtension>
        </extensions>
      </trkpt>
      <trkpt lat="36.02710172683254" lon="119.40075140742147">
        <ele>58.55810451786965</ele>
        <time>2025-01-17T10:07:42Z</time>
        <extensions>
          <gpxtpx:TrackPointExtension>
            <gpxtpx:hr>146</gpxtpx:hr>
          </gpxtpx:TrackPointExtension>
        </extensions>
      </trkpt>
      <trkpt lat="36.027091521338406" lon="119.40074801075409">
        <ele>58.59285949636251</ele>
        <time>2025-01-17T10:07:43Z</time>
        <extensions>
          <gpxtpx:TrackPointExtension>
            <gpxtpx:hr>139</gpxtpx:hr>
          </gpxtpx:TrackPointExtension>
        </extensions>
      </trkpt>
      <trkpt lat="36.02707971058236" lon="119.40074504648605">
        <ele>58.630287484265864</ele>
        <time>2025-01-17T10:07:44Z</time>
        <extensions>
          <gpxtpx:TrackPointExtension>
            <gpxtpx:hr>139</gpxtpx:hr>
          </gpxtpx:TrackPointExtension>
        </extensions>
      </trkpt>
      <trkpt lat="36.02706673156128" lon="119.40074274294749">
        <ele>58.65873134881258</ele>
        <time>2025-01-17T10:07:45Z</time>
        <extensions>
          <gpxtpx:TrackPointExtension>
            <gpxtpx:hr>139</gpxtpx:hr>
          </gpxtpx:TrackPointExtension>
        </extensions>
      </trkpt>
      <trkpt lat="36.02705379332596" lon="119.40074085209847">
        <ele>58.69661748595536</ele>
        <time>2025-01-17T10:07:46Z</time>
        <extensions>
          <gpxtpx:TrackPointExtension>
            <gpxtpx:hr>139</gpxtpx:hr>
          </gpxtpx:TrackPointExtension>
        </extensions>
      </trkpt>
      <trkpt lat="36.02704109662239" lon="119.40073835655582">
        <ele>58.73538693226874</ele>
        <time>2025-01-17T10:07:47Z</time>
        <extensions>
          <gpxtpx:TrackPointExtension>
            <gpxtpx:hr>139</gpxtpx:hr>
          </gpxtpx:TrackPointExtension>
        </extensions>
      </trkpt>
      <trkpt lat="36.027028634501974" lon="119.4007346607831">
        <ele>58.778411948122084</ele>
        <time>2025-01-17T10:07:48Z</time>
        <extensions>
          <gpxtpx:TrackPointExtension>
            <gpxtpx:hr>139</gpxtpx:hr>
          </gpxtpx:TrackPointExtension>
        </extensions>
      </trkpt>
      <trkpt lat="36.02701628209472" lon="119.40073004588287">
        <ele>58.81534039974213</ele>
        <time>2025-01-17T10:07:49Z</time>
        <extensions>
          <gpxtpx:TrackPointExtension>
            <gpxtpx:hr>139</gpxtpx:hr>
          </gpxtpx:TrackPointExtension>
        </extensions>
      </trkpt>
      <trkpt lat="36.02700396319026" lon="119.40072538270748">
        <ele>58.84623224567622</ele>
        <time>2025-01-17T10:07:50Z</time>
        <extensions>
          <gpxtpx:TrackPointExtension>
            <gpxtpx:hr>139</gpxtpx:hr>
          </gpxtpx:TrackPointExtension>
        </extensions>
      </trkpt>
      <trkpt lat="36.02699197226117" lon="119.40072189712976">
        <ele>58.86243301164359</ele>
        <time>2025-01-17T10:07:51Z</time>
        <extensions>
          <gpxtpx:TrackPointExtension>
            <gpxtpx:hr>139</gpxtpx:hr>
          </gpxtpx:TrackPointExtension>
        </extensions>
      </trkpt>
      <trkpt lat="36.02698078893368" lon="119.40071989875153">
        <ele>58.88575374148786</ele>
        <time>2025-01-17T10:07:52Z</time>
        <extensions>
          <gpxtpx:TrackPointExtension>
            <gpxtpx:hr>137</gpxtpx:hr>
          </gpxtpx:TrackPointExtension>
        </extensions>
      </trkpt>
      <trkpt lat="36.026970207791784" lon="119.4007187368561">
        <ele>58.906070061028004</ele>
        <time>2025-01-17T10:07:53Z</time>
        <extensions>
          <gpxtpx:TrackPointExtension>
            <gpxtpx:hr>137</gpxtpx:hr>
          </gpxtpx:TrackPointExtension>
        </extensions>
      </trkpt>
      <trkpt lat="36.02695942744511" lon="119.4007181873286">
        <ele>58.96500550862402</ele>
        <time>2025-01-17T10:07:54Z</time>
        <extensions>
          <gpxtpx:TrackPointExtension>
            <gpxtpx:hr>137</gpxtpx:hr>
          </gpxtpx:TrackPointExtension>
        </extensions>
      </trkpt>
      <trkpt lat="36.02694807092119" lon="119.40071810939381">
        <ele>58.999561614356935</ele>
        <time>2025-01-17T10:07:55Z</time>
        <extensions>
          <gpxtpx:TrackPointExtension>
            <gpxtpx:hr>137</gpxtpx:hr>
          </gpxtpx:TrackPointExtension>
        </extensions>
      </trkpt>
      <trkpt lat="36.026936525212996" lon="119.40071775411405">
        <ele>59.04152273759246</ele>
        <time>2025-01-17T10:07:56Z</time>
        <extensions>
          <gpxtpx:TrackPointExtension>
            <gpxtpx:hr>137</gpxtpx:hr>
          </gpxtpx:TrackPointExtension>
        </extensions>
      </trkpt>
      <trkpt lat="36.02692535623385" lon="119.40071622623502">
        <ele>59.07978495582938</ele>
        <time>2025-01-17T10:07:57Z</time>
        <extensions>
          <gpxtpx:TrackPointExtension>
            <gpxtpx:hr>137</gpxtpx:hr>
          </gpxtpx:TrackPointExtension>
        </extensions>
      </trkpt>
      <trkpt lat="36.02691394593988" lon="119.400713221108">
        <ele>59.11539449635893</ele>
        <time>2025-01-17T10:07:58Z</time>
        <extensions>
          <gpxtpx:TrackPointExtension>
            <gpxtpx:hr>137</gpxtpx:hr>
          </gpxtpx:TrackPointExtension>
        </extensions>
      </trkpt>
      <trkpt lat="36.02690156272674" lon="119.40070878063342">
        <ele>59.13361821882427</ele>
        <time>2025-01-17T10:07:59Z</time>
        <extensions>
          <gpxtpx:TrackPointExtension>
            <gpxtpx:hr>124</gpxtpx:hr>
          </gpxtpx:TrackPointExtension>
        </extensions>
      </trkpt>
      <trkpt lat="36.026888625735666" lon="119.4007037556663">
        <ele>59.14163912739605</ele>
        <time>2025-01-17T10:08:00Z</time>
        <extensions>
          <gpxtpx:TrackPointExtension>
            <gpxtpx:hr>124</gpxtpx:hr>
          </gpxtpx:TrackPointExtension>
        </extensions>
      </trkpt>
      <trkpt lat="36.02687493420671" lon="119.40069940666758">
        <ele>59.12714144587517</ele>
        <time>2025-01-17T10:08:01Z</time>
        <extensions>
          <gpxtpx:TrackPointExtension>
            <gpxtpx:hr>124</gpxtpx:hr>
          </gpxtpx:TrackPointExtension>
        </extensions>
      </trkpt>
      <trkpt lat="36.02685988058119" lon="119.40069601899384">
        <ele>59.08379434235394</ele>
        <time>2025-01-17T10:08:02Z</time>
        <extensions>
          <gpxtpx:TrackPointExtension>
            <gpxtpx:hr>124</gpxtpx:hr>
          </gpxtpx:TrackPointExtension>
        </extensions>
      </trkpt>
      <trkpt lat="36.02684361228769" lon="119.40069271242244">
        <ele>59.06692740879953</ele>
        <time>2025-01-17T10:08:03Z</time>
        <extensions>
          <gpxtpx:TrackPointExtension>
            <gpxtpx:hr>124</gpxtpx:hr>
          </gpxtpx:TrackPointExtension>
        </extensions>
      </trkpt>
      <trkpt lat="36.026825956921066" lon="119.4006888335602">
        <ele>59.0466550225392</ele>
        <time>2025-01-17T10:08:04Z</time>
        <extensions>
          <gpxtpx:TrackPointExtension>
            <gpxtpx:hr>124</gpxtpx:hr>
          </gpxtpx:TrackPointExtension>
        </extensions>
      </trkpt>
      <trkpt lat="36.02680836396515" lon="119.40068447231548">
        <ele>59.02937719132751</ele>
        <time>2025-01-17T10:08:05Z</time>
        <extensions>
          <gpxtpx:TrackPointExtension>
            <gpxtpx:hr>122</gpxtpx:hr>
          </gpxtpx:TrackPointExtension>
        </extensions>
      </trkpt>
      <trkpt lat="36.026791758437525" lon="119.40067955241786">
        <ele>59.055507035925984</ele>
        <time>2025-01-17T10:08:06Z</time>
        <extensions>
          <gpxtpx:TrackPointExtension>
            <gpxtpx:hr>122</gpxtpx:hr>
          </gpxtpx:TrackPointExtension>
        </extensions>
      </trkpt>
      <trkpt lat="36.0267744234266" lon="119.40067431919417">
        <ele>59.032773333601654</ele>
        <time>2025-01-17T10:08:07Z</time>
        <extensions>
          <gpxtpx:TrackPointExtension>
            <gpxtpx:hr>122</gpxtpx:hr>
          </gpxtpx:TrackPointExtension>
        </extensions>
      </trkpt>
      <trkpt lat="36.02675634641332" lon="119.40066955668708">
        <ele>59.005118595436215</ele>
        <time>2025-01-17T10:08:08Z</time>
        <extensions>
          <gpxtpx:TrackPointExtension>
            <gpxtpx:hr>122</gpxtpx:hr>
          </gpxtpx:TrackPointExtension>
        </extensions>
      </trkpt>
      <trkpt lat="36.02673860942342" lon="119.40066508963011">
        <ele>59.01050018426031</ele>
        <time>2025-01-17T10:08:09Z</time>
        <extensions>
          <gpxtpx:TrackPointExtension>
            <gpxtpx:hr>122</gpxtpx:hr>
          </gpxtpx:TrackPointExtension>
        </extensions>
      </trkpt>
      <trkpt lat="36.026720197157765" lon="119.40066070179897">
        <ele>59.004325858317316</ele>
        <time>2025-01-17T10:08:10Z</time>
        <extensions>
          <gpxtpx:TrackPointExtension>
            <gpxtpx:hr>122</gpxtpx:hr>
          </gpxtpx:TrackPointExtension>
        </extensions>
      </trkpt>
      <trkpt lat="36.02669731633881" lon="119.40065632415207">
        <ele>58.99694931041449</ele>
        <time>2025-01-17T10:08:11Z</time>
        <extensions>
          <gpxtpx:TrackPointExtension>
            <gpxtpx:hr>122</gpxtpx:hr>
          </gpxtpx:TrackPointExtension>
        </extensions>
      </trkpt>
      <trkpt lat="36.026669417700504" lon="119.400651752013">
        <ele>58.98617370612919</ele>
        <time>2025-01-17T10:08:12Z</time>
        <extensions>
          <gpxtpx:TrackPointExtension>
            <gpxtpx:hr>124</gpxtpx:hr>
          </gpxtpx:TrackPointExtension>
        </extensions>
      </trkpt>
      <trkpt lat="36.02664026621066" lon="119.40064775067425">
        <ele>58.940759582445025</ele>
        <time>2025-01-17T10:08:13Z</time>
        <extensions>
          <gpxtpx:TrackPointExtension>
            <gpxtpx:hr>124</gpxtpx:hr>
          </gpxtpx:TrackPointExtension>
        </extensions>
      </trkpt>
      <trkpt lat="36.02661167098847" lon="119.4006452384624">
        <ele>58.944244496524334</ele>
        <time>2025-01-17T10:08:14Z</time>
        <extensions>
          <gpxtpx:TrackPointExtension>
            <gpxtpx:hr>124</gpxtpx:hr>
          </gpxtpx:TrackPointExtension>
        </extensions>
      </trkpt>
      <trkpt lat="36.026582374933625" lon="119.4006435865782">
        <ele>58.96730683092028</ele>
        <time>2025-01-17T10:08:15Z</time>
        <extensions>
          <gpxtpx:TrackPointExtension>
            <gpxtpx:hr>124</gpxtpx:hr>
          </gpxtpx:TrackPointExtension>
        </extensions>
      </trkpt>
      <trkpt lat="36.02655165948031" lon="119.40064100098789">
        <ele>59.00758912041783</ele>
        <time>2025-01-17T10:08:16Z</time>
        <extensions>
          <gpxtpx:TrackPointExtension>
            <gpxtpx:hr>124</gpxtpx:hr>
          </gpxtpx:TrackPointExtension>
        </extensions>
      </trkpt>
      <trkpt lat="36.026520102290945" lon="119.40063767969205">
        <ele>59.07584040146321</ele>
        <time>2025-01-17T10:08:17Z</time>
        <extensions>
          <gpxtpx:TrackPointExtension>
            <gpxtpx:hr>128</gpxtpx:hr>
          </gpxtpx:TrackPointExtension>
        </extensions>
      </trkpt>
      <trkpt lat="36.026487479344496" lon="119.40063456999894">
        <ele>59.13996902573854</ele>
        <time>2025-01-17T10:08:18Z</time>
        <extensions>
          <gpxtpx:TrackPointExtension>
            <gpxtpx:hr>128</gpxtpx:hr>
          </gpxtpx:TrackPointExtension>
        </extensions>
      </trkpt>
      <trkpt lat="36.026454337569405" lon="119.40063233533145">
        <ele>59.220516935922205</ele>
        <time>2025-01-17T10:08:19Z</time>
        <extensions>
          <gpxtpx:TrackPointExtension>
            <gpxtpx:hr>128</gpxtpx:hr>
          </gpxtpx:TrackPointExtension>
        </extensions>
      </trkpt>
      <trkpt lat="36.026421153857065" lon="119.40063217935037">
        <ele>59.266834140755236</ele>
        <time>2025-01-17T10:08:20Z</time>
        <extensions>
          <gpxtpx:TrackPointExtension>
            <gpxtpx:hr>128</gpxtpx:hr>
          </gpxtpx:TrackPointExtension>
        </extensions>
      </trkpt>
      <trkpt lat="36.026387499314474" lon="119.40063402134167">
        <ele>59.34130038134754</ele>
        <time>2025-01-17T10:08:21Z</time>
        <extensions>
          <gpxtpx:TrackPointExtension>
            <gpxtpx:hr>128</gpxtpx:hr>
          </gpxtpx:TrackPointExtension>
        </extensions>
      </trkpt>
      <trkpt lat="36.02635461307208" lon="119.4006364318359">
        <ele>59.42285430897027</ele>
        <time>2025-01-17T10:08:22Z</time>
        <extensions>
          <gpxtpx:TrackPointExtension>
            <gpxtpx:hr>128</gpxtpx:hr>
          </gpxtpx:TrackPointExtension>
        </extensions>
      </trkpt>
      <trkpt lat="36.02632304571709" lon="119.40063911291334">
        <ele>59.48398505523801</ele>
        <time>2025-01-17T10:08:23Z</time>
        <extensions>
          <gpxtpx:TrackPointExtension>
            <gpxtpx:hr>128</gpxtpx:hr>
          </gpxtpx:TrackPointExtension>
        </extensions>
      </trkpt>
      <trkpt lat="36.02629164542886" lon="119.40064314684518">
        <ele>59.526760121807456</ele>
        <time>2025-01-17T10:08:24Z</time>
        <extensions>
          <gpxtpx:TrackPointExtension>
            <gpxtpx:hr>135</gpxtpx:hr>
          </gpxtpx:TrackPointExtension>
        </extensions>
      </trkpt>
      <trkpt lat="36.02626057922819" lon="119.4006480820044">
        <ele>59.559444348327816</ele>
        <time>2025-01-17T10:08:25Z</time>
        <extensions>
          <gpxtpx:TrackPointExtension>
            <gpxtpx:hr>135</gpxtpx:hr>
          </gpxtpx:TrackPointExtension>
        </extensions>
      </trkpt>
      <trkpt lat="36.02623043969628" lon="119.40065329682156">
        <ele>59.62689122278243</ele>
        <time>2025-01-17T10:08:26Z</time>
        <extensions>
          <gpxtpx:TrackPointExtension>
            <gpxtpx:hr>135</gpxtpx:hr>
          </gpxtpx:TrackPointExtension>
        </extensions>
      </trkpt>
      <trkpt lat="36.026201322895396" lon="119.40065912991103">
        <ele>59.701790125109255</ele>
        <time>2025-01-17T10:08:27Z</time>
        <extensions>
          <gpxtpx:TrackPointExtension>
            <gpxtpx:hr>135</gpxtpx:hr>
          </gpxtpx:TrackPointExtension>
        </extensions>
      </trkpt>
      <trkpt lat="36.02617353154114" lon="119.40066474536077">
        <ele>59.7304162196815</ele>
        <time>2025-01-17T10:08:28Z</time>
        <extensions>
          <gpxtpx:TrackPointExtension>
            <gpxtpx:hr>135</gpxtpx:hr>
          </gpxtpx:TrackPointExtension>
        </extensions>
      </trkpt>
      <trkpt lat="36.02614608425775" lon="119.40066988379596">
        <ele>59.76917450595647</ele>
        <time>2025-01-17T10:08:29Z</time>
        <extensions>
          <gpxtpx:TrackPointExtension>
            <gpxtpx:hr>135</gpxtpx:hr>
          </gpxtpx:TrackPointExtension>
        </extensions>
      </trkpt>
      <trkpt lat="36.02611780757393" lon="119.40067521053102">
        <ele>59.77075411565602</ele>
        <time>2025-01-17T10:08:30Z</time>
        <extensions>
          <gpxtpx:TrackPointExtension>
            <gpxtpx:hr>140</gpxtpx:hr>
          </gpxtpx:TrackPointExtension>
        </extensions>
      </trkpt>
      <trkpt lat="36.02608914524054" lon="119.40068020855344">
        <ele>59.75111792329699</ele>
        <time>2025-01-17T10:08:31Z</time>
        <extensions>
          <gpxtpx:TrackPointExtension>
            <gpxtpx:hr>140</gpxtpx:hr>
          </gpxtpx:TrackPointExtension>
        </extensions>
      </trkpt>
      <trkpt lat="36.0260607399642" lon="119.40068475056596">
        <ele>59.6998959062621</ele>
        <time>2025-01-17T10:08:32Z</time>
        <extensions>
          <gpxtpx:TrackPointExtension>
            <gpxtpx:hr>140</gpxtpx:hr>
          </gpxtpx:TrackPointExtension>
        </extensions>
      </trkpt>
      <trkpt lat="36.02603260753699" lon="119.40068968791499">
        <ele>59.64417520258576</ele>
        <time>2025-01-17T10:08:33Z</time>
        <extensions>
          <gpxtpx:TrackPointExtension>
            <gpxtpx:hr>140</gpxtpx:hr>
          </gpxtpx:TrackPointExtension>
        </extensions>
      </trkpt>
      <trkpt lat="36.02600482713275" lon="119.4006947480172">
        <ele>59.58395828306675</ele>
        <time>2025-01-17T10:08:34Z</time>
        <extensions>
          <gpxtpx:TrackPointExtension>
            <gpxtpx:hr>143</gpxtpx:hr>
          </gpxtpx:TrackPointExtension>
        </extensions>
      </trkpt>
      <trkpt lat="36.02597749550702" lon="119.40069946082089">
        <ele>59.50349675025791</ele>
        <time>2025-01-17T10:08:35Z</time>
        <extensions>
          <gpxtpx:TrackPointExtension>
            <gpxtpx:hr>143</gpxtpx:hr>
          </gpxtpx:TrackPointExtension>
        </extensions>
      </trkpt>
      <trkpt lat="36.02595022477331" lon="119.40070426892149">
        <ele>59.425423584878445</ele>
        <time>2025-01-17T10:08:36Z</time>
        <extensions>
          <gpxtpx:TrackPointExtension>
            <gpxtpx:hr>143</gpxtpx:hr>
          </gpxtpx:TrackPointExtension>
        </extensions>
      </trkpt>
      <trkpt lat="36.025923099271786" lon="119.40070830948686">
        <ele>59.3491037953645</ele>
        <time>2025-01-17T10:08:37Z</time>
        <extensions>
          <gpxtpx:TrackPointExtension>
            <gpxtpx:hr>143</gpxtpx:hr>
          </gpxtpx:TrackPointExtension>
        </extensions>
      </trkpt>
      <trkpt lat="36.025896206292884" lon="119.40071022029088">
        <ele>59.236183187924325</ele>
        <time>2025-01-17T10:08:38Z</time>
        <extensions>
          <gpxtpx:TrackPointExtension>
            <gpxtpx:hr>144</gpxtpx:hr>
          </gpxtpx:TrackPointExtension>
        </extensions>
      </trkpt>
      <trkpt lat="36.02586887976019" lon="119.40071016135987">
        <ele>59.11536938045174</ele>
        <time>2025-01-17T10:08:39Z</time>
        <extensions>
          <gpxtpx:TrackPointExtension>
            <gpxtpx:hr>144</gpxtpx:hr>
          </gpxtpx:TrackPointExtension>
        </extensions>
      </trkpt>
      <trkpt lat="36.02584110698841" lon="119.400708004479">
        <ele>58.98018348868936</ele>
        <time>2025-01-17T10:08:40Z</time>
        <extensions>
          <gpxtpx:TrackPointExtension>
            <gpxtpx:hr>144</gpxtpx:hr>
          </gpxtpx:TrackPointExtension>
        </extensions>
      </trkpt>
      <trkpt lat="36.025813635385916" lon="119.40070444975844">
        <ele>58.87053759675473</ele>
        <time>2025-01-17T10:08:41Z</time>
        <extensions>
          <gpxtpx:TrackPointExtension>
            <gpxtpx:hr>144</gpxtpx:hr>
          </gpxtpx:TrackPointExtension>
        </extensions>
      </trkpt>
      <trkpt lat="36.025786160314475" lon="119.40070166344364">
        <ele>58.7783182868734</ele>
        <time>2025-01-17T10:08:42Z</time>
        <extensions>
          <gpxtpx:TrackPointExtension>
            <gpxtpx:hr>144</gpxtpx:hr>
          </gpxtpx:TrackPointExtension>
        </extensions>
      </trkpt>
      <trkpt lat="36.025758038363215" lon="119.40070031234">
        <ele>58.68167469277978</ele>
        <time>2025-01-17T10:08:43Z</time>
        <extensions>
          <gpxtpx:TrackPointExtension>
            <gpxtpx:hr>144</gpxtpx:hr>
          </gpxtpx:TrackPointExtension>
        </extensions>
      </trkpt>
      <trkpt lat="36.02572995768166" lon="119.4006993737273">
        <ele>58.60209651105106</ele>
        <time>2025-01-17T10:08:44Z</time>
        <extensions>
          <gpxtpx:TrackPointExtension>
            <gpxtpx:hr>149</gpxtpx:hr>
          </gpxtpx:TrackPointExtension>
        </extensions>
      </trkpt>
      <trkpt lat="36.025702561006796" lon="119.40069886935518">
        <ele>58.5393281634897</ele>
        <time>2025-01-17T10:08:45Z</time>
        <extensions>
          <gpxtpx:TrackPointExtension>
            <gpxtpx:hr>149</gpxtpx:hr>
          </gpxtpx:TrackPointExtension>
        </extensions>
      </trkpt>
      <trkpt lat="36.025675472454424" lon="119.40069921346986">
        <ele>58.4681345038116</ele>
        <time>2025-01-17T10:08:46Z</time>
        <extensions>
          <gpxtpx:TrackPointExtension>
            <gpxtpx:hr>149</gpxtpx:hr>
          </gpxtpx:TrackPointExtension>
        </extensions>
      </trkpt>
      <trkpt lat="36.02564884353417" lon="119.40069967263076">
        <ele>58.40082864277065</ele>
        <time>2025-01-17T10:08:47Z</time>
        <extensions>
          <gpxtpx:TrackPointExtension>
            <gpxtpx:hr>149</gpxtpx:hr>
          </gpxtpx:TrackPointExtension>
        </extensions>
      </trkpt>
      <trkpt lat="36.025623089305334" lon="119.40070019543546">
        <ele>58.3361218739301</ele>
        <time>2025-01-17T10:08:48Z</time>
        <extensions>
          <gpxtpx:TrackPointExtension>
            <gpxtpx:hr>149</gpxtpx:hr>
          </gpxtpx:TrackPointExtension>
        </extensions>
      </trkpt>
      <trkpt lat="36.02559757100115" lon="119.40070062960845">
        <ele>58.358637643978</ele>
        <time>2025-01-17T10:08:49Z</time>
        <extensions>
          <gpxtpx:TrackPointExtension>
            <gpxtpx:hr>150</gpxtpx:hr>
          </gpxtpx:TrackPointExtension>
        </extensions>
      </trkpt>
      <trkpt lat="36.02557173147131" lon="119.4006989946385">
        <ele>58.389098453335464</ele>
        <time>2025-01-17T10:08:50Z</time>
        <extensions>
          <gpxtpx:TrackPointExtension>
            <gpxtpx:hr>150</gpxtpx:hr>
          </gpxtpx:TrackPointExtension>
        </extensions>
      </trkpt>
      <trkpt lat="36.025544890289666" lon="119.40069494102721">
        <ele>58.43378128577024</ele>
        <time>2025-01-17T10:08:51Z</time>
        <extensions>
          <gpxtpx:TrackPointExtension>
            <gpxtpx:hr>150</gpxtpx:hr>
          </gpxtpx:TrackPointExtension>
        </extensions>
      </trkpt>
      <trkpt lat="36.02551671435194" lon="119.40069014166885">
        <ele>58.480953329242766</ele>
        <time>2025-01-17T10:08:52Z</time>
        <extensions>
          <gpxtpx:TrackPointExtension>
            <gpxtpx:hr>152</gpxtpx:hr>
          </gpxtpx:TrackPointExtension>
        </extensions>
      </trkpt>
      <trkpt lat="36.02548867412577" lon="119.40068506196658">
        <ele>58.548919160850346</ele>
        <time>2025-01-17T10:08:53Z</time>
        <extensions>
          <gpxtpx:TrackPointExtension>
            <gpxtpx:hr>152</gpxtpx:hr>
          </gpxtpx:TrackPointExtension>
        </extensions>
      </trkpt>
      <trkpt lat="36.02546191717068" lon="119.40068066956376">
        <ele>58.61035071965307</ele>
        <time>2025-01-17T10:08:54Z</time>
        <extensions>
          <gpxtpx:TrackPointExtension>
            <gpxtpx:hr>152</gpxtpx:hr>
          </gpxtpx:TrackPointExtension>
        </extensions>
      </trkpt>
      <trkpt lat="36.0254354133932" lon="119.40067715630184">
        <ele>58.65113982837647</ele>
        <time>2025-01-17T10:08:55Z</time>
        <extensions>
          <gpxtpx:TrackPointExtension>
            <gpxtpx:hr>152</gpxtpx:hr>
          </gpxtpx:TrackPointExtension>
        </extensions>
      </trkpt>
      <trkpt lat="36.02540880639076" lon="119.40067240777567">
        <ele>58.711999097839</ele>
        <time>2025-01-17T10:08:56Z</time>
        <extensions>
          <gpxtpx:TrackPointExtension>
            <gpxtpx:hr>152</gpxtpx:hr>
          </gpxtpx:TrackPointExtension>
        </extensions>
      </trkpt>
      <trkpt lat="36.02538246560437" lon="119.4006664222089">
        <ele>58.759197731502354</ele>
        <time>2025-01-17T10:08:57Z</time>
        <extensions>
          <gpxtpx:TrackPointExtension>
            <gpxtpx:hr>152</gpxtpx:hr>
          </gpxtpx:TrackPointExtension>
        </extensions>
      </trkpt>
      <trkpt lat="36.02535588278685" lon="119.40066126702763">
        <ele>58.806039191782475</ele>
        <time>2025-01-17T10:08:58Z</time>
        <extensions>
          <gpxtpx:TrackPointExtension>
            <gpxtpx:hr>152</gpxtpx:hr>
          </gpxtpx:TrackPointExtension>
        </extensions>
      </trkpt>
      <trkpt lat="36.02532929015159" lon="119.40065794656978">
        <ele>58.88293739501387</ele>
        <time>2025-01-17T10:08:59Z</time>
        <extensions>
          <gpxtpx:TrackPointExtension>
            <gpxtpx:hr>156</gpxtpx:hr>
          </gpxtpx:TrackPointExtension>
        </extensions>
      </trkpt>
      <trkpt lat="36.02530287375864" lon="119.40065618309785">
        <ele>58.934897581115365</ele>
        <time>2025-01-17T10:09:00Z</time>
        <extensions>
          <gpxtpx:TrackPointExtension>
            <gpxtpx:hr>156</gpxtpx:hr>
          </gpxtpx:TrackPointExtension>
        </extensions>
      </trkpt>
      <trkpt lat="36.02527637292783" lon="119.40065419161053">
        <ele>58.98846784699708</ele>
        <time>2025-01-17T10:09:01Z</time>
        <extensions>
          <gpxtpx:TrackPointExtension>
            <gpxtpx:hr>156</gpxtpx:hr>
          </gpxtpx:TrackPointExtension>
        </extensions>
      </trkpt>
      <trkpt lat="36.0252507383355" lon="119.40064970080704">
        <ele>59.06607582978904</ele>
        <time>2025-01-17T10:09:02Z</time>
        <extensions>
          <gpxtpx:TrackPointExtension>
            <gpxtpx:hr>156</gpxtpx:hr>
          </gpxtpx:TrackPointExtension>
        </extensions>
      </trkpt>
      <trkpt lat="36.02522626528056" lon="119.40064326317885">
        <ele>59.14538748934865</ele>
        <time>2025-01-17T10:09:03Z</time>
        <extensions>
          <gpxtpx:TrackPointExtension>
            <gpxtpx:hr>156</gpxtpx:hr>
          </gpxtpx:TrackPointExtension>
        </extensions>
      </trkpt>
      <trkpt lat="36.02520184935362" lon="119.40063700968781">
        <ele>59.20071368571371</ele>
        <time>2025-01-17T10:09:04Z</time>
        <extensions>
          <gpxtpx:TrackPointExtension>
            <gpxtpx:hr>156</gpxtpx:hr>
          </gpxtpx:TrackPointExtension>
        </extensions>
      </trkpt>
      <trkpt lat="36.02517714082384" lon="119.40063126582498">
        <ele>59.27022216934711</ele>
        <time>2025-01-17T10:09:05Z</time>
        <extensions>
          <gpxtpx:TrackPointExtension>
            <gpxtpx:hr>155</gpxtpx:hr>
          </gpxtpx:TrackPointExtension>
        </extensions>
      </trkpt>
      <trkpt lat="36.02515216378142" lon="119.40062555468874">
        <ele>59.336892548948526</ele>
        <time>2025-01-17T10:09:06Z</time>
        <extensions>
          <gpxtpx:TrackPointExtension>
            <gpxtpx:hr>155</gpxtpx:hr>
          </gpxtpx:TrackPointExtension>
        </extensions>
      </trkpt>
      <trkpt lat="36.025126834752925" lon="119.4006193711885">
        <ele>59.38561672531068</ele>
        <time>2025-01-17T10:09:07Z</time>
        <extensions>
          <gpxtpx:TrackPointExtension>
            <gpxtpx:hr>155</gpxtpx:hr>
          </gpxtpx:TrackPointExtension>
        </extensions>
      </trkpt>
      <trkpt lat="36.02510124639582" lon="119.40061225180273">
        <ele>59.422933648340404</ele>
        <time>2025-01-17T10:09:08Z</time>
        <extensions>
          <gpxtpx:TrackPointExtension>
            <gpxtpx:hr>155</gpxtpx:hr>
          </gpxtpx:TrackPointExtension>
        </extensions>
      </trkpt>
      <trkpt lat="36.02507588376536" lon="119.40060458360394">
        <ele>59.4467701530084</ele>
        <time>2025-01-17T10:09:09Z</time>
        <extensions>
          <gpxtpx:TrackPointExtension>
            <gpxtpx:hr>155</gpxtpx:hr>
          </gpxtpx:TrackPointExtension>
        </extensions>
      </trkpt>
      <trkpt lat="36.025050658713575" lon="119.40059682459464">
        <ele>59.49345220811665</ele>
        <time>2025-01-17T10:09:10Z</time>
        <extensions>
          <gpxtpx:TrackPointExtension>
            <gpxtpx:hr>157</gpxtpx:hr>
          </gpxtpx:TrackPointExtension>
        </extensions>
      </trkpt>
      <trkpt lat="36.02502551658381" lon="119.40058860341568">
        <ele>59.50899757631123</ele>
        <time>2025-01-17T10:09:11Z</time>
        <extensions>
          <gpxtpx:TrackPointExtension>
            <gpxtpx:hr>157</gpxtpx:hr>
          </gpxtpx:TrackPointExtension>
        </extensions>
      </trkpt>
      <trkpt lat="36.02500137725969" lon="119.40058027903866">
        <ele>59.51311114616692</ele>
        <time>2025-01-17T10:09:12Z</time>
        <extensions>
          <gpxtpx:TrackPointExtension>
            <gpxtpx:hr>157</gpxtpx:hr>
          </gpxtpx:TrackPointExtension>
        </extensions>
      </trkpt>
      <trkpt lat="36.024978748384584" lon="119.40057278891709">
        <ele>59.51673136372119</ele>
        <time>2025-01-17T10:09:13Z</time>
        <extensions>
          <gpxtpx:TrackPointExtension>
            <gpxtpx:hr>157</gpxtpx:hr>
          </gpxtpx:TrackPointExtension>
        </extensions>
      </trkpt>
      <trkpt lat="36.02495661782061" lon="119.40056534094131">
        <ele>59.51375223044306</ele>
        <time>2025-01-17T10:09:14Z</time>
        <extensions>
          <gpxtpx:TrackPointExtension>
            <gpxtpx:hr>157</gpxtpx:hr>
          </gpxtpx:TrackPointExtension>
        </extensions>
      </trkpt>
      <trkpt lat="36.02493426695356" lon="119.40055653708595">
        <ele>59.500114722177386</ele>
        <time>2025-01-17T10:09:15Z</time>
        <extensions>
          <gpxtpx:TrackPointExtension>
            <gpxtpx:hr>157</gpxtpx:hr>
          </gpxtpx:TrackPointExtension>
        </extensions>
      </trkpt>
      <trkpt lat="36.02491171320033" lon="119.40054655253043">
        <ele>59.48869525548071</ele>
        <time>2025-01-17T10:09:16Z</time>
        <extensions>
          <gpxtpx:TrackPointExtension>
            <gpxtpx:hr>157</gpxtpx:hr>
          </gpxtpx:TrackPointExtension>
        </extensions>
      </trkpt>
      <trkpt lat="36.02488846337212" lon="119.40053635937348">
        <ele>59.47979245707393</ele>
        <time>2025-01-17T10:09:17Z</time>
        <extensions>
          <gpxtpx:TrackPointExtension>
            <gpxtpx:hr>158</gpxtpx:hr>
          </gpxtpx:TrackPointExtension>
        </extensions>
      </trkpt>
      <trkpt lat="36.02486415125698" lon="119.40052557847814">
        <ele>59.461141801439226</ele>
        <time>2025-01-17T10:09:18Z</time>
        <extensions>
          <gpxtpx:TrackPointExtension>
            <gpxtpx:hr>158</gpxtpx:hr>
          </gpxtpx:TrackPointExtension>
        </extensions>
      </trkpt>
      <trkpt lat="36.02483943283525" lon="119.40051360359152">
        <ele>59.47961616329849</ele>
        <time>2025-01-17T10:09:19Z</time>
        <extensions>
          <gpxtpx:TrackPointExtension>
            <gpxtpx:hr>158</gpxtpx:hr>
          </gpxtpx:TrackPointExtension>
        </extensions>
      </trkpt>
      <trkpt lat="36.02481481020558" lon="119.40050131587948">
        <ele>59.47690041642636</ele>
        <time>2025-01-17T10:09:20Z</time>
        <extensions>
          <gpxtpx:TrackPointExtension>
            <gpxtpx:hr>158</gpxtpx:hr>
          </gpxtpx:TrackPointExtension>
        </extensions>
      </trkpt>
      <trkpt lat="36.02479001430765" lon="119.40048872998668">
        <ele>59.470760251395404</ele>
        <time>2025-01-17T10:09:21Z</time>
        <extensions>
          <gpxtpx:TrackPointExtension>
            <gpxtpx:hr>158</gpxtpx:hr>
          </gpxtpx:TrackPointExtension>
        </extensions>
      </trkpt>
      <trkpt lat="36.02476558622332" lon="119.40047517314923">
        <ele>59.48103633709252</ele>
        <time>2025-01-17T10:09:22Z</time>
        <extensions>
          <gpxtpx:TrackPointExtension>
            <gpxtpx:hr>158</gpxtpx:hr>
          </gpxtpx:TrackPointExtension>
        </extensions>
      </trkpt>
      <trkpt lat="36.024742010450446" lon="119.4004611379881">
        <ele>59.4570108409971</ele>
        <time>2025-01-17T10:09:23Z</time>
        <extensions>
          <gpxtpx:TrackPointExtension>
            <gpxtpx:hr>158</gpxtpx:hr>
          </gpxtpx:TrackPointExtension>
        </extensions>
      </trkpt>
      <trkpt lat="36.02471861219296" lon="119.4004469977332">
        <ele>59.438069488853216</ele>
        <time>2025-01-17T10:09:24Z</time>
        <extensions>
          <gpxtpx:TrackPointExtension>
            <gpxtpx:hr>159</gpxtpx:hr>
          </gpxtpx:TrackPointExtension>
        </extensions>
      </trkpt>
      <trkpt lat="36.024695209563426" lon="119.40043226136932">
        <ele>59.452489350922406</ele>
        <time>2025-01-17T10:09:25Z</time>
        <extensions>
          <gpxtpx:TrackPointExtension>
            <gpxtpx:hr>159</gpxtpx:hr>
          </gpxtpx:TrackPointExtension>
        </extensions>
      </trkpt>
      <trkpt lat="36.02467153458145" lon="119.40041704220995">
        <ele>59.44282928202301</ele>
        <time>2025-01-17T10:09:26Z</time>
        <extensions>
          <gpxtpx:TrackPointExtension>
            <gpxtpx:hr>159</gpxtpx:hr>
          </gpxtpx:TrackPointExtension>
        </extensions>
      </trkpt>
      <trkpt lat="36.0246465867074" lon="119.40040181254253">
        <ele>59.44590896368027</ele>
        <time>2025-01-17T10:09:27Z</time>
        <extensions>
          <gpxtpx:TrackPointExtension>
            <gpxtpx:hr>159</gpxtpx:hr>
          </gpxtpx:TrackPointExtension>
        </extensions>
      </trkpt>
      <trkpt lat="36.02462089850555" lon="119.40038600975518">
        <ele>59.450236464850605</ele>
        <time>2025-01-17T10:09:28Z</time>
        <extensions>
          <gpxtpx:TrackPointExtension>
            <gpxtpx:hr>159</gpxtpx:hr>
          </gpxtpx:TrackPointExtension>
        </extensions>
      </trkpt>
      <trkpt lat="36.02459517439648" lon="119.40037012329195">
        <ele>59.43236430268735</ele>
        <time>2025-01-17T10:09:29Z</time>
        <extensions>
          <gpxtpx:TrackPointExtension>
            <gpxtpx:hr>159</gpxtpx:hr>
          </gpxtpx:TrackPointExtension>
        </extensions>
      </trkpt>
      <trkpt lat="36.02456896636266" lon="119.4003545433317">
        <ele>59.42632413189858</ele>
        <time>2025-01-17T10:09:30Z</time>
        <extensions>
          <gpxtpx:TrackPointExtension>
            <gpxtpx:hr>159</gpxtpx:hr>
          </gpxtpx:TrackPointExtension>
        </extensions>
      </trkpt>
      <trkpt lat="36.02454260360346" lon="119.4003378131597">
        <ele>59.426501620560884</ele>
        <time>2025-01-17T10:09:31Z</time>
        <extensions>
          <gpxtpx:TrackPointExtension>
            <gpxtpx:hr>159</gpxtpx:hr>
          </gpxtpx:TrackPointExtension>
        </extensions>
      </trkpt>
      <trkpt lat="36.02451676232315" lon="119.40031969802604">
        <ele>59.440127971582115</ele>
        <time>2025-01-17T10:09:32Z</time>
        <extensions>
          <gpxtpx:TrackPointExtension>
            <gpxtpx:hr>160</gpxtpx:hr>
          </gpxtpx:TrackPointExtension>
        </extensions>
      </trkpt>
      <trkpt lat="36.02449149917481" lon="119.40030132304123">
        <ele>59.47951299417764</ele>
        <time>2025-01-17T10:09:33Z</time>
        <extensions>
          <gpxtpx:TrackPointExtension>
            <gpxtpx:hr>160</gpxtpx:hr>
          </gpxtpx:TrackPointExtension>
        </extensions>
      </trkpt>
      <trkpt lat="36.02446675498764" lon="119.40028270172817">
        <ele>59.51026210933924</ele>
        <time>2025-01-17T10:09:34Z</time>
        <extensions>
          <gpxtpx:TrackPointExtension>
            <gpxtpx:hr>160</gpxtpx:hr>
          </gpxtpx:TrackPointExtension>
        </extensions>
      </trkpt>
      <trkpt lat="36.02444274769956" lon="119.40026354112575">
        <ele>59.558100764639676</ele>
        <time>2025-01-17T10:09:35Z</time>
        <extensions>
          <gpxtpx:TrackPointExtension>
            <gpxtpx:hr>160</gpxtpx:hr>
          </gpxtpx:TrackPointExtension>
        </extensions>
      </trkpt>
      <trkpt lat="36.02441912934599" lon="119.40024432368405">
        <ele>59.63140489254147</ele>
        <time>2025-01-17T10:09:36Z</time>
        <extensions>
          <gpxtpx:TrackPointExtension>
            <gpxtpx:hr>160</gpxtpx:hr>
          </gpxtpx:TrackPointExtension>
        </extensions>
      </trkpt>
      <trkpt lat="36.02439509848857" lon="119.40022544925603">
        <ele>59.68160187732428</ele>
        <time>2025-01-17T10:09:37Z</time>
        <extensions>
          <gpxtpx:TrackPointExtension>
            <gpxtpx:hr>160</gpxtpx:hr>
          </gpxtpx:TrackPointExtension>
        </extensions>
      </trkpt>
      <trkpt lat="36.02437094155614" lon="119.40020676478103">
        <ele>59.727166002616286</ele>
        <time>2025-01-17T10:09:38Z</time>
        <extensions>
          <gpxtpx:TrackPointExtension>
            <gpxtpx:hr>160</gpxtpx:hr>
          </gpxtpx:TrackPointExtension>
        </extensions>
      </trkpt>
      <trkpt lat="36.02434714341168" lon="119.40018822310293">
        <ele>59.778213067911565</ele>
        <time>2025-01-17T10:09:39Z</time>
        <extensions>
          <gpxtpx:TrackPointExtension>
            <gpxtpx:hr>160</gpxtpx:hr>
          </gpxtpx:TrackPointExtension>
        </extensions>
      </trkpt>
      <trkpt lat="36.02432340014652" lon="119.40016966930011">
        <ele>59.82752529531717</ele>
        <time>2025-01-17T10:09:40Z</time>
        <extensions>
          <gpxtpx:TrackPointExtension>
            <gpxtpx:hr>160</gpxtpx:hr>
          </gpxtpx:TrackPointExtension>
        </extensions>
      </trkpt>
      <trkpt lat="36.024299783062744" lon="119.4001504746771">
        <ele>59.84925950597972</ele>
        <time>2025-01-17T10:09:41Z</time>
        <extensions>
          <gpxtpx:TrackPointExtension>
            <gpxtpx:hr>160</gpxtpx:hr>
          </gpxtpx:TrackPointExtension>
        </extensions>
      </trkpt>
      <trkpt lat="36.024276198419315" lon="119.40013168416654">
        <ele>59.87564115971327</ele>
        <time>2025-01-17T10:09:42Z</time>
        <extensions>
          <gpxtpx:TrackPointExtension>
            <gpxtpx:hr>161</gpxtpx:hr>
          </gpxtpx:TrackPointExtension>
        </extensions>
      </trkpt>
      <trkpt lat="36.024252161331404" lon="119.40011418765698">
        <ele>59.90165652427822</ele>
        <time>2025-01-17T10:09:43Z</time>
        <extensions>
          <gpxtpx:TrackPointExtension>
            <gpxtpx:hr>161</gpxtpx:hr>
          </gpxtpx:TrackPointExtension>
        </extensions>
      </trkpt>
      <trkpt lat="36.02422854178734" lon="119.40009637681385">
        <ele>59.93291895091534</ele>
        <time>2025-01-17T10:09:44Z</time>
        <extensions>
          <gpxtpx:TrackPointExtension>
            <gpxtpx:hr>161</gpxtpx:hr>
          </gpxtpx:TrackPointExtension>
        </extensions>
      </trkpt>
      <trkpt lat="36.02420620599981" lon="119.40007749608993">
        <ele>59.92836682964116</ele>
        <time>2025-01-17T10:09:45Z</time>
        <extensions>
          <gpxtpx:TrackPointExtension>
            <gpxtpx:hr>161</gpxtpx:hr>
          </gpxtpx:TrackPointExtension>
        </extensions>
      </trkpt>
      <trkpt lat="36.02418491508329" lon="119.40005836613992">
        <ele>59.902992089278996</ele>
        <time>2025-01-17T10:09:46Z</time>
        <extensions>
          <gpxtpx:TrackPointExtension>
            <gpxtpx:hr>161</gpxtpx:hr>
          </gpxtpx:TrackPointExtension>
        </extensions>
      </trkpt>
      <trkpt lat="36.024164771370394" lon="119.40003897097695">
        <ele>59.876937445253134</ele>
        <time>2025-01-17T10:09:47Z</time>
        <extensions>
          <gpxtpx:TrackPointExtension>
            <gpxtpx:hr>162</gpxtpx:hr>
          </gpxtpx:TrackPointExtension>
        </extensions>
      </trkpt>
      <trkpt lat="36.024145868185194" lon="119.40001946270807">
        <ele>59.87288006581366</ele>
        <time>2025-01-17T10:09:48Z</time>
        <extensions>
          <gpxtpx:TrackPointExtension>
            <gpxtpx:hr>162</gpxtpx:hr>
          </gpxtpx:TrackPointExtension>
        </extensions>
      </trkpt>
      <trkpt lat="36.024127248340825" lon="119.40000015760066">
        <ele>59.83475155197084</ele>
        <time>2025-01-17T10:09:49Z</time>
        <extensions>
          <gpxtpx:TrackPointExtension>
            <gpxtpx:hr>162</gpxtpx:hr>
          </gpxtpx:TrackPointExtension>
        </extensions>
      </trkpt>
      <trkpt lat="36.024108269499266" lon="119.39998020888346">
        <ele>59.80693151149899</ele>
        <time>2025-01-17T10:09:50Z</time>
        <extensions>
          <gpxtpx:TrackPointExtension>
            <gpxtpx:hr>162</gpxtpx:hr>
          </gpxtpx:TrackPointExtension>
        </extensions>
      </trkpt>
      <trkpt lat="36.02408890240306" lon="119.39995901805644">
        <ele>59.778309866786</ele>
        <time>2025-01-17T10:09:51Z</time>
        <extensions>
          <gpxtpx:TrackPointExtension>
            <gpxtpx:hr>162</gpxtpx:hr>
          </gpxtpx:TrackPointExtension>
        </extensions>
      </trkpt>
      <trkpt lat="36.02406858418886" lon="119.39993740179668">
        <ele>59.75825721677393</ele>
        <time>2025-01-17T10:09:52Z</time>
        <extensions>
          <gpxtpx:TrackPointExtension>
            <gpxtpx:hr>162</gpxtpx:hr>
          </gpxtpx:TrackPointExtension>
        </extensions>
      </trkpt>
      <trkpt lat="36.02404770300737" lon="119.39991617395411">
        <ele>59.75653809774667</ele>
        <time>2025-01-17T10:09:53Z</time>
        <extensions>
          <gpxtpx:TrackPointExtension>
            <gpxtpx:hr>161</gpxtpx:hr>
          </gpxtpx:TrackPointExtension>
        </extensions>
      </trkpt>
      <trkpt lat="36.02402718994131" lon="119.3998956269782">
        <ele>59.71088369563222</ele>
        <time>2025-01-17T10:09:54Z</time>
        <extensions>
          <gpxtpx:TrackPointExtension>
            <gpxtpx:hr>161</gpxtpx:hr>
          </gpxtpx:TrackPointExtension>
        </extensions>
      </trkpt>
      <trkpt lat="36.0240069263469" lon="119.39987579724793">
        <ele>59.65989259071648</ele>
        <time>2025-01-17T10:09:55Z</time>
        <extensions>
          <gpxtpx:TrackPointExtension>
            <gpxtpx:hr>161</gpxtpx:hr>
          </gpxtpx:TrackPointExtension>
        </extensions>
      </trkpt>
      <trkpt lat="36.023986955771875" lon="119.39985520850371">
        <ele>59.592503300867975</ele>
        <time>2025-01-17T10:09:56Z</time>
        <extensions>
          <gpxtpx:TrackPointExtension>
            <gpxtpx:hr>161</gpxtpx:hr>
          </gpxtpx:TrackPointExtension>
        </extensions>
      </trkpt>
      <trkpt lat="36.02396694245418" lon="119.39983261753919">
        <ele>59.520903701893985</ele>
        <time>2025-01-17T10:09:57Z</time>
        <extensions>
          <gpxtpx:TrackPointExtension>
            <gpxtpx:hr>161</gpxtpx:hr>
          </gpxtpx:TrackPointExtension>
        </extensions>
      </trkpt>
      <trkpt lat="36.02394553474416" lon="119.39980963382185">
        <ele>59.44521403033286</ele>
        <time>2025-01-17T10:09:58Z</time>
        <extensions>
          <gpxtpx:TrackPointExtension>
            <gpxtpx:hr>161</gpxtpx:hr>
          </gpxtpx:TrackPointExtension>
        </extensions>
      </trkpt>
      <trkpt lat="36.02392266870813" lon="119.39978727200035">
        <ele>59.37824707198888</ele>
        <time>2025-01-17T10:09:59Z</time>
        <extensions>
          <gpxtpx:TrackPointExtension>
            <gpxtpx:hr>162</gpxtpx:hr>
          </gpxtpx:TrackPointExtension>
        </extensions>
      </trkpt>
      <trkpt lat="36.0238998815941" lon="119.39976474501155">
        <ele>59.31360905896872</ele>
        <time>2025-01-17T10:10:00Z</time>
        <extensions>
          <gpxtpx:TrackPointExtension>
            <gpxtpx:hr>162</gpxtpx:hr>
          </gpxtpx:TrackPointExtension>
        </extensions>
      </trkpt>
      <trkpt lat="36.02387763235147" lon="119.39974241282268">
        <ele>59.28926359768957</ele>
        <time>2025-01-17T10:10:01Z</time>
        <extensions>
          <gpxtpx:TrackPointExtension>
            <gpxtpx:hr>162</gpxtpx:hr>
          </gpxtpx:TrackPointExtension>
        </extensions>
      </trkpt>
      <trkpt lat="36.02385561503895" lon="119.3997200540709">
        <ele>59.26983027905226</ele>
        <time>2025-01-17T10:10:02Z</time>
        <extensions>
          <gpxtpx:TrackPointExtension>
            <gpxtpx:hr>162</gpxtpx:hr>
          </gpxtpx:TrackPointExtension>
        </extensions>
      </trkpt>
      <trkpt lat="36.02383463360281" lon="119.39969647699144">
        <ele>59.2312504183501</ele>
        <time>2025-01-17T10:10:03Z</time>
        <extensions>
          <gpxtpx:TrackPointExtension>
            <gpxtpx:hr>162</gpxtpx:hr>
          </gpxtpx:TrackPointExtension>
        </extensions>
      </trkpt>
      <trkpt lat="36.02381489273473" lon="119.39967136900603">
        <ele>59.22087385877967</ele>
        <time>2025-01-17T10:10:04Z</time>
        <extensions>
          <gpxtpx:TrackPointExtension>
            <gpxtpx:hr>162</gpxtpx:hr>
          </gpxtpx:TrackPointExtension>
        </extensions>
      </trkpt>
      <trkpt lat="36.023795841743244" lon="119.39964505652202">
        <ele>59.22203106060624</ele>
        <time>2025-01-17T10:10:05Z</time>
        <extensions>
          <gpxtpx:TrackPointExtension>
            <gpxtpx:hr>162</gpxtpx:hr>
          </gpxtpx:TrackPointExtension>
        </extensions>
      </trkpt>
      <trkpt lat="36.0237776044665" lon="119.399618118122">
        <ele>59.225996216759086</ele>
        <time>2025-01-17T10:10:06Z</time>
        <extensions>
          <gpxtpx:TrackPointExtension>
            <gpxtpx:hr>162</gpxtpx:hr>
          </gpxtpx:TrackPointExtension>
        </extensions>
      </trkpt>
      <trkpt lat="36.02375979005468" lon="119.39959138774363">
        <ele>59.235481607727706</ele>
        <time>2025-01-17T10:10:07Z</time>
        <extensions>
          <gpxtpx:TrackPointExtension>
            <gpxtpx:hr>163</gpxtpx:hr>
          </gpxtpx:TrackPointExtension>
        </extensions>
      </trkpt>
      <trkpt lat="36.0237420307954" lon="119.39956493558506">
        <ele>59.24482279736549</ele>
        <time>2025-01-17T10:10:08Z</time>
        <extensions>
          <gpxtpx:TrackPointExtension>
            <gpxtpx:hr>163</gpxtpx:hr>
          </gpxtpx:TrackPointExtension>
        </extensions>
      </trkpt>
      <trkpt lat="36.023725475188854" lon="119.39953823143865">
        <ele>59.268790188245475</ele>
        <time>2025-01-17T10:10:09Z</time>
        <extensions>
          <gpxtpx:TrackPointExtension>
            <gpxtpx:hr>163</gpxtpx:hr>
          </gpxtpx:TrackPointExtension>
        </extensions>
      </trkpt>
      <trkpt lat="36.023710139136014" lon="119.39951185596152">
        <ele>59.289162224158645</ele>
        <time>2025-01-17T10:10:10Z</time>
        <extensions>
          <gpxtpx:TrackPointExtension>
            <gpxtpx:hr>163</gpxtpx:hr>
          </gpxtpx:TrackPointExtension>
        </extensions>
      </trkpt>
      <trkpt lat="36.02369415589865" lon="119.39948683435072">
        <ele>59.277534222230315</ele>
        <time>2025-01-17T10:10:11Z</time>
        <extensions>
          <gpxtpx:TrackPointExtension>
            <gpxtpx:hr>163</gpxtpx:hr>
          </gpxtpx:TrackPointExtension>
        </extensions>
      </trkpt>
      <trkpt lat="36.02367739836197" lon="119.399462919353">
        <ele>59.26446764077991</ele>
        <time>2025-01-17T10:10:12Z</time>
        <extensions>
          <gpxtpx:TrackPointExtension>
            <gpxtpx:hr>163</gpxtpx:hr>
          </gpxtpx:TrackPointExtension>
        </extensions>
      </trkpt>
      <trkpt lat="36.023661781041206" lon="119.39943879468791">
        <ele>59.22750618495047</ele>
        <time>2025-01-17T10:10:13Z</time>
        <extensions>
          <gpxtpx:TrackPointExtension>
            <gpxtpx:hr>163</gpxtpx:hr>
          </gpxtpx:TrackPointExtension>
        </extensions>
      </trkpt>
      <trkpt lat="36.02364871969687" lon="119.39941389778357">
        <ele>59.18538680486381</ele>
        <time>2025-01-17T10:10:14Z</time>
        <extensions>
          <gpxtpx:TrackPointExtension>
            <gpxtpx:hr>164</gpxtpx:hr>
          </gpxtpx:TrackPointExtension>
        </extensions>
      </trkpt>
      <trkpt lat="36.0236400259256" lon="119.3993880057981">
        <ele>59.13229896500707</ele>
        <time>2025-01-17T10:10:15Z</time>
        <extensions>
          <gpxtpx:TrackPointExtension>
            <gpxtpx:hr>164</gpxtpx:hr>
          </gpxtpx:TrackPointExtension>
        </extensions>
      </trkpt>
      <trkpt lat="36.023638291521756" lon="119.39936213353413">
        <ele>59.12491353601217</ele>
        <time>2025-01-17T10:10:16Z</time>
        <extensions>
          <gpxtpx:TrackPointExtension>
            <gpxtpx:hr>164</gpxtpx:hr>
          </gpxtpx:TrackPointExtension>
        </extensions>
      </trkpt>
      <trkpt lat="36.02364469364144" lon="119.39933945295473">
        <ele>59.07661216519773</ele>
        <time>2025-01-17T10:10:17Z</time>
        <extensions>
          <gpxtpx:TrackPointExtension>
            <gpxtpx:hr>164</gpxtpx:hr>
          </gpxtpx:TrackPointExtension>
        </extensions>
      </trkpt>
      <trkpt lat="36.023658576331094" lon="119.39932267432954">
        <ele>59.01408614497632</ele>
        <time>2025-01-17T10:10:18Z</time>
        <extensions>
          <gpxtpx:TrackPointExtension>
            <gpxtpx:hr>164</gpxtpx:hr>
          </gpxtpx:TrackPointExtension>
        </extensions>
      </trkpt>
      <trkpt lat="36.023677428671945" lon="119.39931245917539">
        <ele>58.922795824706554</ele>
        <time>2025-01-17T10:10:19Z</time>
        <extensions>
          <gpxtpx:TrackPointExtension>
            <gpxtpx:hr>164</gpxtpx:hr>
          </gpxtpx:TrackPointExtension>
        </extensions>
      </trkpt>
      <trkpt lat="36.023697879762295" lon="119.39930875181852">
        <ele>58.87333674263209</ele>
        <time>2025-01-17T10:10:20Z</time>
        <extensions>
          <gpxtpx:TrackPointExtension>
            <gpxtpx:hr>165</gpxtpx:hr>
          </gpxtpx:TrackPointExtension>
        </extensions>
      </trkpt>
      <trkpt lat="36.02371855008724" lon="119.39931043419755">
        <ele>58.82023564353585</ele>
        <time>2025-01-17T10:10:21Z</time>
        <extensions>
          <gpxtpx:TrackPointExtension>
            <gpxtpx:hr>165</gpxtpx:hr>
          </gpxtpx:TrackPointExtension>
        </extensions>
      </trkpt>
      <trkpt lat="36.023739935966056" lon="119.39931526323177">
        <ele>58.768687615171075</ele>
        <time>2025-01-17T10:10:22Z</time>
        <extensions>
          <gpxtpx:TrackPointExtension>
            <gpxtpx:hr>165</gpxtpx:hr>
          </gpxtpx:TrackPointExtension>
        </extensions>
      </trkpt>
      <trkpt lat="36.02376314979486" lon="119.39932131806174">
        <ele>58.72287714295089</ele>
        <time>2025-01-17T10:10:23Z</time>
        <extensions>
          <gpxtpx:TrackPointExtension>
            <gpxtpx:hr>165</gpxtpx:hr>
          </gpxtpx:TrackPointExtension>
        </extensions>
      </trkpt>
      <trkpt lat="36.023787975204876" lon="119.39932723964841">
        <ele>58.67297102231532</ele>
        <time>2025-01-17T10:10:24Z</time>
        <extensions>
          <gpxtpx:TrackPointExtension>
            <gpxtpx:hr>165</gpxtpx:hr>
          </gpxtpx:TrackPointExtension>
        </extensions>
      </trkpt>
      <trkpt lat="36.023813959211694" lon="119.39933285309088">
        <ele>58.636784239672124</ele>
        <time>2025-01-17T10:10:25Z</time>
        <extensions>
          <gpxtpx:TrackPointExtension>
            <gpxtpx:hr>167</gpxtpx:hr>
          </gpxtpx:TrackPointExtension>
        </extensions>
      </trkpt>
      <trkpt lat="36.02384053022399" lon="119.39934052676932">
        <ele>58.61941212229431</ele>
        <time>2025-01-17T10:10:26Z</time>
        <extensions>
          <gpxtpx:TrackPointExtension>
            <gpxtpx:hr>167</gpxtpx:hr>
          </gpxtpx:TrackPointExtension>
        </extensions>
      </trkpt>
      <trkpt lat="36.02386656331524" lon="119.3993520597118">
        <ele>58.60378767363727</ele>
        <time>2025-01-17T10:10:27Z</time>
        <extensions>
          <gpxtpx:TrackPointExtension>
            <gpxtpx:hr>167</gpxtpx:hr>
          </gpxtpx:TrackPointExtension>
        </extensions>
      </trkpt>
      <trkpt lat="36.02389229915575" lon="119.39936536287945">
        <ele>58.59009299892932</ele>
        <time>2025-01-17T10:10:28Z</time>
        <extensions>
          <gpxtpx:TrackPointExtension>
            <gpxtpx:hr>167</gpxtpx:hr>
          </gpxtpx:TrackPointExtension>
        </extensions>
      </trkpt>
      <trkpt lat="36.02391737646198" lon="119.39937799544782">
        <ele>58.587876685895026</ele>
        <time>2025-01-17T10:10:29Z</time>
        <extensions>
          <gpxtpx:TrackPointExtension>
            <gpxtpx:hr>167</gpxtpx:hr>
          </gpxtpx:TrackPointExtension>
        </extensions>
      </trkpt>
      <trkpt lat="36.02394067634762" lon="119.3993897279494">
        <ele>58.57301267795265</ele>
        <time>2025-01-17T10:10:30Z</time>
        <extensions>
          <gpxtpx:TrackPointExtension>
            <gpxtpx:hr>168</gpxtpx:hr>
          </gpxtpx:TrackPointExtension>
        </extensions>
      </trkpt>
      <trkpt lat="36.02396224162688" lon="119.3994012292319">
        <ele>58.568136922083795</ele>
        <time>2025-01-17T10:10:31Z</time>
        <extensions>
          <gpxtpx:TrackPointExtension>
            <gpxtpx:hr>168</gpxtpx:hr>
          </gpxtpx:TrackPointExtension>
        </extensions>
      </trkpt>
      <trkpt lat="36.023983206788834" lon="119.39941315932164">
        <ele>58.58025205228478</ele>
        <time>2025-01-17T10:10:32Z</time>
        <extensions>
          <gpxtpx:TrackPointExtension>
            <gpxtpx:hr>168</gpxtpx:hr>
          </gpxtpx:TrackPointExtension>
        </extensions>
      </trkpt>
      <trkpt lat="36.02400438474767" lon="119.39942577762146">
        <ele>58.59786467626691</ele>
        <time>2025-01-17T10:10:33Z</time>
        <extensions>
          <gpxtpx:TrackPointExtension>
            <gpxtpx:hr>168</gpxtpx:hr>
          </gpxtpx:TrackPointExtension>
        </extensions>
      </trkpt>
      <trkpt lat="36.02402616222893" lon="119.39943880688642">
        <ele>58.58262775745243</ele>
        <time>2025-01-17T10:10:34Z</time>
        <extensions>
          <gpxtpx:TrackPointExtension>
            <gpxtpx:hr>167</gpxtpx:hr>
          </gpxtpx:TrackPointExtension>
        </extensions>
      </trkpt>
      <trkpt lat="36.02404835240503" lon="119.3994512631715">
        <ele>58.571660864166915</ele>
        <time>2025-01-17T10:10:35Z</time>
        <extensions>
          <gpxtpx:TrackPointExtension>
            <gpxtpx:hr>167</gpxtpx:hr>
          </gpxtpx:TrackPointExtension>
        </extensions>
      </trkpt>
      <trkpt lat="36.024070932432366" lon="119.39946209400335">
        <ele>58.57535315770656</ele>
        <time>2025-01-17T10:10:36Z</time>
        <extensions>
          <gpxtpx:TrackPointExtension>
            <gpxtpx:hr>167</gpxtpx:hr>
          </gpxtpx:TrackPointExtension>
        </extensions>
      </trkpt>
      <trkpt lat="36.02409396601021" lon="119.39947106703796">
        <ele>58.56503169890493</ele>
        <time>2025-01-17T10:10:37Z</time>
        <extensions>
          <gpxtpx:TrackPointExtension>
            <gpxtpx:hr>167</gpxtpx:hr>
          </gpxtpx:TrackPointExtension>
        </extensions>
      </trkpt>
      <trkpt lat="36.024117036025636" lon="119.39948010937032">
        <ele>58.54882633779198</ele>
        <time>2025-01-17T10:10:38Z</time>
        <extensions>
          <gpxtpx:TrackPointExtension>
            <gpxtpx:hr>167</gpxtpx:hr>
          </gpxtpx:TrackPointExtension>
        </extensions>
      </trkpt>
      <trkpt lat="36.024139746292605" lon="119.3994908889554">
        <ele>58.534931420348585</ele>
        <time>2025-01-17T10:10:39Z</time>
        <extensions>
          <gpxtpx:TrackPointExtension>
            <gpxtpx:hr>167</gpxtpx:hr>
          </gpxtpx:TrackPointExtension>
        </extensions>
      </trkpt>
      <trkpt lat="36.024162009236505" lon="119.39950230944129">
        <ele>58.51175031159073</ele>
        <time>2025-01-17T10:10:40Z</time>
        <extensions>
          <gpxtpx:TrackPointExtension>
            <gpxtpx:hr>167</gpxtpx:hr>
          </gpxtpx:TrackPointExtension>
        </extensions>
      </trkpt>
      <trkpt lat="36.02418385209951" lon="119.39951358900316">
        <ele>58.506575578823686</ele>
        <time>2025-01-17T10:10:41Z</time>
        <extensions>
          <gpxtpx:TrackPointExtension>
            <gpxtpx:hr>167</gpxtpx:hr>
          </gpxtpx:TrackPointExtension>
        </extensions>
      </trkpt>
      <trkpt lat="36.024205419104824" lon="119.39952525622624">
        <ele>58.480609820224345</ele>
        <time>2025-01-17T10:10:42Z</time>
        <extensions>
          <gpxtpx:TrackPointExtension>
            <gpxtpx:hr>166</gpxtpx:hr>
          </gpxtpx:TrackPointExtension>
        </extensions>
      </trkpt>
      <trkpt lat="36.02422735832668" lon="119.39953642383583">
        <ele>58.464460926130414</ele>
        <time>2025-01-17T10:10:43Z</time>
        <extensions>
          <gpxtpx:TrackPointExtension>
            <gpxtpx:hr>166</gpxtpx:hr>
          </gpxtpx:TrackPointExtension>
        </extensions>
      </trkpt>
      <trkpt lat="36.0242504691844" lon="119.39954712180558">
        <ele>58.46656911354512</ele>
        <time>2025-01-17T10:10:44Z</time>
        <extensions>
          <gpxtpx:TrackPointExtension>
            <gpxtpx:hr>166</gpxtpx:hr>
          </gpxtpx:TrackPointExtension>
        </extensions>
      </trkpt>
      <trkpt lat="36.024274045363846" lon="119.39955904930949">
        <ele>58.44825307279825</ele>
        <time>2025-01-17T10:10:45Z</time>
        <extensions>
          <gpxtpx:TrackPointExtension>
            <gpxtpx:hr>166</gpxtpx:hr>
          </gpxtpx:TrackPointExtension>
        </extensions>
      </trkpt>
      <trkpt lat="36.024297272371925" lon="119.39957160603223">
        <ele>58.440966493450105</ele>
        <time>2025-01-17T10:10:46Z</time>
        <extensions>
          <gpxtpx:TrackPointExtension>
            <gpxtpx:hr>166</gpxtpx:hr>
          </gpxtpx:TrackPointExtension>
        </extensions>
      </trkpt>
      <trkpt lat="36.02432077555846" lon="119.39958417087924">
        <ele>58.43387057073414</ele>
        <time>2025-01-17T10:10:47Z</time>
        <extensions>
          <gpxtpx:TrackPointExtension>
            <gpxtpx:hr>166</gpxtpx:hr>
          </gpxtpx:TrackPointExtension>
        </extensions>
      </trkpt>
      <trkpt lat="36.024344482638384" lon="119.39959702824399">
        <ele>58.4089302867651</ele>
        <time>2025-01-17T10:10:48Z</time>
        <extensions>
          <gpxtpx:TrackPointExtension>
            <gpxtpx:hr>166</gpxtpx:hr>
          </gpxtpx:TrackPointExtension>
        </extensions>
      </trkpt>
      <trkpt lat="36.02436816711491" lon="119.39960903621116">
        <ele>58.3816808629781</ele>
        <time>2025-01-17T10:10:49Z</time>
        <extensions>
          <gpxtpx:TrackPointExtension>
            <gpxtpx:hr>165</gpxtpx:hr>
          </gpxtpx:TrackPointExtension>
        </extensions>
      </trkpt>
      <trkpt lat="36.024392469690405" lon="119.39962024666795">
        <ele>58.321109579876065</ele>
        <time>2025-01-17T10:10:50Z</time>
        <extensions>
          <gpxtpx:TrackPointExtension>
            <gpxtpx:hr>165</gpxtpx:hr>
          </gpxtpx:TrackPointExtension>
        </extensions>
      </trkpt>
      <trkpt lat="36.02441766360218" lon="119.39963289317329">
        <ele>58.28097417205572</ele>
        <time>2025-01-17T10:10:51Z</time>
        <extensions>
          <gpxtpx:TrackPointExtension>
            <gpxtpx:hr>165</gpxtpx:hr>
          </gpxtpx:TrackPointExtension>
        </extensions>
      </trkpt>
      <trkpt lat="36.02444402476987" lon="119.39964742745137">
        <ele>58.25389190670103</ele>
        <time>2025-01-17T10:10:52Z</time>
        <extensions>
          <gpxtpx:TrackPointExtension>
            <gpxtpx:hr>165</gpxtpx:hr>
          </gpxtpx:TrackPointExtension>
        </extensions>
      </trkpt>
      <trkpt lat="36.02447175688929" lon="119.3996626416399">
        <ele>58.22524960525334</ele>
        <time>2025-01-17T10:10:53Z</time>
        <extensions>
          <gpxtpx:TrackPointExtension>
            <gpxtpx:hr>165</gpxtpx:hr>
          </gpxtpx:TrackPointExtension>
        </extensions>
      </trkpt>
      <trkpt lat="36.02449998469122" lon="119.39967759220346">
        <ele>58.20859062299132</ele>
        <time>2025-01-17T10:10:54Z</time>
        <extensions>
          <gpxtpx:TrackPointExtension>
            <gpxtpx:hr>165</gpxtpx:hr>
          </gpxtpx:TrackPointExtension>
        </extensions>
      </trkpt>
      <trkpt lat="36.024528430892666" lon="119.39969085701">
        <ele>58.18848671298474</ele>
        <time>2025-01-17T10:10:55Z</time>
        <extensions>
          <gpxtpx:TrackPointExtension>
            <gpxtpx:hr>165</gpxtpx:hr>
          </gpxtpx:TrackPointExtension>
        </extensions>
      </trkpt>
      <trkpt lat="36.02455738220433" lon="119.39970199494365">
        <ele>58.17269167583436</ele>
        <time>2025-01-17T10:10:56Z</time>
        <extensions>
          <gpxtpx:TrackPointExtension>
            <gpxtpx:hr>165</gpxtpx:hr>
          </gpxtpx:TrackPointExtension>
        </extensions>
      </trkpt>
      <trkpt lat="36.024586732824396" lon="119.39971221928238">
        <ele>58.16707892343402</ele>
        <time>2025-01-17T10:10:57Z</time>
        <extensions>
          <gpxtpx:TrackPointExtension>
            <gpxtpx:hr>164</gpxtpx:hr>
          </gpxtpx:TrackPointExtension>
        </extensions>
      </trkpt>
      <trkpt lat="36.02461603293721" lon="119.39972127119776">
        <ele>58.16710514109582</ele>
        <time>2025-01-17T10:10:58Z</time>
        <extensions>
          <gpxtpx:TrackPointExtension>
            <gpxtpx:hr>164</gpxtpx:hr>
          </gpxtpx:TrackPointExtension>
        </extensions>
      </trkpt>
      <trkpt lat="36.024645617685735" lon="119.39972897612856">
        <ele>58.16658448148519</ele>
        <time>2025-01-17T10:10:59Z</time>
        <extensions>
          <gpxtpx:TrackPointExtension>
            <gpxtpx:hr>164</gpxtpx:hr>
          </gpxtpx:TrackPointExtension>
        </extensions>
      </trkpt>
      <trkpt lat="36.02467595334586" lon="119.39973757136845">
        <ele>58.18535467609763</ele>
        <time>2025-01-17T10:11:00Z</time>
        <extensions>
          <gpxtpx:TrackPointExtension>
            <gpxtpx:hr>164</gpxtpx:hr>
          </gpxtpx:TrackPointExtension>
        </extensions>
      </trkpt>
      <trkpt lat="36.02470632088739" lon="119.39974784413259">
        <ele>58.21236789319664</ele>
        <time>2025-01-17T10:11:01Z</time>
        <extensions>
          <gpxtpx:TrackPointExtension>
            <gpxtpx:hr>164</gpxtpx:hr>
          </gpxtpx:TrackPointExtension>
        </extensions>
      </trkpt>
      <trkpt lat="36.02473606760489" lon="119.39975836873258">
        <ele>58.25956933386624</ele>
        <time>2025-01-17T10:11:02Z</time>
        <extensions>
          <gpxtpx:TrackPointExtension>
            <gpxtpx:hr>165</gpxtpx:hr>
          </gpxtpx:TrackPointExtension>
        </extensions>
      </trkpt>
      <trkpt lat="36.02476457483122" lon="119.3997693589267">
        <ele>58.29156368691474</ele>
        <time>2025-01-17T10:11:03Z</time>
        <extensions>
          <gpxtpx:TrackPointExtension>
            <gpxtpx:hr>165</gpxtpx:hr>
          </gpxtpx:TrackPointExtension>
        </extensions>
      </trkpt>
      <trkpt lat="36.02479132658433" lon="119.39978140794545">
        <ele>58.33834319654852</ele>
        <time>2025-01-17T10:11:04Z</time>
        <extensions>
          <gpxtpx:TrackPointExtension>
            <gpxtpx:hr>165</gpxtpx:hr>
          </gpxtpx:TrackPointExtension>
        </extensions>
      </trkpt>
      <trkpt lat="36.02481712777137" lon="119.39979372406924">
        <ele>58.381756296381354</ele>
        <time>2025-01-17T10:11:05Z</time>
        <extensions>
          <gpxtpx:TrackPointExtension>
            <gpxtpx:hr>165</gpxtpx:hr>
          </gpxtpx:TrackPointExtension>
        </extensions>
      </trkpt>
      <trkpt lat="36.02484175620317" lon="119.39980563017086">
        <ele>58.421006933785975</ele>
        <time>2025-01-17T10:11:06Z</time>
        <extensions>
          <gpxtpx:TrackPointExtension>
            <gpxtpx:hr>165</gpxtpx:hr>
          </gpxtpx:TrackPointExtension>
        </extensions>
      </trkpt>
      <trkpt lat="36.024862995957086" lon="119.39981597925053">
        <ele>58.46436692588031</ele>
        <time>2025-01-17T10:11:07Z</time>
        <extensions>
          <gpxtpx:TrackPointExtension>
            <gpxtpx:hr>165</gpxtpx:hr>
          </gpxtpx:TrackPointExtension>
        </extensions>
      </trkpt>
      <trkpt lat="36.02487960482327" lon="119.39982349969416">
        <ele>58.515280281193554</ele>
        <time>2025-01-17T10:11:08Z</time>
        <extensions>
          <gpxtpx:TrackPointExtension>
            <gpxtpx:hr>165</gpxtpx:hr>
          </gpxtpx:TrackPointExtension>
        </extensions>
      </trkpt>
      <trkpt lat="36.024892072928324" lon="119.3998277015196">
        <ele>58.56954889930785</ele>
        <time>2025-01-17T10:11:09Z</time>
        <extensions>
          <gpxtpx:TrackPointExtension>
            <gpxtpx:hr>165</gpxtpx:hr>
          </gpxtpx:TrackPointExtension>
        </extensions>
      </trkpt>
      <trkpt lat="36.02490129390925" lon="119.39983019064582">
        <ele>58.60044801142067</ele>
        <time>2025-01-17T10:11:10Z</time>
        <extensions>
          <gpxtpx:TrackPointExtension>
            <gpxtpx:hr>165</gpxtpx:hr>
          </gpxtpx:TrackPointExtension>
        </extensions>
      </trkpt>
      <trkpt lat="36.02490898199661" lon="119.39983336203204">
        <ele>58.621304913423955</ele>
        <time>2025-01-17T10:11:11Z</time>
        <extensions>
          <gpxtpx:TrackPointExtension>
            <gpxtpx:hr>165</gpxtpx:hr>
          </gpxtpx:TrackPointExtension>
        </extensions>
      </trkpt>
      <trkpt lat="36.02491734784492" lon="119.3998381244413">
        <ele>58.626307361759245</ele>
        <time>2025-01-17T10:11:12Z</time>
        <extensions>
          <gpxtpx:TrackPointExtension>
            <gpxtpx:hr>165</gpxtpx:hr>
          </gpxtpx:TrackPointExtension>
        </extensions>
      </trkpt>
      <trkpt lat="36.024927159629854" lon="119.39984289938072">
        <ele>58.608448713086545</ele>
        <time>2025-01-17T10:11:13Z</time>
        <extensions>
          <gpxtpx:TrackPointExtension>
            <gpxtpx:hr>165</gpxtpx:hr>
          </gpxtpx:TrackPointExtension>
        </extensions>
      </trkpt>
      <trkpt lat="36.02493779765837" lon="119.39984579983718">
        <ele>58.57926953677088</ele>
        <time>2025-01-17T10:11:14Z</time>
        <extensions>
          <gpxtpx:TrackPointExtension>
            <gpxtpx:hr>162</gpxtpx:hr>
          </gpxtpx:TrackPointExtension>
        </extensions>
      </trkpt>
      <trkpt lat="36.0249491223558" lon="119.39984754391283">
        <ele>58.55069365911186</ele>
        <time>2025-01-17T10:11:15Z</time>
        <extensions>
          <gpxtpx:TrackPointExtension>
            <gpxtpx:hr>162</gpxtpx:hr>
          </gpxtpx:TrackPointExtension>
        </extensions>
      </trkpt>
      <trkpt lat="36.024961087737765" lon="119.39984958909473">
        <ele>58.53175757359713</ele>
        <time>2025-01-17T10:11:16Z</time>
        <extensions>
          <gpxtpx:TrackPointExtension>
            <gpxtpx:hr>162</gpxtpx:hr>
          </gpxtpx:TrackPointExtension>
        </extensions>
      </trkpt>
      <trkpt lat="36.02497208364338" lon="119.39985212473432">
        <ele>58.518737635575235</ele>
        <time>2025-01-17T10:11:17Z</time>
        <extensions>
          <gpxtpx:TrackPointExtension>
            <gpxtpx:hr>162</gpxtpx:hr>
          </gpxtpx:TrackPointExtension>
        </extensions>
      </trkpt>
      <trkpt lat="36.024982621916116" lon="119.39985491019027">
        <ele>58.509759050793946</ele>
        <time>2025-01-17T10:11:18Z</time>
        <extensions>
          <gpxtpx:TrackPointExtension>
            <gpxtpx:hr>162</gpxtpx:hr>
          </gpxtpx:TrackPointExtension>
        </extensions>
      </trkpt>
      <trkpt lat="36.02499453446542" lon="119.39985784694699">
        <ele>58.50116620119661</ele>
        <time>2025-01-17T10:11:19Z</time>
        <extensions>
          <gpxtpx:TrackPointExtension>
            <gpxtpx:hr>162</gpxtpx:hr>
          </gpxtpx:TrackPointExtension>
        </extensions>
      </trkpt>
      <trkpt lat="36.025005592000646" lon="119.39985983570203">
        <ele>58.50184001494199</ele>
        <time>2025-01-17T10:11:20Z</time>
        <extensions>
          <gpxtpx:TrackPointExtension>
            <gpxtpx:hr>161</gpxtpx:hr>
          </gpxtpx:TrackPointExtension>
        </extensions>
      </trkpt>
      <trkpt lat="36.02501576188293" lon="119.39986092091104">
        <ele>58.508059221319854</ele>
        <time>2025-01-17T10:11:21Z</time>
        <extensions>
          <gpxtpx:TrackPointExtension>
            <gpxtpx:hr>161</gpxtpx:hr>
          </gpxtpx:TrackPointExtension>
        </extensions>
      </trkpt>
      <trkpt lat="36.025027304076225" lon="119.39986223798067">
        <ele>58.514902354218066</ele>
        <time>2025-01-17T10:11:22Z</time>
        <extensions>
          <gpxtpx:TrackPointExtension>
            <gpxtpx:hr>161</gpxtpx:hr>
          </gpxtpx:TrackPointExtension>
        </extensions>
      </trkpt>
      <trkpt lat="36.02503975965117" lon="119.39986387905557">
        <ele>58.52195847965777</ele>
        <time>2025-01-17T10:11:23Z</time>
        <extensions>
          <gpxtpx:TrackPointExtension>
            <gpxtpx:hr>160</gpxtpx:hr>
          </gpxtpx:TrackPointExtension>
        </extensions>
      </trkpt>
      <trkpt lat="36.02505280024057" lon="119.39986610519729">
        <ele>58.5196942538023</ele>
        <time>2025-01-17T10:11:24Z</time>
        <extensions>
          <gpxtpx:TrackPointExtension>
            <gpxtpx:hr>160</gpxtpx:hr>
          </gpxtpx:TrackPointExtension>
        </extensions>
      </trkpt>
      <trkpt lat="36.025065981067236" lon="119.39986857803802">
        <ele>58.509984359145164</ele>
        <time>2025-01-17T10:11:25Z</time>
        <extensions>
          <gpxtpx:TrackPointExtension>
            <gpxtpx:hr>160</gpxtpx:hr>
          </gpxtpx:TrackPointExtension>
        </extensions>
      </trkpt>
      <trkpt lat="36.0250779352551" lon="119.39986997679244">
        <ele>58.51705229561776</ele>
        <time>2025-01-17T10:11:26Z</time>
        <extensions>
          <gpxtpx:TrackPointExtension>
            <gpxtpx:hr>160</gpxtpx:hr>
          </gpxtpx:TrackPointExtension>
        </extensions>
      </trkpt>
      <trkpt lat="36.0250890531193" lon="119.39986938078991">
        <ele>58.52161252312362</ele>
        <time>2025-01-17T10:11:27Z</time>
        <extensions>
          <gpxtpx:TrackPointExtension>
            <gpxtpx:hr>160</gpxtpx:hr>
          </gpxtpx:TrackPointExtension>
        </extensions>
      </trkpt>
      <trkpt lat="36.02510102071022" lon="119.39986756754088">
        <ele>58.53308015875518</ele>
        <time>2025-01-17T10:11:28Z</time>
        <extensions>
          <gpxtpx:TrackPointExtension>
            <gpxtpx:hr>156</gpxtpx:hr>
          </gpxtpx:TrackPointExtension>
        </extensions>
      </trkpt>
      <trkpt lat="36.02511324918183" lon="119.39986615075054">
        <ele>58.542926363646984</ele>
        <time>2025-01-17T10:11:29Z</time>
        <extensions>
          <gpxtpx:TrackPointExtension>
            <gpxtpx:hr>156</gpxtpx:hr>
          </gpxtpx:TrackPointExtension>
        </extensions>
      </trkpt>
      <trkpt lat="36.025125694614964" lon="119.3998664679711">
        <ele>58.55288975965232</ele>
        <time>2025-01-17T10:11:30Z</time>
        <extensions>
          <gpxtpx:TrackPointExtension>
            <gpxtpx:hr>156</gpxtpx:hr>
          </gpxtpx:TrackPointExtension>
        </extensions>
      </trkpt>
      <trkpt lat="36.02513883290199" lon="119.39986921679241">
        <ele>58.55367830954492</ele>
        <time>2025-01-17T10:11:31Z</time>
        <extensions>
          <gpxtpx:TrackPointExtension>
            <gpxtpx:hr>156</gpxtpx:hr>
          </gpxtpx:TrackPointExtension>
        </extensions>
      </trkpt>
      <trkpt lat="36.02515155900473" lon="119.39987402269198">
        <ele>58.56817704811692</ele>
        <time>2025-01-17T10:11:32Z</time>
        <extensions>
          <gpxtpx:TrackPointExtension>
            <gpxtpx:hr>156</gpxtpx:hr>
          </gpxtpx:TrackPointExtension>
        </extensions>
      </trkpt>
      <trkpt lat="36.025163531673606" lon="119.39988063468623">
        <ele>58.592461357824504</ele>
        <time>2025-01-17T10:11:33Z</time>
        <extensions>
          <gpxtpx:TrackPointExtension>
            <gpxtpx:hr>156</gpxtpx:hr>
          </gpxtpx:TrackPointExtension>
        </extensions>
      </trkpt>
      <trkpt lat="36.02517387161688" lon="119.39988741457064">
        <ele>58.62967416923493</ele>
        <time>2025-01-17T10:11:34Z</time>
        <extensions>
          <gpxtpx:TrackPointExtension>
            <gpxtpx:hr>156</gpxtpx:hr>
          </gpxtpx:TrackPointExtension>
        </extensions>
      </trkpt>
      <trkpt lat="36.0251828441666" lon="119.39989320393191">
        <ele>58.639860223047435</ele>
        <time>2025-01-17T10:11:35Z</time>
        <extensions>
          <gpxtpx:TrackPointExtension>
            <gpxtpx:hr>150</gpxtpx:hr>
          </gpxtpx:TrackPointExtension>
        </extensions>
      </trkpt>
      <trkpt lat="36.02519283448567" lon="119.39989873623121">
        <ele>58.61839337833226</ele>
        <time>2025-01-17T10:11:36Z</time>
        <extensions>
          <gpxtpx:TrackPointExtension>
            <gpxtpx:hr>150</gpxtpx:hr>
          </gpxtpx:TrackPointExtension>
        </extensions>
      </trkpt>
      <trkpt lat="36.02520436654694" lon="119.3999038340148">
        <ele>58.614355876110494</ele>
        <time>2025-01-17T10:11:37Z</time>
        <extensions>
          <gpxtpx:TrackPointExtension>
            <gpxtpx:hr>150</gpxtpx:hr>
          </gpxtpx:TrackPointExtension>
        </extensions>
      </trkpt>
      <trkpt lat="36.025215880203945" lon="119.39990784665305">
        <ele>58.596816944889724</ele>
        <time>2025-01-17T10:11:38Z</time>
        <extensions>
          <gpxtpx:TrackPointExtension>
            <gpxtpx:hr>150</gpxtpx:hr>
          </gpxtpx:TrackPointExtension>
        </extensions>
      </trkpt>
      <trkpt lat="36.025226923510616" lon="119.39991101250881">
        <ele>58.58538649510592</ele>
        <time>2025-01-17T10:11:39Z</time>
        <extensions>
          <gpxtpx:TrackPointExtension>
            <gpxtpx:hr>147</gpxtpx:hr>
          </gpxtpx:TrackPointExtension>
        </extensions>
      </trkpt>
      <trkpt lat="36.02523860627886" lon="119.39991374929603">
        <ele>58.559125389903784</ele>
        <time>2025-01-17T10:11:40Z</time>
        <extensions>
          <gpxtpx:TrackPointExtension>
            <gpxtpx:hr>147</gpxtpx:hr>
          </gpxtpx:TrackPointExtension>
        </extensions>
      </trkpt>
      <trkpt lat="36.02525102781957" lon="119.39991657911743">
        <ele>58.5230202479288</ele>
        <time>2025-01-17T10:11:41Z</time>
        <extensions>
          <gpxtpx:TrackPointExtension>
            <gpxtpx:hr>147</gpxtpx:hr>
          </gpxtpx:TrackPointExtension>
        </extensions>
      </trkpt>
      <trkpt lat="36.02526382743864" lon="119.39991987725116">
        <ele>58.4846177669242</ele>
        <time>2025-01-17T10:11:42Z</time>
        <extensions>
          <gpxtpx:TrackPointExtension>
            <gpxtpx:hr>144</gpxtpx:hr>
          </gpxtpx:TrackPointExtension>
        </extensions>
      </trkpt>
      <trkpt lat="36.02527578566238" lon="119.39992320887104">
        <ele>58.43318635504693</ele>
        <time>2025-01-17T10:11:43Z</time>
        <extensions>
          <gpxtpx:TrackPointExtension>
            <gpxtpx:hr>144</gpxtpx:hr>
          </gpxtpx:TrackPointExtension>
        </extensions>
      </trkpt>
      <trkpt lat="36.02528679123319" lon="119.39992699111399">
        <ele>58.38040771987289</ele>
        <time>2025-01-17T10:11:44Z</time>
        <extensions>
          <gpxtpx:TrackPointExtension>
            <gpxtpx:hr>144</gpxtpx:hr>
          </gpxtpx:TrackPointExtension>
        </extensions>
      </trkpt>
      <trkpt lat="36.02529767968163" lon="119.39993167515732">
        <ele>58.2975054141134</ele>
        <time>2025-01-17T10:11:45Z</time>
        <extensions>
          <gpxtpx:TrackPointExtension>
            <gpxtpx:hr>144</gpxtpx:hr>
          </gpxtpx:TrackPointExtension>
        </extensions>
      </trkpt>
      <trkpt lat="36.025308495632075" lon="119.39993647065643">
        <ele>58.22719515953213</ele>
        <time>2025-01-17T10:11:46Z</time>
        <extensions>
          <gpxtpx:TrackPointExtension>
            <gpxtpx:hr>144</gpxtpx:hr>
          </gpxtpx:TrackPointExtension>
        </extensions>
      </trkpt>
      <trkpt lat="36.025319043099124" lon="119.39994024629429">
        <ele>58.1663354486227</ele>
        <time>2025-01-17T10:11:47Z</time>
        <extensions>
          <gpxtpx:TrackPointExtension>
            <gpxtpx:hr>139</gpxtpx:hr>
          </gpxtpx:TrackPointExtension>
        </extensions>
      </trkpt>
      <trkpt lat="36.0253293932382" lon="119.39994292630006">
        <ele>58.09366698469967</ele>
        <time>2025-01-17T10:11:48Z</time>
        <extensions>
          <gpxtpx:TrackPointExtension>
            <gpxtpx:hr>139</gpxtpx:hr>
          </gpxtpx:TrackPointExtension>
        </extensions>
      </trkpt>
      <trkpt lat="36.02533993103594" lon="119.39994532556489">
        <ele>58.01725656632334</ele>
        <time>2025-01-17T10:11:49Z</time>
        <extensions>
          <gpxtpx:TrackPointExtension>
            <gpxtpx:hr>139</gpxtpx:hr>
          </gpxtpx:TrackPointExtension>
        </extensions>
      </trkpt>
      <trkpt lat="36.02535095038562" lon="119.39994817583207">
        <ele>57.95173325203359</ele>
        <time>2025-01-17T10:11:50Z</time>
        <extensions>
          <gpxtpx:TrackPointExtension>
            <gpxtpx:hr>139</gpxtpx:hr>
          </gpxtpx:TrackPointExtension>
        </extensions>
      </trkpt>
      <trkpt lat="36.02536199789687" lon="119.3999511094224">
        <ele>57.88987840805203</ele>
        <time>2025-01-17T10:11:51Z</time>
        <extensions>
          <gpxtpx:TrackPointExtension>
            <gpxtpx:hr>139</gpxtpx:hr>
          </gpxtpx:TrackPointExtension>
        </extensions>
      </trkpt>
      <trkpt lat="36.02537257685491" lon="119.39995345013348">
        <ele>57.83809877373278</ele>
        <time>2025-01-17T10:11:52Z</time>
        <extensions>
          <gpxtpx:TrackPointExtension>
            <gpxtpx:hr>139</gpxtpx:hr>
          </gpxtpx:TrackPointExtension>
        </extensions>
      </trkpt>
      <trkpt lat="36.02538265753539" lon="119.39995481086092">
        <ele>57.81484410818666</ele>
        <time>2025-01-17T10:11:53Z</time>
        <extensions>
          <gpxtpx:TrackPointExtension>
            <gpxtpx:hr>139</gpxtpx:hr>
          </gpxtpx:TrackPointExtension>
        </extensions>
      </trkpt>
      <trkpt lat="36.025392653140536" lon="119.39995503011882">
        <ele>57.82705788034946</ele>
        <time>2025-01-17T10:11:54Z</time>
        <extensions>
          <gpxtpx:TrackPointExtension>
            <gpxtpx:hr>134</gpxtpx:hr>
          </gpxtpx:TrackPointExtension>
        </extensions>
      </trkpt>
      <trkpt lat="36.02540274571492" lon="119.3999538765337">
        <ele>57.82948852516711</ele>
        <time>2025-01-17T10:11:55Z</time>
        <extensions>
          <gpxtpx:TrackPointExtension>
            <gpxtpx:hr>134</gpxtpx:hr>
          </gpxtpx:TrackPointExtension>
        </extensions>
      </trkpt>
      <trkpt lat="36.025413117603684" lon="119.39995150974035">
        <ele>57.85107376985252</ele>
        <time>2025-01-17T10:11:56Z</time>
        <extensions>
          <gpxtpx:TrackPointExtension>
            <gpxtpx:hr>134</gpxtpx:hr>
          </gpxtpx:TrackPointExtension>
        </extensions>
      </trkpt>
      <trkpt lat="36.02542402154694" lon="119.39994847668716">
        <ele>57.880582900717854</ele>
        <time>2025-01-17T10:11:57Z</time>
        <extensions>
          <gpxtpx:TrackPointExtension>
            <gpxtpx:hr>134</gpxtpx:hr>
          </gpxtpx:TrackPointExtension>
        </extensions>
      </trkpt>
      <trkpt lat="36.02543539783254" lon="119.39994526055926">
        <ele>57.921232702210546</ele>
        <time>2025-01-17T10:11:58Z</time>
        <extensions>
          <gpxtpx:TrackPointExtension>
            <gpxtpx:hr>134</gpxtpx:hr>
          </gpxtpx:TrackPointExtension>
        </extensions>
      </trkpt>
      <trkpt lat="36.02544747664966" lon="119.39994312483643">
        <ele>57.96294628549367</ele>
        <time>2025-01-17T10:11:59Z</time>
        <extensions>
          <gpxtpx:TrackPointExtension>
            <gpxtpx:hr>134</gpxtpx:hr>
          </gpxtpx:TrackPointExtension>
        </extensions>
      </trkpt>
      <trkpt lat="36.02546068864988" lon="119.39994237754297">
        <ele>58.0354643817991</ele>
        <time>2025-01-17T10:12:00Z</time>
        <extensions>
          <gpxtpx:TrackPointExtension>
            <gpxtpx:hr>129</gpxtpx:hr>
          </gpxtpx:TrackPointExtension>
        </extensions>
      </trkpt>
      <trkpt lat="36.025473840962995" lon="119.39994143367983">
        <ele>58.12775585334748</ele>
        <time>2025-01-17T10:12:01Z</time>
        <extensions>
          <gpxtpx:TrackPointExtension>
            <gpxtpx:hr>129</gpxtpx:hr>
          </gpxtpx:TrackPointExtension>
        </extensions>
      </trkpt>
      <trkpt lat="36.025485715708584" lon="119.39993912633818">
        <ele>58.22561973892152</ele>
        <time>2025-01-17T10:12:02Z</time>
        <extensions>
          <gpxtpx:TrackPointExtension>
            <gpxtpx:hr>129</gpxtpx:hr>
          </gpxtpx:TrackPointExtension>
        </extensions>
      </trkpt>
      <trkpt lat="36.025496489067216" lon="119.3999364862163">
        <ele>58.318125953897834</ele>
        <time>2025-01-17T10:12:03Z</time>
        <extensions>
          <gpxtpx:TrackPointExtension>
            <gpxtpx:hr>129</gpxtpx:hr>
          </gpxtpx:TrackPointExtension>
        </extensions>
      </trkpt>
      <trkpt lat="36.02550683208862" lon="119.39993479355188">
        <ele>58.421576359309256</ele>
        <time>2025-01-17T10:12:04Z</time>
        <extensions>
          <gpxtpx:TrackPointExtension>
            <gpxtpx:hr>129</gpxtpx:hr>
          </gpxtpx:TrackPointExtension>
        </extensions>
      </trkpt>
      <trkpt lat="36.02551786411655" lon="119.39993373327502">
        <ele>58.53287241701037</ele>
        <time>2025-01-17T10:12:05Z</time>
        <extensions>
          <gpxtpx:TrackPointExtension>
            <gpxtpx:hr>129</gpxtpx:hr>
          </gpxtpx:TrackPointExtension>
        </extensions>
      </trkpt>
      <trkpt lat="36.02552989958555" lon="119.39993244214256">
        <ele>58.62984654866159</ele>
        <time>2025-01-17T10:12:06Z</time>
        <extensions>
          <gpxtpx:TrackPointExtension>
            <gpxtpx:hr>126</gpxtpx:hr>
          </gpxtpx:TrackPointExtension>
        </extensions>
      </trkpt>
      <trkpt lat="36.0255425487373" lon="119.39993090459089">
        <ele>58.73650185018778</ele>
        <time>2025-01-17T10:12:07Z</time>
        <extensions>
          <gpxtpx:TrackPointExtension>
            <gpxtpx:hr>126</gpxtpx:hr>
          </gpxtpx:TrackPointExtension>
        </extensions>
      </trkpt>
      <trkpt lat="36.025555353614386" lon="119.3999292372706">
        <ele>58.84092769771814</ele>
        <time>2025-01-17T10:12:08Z</time>
        <extensions>
          <gpxtpx:TrackPointExtension>
            <gpxtpx:hr>126</gpxtpx:hr>
          </gpxtpx:TrackPointExtension>
        </extensions>
      </trkpt>
      <trkpt lat="36.02556833858613" lon="119.3999277472846">
        <ele>58.939480730332434</ele>
        <time>2025-01-17T10:12:09Z</time>
        <extensions>
          <gpxtpx:TrackPointExtension>
            <gpxtpx:hr>126</gpxtpx:hr>
          </gpxtpx:TrackPointExtension>
        </extensions>
      </trkpt>
      <trkpt lat="36.02558148689493" lon="119.39992664237847">
        <ele>59.0429623099044</ele>
        <time>2025-01-17T10:12:10Z</time>
        <extensions>
          <gpxtpx:TrackPointExtension>
            <gpxtpx:hr>122</gpxtpx:hr>
          </gpxtpx:TrackPointExtension>
        </extensions>
      </trkpt>
      <trkpt lat="36.02559495068251" lon="119.39992581925465">
        <ele>59.13800758495927</ele>
        <time>2025-01-17T10:12:11Z</time>
        <extensions>
          <gpxtpx:TrackPointExtension>
            <gpxtpx:hr>122</gpxtpx:hr>
          </gpxtpx:TrackPointExtension>
        </extensions>
      </trkpt>
      <trkpt lat="36.02560841928703" lon="119.39992511664683">
        <ele>59.23949083592743</ele>
        <time>2025-01-17T10:12:12Z</time>
        <extensions>
          <gpxtpx:TrackPointExtension>
            <gpxtpx:hr>122</gpxtpx:hr>
          </gpxtpx:TrackPointExtension>
        </extensions>
      </trkpt>
      <trkpt lat="36.0256217711276" lon="119.39992448410763">
        <ele>59.337122375145555</ele>
        <time>2025-01-17T10:12:13Z</time>
        <extensions>
          <gpxtpx:TrackPointExtension>
            <gpxtpx:hr>122</gpxtpx:hr>
          </gpxtpx:TrackPointExtension>
        </extensions>
      </trkpt>
      <trkpt lat="36.02563496910042" lon="119.39992377393918">
        <ele>59.431981093250215</ele>
        <time>2025-01-17T10:12:14Z</time>
        <extensions>
          <gpxtpx:TrackPointExtension>
            <gpxtpx:hr>122</gpxtpx:hr>
          </gpxtpx:TrackPointExtension>
        </extensions>
      </trkpt>
      <trkpt lat="36.02564780997703" lon="119.39992232151519">
        <ele>59.5206408565864</ele>
        <time>2025-01-17T10:12:15Z</time>
        <extensions>
          <gpxtpx:TrackPointExtension>
            <gpxtpx:hr>122</gpxtpx:hr>
          </gpxtpx:TrackPointExtension>
        </extensions>
      </trkpt>
      <trkpt lat="36.02566047662353" lon="119.3999200828961">
        <ele>59.59631075896323</ele>
        <time>2025-01-17T10:12:16Z</time>
        <extensions>
          <gpxtpx:TrackPointExtension>
            <gpxtpx:hr>122</gpxtpx:hr>
          </gpxtpx:TrackPointExtension>
        </extensions>
      </trkpt>
      <trkpt lat="36.02567311926176" lon="119.39991778611491">
        <ele>59.66907662432641</ele>
        <time>2025-01-17T10:12:17Z</time>
        <extensions>
          <gpxtpx:TrackPointExtension>
            <gpxtpx:hr>122</gpxtpx:hr>
          </gpxtpx:TrackPointExtension>
        </extensions>
      </trkpt>
      <trkpt lat="36.02568564373258" lon="119.3999157827913">
        <ele>59.73214368335903</ele>
        <time>2025-01-17T10:12:18Z</time>
        <extensions>
          <gpxtpx:TrackPointExtension>
            <gpxtpx:hr>122</gpxtpx:hr>
          </gpxtpx:TrackPointExtension>
        </extensions>
      </trkpt>
      <trkpt lat="36.02569785033227" lon="119.39991392904261">
        <ele>59.789995663799345</ele>
        <time>2025-01-17T10:12:19Z</time>
        <extensions>
          <gpxtpx:TrackPointExtension>
            <gpxtpx:hr>115</gpxtpx:hr>
          </gpxtpx:TrackPointExtension>
        </extensions>
      </trkpt>
      <trkpt lat="36.025709732630865" lon="119.39991201853337">
        <ele>59.84636024199426</ele>
        <time>2025-01-17T10:12:20Z</time>
        <extensions>
          <gpxtpx:TrackPointExtension>
            <gpxtpx:hr>115</gpxtpx:hr>
          </gpxtpx:TrackPointExtension>
        </extensions>
      </trkpt>
      <trkpt lat="36.025721382897224" lon="119.39991010870021">
        <ele>59.90625917073339</ele>
        <time>2025-01-17T10:12:21Z</time>
        <extensions>
          <gpxtpx:TrackPointExtension>
            <gpxtpx:hr>115</gpxtpx:hr>
          </gpxtpx:TrackPointExtension>
        </extensions>
      </trkpt>
      <trkpt lat="36.02573292803553" lon="119.39990824407857">
        <ele>59.96072950400412</ele>
        <time>2025-01-17T10:12:22Z</time>
        <extensions>
          <gpxtpx:TrackPointExtension>
            <gpxtpx:hr>115</gpxtpx:hr>
          </gpxtpx:TrackPointExtension>
        </extensions>
      </trkpt>
      <trkpt lat="36.025744614846445" lon="119.39990619424452">
        <ele>60.01131162978709</ele>
        <time>2025-01-17T10:12:23Z</time>
        <extensions>
          <gpxtpx:TrackPointExtension>
            <gpxtpx:hr>115</gpxtpx:hr>
          </gpxtpx:TrackPointExtension>
        </extensions>
      </trkpt>
      <trkpt lat="36.02575657139391" lon="119.39990416597118">
        <ele>60.043855400756</ele>
        <time>2025-01-17T10:12:24Z</time>
        <extensions>
          <gpxtpx:TrackPointExtension>
            <gpxtpx:hr>115</gpxtpx:hr>
          </gpxtpx:TrackPointExtension>
        </extensions>
      </trkpt>
      <trkpt lat="36.0257686001417" lon="119.39990223555282">
        <ele>60.07251064572483</ele>
        <time>2025-01-17T10:12:25Z</time>
        <extensions>
          <gpxtpx:TrackPointExtension>
            <gpxtpx:hr>114</gpxtpx:hr>
          </gpxtpx:TrackPointExtension>
        </extensions>
      </trkpt>
      <trkpt lat="36.025780883409354" lon="119.39989990612273">
        <ele>60.071601673960686</ele>
        <time>2025-01-17T10:12:26Z</time>
        <extensions>
          <gpxtpx:TrackPointExtension>
            <gpxtpx:hr>114</gpxtpx:hr>
          </gpxtpx:TrackPointExtension>
        </extensions>
      </trkpt>
      <trkpt lat="36.02579338562312" lon="119.39989695461499">
        <ele>60.08163243159652</ele>
        <time>2025-01-17T10:12:27Z</time>
        <extensions>
          <gpxtpx:TrackPointExtension>
            <gpxtpx:hr>114</gpxtpx:hr>
          </gpxtpx:TrackPointExtension>
        </extensions>
      </trkpt>
      <trkpt lat="36.025805827094686" lon="119.3998933676629">
        <ele>60.09122397843748</ele>
        <time>2025-01-17T10:12:28Z</time>
        <extensions>
          <gpxtpx:TrackPointExtension>
            <gpxtpx:hr>115</gpxtpx:hr>
          </gpxtpx:TrackPointExtension>
        </extensions>
      </trkpt>
      <trkpt lat="36.025818334559304" lon="119.39988934224861">
        <ele>60.10684515349567</ele>
        <time>2025-01-17T10:12:29Z</time>
        <extensions>
          <gpxtpx:TrackPointExtension>
            <gpxtpx:hr>115</gpxtpx:hr>
          </gpxtpx:TrackPointExtension>
        </extensions>
      </trkpt>
      <trkpt lat="36.025830817129986" lon="119.3998852208141">
        <ele>60.11491992417723</ele>
        <time>2025-01-17T10:12:30Z</time>
        <extensions>
          <gpxtpx:TrackPointExtension>
            <gpxtpx:hr>115</gpxtpx:hr>
          </gpxtpx:TrackPointExtension>
        </extensions>
      </trkpt>
      <trkpt lat="36.02584340180815" lon="119.39988118960532">
        <ele>60.11858233064413</ele>
        <time>2025-01-17T10:12:31Z</time>
        <extensions>
          <gpxtpx:TrackPointExtension>
            <gpxtpx:hr>115</gpxtpx:hr>
          </gpxtpx:TrackPointExtension>
        </extensions>
      </trkpt>
      <trkpt lat="36.02585605269967" lon="119.39987724200303">
        <ele>60.12165276892483</ele>
        <time>2025-01-17T10:12:32Z</time>
        <extensions>
          <gpxtpx:TrackPointExtension>
            <gpxtpx:hr>115</gpxtpx:hr>
          </gpxtpx:TrackPointExtension>
        </extensions>
      </trkpt>
      <trkpt lat="36.02586859744587" lon="119.39987352201254">
        <ele>60.12953459657729</ele>
        <time>2025-01-17T10:12:33Z</time>
        <extensions>
          <gpxtpx:TrackPointExtension>
            <gpxtpx:hr>115</gpxtpx:hr>
          </gpxtpx:TrackPointExtension>
        </extensions>
      </trkpt>
      <trkpt lat="36.02588111593099" lon="119.39987033692142">
        <ele>60.1490628356114</ele>
        <time>2025-01-17T10:12:34Z</time>
        <extensions>
          <gpxtpx:TrackPointExtension>
            <gpxtpx:hr>115</gpxtpx:hr>
          </gpxtpx:TrackPointExtension>
        </extensions>
      </trkpt>
      <trkpt lat="36.02589338389854" lon="119.39986758871864">
        <ele>60.168885842897</ele>
        <time>2025-01-17T10:12:35Z</time>
        <extensions>
          <gpxtpx:TrackPointExtension>
            <gpxtpx:hr>115</gpxtpx:hr>
          </gpxtpx:TrackPointExtension>
        </extensions>
      </trkpt>
      <trkpt lat="36.025904607613874" lon="119.39986383401826">
        <ele>60.17041722126305</ele>
        <time>2025-01-17T10:12:36Z</time>
        <extensions>
          <gpxtpx:TrackPointExtension>
            <gpxtpx:hr>115</gpxtpx:hr>
          </gpxtpx:TrackPointExtension>
        </extensions>
      </trkpt>
      <trkpt lat="36.025914986943846" lon="119.399858680189">
        <ele>60.14379994571209</ele>
        <time>2025-01-17T10:12:37Z</time>
        <extensions>
          <gpxtpx:TrackPointExtension>
            <gpxtpx:hr>114</gpxtpx:hr>
          </gpxtpx:TrackPointExtension>
        </extensions>
      </trkpt>
      <trkpt lat="36.02592586477703" lon="119.39985315144143">
        <ele>60.123317597433925</ele>
        <time>2025-01-17T10:12:38Z</time>
        <extensions>
          <gpxtpx:TrackPointExtension>
            <gpxtpx:hr>114</gpxtpx:hr>
          </gpxtpx:TrackPointExtension>
        </extensions>
      </trkpt>
      <trkpt lat="36.02593771950125" lon="119.39984808975314">
        <ele>60.11128724552691</ele>
        <time>2025-01-17T10:12:39Z</time>
        <extensions>
          <gpxtpx:TrackPointExtension>
            <gpxtpx:hr>114</gpxtpx:hr>
          </gpxtpx:TrackPointExtension>
        </extensions>
      </trkpt>
      <trkpt lat="36.02595006084007" lon="119.39984377405025">
        <ele>60.09601285215467</ele>
        <time>2025-01-17T10:12:40Z</time>
        <extensions>
          <gpxtpx:TrackPointExtension>
            <gpxtpx:hr>114</gpxtpx:hr>
          </gpxtpx:TrackPointExtension>
        </extensions>
      </trkpt>
      <trkpt lat="36.02596266499356" lon="119.39983990868573">
        <ele>60.08851176034659</ele>
        <time>2025-01-17T10:12:41Z</time>
        <extensions>
          <gpxtpx:TrackPointExtension>
            <gpxtpx:hr>114</gpxtpx:hr>
          </gpxtpx:TrackPointExtension>
        </extensions>
      </trkpt>
      <trkpt lat="36.02597558055004" lon="119.39983584902578">
        <ele>60.07721894979477</ele>
        <time>2025-01-17T10:12:42Z</time>
        <extensions>
          <gpxtpx:TrackPointExtension>
            <gpxtpx:hr>114</gpxtpx:hr>
          </gpxtpx:TrackPointExtension>
        </extensions>
      </trkpt>
      <trkpt lat="36.025988795361194" lon="119.39983171330648">
        <ele>60.049972077831626</ele>
        <time>2025-01-17T10:12:43Z</time>
        <extensions>
          <gpxtpx:TrackPointExtension>
            <gpxtpx:hr>114</gpxtpx:hr>
          </gpxtpx:TrackPointExtension>
        </extensions>
      </trkpt>
      <trkpt lat="36.026002102847286" lon="119.3998284751846">
        <ele>60.00968459062278</ele>
        <time>2025-01-17T10:12:44Z</time>
        <extensions>
          <gpxtpx:TrackPointExtension>
            <gpxtpx:hr>116</gpxtpx:hr>
          </gpxtpx:TrackPointExtension>
        </extensions>
      </trkpt>
      <trkpt lat="36.026015559933114" lon="119.39982599320372">
        <ele>59.97840703651309</ele>
        <time>2025-01-17T10:12:45Z</time>
        <extensions>
          <gpxtpx:TrackPointExtension>
            <gpxtpx:hr>116</gpxtpx:hr>
          </gpxtpx:TrackPointExtension>
        </extensions>
      </trkpt>
      <trkpt lat="36.026029564624004" lon="119.39982341737729">
        <ele>59.946677145548165</ele>
        <time>2025-01-17T10:12:46Z</time>
        <extensions>
          <gpxtpx:TrackPointExtension>
            <gpxtpx:hr>116</gpxtpx:hr>
          </gpxtpx:TrackPointExtension>
        </extensions>
      </trkpt>
      <trkpt lat="36.02604341246937" lon="119.39981983842166">
        <ele>59.92990969866514</ele>
        <time>2025-01-17T10:12:47Z</time>
        <extensions>
          <gpxtpx:TrackPointExtension>
            <gpxtpx:hr>116</gpxtpx:hr>
          </gpxtpx:TrackPointExtension>
        </extensions>
      </trkpt>
      <trkpt lat="36.026056266912796" lon="119.39981437850564">
        <ele>59.91858937870711</ele>
        <time>2025-01-17T10:12:48Z</time>
        <extensions>
          <gpxtpx:TrackPointExtension>
            <gpxtpx:hr>116</gpxtpx:hr>
          </gpxtpx:TrackPointExtension>
        </extensions>
      </trkpt>
      <trkpt lat="36.02606862252069" lon="119.39980786335552">
        <ele>59.901190240867436</ele>
        <time>2025-01-17T10:12:49Z</time>
        <extensions>
          <gpxtpx:TrackPointExtension>
            <gpxtpx:hr>116</gpxtpx:hr>
          </gpxtpx:TrackPointExtension>
        </extensions>
      </trkpt>
      <trkpt lat="36.0260801706087" lon="119.39980225320092">
        <ele>59.90140436030924</ele>
        <time>2025-01-17T10:12:50Z</time>
        <extensions>
          <gpxtpx:TrackPointExtension>
            <gpxtpx:hr>116</gpxtpx:hr>
          </gpxtpx:TrackPointExtension>
        </extensions>
      </trkpt>
      <trkpt lat="36.026091420558345" lon="119.39979786022965">
        <ele>59.902053066529334</ele>
        <time>2025-01-17T10:12:51Z</time>
        <extensions>
          <gpxtpx:TrackPointExtension>
            <gpxtpx:hr>113</gpxtpx:hr>
          </gpxtpx:TrackPointExtension>
        </extensions>
      </trkpt>
      <trkpt lat="36.02610346807829" lon="119.39979408932133">
        <ele>59.916896387934685</ele>
        <time>2025-01-17T10:12:52Z</time>
        <extensions>
          <gpxtpx:TrackPointExtension>
            <gpxtpx:hr>113</gpxtpx:hr>
          </gpxtpx:TrackPointExtension>
        </extensions>
      </trkpt>
      <trkpt lat="36.02611579743049" lon="119.39979153489148">
        <ele>59.91825199872255</ele>
        <time>2025-01-17T10:12:53Z</time>
        <extensions>
          <gpxtpx:TrackPointExtension>
            <gpxtpx:hr>113</gpxtpx:hr>
          </gpxtpx:TrackPointExtension>
        </extensions>
      </trkpt>
      <trkpt lat="36.026128285961825" lon="119.3997901425448">
        <ele>59.94169707223773</ele>
        <time>2025-01-17T10:12:54Z</time>
        <extensions>
          <gpxtpx:TrackPointExtension>
            <gpxtpx:hr>113</gpxtpx:hr>
          </gpxtpx:TrackPointExtension>
        </extensions>
      </trkpt>
      <trkpt lat="36.02614088922784" lon="119.39978837906396">
        <ele>59.98346946854144</ele>
        <time>2025-01-17T10:12:55Z</time>
        <extensions>
          <gpxtpx:TrackPointExtension>
            <gpxtpx:hr>113</gpxtpx:hr>
          </gpxtpx:TrackPointExtension>
        </extensions>
      </trkpt>
      <trkpt lat="36.026153428709726" lon="119.39978491866609">
        <ele>60.0333845121786</ele>
        <time>2025-01-17T10:12:56Z</time>
        <extensions>
          <gpxtpx:TrackPointExtension>
            <gpxtpx:hr>113</gpxtpx:hr>
          </gpxtpx:TrackPointExtension>
        </extensions>
      </trkpt>
      <trkpt lat="36.02616570032564" lon="119.39977982068181">
        <ele>60.09054139442742</ele>
        <time>2025-01-17T10:12:57Z</time>
        <extensions>
          <gpxtpx:TrackPointExtension>
            <gpxtpx:hr>108</gpxtpx:hr>
          </gpxtpx:TrackPointExtension>
        </extensions>
      </trkpt>
      <trkpt lat="36.02617816513261" lon="119.39977413590078">
        <ele>60.1496640117839</ele>
        <time>2025-01-17T10:12:58Z</time>
        <extensions>
          <gpxtpx:TrackPointExtension>
            <gpxtpx:hr>108</gpxtpx:hr>
          </gpxtpx:TrackPointExtension>
        </extensions>
      </trkpt>
      <trkpt lat="36.0261909746706" lon="119.39976926079846">
        <ele>60.20898413006216</ele>
        <time>2025-01-17T10:12:59Z</time>
        <extensions>
          <gpxtpx:TrackPointExtension>
            <gpxtpx:hr>108</gpxtpx:hr>
          </gpxtpx:TrackPointExtension>
        </extensions>
      </trkpt>
      <trkpt lat="36.02620465778214" lon="119.39976479496798">
        <ele>60.283691513352096</ele>
        <time>2025-01-17T10:13:00Z</time>
        <extensions>
          <gpxtpx:TrackPointExtension>
            <gpxtpx:hr>108</gpxtpx:hr>
          </gpxtpx:TrackPointExtension>
        </extensions>
      </trkpt>
      <trkpt lat="36.02621940495206" lon="119.39975978731461">
        <ele>60.371770076453686</ele>
        <time>2025-01-17T10:13:01Z</time>
        <extensions>
          <gpxtpx:TrackPointExtension>
            <gpxtpx:hr>108</gpxtpx:hr>
          </gpxtpx:TrackPointExtension>
        </extensions>
      </trkpt>
      <trkpt lat="36.02623485761966" lon="119.39975467375776">
        <ele>60.45627450477332</ele>
        <time>2025-01-17T10:13:02Z</time>
        <extensions>
          <gpxtpx:TrackPointExtension>
            <gpxtpx:hr>115</gpxtpx:hr>
          </gpxtpx:TrackPointExtension>
        </extensions>
      </trkpt>
      <trkpt lat="36.02625099591332" lon="119.39974995816836">
        <ele>60.54651120211929</ele>
        <time>2025-01-17T10:13:03Z</time>
        <extensions>
          <gpxtpx:TrackPointExtension>
            <gpxtpx:hr>115</gpxtpx:hr>
          </gpxtpx:TrackPointExtension>
        </extensions>
      </trkpt>
      <trkpt lat="36.02626919250151" lon="119.39974573105168">
        <ele>60.63461900409311</ele>
        <time>2025-01-17T10:13:04Z</time>
        <extensions>
          <gpxtpx:TrackPointExtension>
            <gpxtpx:hr>115</gpxtpx:hr>
          </gpxtpx:TrackPointExtension>
        </extensions>
      </trkpt>
      <trkpt lat="36.02628966353355" lon="119.39974215492391">
        <ele>60.7344462191686</ele>
        <time>2025-01-17T10:13:05Z</time>
        <extensions>
          <gpxtpx:TrackPointExtension>
            <gpxtpx:hr>115</gpxtpx:hr>
          </gpxtpx:TrackPointExtension>
        </extensions>
      </trkpt>
      <trkpt lat="36.02631312450075" lon="119.39974012494947">
        <ele>60.783453959040344</ele>
        <time>2025-01-17T10:13:06Z</time>
        <extensions>
          <gpxtpx:TrackPointExtension>
            <gpxtpx:hr>115</gpxtpx:hr>
          </gpxtpx:TrackPointExtension>
        </extensions>
      </trkpt>
      <trkpt lat="36.02634282174426" lon="119.39973907269483">
        <ele>60.81878964882344</ele>
        <time>2025-01-17T10:13:07Z</time>
        <extensions>
          <gpxtpx:TrackPointExtension>
            <gpxtpx:hr>118</gpxtpx:hr>
          </gpxtpx:TrackPointExtension>
        </extensions>
      </trkpt>
      <trkpt lat="36.02637150854748" lon="119.3997385776754">
        <ele>60.864556717686355</ele>
        <time>2025-01-17T10:13:08Z</time>
        <extensions>
          <gpxtpx:TrackPointExtension>
            <gpxtpx:hr>118</gpxtpx:hr>
          </gpxtpx:TrackPointExtension>
        </extensions>
      </trkpt>
      <trkpt lat="36.026394462741024" lon="119.39973950140188">
        <ele>60.930023562163115</ele>
        <time>2025-01-17T10:13:09Z</time>
        <extensions>
          <gpxtpx:TrackPointExtension>
            <gpxtpx:hr>118</gpxtpx:hr>
          </gpxtpx:TrackPointExtension>
        </extensions>
      </trkpt>
      <trkpt lat="36.02641465556899" lon="119.39974147551737">
        <ele>60.95317711960524</ele>
        <time>2025-01-17T10:13:10Z</time>
        <extensions>
          <gpxtpx:TrackPointExtension>
            <gpxtpx:hr>118</gpxtpx:hr>
          </gpxtpx:TrackPointExtension>
        </extensions>
      </trkpt>
      <trkpt lat="36.026436148731314" lon="119.39974495957362">
        <ele>60.95239209011197</ele>
        <time>2025-01-17T10:13:11Z</time>
        <extensions>
          <gpxtpx:TrackPointExtension>
            <gpxtpx:hr>118</gpxtpx:hr>
          </gpxtpx:TrackPointExtension>
        </extensions>
      </trkpt>
      <trkpt lat="36.02645933237719" lon="119.39975042721855">
        <ele>60.913204522803426</ele>
        <time>2025-01-17T10:13:12Z</time>
        <extensions>
          <gpxtpx:TrackPointExtension>
            <gpxtpx:hr>122</gpxtpx:hr>
          </gpxtpx:TrackPointExtension>
        </extensions>
      </trkpt>
      <trkpt lat="36.02648091918166" lon="119.399756759585">
        <ele>60.840113713406026</ele>
        <time>2025-01-17T10:13:13Z</time>
        <extensions>
          <gpxtpx:TrackPointExtension>
            <gpxtpx:hr>122</gpxtpx:hr>
          </gpxtpx:TrackPointExtension>
        </extensions>
      </trkpt>
      <trkpt lat="36.026506964212416" lon="119.39976463906554">
        <ele>60.76882594078779</ele>
        <time>2025-01-17T10:13:14Z</time>
        <extensions>
          <gpxtpx:TrackPointExtension>
            <gpxtpx:hr>122</gpxtpx:hr>
          </gpxtpx:TrackPointExtension>
        </extensions>
      </trkpt>
      <trkpt lat="36.02654095059383" lon="119.39977564315794">
        <ele>60.67607243079692</ele>
        <time>2025-01-17T10:13:15Z</time>
        <extensions>
          <gpxtpx:TrackPointExtension>
            <gpxtpx:hr>122</gpxtpx:hr>
          </gpxtpx:TrackPointExtension>
        </extensions>
      </trkpt>
      <trkpt lat="36.026576711795705" lon="119.39978977415045">
        <ele>60.596281258389354</ele>
        <time>2025-01-17T10:13:16Z</time>
        <extensions>
          <gpxtpx:TrackPointExtension>
            <gpxtpx:hr>122</gpxtpx:hr>
          </gpxtpx:TrackPointExtension>
        </extensions>
      </trkpt>
      <trkpt lat="36.026610763222045" lon="119.39980713015875">
        <ele>60.494491800665855</ele>
        <time>2025-01-17T10:13:17Z</time>
        <extensions>
          <gpxtpx:TrackPointExtension>
            <gpxtpx:hr>130</gpxtpx:hr>
          </gpxtpx:TrackPointExtension>
        </extensions>
      </trkpt>
      <trkpt lat="36.0266434057115" lon="119.39982788324812">
        <ele>60.38350226636976</ele>
        <time>2025-01-17T10:13:18Z</time>
        <extensions>
          <gpxtpx:TrackPointExtension>
            <gpxtpx:hr>130</gpxtpx:hr>
          </gpxtpx:TrackPointExtension>
        </extensions>
      </trkpt>
      <trkpt lat="36.02667372159817" lon="119.39984978639647">
        <ele>60.28696909267455</ele>
        <time>2025-01-17T10:13:19Z</time>
        <extensions>
          <gpxtpx:TrackPointExtension>
            <gpxtpx:hr>130</gpxtpx:hr>
          </gpxtpx:TrackPointExtension>
        </extensions>
      </trkpt>
      <trkpt lat="36.02670135103076" lon="119.39987093594115">
        <ele>60.17814984545112</ele>
        <time>2025-01-17T10:13:20Z</time>
        <extensions>
          <gpxtpx:TrackPointExtension>
            <gpxtpx:hr>130</gpxtpx:hr>
          </gpxtpx:TrackPointExtension>
        </extensions>
      </trkpt>
      <trkpt lat="36.02672718317061" lon="119.39989060706166">
        <ele>60.05402085650712</ele>
        <time>2025-01-17T10:13:21Z</time>
        <extensions>
          <gpxtpx:TrackPointExtension>
            <gpxtpx:hr>130</gpxtpx:hr>
          </gpxtpx:TrackPointExtension>
        </extensions>
      </trkpt>
      <trkpt lat="36.026752095662644" lon="119.39990813761234">
        <ele>59.922296482138336</ele>
        <time>2025-01-17T10:13:22Z</time>
        <extensions>
          <gpxtpx:TrackPointExtension>
            <gpxtpx:hr>130</gpxtpx:hr>
          </gpxtpx:TrackPointExtension>
        </extensions>
      </trkpt>
      <trkpt lat="36.02677725592683" lon="119.39992353422001">
        <ele>59.78359013609588</ele>
        <time>2025-01-17T10:13:23Z</time>
        <extensions>
          <gpxtpx:TrackPointExtension>
            <gpxtpx:hr>130</gpxtpx:hr>
          </gpxtpx:TrackPointExtension>
        </extensions>
      </trkpt>
      <trkpt lat="36.026803640763006" lon="119.39993666891566">
        <ele>59.68275538738817</ele>
        <time>2025-01-17T10:13:24Z</time>
        <extensions>
          <gpxtpx:TrackPointExtension>
            <gpxtpx:hr>138</gpxtpx:hr>
          </gpxtpx:TrackPointExtension>
        </extensions>
      </trkpt>
      <trkpt lat="36.02683083940877" lon="119.39994750076362">
        <ele>59.57720519974828</ele>
        <time>2025-01-17T10:13:25Z</time>
        <extensions>
          <gpxtpx:TrackPointExtension>
            <gpxtpx:hr>138</gpxtpx:hr>
          </gpxtpx:TrackPointExtension>
        </extensions>
      </trkpt>
      <trkpt lat="36.026858443057975" lon="119.3999558857982">
        <ele>59.482238970696926</ele>
        <time>2025-01-17T10:13:26Z</time>
        <extensions>
          <gpxtpx:TrackPointExtension>
            <gpxtpx:hr>138</gpxtpx:hr>
          </gpxtpx:TrackPointExtension>
        </extensions>
      </trkpt>
      <trkpt lat="36.02688697103831" lon="119.39996244801404">
        <ele>59.36501432862133</ele>
        <time>2025-01-17T10:13:27Z</time>
        <extensions>
          <gpxtpx:TrackPointExtension>
            <gpxtpx:hr>138</gpxtpx:hr>
          </gpxtpx:TrackPointExtension>
        </extensions>
      </trkpt>
      <trkpt lat="36.02691612396556" lon="119.39996740761563">
        <ele>59.242060019634664</ele>
        <time>2025-01-17T10:13:28Z</time>
        <extensions>
          <gpxtpx:TrackPointExtension>
            <gpxtpx:hr>138</gpxtpx:hr>
          </gpxtpx:TrackPointExtension>
        </extensions>
      </trkpt>
      <trkpt lat="36.02694504171832" lon="119.3999699552367">
        <ele>59.12772732228041</ele>
        <time>2025-01-17T10:13:29Z</time>
        <extensions>
          <gpxtpx:TrackPointExtension>
            <gpxtpx:hr>138</gpxtpx:hr>
          </gpxtpx:TrackPointExtension>
        </extensions>
      </trkpt>
      <trkpt lat="36.0269731380462" lon="119.39997022129475">
        <ele>59.031057831831276</ele>
        <time>2025-01-17T10:13:30Z</time>
        <extensions>
          <gpxtpx:TrackPointExtension>
            <gpxtpx:hr>142</gpxtpx:hr>
          </gpxtpx:TrackPointExtension>
        </extensions>
      </trkpt>
      <trkpt lat="36.02699965970405" lon="119.39996899948889">
        <ele>58.92517669685185</ele>
        <time>2025-01-17T10:13:31Z</time>
        <extensions>
          <gpxtpx:TrackPointExtension>
            <gpxtpx:hr>142</gpxtpx:hr>
          </gpxtpx:TrackPointExtension>
        </extensions>
      </trkpt>
      <trkpt lat="36.02702551314506" lon="119.3999679320057">
        <ele>58.830287454649806</ele>
        <time>2025-01-17T10:13:32Z</time>
        <extensions>
          <gpxtpx:TrackPointExtension>
            <gpxtpx:hr>142</gpxtpx:hr>
          </gpxtpx:TrackPointExtension>
        </extensions>
      </trkpt>
      <trkpt lat="36.027052108708396" lon="119.39996837711179">
        <ele>58.73071088362485</ele>
        <time>2025-01-17T10:13:33Z</time>
        <extensions>
          <gpxtpx:TrackPointExtension>
            <gpxtpx:hr>144</gpxtpx:hr>
          </gpxtpx:TrackPointExtension>
        </extensions>
      </trkpt>
      <trkpt lat="36.027077810809935" lon="119.39996994003484">
        <ele>58.617771269753575</ele>
        <time>2025-01-17T10:13:34Z</time>
        <extensions>
          <gpxtpx:TrackPointExtension>
            <gpxtpx:hr>144</gpxtpx:hr>
          </gpxtpx:TrackPointExtension>
        </extensions>
      </trkpt>
      <trkpt lat="36.02710174901792" lon="119.39997228764885">
        <ele>58.51614000182599</ele>
        <time>2025-01-17T10:13:35Z</time>
        <extensions>
          <gpxtpx:TrackPointExtension>
            <gpxtpx:hr>144</gpxtpx:hr>
          </gpxtpx:TrackPointExtension>
        </extensions>
      </trkpt>
      <trkpt lat="36.02712397177714" lon="119.39997678627071">
        <ele>58.41666634194553</ele>
        <time>2025-01-17T10:13:36Z</time>
        <extensions>
          <gpxtpx:TrackPointExtension>
            <gpxtpx:hr>144</gpxtpx:hr>
          </gpxtpx:TrackPointExtension>
        </extensions>
      </trkpt>
      <trkpt lat="36.0271430141595" lon="119.39998369032655">
        <ele>58.30091312713921</ele>
        <time>2025-01-17T10:13:37Z</time>
        <extensions>
          <gpxtpx:TrackPointExtension>
            <gpxtpx:hr>144</gpxtpx:hr>
          </gpxtpx:TrackPointExtension>
        </extensions>
      </trkpt>
      <trkpt lat="36.027157699422496" lon="119.39999260686947">
        <ele>58.18837778456509</ele>
        <time>2025-01-17T10:13:38Z</time>
        <extensions>
          <gpxtpx:TrackPointExtension>
            <gpxtpx:hr>144</gpxtpx:hr>
          </gpxtpx:TrackPointExtension>
        </extensions>
      </trkpt>
      <trkpt lat="36.02716793599538" lon="119.40000401270903">
        <ele>58.087891871109605</ele>
        <time>2025-01-17T10:13:39Z</time>
        <extensions>
          <gpxtpx:TrackPointExtension>
            <gpxtpx:hr>148</gpxtpx:hr>
          </gpxtpx:TrackPointExtension>
        </extensions>
      </trkpt>
      <trkpt lat="36.02717542795573" lon="119.40001803199192">
        <ele>58.00087717361748</ele>
        <time>2025-01-17T10:13:40Z</time>
        <extensions>
          <gpxtpx:TrackPointExtension>
            <gpxtpx:hr>148</gpxtpx:hr>
          </gpxtpx:TrackPointExtension>
        </extensions>
      </trkpt>
      <trkpt lat="36.027182740949456" lon="119.4000339400705">
        <ele>57.93304368201643</ele>
        <time>2025-01-17T10:13:41Z</time>
        <extensions>
          <gpxtpx:TrackPointExtension>
            <gpxtpx:hr>148</gpxtpx:hr>
          </gpxtpx:TrackPointExtension>
        </extensions>
      </trkpt>
      <trkpt lat="36.02719143125467" lon="119.40004937927462">
        <ele>57.874689837917686</ele>
        <time>2025-01-17T10:13:42Z</time>
        <extensions>
          <gpxtpx:TrackPointExtension>
            <gpxtpx:hr>148</gpxtpx:hr>
          </gpxtpx:TrackPointExtension>
        </extensions>
      </trkpt>
      <trkpt lat="36.02720154234562" lon="119.40006232507442">
        <ele>57.82663983479142</ele>
        <time>2025-01-17T10:13:43Z</time>
        <extensions>
          <gpxtpx:TrackPointExtension>
            <gpxtpx:hr>148</gpxtpx:hr>
          </gpxtpx:TrackPointExtension>
        </extensions>
      </trkpt>
      <trkpt lat="36.02721209800991" lon="119.40007414825862">
        <ele>57.78052101191133</ele>
        <time>2025-01-17T10:13:44Z</time>
        <extensions>
          <gpxtpx:TrackPointExtension>
            <gpxtpx:hr>148</gpxtpx:hr>
          </gpxtpx:TrackPointExtension>
        </extensions>
      </trkpt>
      <trkpt lat="36.02722163856844" lon="119.40008728923307">
        <ele>57.751708635129035</ele>
        <time>2025-01-17T10:13:45Z</time>
        <extensions>
          <gpxtpx:TrackPointExtension>
            <gpxtpx:hr>145</gpxtpx:hr>
          </gpxtpx:TrackPointExtension>
        </extensions>
      </trkpt>
      <trkpt lat="36.0272302592192" lon="119.40010190801881">
        <ele>57.73013834655285</ele>
        <time>2025-01-17T10:13:46Z</time>
        <extensions>
          <gpxtpx:TrackPointExtension>
            <gpxtpx:hr>145</gpxtpx:hr>
          </gpxtpx:TrackPointExtension>
        </extensions>
      </trkpt>
      <trkpt lat="36.02723915999164" lon="119.40011625279368">
        <ele>57.73335454054177</ele>
        <time>2025-01-17T10:13:47Z</time>
        <extensions>
          <gpxtpx:TrackPointExtension>
            <gpxtpx:hr>145</gpxtpx:hr>
          </gpxtpx:TrackPointExtension>
        </extensions>
      </trkpt>
      <trkpt lat="36.02724889207628" lon="119.40012909043224">
        <ele>57.74777927529067</ele>
        <time>2025-01-17T10:13:48Z</time>
        <extensions>
          <gpxtpx:TrackPointExtension>
            <gpxtpx:hr>145</gpxtpx:hr>
          </gpxtpx:TrackPointExtension>
        </extensions>
      </trkpt>
      <trkpt lat="36.02725997032962" lon="119.40014014954478">
        <ele>57.74622663948685</ele>
        <time>2025-01-17T10:13:49Z</time>
        <extensions>
          <gpxtpx:TrackPointExtension>
            <gpxtpx:hr>145</gpxtpx:hr>
          </gpxtpx:TrackPointExtension>
        </extensions>
      </trkpt>
      <trkpt lat="36.027270914703706" lon="119.40014982913232">
        <ele>57.75753400567919</ele>
        <time>2025-01-17T10:13:50Z</time>
        <extensions>
          <gpxtpx:TrackPointExtension>
            <gpxtpx:hr>144</gpxtpx:hr>
          </gpxtpx:TrackPointExtension>
        </extensions>
      </trkpt>
      <trkpt lat="36.0272807310703" lon="119.4001586794084">
        <ele>57.78077143244445</ele>
        <time>2025-01-17T10:13:51Z</time>
        <extensions>
          <gpxtpx:TrackPointExtension>
            <gpxtpx:hr>144</gpxtpx:hr>
          </gpxtpx:TrackPointExtension>
        </extensions>
      </trkpt>
      <trkpt lat="36.02729071194443" lon="119.40016684732419">
        <ele>57.803727339953184</ele>
        <time>2025-01-17T10:13:52Z</time>
        <extensions>
          <gpxtpx:TrackPointExtension>
            <gpxtpx:hr>144</gpxtpx:hr>
          </gpxtpx:TrackPointExtension>
        </extensions>
      </trkpt>
      <trkpt lat="36.02730126810342" lon="119.40017489194427">
        <ele>57.831637487746775</ele>
        <time>2025-01-17T10:13:53Z</time>
        <extensions>
          <gpxtpx:TrackPointExtension>
            <gpxtpx:hr>144</gpxtpx:hr>
          </gpxtpx:TrackPointExtension>
        </extensions>
      </trkpt>
      <trkpt lat="36.02731145560829" lon="119.4001841593566">
        <ele>57.87561926804483</ele>
        <time>2025-01-17T10:13:54Z</time>
        <extensions>
          <gpxtpx:TrackPointExtension>
            <gpxtpx:hr>144</gpxtpx:hr>
          </gpxtpx:TrackPointExtension>
        </extensions>
      </trkpt>
      <trkpt lat="36.027320947376694" lon="119.40019485546651">
        <ele>57.91304273810238</ele>
        <time>2025-01-17T10:13:55Z</time>
        <extensions>
          <gpxtpx:TrackPointExtension>
            <gpxtpx:hr>142</gpxtpx:hr>
          </gpxtpx:TrackPointExtension>
        </extensions>
      </trkpt>
      <trkpt lat="36.0273300831353" lon="119.40020617204127">
        <ele>57.947559288702905</ele>
        <time>2025-01-17T10:13:56Z</time>
        <extensions>
          <gpxtpx:TrackPointExtension>
            <gpxtpx:hr>142</gpxtpx:hr>
          </gpxtpx:TrackPointExtension>
        </extensions>
      </trkpt>
      <trkpt lat="36.02733906205173" lon="119.40021734909119">
        <ele>57.986444272100925</ele>
        <time>2025-01-17T10:13:57Z</time>
        <extensions>
          <gpxtpx:TrackPointExtension>
            <gpxtpx:hr>142</gpxtpx:hr>
          </gpxtpx:TrackPointExtension>
        </extensions>
      </trkpt>
      <trkpt lat="36.02734781048693" lon="119.40022780367703">
        <ele>58.026501196436584</ele>
        <time>2025-01-17T10:13:58Z</time>
        <extensions>
          <gpxtpx:TrackPointExtension>
            <gpxtpx:hr>142</gpxtpx:hr>
          </gpxtpx:TrackPointExtension>
        </extensions>
      </trkpt>
      <trkpt lat="36.02735641810183" lon="119.40023740286892">
        <ele>58.06276533845812</ele>
        <time>2025-01-17T10:13:59Z</time>
        <extensions>
          <gpxtpx:TrackPointExtension>
            <gpxtpx:hr>142</gpxtpx:hr>
          </gpxtpx:TrackPointExtension>
        </extensions>
      </trkpt>
      <trkpt lat="36.02736545985094" lon="119.40024632950913">
        <ele>58.104378309100866</ele>
        <time>2025-01-17T10:14:00Z</time>
        <extensions>
          <gpxtpx:TrackPointExtension>
            <gpxtpx:hr>142</gpxtpx:hr>
          </gpxtpx:TrackPointExtension>
        </extensions>
      </trkpt>
      <trkpt lat="36.0273750920417" lon="119.4002549669159">
        <ele>58.13346918579191</ele>
        <time>2025-01-17T10:14:01Z</time>
        <extensions>
          <gpxtpx:TrackPointExtension>
            <gpxtpx:hr>142</gpxtpx:hr>
          </gpxtpx:TrackPointExtension>
        </extensions>
      </trkpt>
      <trkpt lat="36.027385151158924" lon="119.40026332040209">
        <ele>58.163885183632374</ele>
        <time>2025-01-17T10:14:02Z</time>
        <extensions>
          <gpxtpx:TrackPointExtension>
            <gpxtpx:hr>142</gpxtpx:hr>
          </gpxtpx:TrackPointExtension>
        </extensions>
      </trkpt>
      <trkpt lat="36.02739562261511" lon="119.40027115752633">
        <ele>58.196279915980995</ele>
        <time>2025-01-17T10:14:03Z</time>
        <extensions>
          <gpxtpx:TrackPointExtension>
            <gpxtpx:hr>137</gpxtpx:hr>
          </gpxtpx:TrackPointExtension>
        </extensions>
      </trkpt>
      <trkpt lat="36.02740672149045" lon="119.4002787522489">
        <ele>58.23081892542541</ele>
        <time>2025-01-17T10:14:04Z</time>
        <extensions>
          <gpxtpx:TrackPointExtension>
            <gpxtpx:hr>137</gpxtpx:hr>
          </gpxtpx:TrackPointExtension>
        </extensions>
      </trkpt>
      <trkpt lat="36.02741836785847" lon="119.40028672224128">
        <ele>58.25681472290307</ele>
        <time>2025-01-17T10:14:05Z</time>
        <extensions>
          <gpxtpx:TrackPointExtension>
            <gpxtpx:hr>137</gpxtpx:hr>
          </gpxtpx:TrackPointExtension>
        </extensions>
      </trkpt>
      <trkpt lat="36.027430148054904" lon="119.40029491700051">
        <ele>58.28681135736406</ele>
        <time>2025-01-17T10:14:06Z</time>
        <extensions>
          <gpxtpx:TrackPointExtension>
            <gpxtpx:hr>137</gpxtpx:hr>
          </gpxtpx:TrackPointExtension>
        </extensions>
      </trkpt>
      <trkpt lat="36.027442009210795" lon="119.40030300571965">
        <ele>58.310120488516986</ele>
        <time>2025-01-17T10:14:07Z</time>
        <extensions>
          <gpxtpx:TrackPointExtension>
            <gpxtpx:hr>137</gpxtpx:hr>
          </gpxtpx:TrackPointExtension>
        </extensions>
      </trkpt>
      <trkpt lat="36.027453962658846" lon="119.4003107927349">
        <ele>58.33979952894151</ele>
        <time>2025-01-17T10:14:08Z</time>
        <extensions>
          <gpxtpx:TrackPointExtension>
            <gpxtpx:hr>137</gpxtpx:hr>
          </gpxtpx:TrackPointExtension>
        </extensions>
      </trkpt>
      <trkpt lat="36.02746588495365" lon="119.40031819948868">
        <ele>58.37608208227903</ele>
        <time>2025-01-17T10:14:09Z</time>
        <extensions>
          <gpxtpx:TrackPointExtension>
            <gpxtpx:hr>133</gpxtpx:hr>
          </gpxtpx:TrackPointExtension>
        </extensions>
      </trkpt>
      <trkpt lat="36.027477369003336" lon="119.4003253855985">
        <ele>58.41804245952517</ele>
        <time>2025-01-17T10:14:10Z</time>
        <extensions>
          <gpxtpx:TrackPointExtension>
            <gpxtpx:hr>133</gpxtpx:hr>
          </gpxtpx:TrackPointExtension>
        </extensions>
      </trkpt>
      <trkpt lat="36.02748837085549" lon="119.40033299187891">
        <ele>58.463164751417935</ele>
        <time>2025-01-17T10:14:11Z</time>
        <extensions>
          <gpxtpx:TrackPointExtension>
            <gpxtpx:hr>133</gpxtpx:hr>
          </gpxtpx:TrackPointExtension>
        </extensions>
      </trkpt>
      <trkpt lat="36.02749866667677" lon="119.4003412942695">
        <ele>58.49792875442654</ele>
        <time>2025-01-17T10:14:12Z</time>
        <extensions>
          <gpxtpx:TrackPointExtension>
            <gpxtpx:hr>133</gpxtpx:hr>
          </gpxtpx:TrackPointExtension>
        </extensions>
      </trkpt>
      <trkpt lat="36.02750861032061" lon="119.400349969245">
        <ele>58.52916554175317</ele>
        <time>2025-01-17T10:14:13Z</time>
        <extensions>
          <gpxtpx:TrackPointExtension>
            <gpxtpx:hr>133</gpxtpx:hr>
          </gpxtpx:TrackPointExtension>
        </extensions>
      </trkpt>
      <trkpt lat="36.02751900207381" lon="119.40035856874687">
        <ele>58.55910762399435</ele>
        <time>2025-01-17T10:14:14Z</time>
        <extensions>
          <gpxtpx:TrackPointExtension>
            <gpxtpx:hr>129</gpxtpx:hr>
          </gpxtpx:TrackPointExtension>
        </extensions>
      </trkpt>
      <trkpt lat="36.02752980583166" lon="119.40036704456865">
        <ele>58.58691649697721</ele>
        <time>2025-01-17T10:14:15Z</time>
        <extensions>
          <gpxtpx:TrackPointExtension>
            <gpxtpx:hr>129</gpxtpx:hr>
          </gpxtpx:TrackPointExtension>
        </extensions>
      </trkpt>
      <trkpt lat="36.02754058325643" lon="119.40037560769416">
        <ele>58.6137714786455</ele>
        <time>2025-01-17T10:14:16Z</time>
        <extensions>
          <gpxtpx:TrackPointExtension>
            <gpxtpx:hr>129</gpxtpx:hr>
          </gpxtpx:TrackPointExtension>
        </extensions>
      </trkpt>
      <trkpt lat="36.027551267907" lon="119.40038454874032">
        <ele>58.63809797633439</ele>
        <time>2025-01-17T10:14:17Z</time>
        <extensions>
          <gpxtpx:TrackPointExtension>
            <gpxtpx:hr>129</gpxtpx:hr>
          </gpxtpx:TrackPointExtension>
        </extensions>
      </trkpt>
      <trkpt lat="36.027562006251955" lon="119.40039415684001">
        <ele>58.665484461933374</ele>
        <time>2025-01-17T10:14:18Z</time>
        <extensions>
          <gpxtpx:TrackPointExtension>
            <gpxtpx:hr>129</gpxtpx:hr>
          </gpxtpx:TrackPointExtension>
        </extensions>
      </trkpt>
      <trkpt lat="36.02757288291907" lon="119.40040425022276">
        <ele>58.68832718022168</ele>
        <time>2025-01-17T10:14:19Z</time>
        <extensions>
          <gpxtpx:TrackPointExtension>
            <gpxtpx:hr>129</gpxtpx:hr>
          </gpxtpx:TrackPointExtension>
        </extensions>
      </trkpt>
      <trkpt lat="36.027584038171604" lon="119.40041418440663">
        <ele>58.71713203936815</ele>
        <time>2025-01-17T10:14:20Z</time>
        <extensions>
          <gpxtpx:TrackPointExtension>
            <gpxtpx:hr>121</gpxtpx:hr>
          </gpxtpx:TrackPointExtension>
        </extensions>
      </trkpt>
      <trkpt lat="36.02759527984442" lon="119.40042385019878">
        <ele>58.7383033381775</ele>
        <time>2025-01-17T10:14:21Z</time>
        <extensions>
          <gpxtpx:TrackPointExtension>
            <gpxtpx:hr>121</gpxtpx:hr>
          </gpxtpx:TrackPointExtension>
        </extensions>
      </trkpt>
      <trkpt lat="36.027605994098735" lon="119.4004334290331">
        <ele>58.7509685177356</ele>
        <time>2025-01-17T10:14:22Z</time>
        <extensions>
          <gpxtpx:TrackPointExtension>
            <gpxtpx:hr>121</gpxtpx:hr>
          </gpxtpx:TrackPointExtension>
        </extensions>
      </trkpt>
      <trkpt lat="36.02761645499776" lon="119.40044323802047">
        <ele>58.76473988685757</ele>
        <time>2025-01-17T10:14:23Z</time>
        <extensions>
          <gpxtpx:TrackPointExtension>
            <gpxtpx:hr>121</gpxtpx:hr>
          </gpxtpx:TrackPointExtension>
        </extensions>
      </trkpt>
      <trkpt lat="36.02762691020262" lon="119.40045322593309">
        <ele>58.77745035011321</ele>
        <time>2025-01-17T10:14:24Z</time>
        <extensions>
          <gpxtpx:TrackPointExtension>
            <gpxtpx:hr>120</gpxtpx:hr>
          </gpxtpx:TrackPointExtension>
        </extensions>
      </trkpt>
      <trkpt lat="36.02763733637439" lon="119.40046252880352">
        <ele>58.77541427779943</ele>
        <time>2025-01-17T10:14:25Z</time>
        <extensions>
          <gpxtpx:TrackPointExtension>
            <gpxtpx:hr>120</gpxtpx:hr>
          </gpxtpx:TrackPointExtension>
        </extensions>
      </trkpt>
      <trkpt lat="36.02764789995587" lon="119.40047067922627">
        <ele>58.786239177919924</ele>
        <time>2025-01-17T10:14:26Z</time>
        <extensions>
          <gpxtpx:TrackPointExtension>
            <gpxtpx:hr>120</gpxtpx:hr>
          </gpxtpx:TrackPointExtension>
        </extensions>
      </trkpt>
      <trkpt lat="36.02765785520056" lon="119.40047812608267">
        <ele>58.78967029321939</ele>
        <time>2025-01-17T10:14:27Z</time>
        <extensions>
          <gpxtpx:TrackPointExtension>
            <gpxtpx:hr>120</gpxtpx:hr>
          </gpxtpx:TrackPointExtension>
        </extensions>
      </trkpt>
      <trkpt lat="36.02766683269471" lon="119.40048610220202">
        <ele>58.81077457405627</ele>
        <time>2025-01-17T10:14:28Z</time>
        <extensions>
          <gpxtpx:TrackPointExtension>
            <gpxtpx:hr>116</gpxtpx:hr>
          </gpxtpx:TrackPointExtension>
        </extensions>
      </trkpt>
      <trkpt lat="36.027675714500546" lon="119.40049580877631">
        <ele>58.81654759310186</ele>
        <time>2025-01-17T10:14:29Z</time>
        <extensions>
          <gpxtpx:TrackPointExtension>
            <gpxtpx:hr>116</gpxtpx:hr>
          </gpxtpx:TrackPointExtension>
        </extensions>
      </trkpt>
      <trkpt lat="36.02768544617657" lon="119.40050796289903">
        <ele>58.903364394791424</ele>
        <time>2025-01-17T10:14:30Z</time>
        <extensions>
          <gpxtpx:TrackPointExtension>
            <gpxtpx:hr>116</gpxtpx:hr>
          </gpxtpx:TrackPointExtension>
        </extensions>
      </trkpt>
      <trkpt lat="36.027696158753244" lon="119.40052216878925">
        <ele>59.01038183271885</ele>
        <time>2025-01-17T10:14:31Z</time>
        <extensions>
          <gpxtpx:TrackPointExtension>
            <gpxtpx:hr>116</gpxtpx:hr>
          </gpxtpx:TrackPointExtension>
        </extensions>
      </trkpt>
      <trkpt lat="36.027707066474356" lon="119.40053736797653">
        <ele>59.13888129312545</ele>
        <time>2025-01-17T10:14:32Z</time>
        <extensions>
          <gpxtpx:TrackPointExtension>
            <gpxtpx:hr>116</gpxtpx:hr>
          </gpxtpx:TrackPointExtension>
        </extensions>
      </trkpt>
      <trkpt lat="36.0277184220553" lon="119.40055301578724">
        <ele>59.23002887517214</ele>
        <time>2025-01-17T10:14:33Z</time>
        <extensions>
          <gpxtpx:TrackPointExtension>
            <gpxtpx:hr>114</gpxtpx:hr>
          </gpxtpx:TrackPointExtension>
        </extensions>
      </trkpt>
      <trkpt lat="36.027730997250146" lon="119.40056825652775">
        <ele>59.29906849190593</ele>
        <time>2025-01-17T10:14:34Z</time>
        <extensions>
          <gpxtpx:TrackPointExtension>
            <gpxtpx:hr>114</gpxtpx:hr>
          </gpxtpx:TrackPointExtension>
        </extensions>
      </trkpt>
      <trkpt lat="36.027744742939426" lon="119.40058231210325">
        <ele>59.37077748402953</ele>
        <time>2025-01-17T10:14:35Z</time>
        <extensions>
          <gpxtpx:TrackPointExtension>
            <gpxtpx:hr>114</gpxtpx:hr>
          </gpxtpx:TrackPointExtension>
        </extensions>
      </trkpt>
      <trkpt lat="36.02775959821402" lon="119.40059695012012">
        <ele>59.39270739722997</ele>
        <time>2025-01-17T10:14:36Z</time>
        <extensions>
          <gpxtpx:TrackPointExtension>
            <gpxtpx:hr>114</gpxtpx:hr>
          </gpxtpx:TrackPointExtension>
        </extensions>
      </trkpt>
      <trkpt lat="36.02777569735415" lon="119.40061240506344">
        <ele>59.42366535309702</ele>
        <time>2025-01-17T10:14:37Z</time>
        <extensions>
          <gpxtpx:TrackPointExtension>
            <gpxtpx:hr>116</gpxtpx:hr>
          </gpxtpx:TrackPointExtension>
        </extensions>
      </trkpt>
      <trkpt lat="36.027793139867164" lon="119.40062600230418">
        <ele>59.440548232756555</ele>
        <time>2025-01-17T10:14:38Z</time>
        <extensions>
          <gpxtpx:TrackPointExtension>
            <gpxtpx:hr>116</gpxtpx:hr>
          </gpxtpx:TrackPointExtension>
        </extensions>
      </trkpt>
      <trkpt lat="36.02781623896303" lon="119.4006363522496">
        <ele>59.49794669728726</ele>
        <time>2025-01-17T10:14:39Z</time>
        <extensions>
          <gpxtpx:TrackPointExtension>
            <gpxtpx:hr>116</gpxtpx:hr>
          </gpxtpx:TrackPointExtension>
        </extensions>
      </trkpt>
      <trkpt lat="36.02784981625308" lon="119.40064240243402">
        <ele>59.560507042333484</ele>
        <time>2025-01-17T10:14:40Z</time>
        <extensions>
          <gpxtpx:TrackPointExtension>
            <gpxtpx:hr>116</gpxtpx:hr>
          </gpxtpx:TrackPointExtension>
        </extensions>
      </trkpt>
      <trkpt lat="36.027890513485794" lon="119.40064225369001">
        <ele>59.62386570777744</ele>
        <time>2025-01-17T10:14:41Z</time>
        <extensions>
          <gpxtpx:TrackPointExtension>
            <gpxtpx:hr>116</gpxtpx:hr>
          </gpxtpx:TrackPointExtension>
        </extensions>
      </trkpt>
      <trkpt lat="36.027933481017946" lon="119.40063569612563">
        <ele>59.68216767348349</ele>
        <time>2025-01-17T10:14:42Z</time>
        <extensions>
          <gpxtpx:TrackPointExtension>
            <gpxtpx:hr>122</gpxtpx:hr>
          </gpxtpx:TrackPointExtension>
        </extensions>
      </trkpt>
      <trkpt lat="36.02797549469409" lon="119.40062414990845">
        <ele>59.72695952747017</ele>
        <time>2025-01-17T10:14:43Z</time>
        <extensions>
          <gpxtpx:TrackPointExtension>
            <gpxtpx:hr>122</gpxtpx:hr>
          </gpxtpx:TrackPointExtension>
        </extensions>
      </trkpt>
      <trkpt lat="36.02801409824251" lon="119.40060903933227">
        <ele>59.7875838810578</ele>
        <time>2025-01-17T10:14:44Z</time>
        <extensions>
          <gpxtpx:TrackPointExtension>
            <gpxtpx:hr>122</gpxtpx:hr>
          </gpxtpx:TrackPointExtension>
        </extensions>
      </trkpt>
      <trkpt lat="36.02805032530703" lon="119.40059161853338">
        <ele>59.86799053940922</ele>
        <time>2025-01-17T10:14:45Z</time>
        <extensions>
          <gpxtpx:TrackPointExtension>
            <gpxtpx:hr>122</gpxtpx:hr>
          </gpxtpx:TrackPointExtension>
        </extensions>
      </trkpt>
      <trkpt lat="36.028085091958765" lon="119.40057420867508">
        <ele>59.99535463843495</ele>
        <time>2025-01-17T10:14:46Z</time>
        <extensions>
          <gpxtpx:TrackPointExtension>
            <gpxtpx:hr>122</gpxtpx:hr>
          </gpxtpx:TrackPointExtension>
        </extensions>
      </trkpt>
      <trkpt lat="36.02811800536093" lon="119.40055826841618">
        <ele>60.104615163989365</ele>
        <time>2025-01-17T10:14:47Z</time>
        <extensions>
          <gpxtpx:TrackPointExtension>
            <gpxtpx:hr>130</gpxtpx:hr>
          </gpxtpx:TrackPointExtension>
        </extensions>
      </trkpt>
      <trkpt lat="36.02814937618682" lon="119.40054343430346">
        <ele>60.21142298262566</ele>
        <time>2025-01-17T10:14:48Z</time>
        <extensions>
          <gpxtpx:TrackPointExtension>
            <gpxtpx:hr>130</gpxtpx:hr>
          </gpxtpx:TrackPointExtension>
        </extensions>
      </trkpt>
      <trkpt lat="36.02817838373922" lon="119.40052953529157">
        <ele>60.329869384877384</ele>
        <time>2025-01-17T10:14:49Z</time>
        <extensions>
          <gpxtpx:TrackPointExtension>
            <gpxtpx:hr>130</gpxtpx:hr>
          </gpxtpx:TrackPointExtension>
        </extensions>
      </trkpt>
      <trkpt lat="36.0282055084316" lon="119.4005150585528">
        <ele>60.4748355941847</ele>
        <time>2025-01-17T10:14:50Z</time>
        <extensions>
          <gpxtpx:TrackPointExtension>
            <gpxtpx:hr>130</gpxtpx:hr>
          </gpxtpx:TrackPointExtension>
        </extensions>
      </trkpt>
      <trkpt lat="36.02823269949855" lon="119.40049888571446">
        <ele>60.58072186913341</ele>
        <time>2025-01-17T10:14:51Z</time>
        <extensions>
          <gpxtpx:TrackPointExtension>
            <gpxtpx:hr>130</gpxtpx:hr>
          </gpxtpx:TrackPointExtension>
        </extensions>
      </trkpt>
      <trkpt lat="36.02826015311935" lon="119.40048303406977">
        <ele>60.71850607916713</ele>
        <time>2025-01-17T10:14:52Z</time>
        <extensions>
          <gpxtpx:TrackPointExtension>
            <gpxtpx:hr>138</gpxtpx:hr>
          </gpxtpx:TrackPointExtension>
        </extensions>
      </trkpt>
      <trkpt lat="36.02828902833329" lon="119.40046844532469">
        <ele>60.85676620900631</ele>
        <time>2025-01-17T10:14:53Z</time>
        <extensions>
          <gpxtpx:TrackPointExtension>
            <gpxtpx:hr>138</gpxtpx:hr>
          </gpxtpx:TrackPointExtension>
        </extensions>
      </trkpt>
      <trkpt lat="36.02831975473546" lon="119.40045456804836">
        <ele>60.99592201691121</ele>
        <time>2025-01-17T10:14:54Z</time>
        <extensions>
          <gpxtpx:TrackPointExtension>
            <gpxtpx:hr>138</gpxtpx:hr>
          </gpxtpx:TrackPointExtension>
        </extensions>
      </trkpt>
      <trkpt lat="36.02835087246505" lon="119.40044127395429">
        <ele>61.12792652938515</ele>
        <time>2025-01-17T10:14:55Z</time>
        <extensions>
          <gpxtpx:TrackPointExtension>
            <gpxtpx:hr>138</gpxtpx:hr>
          </gpxtpx:TrackPointExtension>
        </extensions>
      </trkpt>
      <trkpt lat="36.028381844164926" lon="119.40042763060991">
        <ele>61.23653183411807</ele>
        <time>2025-01-17T10:14:56Z</time>
        <extensions>
          <gpxtpx:TrackPointExtension>
            <gpxtpx:hr>138</gpxtpx:hr>
          </gpxtpx:TrackPointExtension>
        </extensions>
      </trkpt>
      <trkpt lat="36.028412764769314" lon="119.4004138578284">
        <ele>61.33394475374371</ele>
        <time>2025-01-17T10:14:57Z</time>
        <extensions>
          <gpxtpx:TrackPointExtension>
            <gpxtpx:hr>142</gpxtpx:hr>
          </gpxtpx:TrackPointExtension>
        </extensions>
      </trkpt>
      <trkpt lat="36.0284441582819" lon="119.40040075664024">
        <ele>61.390173368155956</ele>
        <time>2025-01-17T10:14:58Z</time>
        <extensions>
          <gpxtpx:TrackPointExtension>
            <gpxtpx:hr>142</gpxtpx:hr>
          </gpxtpx:TrackPointExtension>
        </extensions>
      </trkpt>
      <trkpt lat="36.028476220885" lon="119.40038862051047">
        <ele>61.416328261606395</ele>
        <time>2025-01-17T10:14:59Z</time>
        <extensions>
          <gpxtpx:TrackPointExtension>
            <gpxtpx:hr>142</gpxtpx:hr>
          </gpxtpx:TrackPointExtension>
        </extensions>
      </trkpt>
      <trkpt lat="36.028507679466706" lon="119.40037793633398">
        <ele>61.43963233847171</ele>
        <time>2025-01-17T10:15:00Z</time>
        <extensions>
          <gpxtpx:TrackPointExtension>
            <gpxtpx:hr>142</gpxtpx:hr>
          </gpxtpx:TrackPointExtension>
        </extensions>
      </trkpt>
      <trkpt lat="36.028538545928" lon="119.40036784692444">
        <ele>61.43149992637336</ele>
        <time>2025-01-17T10:15:01Z</time>
        <extensions>
          <gpxtpx:TrackPointExtension>
            <gpxtpx:hr>142</gpxtpx:hr>
          </gpxtpx:TrackPointExtension>
        </extensions>
      </trkpt>
      <trkpt lat="36.02856880223327" lon="119.40035781699953">
        <ele>61.41912392061204</ele>
        <time>2025-01-17T10:15:02Z</time>
        <extensions>
          <gpxtpx:TrackPointExtension>
            <gpxtpx:hr>148</gpxtpx:hr>
          </gpxtpx:TrackPointExtension>
        </extensions>
      </trkpt>
      <trkpt lat="36.02859818354505" lon="119.40034820520926">
        <ele>61.394055713899434</ele>
        <time>2025-01-17T10:15:03Z</time>
        <extensions>
          <gpxtpx:TrackPointExtension>
            <gpxtpx:hr>148</gpxtpx:hr>
          </gpxtpx:TrackPointExtension>
        </extensions>
      </trkpt>
      <trkpt lat="36.02862718644429" lon="119.4003384899283">
        <ele>61.371194675564766</ele>
        <time>2025-01-17T10:15:04Z</time>
        <extensions>
          <gpxtpx:TrackPointExtension>
            <gpxtpx:hr>148</gpxtpx:hr>
          </gpxtpx:TrackPointExtension>
        </extensions>
      </trkpt>
      <trkpt lat="36.02865511501863" lon="119.40032899750582">
        <ele>61.35099352430552</ele>
        <time>2025-01-17T10:15:05Z</time>
        <extensions>
          <gpxtpx:TrackPointExtension>
            <gpxtpx:hr>148</gpxtpx:hr>
          </gpxtpx:TrackPointExtension>
        </extensions>
      </trkpt>
      <trkpt lat="36.02868041570121" lon="119.40032054994978">
        <ele>61.31852582655847</ele>
        <time>2025-01-17T10:15:06Z</time>
        <extensions>
          <gpxtpx:TrackPointExtension>
            <gpxtpx:hr>148</gpxtpx:hr>
          </gpxtpx:TrackPointExtension>
        </extensions>
      </trkpt>
      <trkpt lat="36.02870225253243" lon="119.40031326774451">
        <ele>61.2986611938104</ele>
        <time>2025-01-17T10:15:07Z</time>
        <extensions>
          <gpxtpx:TrackPointExtension>
            <gpxtpx:hr>148</gpxtpx:hr>
          </gpxtpx:TrackPointExtension>
        </extensions>
      </trkpt>
      <trkpt lat="36.02872067286908" lon="119.40030727264569">
        <ele>61.279119160957634</ele>
        <time>2025-01-17T10:15:08Z</time>
        <extensions>
          <gpxtpx:TrackPointExtension>
            <gpxtpx:hr>148</gpxtpx:hr>
          </gpxtpx:TrackPointExtension>
        </extensions>
      </trkpt>
      <trkpt lat="36.028736142803076" lon="119.40030219795607">
        <ele>61.26685493718833</ele>
        <time>2025-01-17T10:15:09Z</time>
        <extensions>
          <gpxtpx:TrackPointExtension>
            <gpxtpx:hr>154</gpxtpx:hr>
          </gpxtpx:TrackPointExtension>
        </extensions>
      </trkpt>
      <trkpt lat="36.02874943366973" lon="119.40029781581089">
        <ele>61.268734271638095</ele>
        <time>2025-01-17T10:15:10Z</time>
        <extensions>
          <gpxtpx:TrackPointExtension>
            <gpxtpx:hr>154</gpxtpx:hr>
          </gpxtpx:TrackPointExtension>
        </extensions>
      </trkpt>
      <trkpt lat="36.02876169452058" lon="119.40029466100059">
        <ele>61.283459486439824</ele>
        <time>2025-01-17T10:15:11Z</time>
        <extensions>
          <gpxtpx:TrackPointExtension>
            <gpxtpx:hr>154</gpxtpx:hr>
          </gpxtpx:TrackPointExtension>
        </extensions>
      </trkpt>
      <trkpt lat="36.02877417920165" lon="119.40029359375872">
        <ele>61.2986771883443</ele>
        <time>2025-01-17T10:15:12Z</time>
        <extensions>
          <gpxtpx:TrackPointExtension>
            <gpxtpx:hr>154</gpxtpx:hr>
          </gpxtpx:TrackPointExtension>
        </extensions>
      </trkpt>
      <trkpt lat="36.02878740126655" lon="119.4002949943413">
        <ele>61.324086661450565</ele>
        <time>2025-01-17T10:15:13Z</time>
        <extensions>
          <gpxtpx:TrackPointExtension>
            <gpxtpx:hr>154</gpxtpx:hr>
          </gpxtpx:TrackPointExtension>
        </extensions>
      </trkpt>
      <trkpt lat="36.028800750586" lon="119.40029789036923">
        <ele>61.35685778968036</ele>
        <time>2025-01-17T10:15:14Z</time>
        <extensions>
          <gpxtpx:TrackPointExtension>
            <gpxtpx:hr>154</gpxtpx:hr>
          </gpxtpx:TrackPointExtension>
        </extensions>
      </trkpt>
      <trkpt lat="36.02881271024409" lon="119.40030041237807">
        <ele>61.38310569990426</ele>
        <time>2025-01-17T10:15:15Z</time>
        <extensions>
          <gpxtpx:TrackPointExtension>
            <gpxtpx:hr>154</gpxtpx:hr>
          </gpxtpx:TrackPointExtension>
        </extensions>
      </trkpt>
      <trkpt lat="36.02882305666802" lon="119.40030051077922">
        <ele>61.40847309306264</ele>
        <time>2025-01-17T10:15:16Z</time>
        <extensions>
          <gpxtpx:TrackPointExtension>
            <gpxtpx:hr>154</gpxtpx:hr>
          </gpxtpx:TrackPointExtension>
        </extensions>
      </trkpt>
      <trkpt lat="36.02883348872577" lon="119.40029728286397">
        <ele>61.44479351770133</ele>
        <time>2025-01-17T10:15:17Z</time>
        <extensions>
          <gpxtpx:TrackPointExtension>
            <gpxtpx:hr>154</gpxtpx:hr>
          </gpxtpx:TrackPointExtension>
        </extensions>
      </trkpt>
      <trkpt lat="36.02884475257959" lon="119.40029184335476">
        <ele>61.503262374550104</ele>
        <time>2025-01-17T10:15:18Z</time>
        <extensions>
          <gpxtpx:TrackPointExtension>
            <gpxtpx:hr>154</gpxtpx:hr>
          </gpxtpx:TrackPointExtension>
        </extensions>
      </trkpt>
      <trkpt lat="36.02885654004754" lon="119.40028665615529">
        <ele>61.54406615253538</ele>
        <time>2025-01-17T10:15:19Z</time>
        <extensions>
          <gpxtpx:TrackPointExtension>
            <gpxtpx:hr>154</gpxtpx:hr>
          </gpxtpx:TrackPointExtension>
        </extensions>
      </trkpt>
      <trkpt lat="36.02886885953395" lon="119.40028337461273">
        <ele>61.55408253055066</ele>
        <time>2025-01-17T10:15:20Z</time>
        <extensions>
          <gpxtpx:TrackPointExtension>
            <gpxtpx:hr>157</gpxtpx:hr>
          </gpxtpx:TrackPointExtension>
        </extensions>
      </trkpt>
      <trkpt lat="36.028881472259286" lon="119.4002824543669">
        <ele>61.526906290091574</ele>
        <time>2025-01-17T10:15:21Z</time>
        <extensions>
          <gpxtpx:TrackPointExtension>
            <gpxtpx:hr>157</gpxtpx:hr>
          </gpxtpx:TrackPointExtension>
        </extensions>
      </trkpt>
      <trkpt lat="36.028894319175926" lon="119.4002834125879">
        <ele>61.462956736795604</ele>
        <time>2025-01-17T10:15:22Z</time>
        <extensions>
          <gpxtpx:TrackPointExtension>
            <gpxtpx:hr>157</gpxtpx:hr>
          </gpxtpx:TrackPointExtension>
        </extensions>
      </trkpt>
      <trkpt lat="36.028907125537934" lon="119.40028498809184">
        <ele>61.41264624800533</ele>
        <time>2025-01-17T10:15:23Z</time>
        <extensions>
          <gpxtpx:TrackPointExtension>
            <gpxtpx:hr>157</gpxtpx:hr>
          </gpxtpx:TrackPointExtension>
        </extensions>
      </trkpt>
      <trkpt lat="36.02891992670075" lon="119.40028624041064">
        <ele>61.314992705360055</ele>
        <time>2025-01-17T10:15:24Z</time>
        <extensions>
          <gpxtpx:TrackPointExtension>
            <gpxtpx:hr>157</gpxtpx:hr>
          </gpxtpx:TrackPointExtension>
        </extensions>
      </trkpt>
      <trkpt lat="36.028932709538324" lon="119.4002861405314">
        <ele>61.245302678085864</ele>
        <time>2025-01-17T10:15:25Z</time>
        <extensions>
          <gpxtpx:TrackPointExtension>
            <gpxtpx:hr>154</gpxtpx:hr>
          </gpxtpx:TrackPointExtension>
        </extensions>
      </trkpt>
      <trkpt lat="36.02894552377666" lon="119.40028463567197">
        <ele>61.172927358187735</ele>
        <time>2025-01-17T10:15:26Z</time>
        <extensions>
          <gpxtpx:TrackPointExtension>
            <gpxtpx:hr>154</gpxtpx:hr>
          </gpxtpx:TrackPointExtension>
        </extensions>
      </trkpt>
      <trkpt lat="36.02895833802142" lon="119.40028334259353">
        <ele>61.100867881439626</ele>
        <time>2025-01-17T10:15:27Z</time>
        <extensions>
          <gpxtpx:TrackPointExtension>
            <gpxtpx:hr>154</gpxtpx:hr>
          </gpxtpx:TrackPointExtension>
        </extensions>
      </trkpt>
      <trkpt lat="36.02897084369526" lon="119.40028231133007">
        <ele>61.00827309116721</ele>
        <time>2025-01-17T10:15:28Z</time>
        <extensions>
          <gpxtpx:TrackPointExtension>
            <gpxtpx:hr>154</gpxtpx:hr>
          </gpxtpx:TrackPointExtension>
        </extensions>
      </trkpt>
      <trkpt lat="36.02898276743297" lon="119.40028140352146">
        <ele>60.903759732842445</ele>
        <time>2025-01-17T10:15:29Z</time>
        <extensions>
          <gpxtpx:TrackPointExtension>
            <gpxtpx:hr>154</gpxtpx:hr>
          </gpxtpx:TrackPointExtension>
        </extensions>
      </trkpt>
      <trkpt lat="36.02899340453692" lon="119.40028151695769">
        <ele>60.81128489412367</ele>
        <time>2025-01-17T10:15:30Z</time>
        <extensions>
          <gpxtpx:TrackPointExtension>
            <gpxtpx:hr>151</gpxtpx:hr>
          </gpxtpx:TrackPointExtension>
        </extensions>
      </trkpt>
      <trkpt lat="36.02900211790557" lon="119.40028312086379">
        <ele>60.72352370619774</ele>
        <time>2025-01-17T10:15:31Z</time>
        <extensions>
          <gpxtpx:TrackPointExtension>
            <gpxtpx:hr>151</gpxtpx:hr>
          </gpxtpx:TrackPointExtension>
        </extensions>
      </trkpt>
      <trkpt lat="36.02901063910101" lon="119.4002853546067">
        <ele>60.63918874505907</ele>
        <time>2025-01-17T10:15:32Z</time>
        <extensions>
          <gpxtpx:TrackPointExtension>
            <gpxtpx:hr>151</gpxtpx:hr>
          </gpxtpx:TrackPointExtension>
        </extensions>
      </trkpt>
      <trkpt lat="36.02902056381604" lon="119.40028703943543">
        <ele>60.543780056759715</ele>
        <time>2025-01-17T10:15:33Z</time>
        <extensions>
          <gpxtpx:TrackPointExtension>
            <gpxtpx:hr>151</gpxtpx:hr>
          </gpxtpx:TrackPointExtension>
        </extensions>
      </trkpt>
      <trkpt lat="36.02903217493136" lon="119.40028870247592">
        <ele>60.45486939046532</ele>
        <time>2025-01-17T10:15:34Z</time>
        <extensions>
          <gpxtpx:TrackPointExtension>
            <gpxtpx:hr>151</gpxtpx:hr>
          </gpxtpx:TrackPointExtension>
        </extensions>
      </trkpt>
      <trkpt lat="36.02904519342809" lon="119.40029106111703">
        <ele>60.39473331999034</ele>
        <time>2025-01-17T10:15:35Z</time>
        <extensions>
          <gpxtpx:TrackPointExtension>
            <gpxtpx:hr>148</gpxtpx:hr>
          </gpxtpx:TrackPointExtension>
        </extensions>
      </trkpt>
      <trkpt lat="36.02905861296432" lon="119.40029394526472">
        <ele>60.32865061890334</ele>
        <time>2025-01-17T10:15:36Z</time>
        <extensions>
          <gpxtpx:TrackPointExtension>
            <gpxtpx:hr>148</gpxtpx:hr>
          </gpxtpx:TrackPointExtension>
        </extensions>
      </trkpt>
      <trkpt lat="36.02907192785327" lon="119.4002966066307">
        <ele>60.277356709353626</ele>
        <time>2025-01-17T10:15:37Z</time>
        <extensions>
          <gpxtpx:TrackPointExtension>
            <gpxtpx:hr>148</gpxtpx:hr>
          </gpxtpx:TrackPointExtension>
        </extensions>
      </trkpt>
      <trkpt lat="36.02908506109089" lon="119.40029853768182">
        <ele>60.232131513766944</ele>
        <time>2025-01-17T10:15:38Z</time>
        <extensions>
          <gpxtpx:TrackPointExtension>
            <gpxtpx:hr>148</gpxtpx:hr>
          </gpxtpx:TrackPointExtension>
        </extensions>
      </trkpt>
      <trkpt lat="36.029098082404715" lon="119.40030024243971">
        <ele>60.18221019487828</ele>
        <time>2025-01-17T10:15:39Z</time>
        <extensions>
          <gpxtpx:TrackPointExtension>
            <gpxtpx:hr>146</gpxtpx:hr>
          </gpxtpx:TrackPointExtension>
        </extensions>
      </trkpt>
      <trkpt lat="36.02911110972128" lon="119.40030221988918">
        <ele>60.12660032697022</ele>
        <time>2025-01-17T10:15:40Z</time>
        <extensions>
          <gpxtpx:TrackPointExtension>
            <gpxtpx:hr>146</gpxtpx:hr>
          </gpxtpx:TrackPointExtension>
        </extensions>
      </trkpt>
      <trkpt lat="36.02912395199988" lon="119.40030434025242">
        <ele>60.0656557334587</ele>
        <time>2025-01-17T10:15:41Z</time>
        <extensions>
          <gpxtpx:TrackPointExtension>
            <gpxtpx:hr>146</gpxtpx:hr>
          </gpxtpx:TrackPointExtension>
        </extensions>
      </trkpt>
      <trkpt lat="36.02913653357636" lon="119.40030645261174">
        <ele>60.01309500541538</ele>
        <time>2025-01-17T10:15:42Z</time>
        <extensions>
          <gpxtpx:TrackPointExtension>
            <gpxtpx:hr>146</gpxtpx:hr>
          </gpxtpx:TrackPointExtension>
        </extensions>
      </trkpt>
      <trkpt lat="36.029148820534914" lon="119.40030809891084">
        <ele>59.958850651979446</ele>
        <time>2025-01-17T10:15:43Z</time>
        <extensions>
          <gpxtpx:TrackPointExtension>
            <gpxtpx:hr>143</gpxtpx:hr>
          </gpxtpx:TrackPointExtension>
        </extensions>
      </trkpt>
      <trkpt lat="36.02916060545775" lon="119.40030935886155">
        <ele>59.90157169662416</ele>
        <time>2025-01-17T10:15:44Z</time>
        <extensions>
          <gpxtpx:TrackPointExtension>
            <gpxtpx:hr>143</gpxtpx:hr>
          </gpxtpx:TrackPointExtension>
        </extensions>
      </trkpt>
      <trkpt lat="36.02917228275772" lon="119.40031096048484">
        <ele>59.84777055401355</ele>
        <time>2025-01-17T10:15:45Z</time>
        <extensions>
          <gpxtpx:TrackPointExtension>
            <gpxtpx:hr>143</gpxtpx:hr>
          </gpxtpx:TrackPointExtension>
        </extensions>
      </trkpt>
      <trkpt lat="36.02918404255443" lon="119.40031399596636">
        <ele>59.81188262440264</ele>
        <time>2025-01-17T10:15:46Z</time>
        <extensions>
          <gpxtpx:TrackPointExtension>
            <gpxtpx:hr>143</gpxtpx:hr>
          </gpxtpx:TrackPointExtension>
        </extensions>
      </trkpt>
      <trkpt lat="36.02919566741985" lon="119.40031871585111">
        <ele>59.7819894310087</ele>
        <time>2025-01-17T10:15:47Z</time>
        <extensions>
          <gpxtpx:TrackPointExtension>
            <gpxtpx:hr>139</gpxtpx:hr>
          </gpxtpx:TrackPointExtension>
        </extensions>
      </trkpt>
      <trkpt lat="36.02920686457565" lon="119.40032413680603">
        <ele>59.74041137006134</ele>
        <time>2025-01-17T10:15:48Z</time>
        <extensions>
          <gpxtpx:TrackPointExtension>
            <gpxtpx:hr>139</gpxtpx:hr>
          </gpxtpx:TrackPointExtension>
        </extensions>
      </trkpt>
      <trkpt lat="36.029217838830796" lon="119.40032948541462">
        <ele>59.742095993831754</ele>
        <time>2025-01-17T10:15:49Z</time>
        <extensions>
          <gpxtpx:TrackPointExtension>
            <gpxtpx:hr>139</gpxtpx:hr>
          </gpxtpx:TrackPointExtension>
        </extensions>
      </trkpt>
      <trkpt lat="36.029229238383024" lon="119.40033438594344">
        <ele>59.715667417272925</ele>
        <time>2025-01-17T10:15:50Z</time>
        <extensions>
          <gpxtpx:TrackPointExtension>
            <gpxtpx:hr>139</gpxtpx:hr>
          </gpxtpx:TrackPointExtension>
        </extensions>
      </trkpt>
      <trkpt lat="36.029240679814095" lon="119.40033893739411">
        <ele>59.68886776641011</ele>
        <time>2025-01-17T10:15:51Z</time>
        <extensions>
          <gpxtpx:TrackPointExtension>
            <gpxtpx:hr>139</gpxtpx:hr>
          </gpxtpx:TrackPointExtension>
        </extensions>
      </trkpt>
      <trkpt lat="36.02925177985795" lon="119.40034325413812">
        <ele>59.67948337364942</ele>
        <time>2025-01-17T10:15:52Z</time>
        <extensions>
          <gpxtpx:TrackPointExtension>
            <gpxtpx:hr>135</gpxtpx:hr>
          </gpxtpx:TrackPointExtension>
        </extensions>
      </trkpt>
      <trkpt lat="36.029262530802434" lon="119.40034729923558">
        <ele>59.676668252795935</ele>
        <time>2025-01-17T10:15:53Z</time>
        <extensions>
          <gpxtpx:TrackPointExtension>
            <gpxtpx:hr>135</gpxtpx:hr>
          </gpxtpx:TrackPointExtension>
        </extensions>
      </trkpt>
      <trkpt lat="36.029273328731556" lon="119.40035110166137">
        <ele>59.6645791111514</ele>
        <time>2025-01-17T10:15:54Z</time>
        <extensions>
          <gpxtpx:TrackPointExtension>
            <gpxtpx:hr>135</gpxtpx:hr>
          </gpxtpx:TrackPointExtension>
        </extensions>
      </trkpt>
      <trkpt lat="36.029284829263574" lon="119.4003548294205">
        <ele>59.68429144471884</ele>
        <time>2025-01-17T10:15:55Z</time>
        <extensions>
          <gpxtpx:TrackPointExtension>
            <gpxtpx:hr>135</gpxtpx:hr>
          </gpxtpx:TrackPointExtension>
        </extensions>
      </trkpt>
      <trkpt lat="36.0292968472109" lon="119.40035836899419">
        <ele>59.75393164716661</ele>
        <time>2025-01-17T10:15:56Z</time>
        <extensions>
          <gpxtpx:TrackPointExtension>
            <gpxtpx:hr>135</gpxtpx:hr>
          </gpxtpx:TrackPointExtension>
        </extensions>
      </trkpt>
      <trkpt lat="36.02930883610059" lon="119.40036121462316">
        <ele>59.81780495028943</ele>
        <time>2025-01-17T10:15:57Z</time>
        <extensions>
          <gpxtpx:TrackPointExtension>
            <gpxtpx:hr>133</gpxtpx:hr>
          </gpxtpx:TrackPointExtension>
        </extensions>
      </trkpt>
      <trkpt lat="36.02932090668187" lon="119.40036376139506">
        <ele>59.85659541282803</ele>
        <time>2025-01-17T10:15:58Z</time>
        <extensions>
          <gpxtpx:TrackPointExtension>
            <gpxtpx:hr>133</gpxtpx:hr>
          </gpxtpx:TrackPointExtension>
        </extensions>
      </trkpt>
      <trkpt lat="36.029333613424654" lon="119.40036739281976">
        <ele>59.92023940011859</ele>
        <time>2025-01-17T10:15:59Z</time>
        <extensions>
          <gpxtpx:TrackPointExtension>
            <gpxtpx:hr>133</gpxtpx:hr>
          </gpxtpx:TrackPointExtension>
        </extensions>
      </trkpt>
      <trkpt lat="36.029346972371506" lon="119.40037236881508">
        <ele>59.961540286429226</ele>
        <time>2025-01-17T10:16:00Z</time>
        <extensions>
          <gpxtpx:TrackPointExtension>
            <gpxtpx:hr>133</gpxtpx:hr>
          </gpxtpx:TrackPointExtension>
        </extensions>
      </trkpt>
      <trkpt lat="36.02936167005985" lon="119.40037876882882">
        <ele>60.02005022019148</ele>
        <time>2025-01-17T10:16:01Z</time>
        <extensions>
          <gpxtpx:TrackPointExtension>
            <gpxtpx:hr>133</gpxtpx:hr>
          </gpxtpx:TrackPointExtension>
        </extensions>
      </trkpt>
      <trkpt lat="36.029377509042234" lon="119.40038687397647">
        <ele>60.090420552529395</ele>
        <time>2025-01-17T10:16:02Z</time>
        <extensions>
          <gpxtpx:TrackPointExtension>
            <gpxtpx:hr>133</gpxtpx:hr>
          </gpxtpx:TrackPointExtension>
        </extensions>
      </trkpt>
      <trkpt lat="36.02939457075113" lon="119.40039723958857">
        <ele>60.15640046726912</ele>
        <time>2025-01-17T10:16:03Z</time>
        <extensions>
          <gpxtpx:TrackPointExtension>
            <gpxtpx:hr>130</gpxtpx:hr>
          </gpxtpx:TrackPointExtension>
        </extensions>
      </trkpt>
      <trkpt lat="36.029412706446266" lon="119.40040934689408">
        <ele>60.23366461601108</ele>
        <time>2025-01-17T10:16:04Z</time>
        <extensions>
          <gpxtpx:TrackPointExtension>
            <gpxtpx:hr>130</gpxtpx:hr>
          </gpxtpx:TrackPointExtension>
        </extensions>
      </trkpt>
      <trkpt lat="36.02943130721569" lon="119.40042211944592">
        <ele>60.30829922296107</ele>
        <time>2025-01-17T10:16:05Z</time>
        <extensions>
          <gpxtpx:TrackPointExtension>
            <gpxtpx:hr>130</gpxtpx:hr>
          </gpxtpx:TrackPointExtension>
        </extensions>
      </trkpt>
      <trkpt lat="36.02945283671054" lon="119.40043738685614">
        <ele>60.35427816491574</ele>
        <time>2025-01-17T10:16:06Z</time>
        <extensions>
          <gpxtpx:TrackPointExtension>
            <gpxtpx:hr>130</gpxtpx:hr>
          </gpxtpx:TrackPointExtension>
        </extensions>
      </trkpt>
      <trkpt lat="36.02947616969593" lon="119.40045303578196">
        <ele>60.38988653104752</ele>
        <time>2025-01-17T10:16:07Z</time>
        <extensions>
          <gpxtpx:TrackPointExtension>
            <gpxtpx:hr>130</gpxtpx:hr>
          </gpxtpx:TrackPointExtension>
        </extensions>
      </trkpt>
      <trkpt lat="36.02950192919395" lon="119.40046997733565">
        <ele>60.38635800220072</ele>
        <time>2025-01-17T10:16:08Z</time>
        <extensions>
          <gpxtpx:TrackPointExtension>
            <gpxtpx:hr>132</gpxtpx:hr>
          </gpxtpx:TrackPointExtension>
        </extensions>
      </trkpt>
      <trkpt lat="36.02953835977473" lon="119.40049609901891">
        <ele>60.39014031551778</ele>
        <time>2025-01-17T10:16:09Z</time>
        <extensions>
          <gpxtpx:TrackPointExtension>
            <gpxtpx:hr>132</gpxtpx:hr>
          </gpxtpx:TrackPointExtension>
        </extensions>
      </trkpt>
      <trkpt lat="36.02958272469459" lon="119.4005304300587">
        <ele>60.384886188432574</ele>
        <time>2025-01-17T10:16:10Z</time>
        <extensions>
          <gpxtpx:TrackPointExtension>
            <gpxtpx:hr>132</gpxtpx:hr>
          </gpxtpx:TrackPointExtension>
        </extensions>
      </trkpt>
      <trkpt lat="36.029626746089775" lon="119.40056829488314">
        <ele>60.403384167701006</ele>
        <time>2025-01-17T10:16:11Z</time>
        <extensions>
          <gpxtpx:TrackPointExtension>
            <gpxtpx:hr>132</gpxtpx:hr>
          </gpxtpx:TrackPointExtension>
        </extensions>
      </trkpt>
      <trkpt lat="36.02966786352485" lon="119.40060739715054">
        <ele>60.41139641404152</ele>
        <time>2025-01-17T10:16:12Z</time>
        <extensions>
          <gpxtpx:TrackPointExtension>
            <gpxtpx:hr>135</gpxtpx:hr>
          </gpxtpx:TrackPointExtension>
        </extensions>
      </trkpt>
      <trkpt lat="36.02970482968096" lon="119.40064581980282">
        <ele>60.43978299200535</ele>
        <time>2025-01-17T10:16:13Z</time>
        <extensions>
          <gpxtpx:TrackPointExtension>
            <gpxtpx:hr>135</gpxtpx:hr>
          </gpxtpx:TrackPointExtension>
        </extensions>
      </trkpt>
      <trkpt lat="36.02973755419633" lon="119.40068310741448">
        <ele>60.424470726400614</ele>
        <time>2025-01-17T10:16:14Z</time>
        <extensions>
          <gpxtpx:TrackPointExtension>
            <gpxtpx:hr>135</gpxtpx:hr>
          </gpxtpx:TrackPointExtension>
        </extensions>
      </trkpt>
      <trkpt lat="36.02976613839988" lon="119.40071904440703">
        <ele>60.40407925657928</ele>
        <time>2025-01-17T10:16:15Z</time>
        <extensions>
          <gpxtpx:TrackPointExtension>
            <gpxtpx:hr>135</gpxtpx:hr>
          </gpxtpx:TrackPointExtension>
        </extensions>
      </trkpt>
      <trkpt lat="36.029792344316505" lon="119.40075495152853">
        <ele>60.42667293455452</ele>
        <time>2025-01-17T10:16:16Z</time>
        <extensions>
          <gpxtpx:TrackPointExtension>
            <gpxtpx:hr>135</gpxtpx:hr>
          </gpxtpx:TrackPointExtension>
        </extensions>
      </trkpt>
      <trkpt lat="36.02981748239363" lon="119.40079106566398">
        <ele>60.37338845152408</ele>
        <time>2025-01-17T10:16:17Z</time>
        <extensions>
          <gpxtpx:TrackPointExtension>
            <gpxtpx:hr>140</gpxtpx:hr>
          </gpxtpx:TrackPointExtension>
        </extensions>
      </trkpt>
      <trkpt lat="36.02984149818933" lon="119.4008267314475">
        <ele>60.34778175316751</ele>
        <time>2025-01-17T10:16:18Z</time>
        <extensions>
          <gpxtpx:TrackPointExtension>
            <gpxtpx:hr>140</gpxtpx:hr>
          </gpxtpx:TrackPointExtension>
        </extensions>
      </trkpt>
      <trkpt lat="36.02986449259037" lon="119.40086316354105">
        <ele>60.31694276817143</ele>
        <time>2025-01-17T10:16:19Z</time>
        <extensions>
          <gpxtpx:TrackPointExtension>
            <gpxtpx:hr>140</gpxtpx:hr>
          </gpxtpx:TrackPointExtension>
        </extensions>
      </trkpt>
      <trkpt lat="36.02988578652831" lon="119.40090019217354">
        <ele>60.29484514892101</ele>
        <time>2025-01-17T10:16:20Z</time>
        <extensions>
          <gpxtpx:TrackPointExtension>
            <gpxtpx:hr>140</gpxtpx:hr>
          </gpxtpx:TrackPointExtension>
        </extensions>
      </trkpt>
      <trkpt lat="36.02990547548632" lon="119.40093830382715">
        <ele>60.25415797531605</ele>
        <time>2025-01-17T10:16:21Z</time>
        <extensions>
          <gpxtpx:TrackPointExtension>
            <gpxtpx:hr>140</gpxtpx:hr>
          </gpxtpx:TrackPointExtension>
        </extensions>
      </trkpt>
      <trkpt lat="36.029924423122495" lon="119.4009778625864">
        <ele>60.2017727503553</ele>
        <time>2025-01-17T10:16:22Z</time>
        <extensions>
          <gpxtpx:TrackPointExtension>
            <gpxtpx:hr>140</gpxtpx:hr>
          </gpxtpx:TrackPointExtension>
        </extensions>
      </trkpt>
      <trkpt lat="36.02994314066893" lon="119.40101744531225">
        <ele>60.16930565517396</ele>
        <time>2025-01-17T10:16:23Z</time>
        <extensions>
          <gpxtpx:TrackPointExtension>
            <gpxtpx:hr>149</gpxtpx:hr>
          </gpxtpx:TrackPointExtension>
        </extensions>
      </trkpt>
      <trkpt lat="36.02996214305173" lon="119.40105711990806">
        <ele>60.15028866752982</ele>
        <time>2025-01-17T10:16:24Z</time>
        <extensions>
          <gpxtpx:TrackPointExtension>
            <gpxtpx:hr>149</gpxtpx:hr>
          </gpxtpx:TrackPointExtension>
        </extensions>
      </trkpt>
      <trkpt lat="36.02998046197365" lon="119.40109667736257">
        <ele>60.08726067468524</ele>
        <time>2025-01-17T10:16:25Z</time>
        <extensions>
          <gpxtpx:TrackPointExtension>
            <gpxtpx:hr>149</gpxtpx:hr>
          </gpxtpx:TrackPointExtension>
        </extensions>
      </trkpt>
      <trkpt lat="36.029997114537636" lon="119.40113601323756">
        <ele>60.040557187981904</ele>
        <time>2025-01-17T10:16:26Z</time>
        <extensions>
          <gpxtpx:TrackPointExtension>
            <gpxtpx:hr>149</gpxtpx:hr>
          </gpxtpx:TrackPointExtension>
        </extensions>
      </trkpt>
      <trkpt lat="36.030011644632616" lon="119.40117426810102">
        <ele>59.98998694866896</ele>
        <time>2025-01-17T10:16:27Z</time>
        <extensions>
          <gpxtpx:TrackPointExtension>
            <gpxtpx:hr>149</gpxtpx:hr>
          </gpxtpx:TrackPointExtension>
        </extensions>
      </trkpt>
      <trkpt lat="36.03002405454441" lon="119.40121097235848">
        <ele>59.9539929414168</ele>
        <time>2025-01-17T10:16:28Z</time>
        <extensions>
          <gpxtpx:TrackPointExtension>
            <gpxtpx:hr>149</gpxtpx:hr>
          </gpxtpx:TrackPointExtension>
        </extensions>
      </trkpt>
      <trkpt lat="36.030035887749065" lon="119.40124822211828">
        <ele>59.931617088615894</ele>
        <time>2025-01-17T10:16:29Z</time>
        <extensions>
          <gpxtpx:TrackPointExtension>
            <gpxtpx:hr>153</gpxtpx:hr>
          </gpxtpx:TrackPointExtension>
        </extensions>
      </trkpt>
      <trkpt lat="36.03004728959401" lon="119.40128615461015">
        <ele>59.94268304575235</ele>
        <time>2025-01-17T10:16:30Z</time>
        <extensions>
          <gpxtpx:TrackPointExtension>
            <gpxtpx:hr>153</gpxtpx:hr>
          </gpxtpx:TrackPointExtension>
        </extensions>
      </trkpt>
      <trkpt lat="36.030057504679036" lon="119.40132423532188">
        <ele>59.946474466472864</ele>
        <time>2025-01-17T10:16:31Z</time>
        <extensions>
          <gpxtpx:TrackPointExtension>
            <gpxtpx:hr>153</gpxtpx:hr>
          </gpxtpx:TrackPointExtension>
        </extensions>
      </trkpt>
      <trkpt lat="36.03006628634712" lon="119.4013631692691">
        <ele>59.898233137093484</ele>
        <time>2025-01-17T10:16:32Z</time>
        <extensions>
          <gpxtpx:TrackPointExtension>
            <gpxtpx:hr>153</gpxtpx:hr>
          </gpxtpx:TrackPointExtension>
        </extensions>
      </trkpt>
      <trkpt lat="36.030073274438074" lon="119.4014016846751">
        <ele>59.86228054575622</ele>
        <time>2025-01-17T10:16:33Z</time>
        <extensions>
          <gpxtpx:TrackPointExtension>
            <gpxtpx:hr>155</gpxtpx:hr>
          </gpxtpx:TrackPointExtension>
        </extensions>
      </trkpt>
      <trkpt lat="36.03007926910214" lon="119.40143845464647">
        <ele>59.85711106657982</ele>
        <time>2025-01-17T10:16:34Z</time>
        <extensions>
          <gpxtpx:TrackPointExtension>
            <gpxtpx:hr>155</gpxtpx:hr>
          </gpxtpx:TrackPointExtension>
        </extensions>
      </trkpt>
      <trkpt lat="36.03008515770798" lon="119.4014722666077">
        <ele>59.83902474492788</ele>
        <time>2025-01-17T10:16:35Z</time>
        <extensions>
          <gpxtpx:TrackPointExtension>
            <gpxtpx:hr>155</gpxtpx:hr>
          </gpxtpx:TrackPointExtension>
        </extensions>
      </trkpt>
      <trkpt lat="36.03009164755039" lon="119.40149977268165">
        <ele>59.82065150607377</ele>
        <time>2025-01-17T10:16:36Z</time>
        <extensions>
          <gpxtpx:TrackPointExtension>
            <gpxtpx:hr>155</gpxtpx:hr>
          </gpxtpx:TrackPointExtension>
        </extensions>
      </trkpt>
      <trkpt lat="36.03009905340609" lon="119.40151994454415">
        <ele>59.80340739712119</ele>
        <time>2025-01-17T10:16:37Z</time>
        <extensions>
          <gpxtpx:TrackPointExtension>
            <gpxtpx:hr>155</gpxtpx:hr>
          </gpxtpx:TrackPointExtension>
        </extensions>
      </trkpt>
      <trkpt lat="36.03010585403624" lon="119.40153548765018">
        <ele>59.78251219075173</ele>
        <time>2025-01-17T10:16:38Z</time>
        <extensions>
          <gpxtpx:TrackPointExtension>
            <gpxtpx:hr>155</gpxtpx:hr>
          </gpxtpx:TrackPointExtension>
        </extensions>
      </trkpt>
      <trkpt lat="36.030110547795" lon="119.4015495627492">
        <ele>59.76982819940895</ele>
        <time>2025-01-17T10:16:39Z</time>
        <extensions>
          <gpxtpx:TrackPointExtension>
            <gpxtpx:hr>161</gpxtpx:hr>
          </gpxtpx:TrackPointExtension>
        </extensions>
      </trkpt>
      <trkpt lat="36.030113132090314" lon="119.40156395866248">
        <ele>59.75077298562974</ele>
        <time>2025-01-17T10:16:40Z</time>
        <extensions>
          <gpxtpx:TrackPointExtension>
            <gpxtpx:hr>161</gpxtpx:hr>
          </gpxtpx:TrackPointExtension>
        </extensions>
      </trkpt>
      <trkpt lat="36.03011486878211" lon="119.40157935464194">
        <ele>59.72610591258854</ele>
        <time>2025-01-17T10:16:41Z</time>
        <extensions>
          <gpxtpx:TrackPointExtension>
            <gpxtpx:hr>161</gpxtpx:hr>
          </gpxtpx:TrackPointExtension>
        </extensions>
      </trkpt>
      <trkpt lat="36.030117294788774" lon="119.40159422279457">
        <ele>59.70684859436005</ele>
        <time>2025-01-17T10:16:42Z</time>
        <extensions>
          <gpxtpx:TrackPointExtension>
            <gpxtpx:hr>161</gpxtpx:hr>
          </gpxtpx:TrackPointExtension>
        </extensions>
      </trkpt>
      <trkpt lat="36.03011979608587" lon="119.40160861644665">
        <ele>59.69133263733238</ele>
        <time>2025-01-17T10:16:43Z</time>
        <extensions>
          <gpxtpx:TrackPointExtension>
            <gpxtpx:hr>161</gpxtpx:hr>
          </gpxtpx:TrackPointExtension>
        </extensions>
      </trkpt>
      <trkpt lat="36.03012051239171" lon="119.40162374473694">
        <ele>59.685706628486514</ele>
        <time>2025-01-17T10:16:44Z</time>
        <extensions>
          <gpxtpx:TrackPointExtension>
            <gpxtpx:hr>161</gpxtpx:hr>
          </gpxtpx:TrackPointExtension>
        </extensions>
      </trkpt>
      <trkpt lat="36.030119808137144" lon="119.40163939966416">
        <ele>59.684036071412265</ele>
        <time>2025-01-17T10:16:45Z</time>
        <extensions>
          <gpxtpx:TrackPointExtension>
            <gpxtpx:hr>161</gpxtpx:hr>
          </gpxtpx:TrackPointExtension>
        </extensions>
      </trkpt>
      <trkpt lat="36.030119290839316" lon="119.401655677723">
        <ele>59.68454740382731</ele>
        <time>2025-01-17T10:16:46Z</time>
        <extensions>
          <gpxtpx:TrackPointExtension>
            <gpxtpx:hr>161</gpxtpx:hr>
          </gpxtpx:TrackPointExtension>
        </extensions>
      </trkpt>
      <trkpt lat="36.03011929773132" lon="119.40167148299501">
        <ele>59.688488364219666</ele>
        <time>2025-01-17T10:16:47Z</time>
        <extensions>
          <gpxtpx:TrackPointExtension>
            <gpxtpx:hr>161</gpxtpx:hr>
          </gpxtpx:TrackPointExtension>
        </extensions>
      </trkpt>
      <trkpt lat="36.03011949952534" lon="119.40168609397342">
        <ele>59.695518526248634</ele>
        <time>2025-01-17T10:16:48Z</time>
        <extensions>
          <gpxtpx:TrackPointExtension>
            <gpxtpx:hr>161</gpxtpx:hr>
          </gpxtpx:TrackPointExtension>
        </extensions>
      </trkpt>
      <trkpt lat="36.03011970670528" lon="119.40170027594161">
        <ele>59.703462530858815</ele>
        <time>2025-01-17T10:16:49Z</time>
        <extensions>
          <gpxtpx:TrackPointExtension>
            <gpxtpx:hr>161</gpxtpx:hr>
          </gpxtpx:TrackPointExtension>
        </extensions>
      </trkpt>
      <trkpt lat="36.03011981304327" lon="119.40171459877907">
        <ele>59.72583238501102</ele>
        <time>2025-01-17T10:16:50Z</time>
        <extensions>
          <gpxtpx:TrackPointExtension>
            <gpxtpx:hr>160</gpxtpx:hr>
          </gpxtpx:TrackPointExtension>
        </extensions>
      </trkpt>
      <trkpt lat="36.030119600630705" lon="119.4017294866346">
        <ele>59.748418021947145</ele>
        <time>2025-01-17T10:16:51Z</time>
        <extensions>
          <gpxtpx:TrackPointExtension>
            <gpxtpx:hr>160</gpxtpx:hr>
          </gpxtpx:TrackPointExtension>
        </extensions>
      </trkpt>
      <trkpt lat="36.030119198509695" lon="119.40174496728997">
        <ele>59.781801140867174</ele>
        <time>2025-01-17T10:16:52Z</time>
        <extensions>
          <gpxtpx:TrackPointExtension>
            <gpxtpx:hr>160</gpxtpx:hr>
          </gpxtpx:TrackPointExtension>
        </extensions>
      </trkpt>
      <trkpt lat="36.03011897521667" lon="119.4017602911825">
        <ele>59.831152848899364</ele>
        <time>2025-01-17T10:16:53Z</time>
        <extensions>
          <gpxtpx:TrackPointExtension>
            <gpxtpx:hr>160</gpxtpx:hr>
          </gpxtpx:TrackPointExtension>
        </extensions>
      </trkpt>
      <trkpt lat="36.03011904435119" lon="119.40177497356531">
        <ele>59.87838901858777</ele>
        <time>2025-01-17T10:16:54Z</time>
        <extensions>
          <gpxtpx:TrackPointExtension>
            <gpxtpx:hr>158</gpxtpx:hr>
          </gpxtpx:TrackPointExtension>
        </extensions>
      </trkpt>
      <trkpt lat="36.03011958662543" lon="119.40178937407002">
        <ele>59.93301175907254</ele>
        <time>2025-01-17T10:16:55Z</time>
        <extensions>
          <gpxtpx:TrackPointExtension>
            <gpxtpx:hr>158</gpxtpx:hr>
          </gpxtpx:TrackPointExtension>
        </extensions>
      </trkpt>
      <trkpt lat="36.03012038432384" lon="119.40180428340575">
        <ele>59.96070909779519</ele>
        <time>2025-01-17T10:16:56Z</time>
        <extensions>
          <gpxtpx:TrackPointExtension>
            <gpxtpx:hr>158</gpxtpx:hr>
          </gpxtpx:TrackPointExtension>
        </extensions>
      </trkpt>
      <trkpt lat="36.03012067091017" lon="119.40181948318886">
        <ele>60.00004832074046</ele>
        <time>2025-01-17T10:16:57Z</time>
        <extensions>
          <gpxtpx:TrackPointExtension>
            <gpxtpx:hr>158</gpxtpx:hr>
          </gpxtpx:TrackPointExtension>
        </extensions>
      </trkpt>
      <trkpt lat="36.03012034110516" lon="119.40183470896255">
        <ele>60.04379279073328</ele>
        <time>2025-01-17T10:16:58Z</time>
        <extensions>
          <gpxtpx:TrackPointExtension>
            <gpxtpx:hr>158</gpxtpx:hr>
          </gpxtpx:TrackPointExtension>
        </extensions>
      </trkpt>
      <trkpt lat="36.03011967212708" lon="119.40184979673525">
        <ele>60.10329715907574</ele>
        <time>2025-01-17T10:16:59Z</time>
        <extensions>
          <gpxtpx:TrackPointExtension>
            <gpxtpx:hr>155</gpxtpx:hr>
          </gpxtpx:TrackPointExtension>
        </extensions>
      </trkpt>
      <trkpt lat="36.03011853599048" lon="119.40186484785221">
        <ele>60.16322881542146</ele>
        <time>2025-01-17T10:17:00Z</time>
        <extensions>
          <gpxtpx:TrackPointExtension>
            <gpxtpx:hr>155</gpxtpx:hr>
          </gpxtpx:TrackPointExtension>
        </extensions>
      </trkpt>
      <trkpt lat="36.03011714316716" lon="119.40187994012206">
        <ele>60.22161665931344</ele>
        <time>2025-01-17T10:17:01Z</time>
        <extensions>
          <gpxtpx:TrackPointExtension>
            <gpxtpx:hr>155</gpxtpx:hr>
          </gpxtpx:TrackPointExtension>
        </extensions>
      </trkpt>
      <trkpt lat="36.03011556933023" lon="119.40189509413842">
        <ele>60.294697801582515</ele>
        <time>2025-01-17T10:17:02Z</time>
        <extensions>
          <gpxtpx:TrackPointExtension>
            <gpxtpx:hr>155</gpxtpx:hr>
          </gpxtpx:TrackPointExtension>
        </extensions>
      </trkpt>
      <trkpt lat="36.0301134941282" lon="119.40191026688079">
        <ele>60.360558396205306</ele>
        <time>2025-01-17T10:17:03Z</time>
        <extensions>
          <gpxtpx:TrackPointExtension>
            <gpxtpx:hr>155</gpxtpx:hr>
          </gpxtpx:TrackPointExtension>
        </extensions>
      </trkpt>
      <trkpt lat="36.030111399219955" lon="119.40192498157113">
        <ele>60.41156862489879</ele>
        <time>2025-01-17T10:17:04Z</time>
        <extensions>
          <gpxtpx:TrackPointExtension>
            <gpxtpx:hr>155</gpxtpx:hr>
          </gpxtpx:TrackPointExtension>
        </extensions>
      </trkpt>
      <trkpt lat="36.03010981407179" lon="119.40193868620284">
        <ele>60.46664401795715</ele>
        <time>2025-01-17T10:17:05Z</time>
        <extensions>
          <gpxtpx:TrackPointExtension>
            <gpxtpx:hr>152</gpxtpx:hr>
          </gpxtpx:TrackPointExtension>
        </extensions>
      </trkpt>
      <trkpt lat="36.030108362494246" lon="119.40195283136534">
        <ele>60.529483321122825</ele>
        <time>2025-01-17T10:17:06Z</time>
        <extensions>
          <gpxtpx:TrackPointExtension>
            <gpxtpx:hr>152</gpxtpx:hr>
          </gpxtpx:TrackPointExtension>
        </extensions>
      </trkpt>
      <trkpt lat="36.0301065879307" lon="119.40196813761247">
        <ele>60.553310616873205</ele>
        <time>2025-01-17T10:17:07Z</time>
        <extensions>
          <gpxtpx:TrackPointExtension>
            <gpxtpx:hr>152</gpxtpx:hr>
          </gpxtpx:TrackPointExtension>
        </extensions>
      </trkpt>
      <trkpt lat="36.03010435880834" lon="119.40198343099318">
        <ele>60.57508165203035</ele>
        <time>2025-01-17T10:17:08Z</time>
        <extensions>
          <gpxtpx:TrackPointExtension>
            <gpxtpx:hr>152</gpxtpx:hr>
          </gpxtpx:TrackPointExtension>
        </extensions>
      </trkpt>
      <trkpt lat="36.030101407218474" lon="119.40199890223148">
        <ele>60.60087876114994</ele>
        <time>2025-01-17T10:17:09Z</time>
        <extensions>
          <gpxtpx:TrackPointExtension>
            <gpxtpx:hr>152</gpxtpx:hr>
          </gpxtpx:TrackPointExtension>
        </extensions>
      </trkpt>
      <trkpt lat="36.030098085450085" lon="119.40201462733667">
        <ele>60.62367494683713</ele>
        <time>2025-01-17T10:17:10Z</time>
        <extensions>
          <gpxtpx:TrackPointExtension>
            <gpxtpx:hr>151</gpxtpx:hr>
          </gpxtpx:TrackPointExtension>
        </extensions>
      </trkpt>
      <trkpt lat="36.03009491393367" lon="119.40203005844468">
        <ele>60.62951953988522</ele>
        <time>2025-01-17T10:17:11Z</time>
        <extensions>
          <gpxtpx:TrackPointExtension>
            <gpxtpx:hr>151</gpxtpx:hr>
          </gpxtpx:TrackPointExtension>
        </extensions>
      </trkpt>
      <trkpt lat="36.03009166052116" lon="119.40204504689468">
        <ele>60.625372857786715</ele>
        <time>2025-01-17T10:17:12Z</time>
        <extensions>
          <gpxtpx:TrackPointExtension>
            <gpxtpx:hr>151</gpxtpx:hr>
          </gpxtpx:TrackPointExtension>
        </extensions>
      </trkpt>
      <trkpt lat="36.03008850241406" lon="119.40206016271655">
        <ele>60.62529195100069</ele>
        <time>2025-01-17T10:17:13Z</time>
        <extensions>
          <gpxtpx:TrackPointExtension>
            <gpxtpx:hr>150</gpxtpx:hr>
          </gpxtpx:TrackPointExtension>
        </extensions>
      </trkpt>
      <trkpt lat="36.030086339984436" lon="119.40207549821815">
        <ele>60.61671658791602</ele>
        <time>2025-01-17T10:17:14Z</time>
        <extensions>
          <gpxtpx:TrackPointExtension>
            <gpxtpx:hr>150</gpxtpx:hr>
          </gpxtpx:TrackPointExtension>
        </extensions>
      </trkpt>
      <trkpt lat="36.03008456995656" lon="119.40208997370642">
        <ele>60.60308783035725</ele>
        <time>2025-01-17T10:17:15Z</time>
        <extensions>
          <gpxtpx:TrackPointExtension>
            <gpxtpx:hr>150</gpxtpx:hr>
          </gpxtpx:TrackPointExtension>
        </extensions>
      </trkpt>
      <trkpt lat="36.03008213718694" lon="119.40210285739303">
        <ele>60.58678305801004</ele>
        <time>2025-01-17T10:17:16Z</time>
        <extensions>
          <gpxtpx:TrackPointExtension>
            <gpxtpx:hr>150</gpxtpx:hr>
          </gpxtpx:TrackPointExtension>
        </extensions>
      </trkpt>
      <trkpt lat="36.03007918743605" lon="119.40211517804296">
        <ele>60.54947750736028</ele>
        <time>2025-01-17T10:17:17Z</time>
        <extensions>
          <gpxtpx:TrackPointExtension>
            <gpxtpx:hr>146</gpxtpx:hr>
          </gpxtpx:TrackPointExtension>
        </extensions>
      </trkpt>
      <trkpt lat="36.03007597371824" lon="119.40212865067232">
        <ele>60.50956607144326</ele>
        <time>2025-01-17T10:17:18Z</time>
        <extensions>
          <gpxtpx:TrackPointExtension>
            <gpxtpx:hr>146</gpxtpx:hr>
          </gpxtpx:TrackPointExtension>
        </extensions>
      </trkpt>
      <trkpt lat="36.030072825564645" lon="119.40214360462117">
        <ele>60.49103289749473</ele>
        <time>2025-01-17T10:17:19Z</time>
        <extensions>
          <gpxtpx:TrackPointExtension>
            <gpxtpx:hr>146</gpxtpx:hr>
          </gpxtpx:TrackPointExtension>
        </extensions>
      </trkpt>
      <trkpt lat="36.0300703208043" lon="119.40215945877691">
        <ele>60.479982091113925</ele>
        <time>2025-01-17T10:17:20Z</time>
        <extensions>
          <gpxtpx:TrackPointExtension>
            <gpxtpx:hr>146</gpxtpx:hr>
          </gpxtpx:TrackPointExtension>
        </extensions>
      </trkpt>
      <trkpt lat="36.030068251868144" lon="119.40217527843478">
        <ele>60.490093134343624</ele>
        <time>2025-01-17T10:17:21Z</time>
        <extensions>
          <gpxtpx:TrackPointExtension>
            <gpxtpx:hr>146</gpxtpx:hr>
          </gpxtpx:TrackPointExtension>
        </extensions>
      </trkpt>
      <trkpt lat="36.03006527321157" lon="119.40219051188159">
        <ele>60.49820783082396</ele>
        <time>2025-01-17T10:17:22Z</time>
        <extensions>
          <gpxtpx:TrackPointExtension>
            <gpxtpx:hr>146</gpxtpx:hr>
          </gpxtpx:TrackPointExtension>
        </extensions>
      </trkpt>
      <trkpt lat="36.03006104032489" lon="119.40220581322917">
        <ele>60.47688637673855</ele>
        <time>2025-01-17T10:17:23Z</time>
        <extensions>
          <gpxtpx:TrackPointExtension>
            <gpxtpx:hr>146</gpxtpx:hr>
          </gpxtpx:TrackPointExtension>
        </extensions>
      </trkpt>
      <trkpt lat="36.03005612108004" lon="119.40222155091428">
        <ele>60.5171979283914</ele>
        <time>2025-01-17T10:17:24Z</time>
        <extensions>
          <gpxtpx:TrackPointExtension>
            <gpxtpx:hr>135</gpxtpx:hr>
          </gpxtpx:TrackPointExtension>
        </extensions>
      </trkpt>
      <trkpt lat="36.030050500506306" lon="119.40223719388737">
        <ele>60.52901914343238</ele>
        <time>2025-01-17T10:17:25Z</time>
        <extensions>
          <gpxtpx:TrackPointExtension>
            <gpxtpx:hr>135</gpxtpx:hr>
          </gpxtpx:TrackPointExtension>
        </extensions>
      </trkpt>
      <trkpt lat="36.03004392503947" lon="119.40225236638818">
        <ele>60.54696427844465</ele>
        <time>2025-01-17T10:17:26Z</time>
        <extensions>
          <gpxtpx:TrackPointExtension>
            <gpxtpx:hr>135</gpxtpx:hr>
          </gpxtpx:TrackPointExtension>
        </extensions>
      </trkpt>
      <trkpt lat="36.03003669162769" lon="119.40226718355748">
        <ele>60.55755959358066</ele>
        <time>2025-01-17T10:17:27Z</time>
        <extensions>
          <gpxtpx:TrackPointExtension>
            <gpxtpx:hr>135</gpxtpx:hr>
          </gpxtpx:TrackPointExtension>
        </extensions>
      </trkpt>
      <trkpt lat="36.0300291616295" lon="119.4022817504053">
        <ele>60.57729165814817</ele>
        <time>2025-01-17T10:17:28Z</time>
        <extensions>
          <gpxtpx:TrackPointExtension>
            <gpxtpx:hr>135</gpxtpx:hr>
          </gpxtpx:TrackPointExtension>
        </extensions>
      </trkpt>
      <trkpt lat="36.03002133401091" lon="119.40229715809225">
        <ele>60.57290320657194</ele>
        <time>2025-01-17T10:17:29Z</time>
        <extensions>
          <gpxtpx:TrackPointExtension>
            <gpxtpx:hr>135</gpxtpx:hr>
          </gpxtpx:TrackPointExtension>
        </extensions>
      </trkpt>
      <trkpt lat="36.03001376710113" lon="119.4023136506095">
        <ele>60.53950507007539</ele>
        <time>2025-01-17T10:17:30Z</time>
        <extensions>
          <gpxtpx:TrackPointExtension>
            <gpxtpx:hr>135</gpxtpx:hr>
          </gpxtpx:TrackPointExtension>
        </extensions>
      </trkpt>
      <trkpt lat="36.030006472687354" lon="119.40233210173443">
        <ele>60.518712748773396</ele>
        <time>2025-01-17T10:17:31Z</time>
        <extensions>
          <gpxtpx:TrackPointExtension>
            <gpxtpx:hr>130</gpxtpx:hr>
          </gpxtpx:TrackPointExtension>
        </extensions>
      </trkpt>
      <trkpt lat="36.029999461847" lon="119.40235096549958">
        <ele>60.37307534273714</ele>
        <time>2025-01-17T10:17:32Z</time>
        <extensions>
          <gpxtpx:TrackPointExtension>
            <gpxtpx:hr>130</gpxtpx:hr>
          </gpxtpx:TrackPointExtension>
        </extensions>
      </trkpt>
      <trkpt lat="36.029992214601506" lon="119.40236882691771">
        <ele>60.31238558515906</ele>
        <time>2025-01-17T10:17:33Z</time>
        <extensions>
          <gpxtpx:TrackPointExtension>
            <gpxtpx:hr>130</gpxtpx:hr>
          </gpxtpx:TrackPointExtension>
        </extensions>
      </trkpt>
      <trkpt lat="36.029983619507604" lon="119.40238764303196">
        <ele>60.2338895322755</ele>
        <time>2025-01-17T10:17:34Z</time>
        <extensions>
          <gpxtpx:TrackPointExtension>
            <gpxtpx:hr>130</gpxtpx:hr>
          </gpxtpx:TrackPointExtension>
        </extensions>
      </trkpt>
      <trkpt lat="36.02997273102658" lon="119.4024103304878">
        <ele>60.13534247968346</ele>
        <time>2025-01-17T10:17:35Z</time>
        <extensions>
          <gpxtpx:TrackPointExtension>
            <gpxtpx:hr>130</gpxtpx:hr>
          </gpxtpx:TrackPointExtension>
        </extensions>
      </trkpt>
      <trkpt lat="36.02996084178412" lon="119.40243416041348">
        <ele>60.07351282518357</ele>
        <time>2025-01-17T10:17:36Z</time>
        <extensions>
          <gpxtpx:TrackPointExtension>
            <gpxtpx:hr>130</gpxtpx:hr>
          </gpxtpx:TrackPointExtension>
        </extensions>
      </trkpt>
      <trkpt lat="36.029949763574464" lon="119.40245485909898">
        <ele>60.01918456144631</ele>
        <time>2025-01-17T10:17:37Z</time>
        <extensions>
          <gpxtpx:TrackPointExtension>
            <gpxtpx:hr>129</gpxtpx:hr>
          </gpxtpx:TrackPointExtension>
        </extensions>
      </trkpt>
      <trkpt lat="36.02993881883212" lon="119.40247531892312">
        <ele>59.96494776383042</ele>
        <time>2025-01-17T10:17:38Z</time>
        <extensions>
          <gpxtpx:TrackPointExtension>
            <gpxtpx:hr>129</gpxtpx:hr>
          </gpxtpx:TrackPointExtension>
        </extensions>
      </trkpt>
      <trkpt lat="36.02992698262751" lon="119.40249778221474">
        <ele>59.881603699177504</ele>
        <time>2025-01-17T10:17:39Z</time>
        <extensions>
          <gpxtpx:TrackPointExtension>
            <gpxtpx:hr>129</gpxtpx:hr>
          </gpxtpx:TrackPointExtension>
        </extensions>
      </trkpt>
      <trkpt lat="36.02991233584252" lon="119.40252421132138">
        <ele>59.8226432222873</ele>
        <time>2025-01-17T10:17:40Z</time>
        <extensions>
          <gpxtpx:TrackPointExtension>
            <gpxtpx:hr>129</gpxtpx:hr>
          </gpxtpx:TrackPointExtension>
        </extensions>
      </trkpt>
      <trkpt lat="36.02989108321036" lon="119.40255966568216">
        <ele>59.75216832943261</ele>
        <time>2025-01-17T10:17:41Z</time>
        <extensions>
          <gpxtpx:TrackPointExtension>
            <gpxtpx:hr>129</gpxtpx:hr>
          </gpxtpx:TrackPointExtension>
        </extensions>
      </trkpt>
      <trkpt lat="36.02986445024022" lon="119.40260015637999">
        <ele>59.69549257680774</ele>
        <time>2025-01-17T10:17:42Z</time>
        <extensions>
          <gpxtpx:TrackPointExtension>
            <gpxtpx:hr>129</gpxtpx:hr>
          </gpxtpx:TrackPointExtension>
        </extensions>
      </trkpt>
      <trkpt lat="36.02983766223708" lon="119.40263771337395">
        <ele>59.64179559703916</ele>
        <time>2025-01-17T10:17:43Z</time>
        <extensions>
          <gpxtpx:TrackPointExtension>
            <gpxtpx:hr>136</gpxtpx:hr>
          </gpxtpx:TrackPointExtension>
        </extensions>
      </trkpt>
      <trkpt lat="36.02981198528908" lon="119.40267264255961">
        <ele>59.614368055947125</ele>
        <time>2025-01-17T10:17:44Z</time>
        <extensions>
          <gpxtpx:TrackPointExtension>
            <gpxtpx:hr>136</gpxtpx:hr>
          </gpxtpx:TrackPointExtension>
        </extensions>
      </trkpt>
      <trkpt lat="36.02978700662715" lon="119.4027064173893">
        <ele>59.614086342044175</ele>
        <time>2025-01-17T10:17:45Z</time>
        <extensions>
          <gpxtpx:TrackPointExtension>
            <gpxtpx:hr>136</gpxtpx:hr>
          </gpxtpx:TrackPointExtension>
        </extensions>
      </trkpt>
      <trkpt lat="36.029762004425706" lon="119.40273910559509">
        <ele>59.61234811600298</ele>
        <time>2025-01-17T10:17:46Z</time>
        <extensions>
          <gpxtpx:TrackPointExtension>
            <gpxtpx:hr>136</gpxtpx:hr>
          </gpxtpx:TrackPointExtension>
        </extensions>
      </trkpt>
      <trkpt lat="36.029735659899345" lon="119.40277042147821">
        <ele>59.62065199483186</ele>
        <time>2025-01-17T10:17:47Z</time>
        <extensions>
          <gpxtpx:TrackPointExtension>
            <gpxtpx:hr>136</gpxtpx:hr>
          </gpxtpx:TrackPointExtension>
        </extensions>
      </trkpt>
      <trkpt lat="36.02970819160977" lon="119.40279890697393">
        <ele>59.635332711040974</ele>
        <time>2025-01-17T10:17:48Z</time>
        <extensions>
          <gpxtpx:TrackPointExtension>
            <gpxtpx:hr>140</gpxtpx:hr>
          </gpxtpx:TrackPointExtension>
        </extensions>
      </trkpt>
      <trkpt lat="36.02968052245099" lon="119.40282426791275">
        <ele>59.66108889039606</ele>
        <time>2025-01-17T10:17:49Z</time>
        <extensions>
          <gpxtpx:TrackPointExtension>
            <gpxtpx:hr>140</gpxtpx:hr>
          </gpxtpx:TrackPointExtension>
        </extensions>
      </trkpt>
      <trkpt lat="36.029651899228796" lon="119.40284903633491">
        <ele>59.69246408063918</ele>
        <time>2025-01-17T10:17:50Z</time>
        <extensions>
          <gpxtpx:TrackPointExtension>
            <gpxtpx:hr>140</gpxtpx:hr>
          </gpxtpx:TrackPointExtension>
        </extensions>
      </trkpt>
      <trkpt lat="36.02962243830285" lon="119.4028732557702">
        <ele>59.75399297848344</ele>
        <time>2025-01-17T10:17:51Z</time>
        <extensions>
          <gpxtpx:TrackPointExtension>
            <gpxtpx:hr>140</gpxtpx:hr>
          </gpxtpx:TrackPointExtension>
        </extensions>
      </trkpt>
      <trkpt lat="36.029592481830896" lon="119.40289593908412">
        <ele>59.818710420280695</ele>
        <time>2025-01-17T10:17:52Z</time>
        <extensions>
          <gpxtpx:TrackPointExtension>
            <gpxtpx:hr>140</gpxtpx:hr>
          </gpxtpx:TrackPointExtension>
        </extensions>
      </trkpt>
      <trkpt lat="36.029561706481545" lon="119.4029176409085">
        <ele>59.87675440963358</ele>
        <time>2025-01-17T10:17:53Z</time>
        <extensions>
          <gpxtpx:TrackPointExtension>
            <gpxtpx:hr>148</gpxtpx:hr>
          </gpxtpx:TrackPointExtension>
        </extensions>
      </trkpt>
      <trkpt lat="36.02953095834322" lon="119.40293867259656">
        <ele>59.958695789799094</ele>
        <time>2025-01-17T10:17:54Z</time>
        <extensions>
          <gpxtpx:TrackPointExtension>
            <gpxtpx:hr>148</gpxtpx:hr>
          </gpxtpx:TrackPointExtension>
        </extensions>
      </trkpt>
      <trkpt lat="36.02950016437053" lon="119.40295927329852">
        <ele>60.0476092081517</ele>
        <time>2025-01-17T10:17:55Z</time>
        <extensions>
          <gpxtpx:TrackPointExtension>
            <gpxtpx:hr>148</gpxtpx:hr>
          </gpxtpx:TrackPointExtension>
        </extensions>
      </trkpt>
      <trkpt lat="36.02946968903782" lon="119.40297858716357">
        <ele>60.16177409514785</ele>
        <time>2025-01-17T10:17:56Z</time>
        <extensions>
          <gpxtpx:TrackPointExtension>
            <gpxtpx:hr>148</gpxtpx:hr>
          </gpxtpx:TrackPointExtension>
        </extensions>
      </trkpt>
      <trkpt lat="36.02944010482147" lon="119.40299570152399">
        <ele>60.26294366456568</ele>
        <time>2025-01-17T10:17:57Z</time>
        <extensions>
          <gpxtpx:TrackPointExtension>
            <gpxtpx:hr>148</gpxtpx:hr>
          </gpxtpx:TrackPointExtension>
        </extensions>
      </trkpt>
      <trkpt lat="36.02940977778714" lon="119.40301103339503">
        <ele>60.329359852708876</ele>
        <time>2025-01-17T10:17:58Z</time>
        <extensions>
          <gpxtpx:TrackPointExtension>
            <gpxtpx:hr>149</gpxtpx:hr>
          </gpxtpx:TrackPointExtension>
        </extensions>
      </trkpt>
      <trkpt lat="36.02937839499988" lon="119.4030249743854">
        <ele>60.38170027732849</ele>
        <time>2025-01-17T10:17:59Z</time>
        <extensions>
          <gpxtpx:TrackPointExtension>
            <gpxtpx:hr>149</gpxtpx:hr>
          </gpxtpx:TrackPointExtension>
        </extensions>
      </trkpt>
      <trkpt lat="36.029346376932025" lon="119.40303786282664">
        <ele>60.41773398127407</ele>
        <time>2025-01-17T10:18:00Z</time>
        <extensions>
          <gpxtpx:TrackPointExtension>
            <gpxtpx:hr>149</gpxtpx:hr>
          </gpxtpx:TrackPointExtension>
        </extensions>
      </trkpt>
      <trkpt lat="36.02931386960818" lon="119.40305018544566">
        <ele>60.46350560057908</ele>
        <time>2025-01-17T10:18:01Z</time>
        <extensions>
          <gpxtpx:TrackPointExtension>
            <gpxtpx:hr>149</gpxtpx:hr>
          </gpxtpx:TrackPointExtension>
        </extensions>
      </trkpt>
      <trkpt lat="36.02928305954741" lon="119.40306109962269">
        <ele>60.49283803999424</ele>
        <time>2025-01-17T10:18:02Z</time>
        <extensions>
          <gpxtpx:TrackPointExtension>
            <gpxtpx:hr>149</gpxtpx:hr>
          </gpxtpx:TrackPointExtension>
        </extensions>
      </trkpt>
      <trkpt lat="36.02925523624291" lon="119.40307005671843">
        <ele>60.49501236435026</ele>
        <time>2025-01-17T10:18:03Z</time>
        <extensions>
          <gpxtpx:TrackPointExtension>
            <gpxtpx:hr>153</gpxtpx:hr>
          </gpxtpx:TrackPointExtension>
        </extensions>
      </trkpt>
      <trkpt lat="36.02922966177066" lon="119.40307729916186">
        <ele>60.487744599580765</ele>
        <time>2025-01-17T10:18:04Z</time>
        <extensions>
          <gpxtpx:TrackPointExtension>
            <gpxtpx:hr>153</gpxtpx:hr>
          </gpxtpx:TrackPointExtension>
        </extensions>
      </trkpt>
      <trkpt lat="36.02920641261754" lon="119.40308286492048">
        <ele>60.46048560272902</ele>
        <time>2025-01-17T10:18:05Z</time>
        <extensions>
          <gpxtpx:TrackPointExtension>
            <gpxtpx:hr>153</gpxtpx:hr>
          </gpxtpx:TrackPointExtension>
        </extensions>
      </trkpt>
      <trkpt lat="36.029186605752685" lon="119.40308723097625">
        <ele>60.4402581024915</ele>
        <time>2025-01-17T10:18:06Z</time>
        <extensions>
          <gpxtpx:TrackPointExtension>
            <gpxtpx:hr>153</gpxtpx:hr>
          </gpxtpx:TrackPointExtension>
        </extensions>
      </trkpt>
      <trkpt lat="36.02917055799415" lon="119.40309080305303">
        <ele>60.41455203574151</ele>
        <time>2025-01-17T10:18:07Z</time>
        <extensions>
          <gpxtpx:TrackPointExtension>
            <gpxtpx:hr>153</gpxtpx:hr>
          </gpxtpx:TrackPointExtension>
        </extensions>
      </trkpt>
      <trkpt lat="36.02915691224331" lon="119.40309367485683">
        <ele>60.383615193888545</ele>
        <time>2025-01-17T10:18:08Z</time>
        <extensions>
          <gpxtpx:TrackPointExtension>
            <gpxtpx:hr>153</gpxtpx:hr>
          </gpxtpx:TrackPointExtension>
        </extensions>
      </trkpt>
      <trkpt lat="36.02914338817327" lon="119.40309603522242">
        <ele>60.354750017635524</ele>
        <time>2025-01-17T10:18:09Z</time>
        <extensions>
          <gpxtpx:TrackPointExtension>
            <gpxtpx:hr>156</gpxtpx:hr>
          </gpxtpx:TrackPointExtension>
        </extensions>
      </trkpt>
      <trkpt lat="36.02912947502257" lon="119.40309804785203">
        <ele>60.306191391311586</ele>
        <time>2025-01-17T10:18:10Z</time>
        <extensions>
          <gpxtpx:TrackPointExtension>
            <gpxtpx:hr>156</gpxtpx:hr>
          </gpxtpx:TrackPointExtension>
        </extensions>
      </trkpt>
      <trkpt lat="36.029116139455695" lon="119.40309994006451">
        <ele>60.25835715793073</ele>
        <time>2025-01-17T10:18:11Z</time>
        <extensions>
          <gpxtpx:TrackPointExtension>
            <gpxtpx:hr>156</gpxtpx:hr>
          </gpxtpx:TrackPointExtension>
        </extensions>
      </trkpt>
      <trkpt lat="36.02910281540389" lon="119.40310222438481">
        <ele>60.22087712679058</ele>
        <time>2025-01-17T10:18:12Z</time>
        <extensions>
          <gpxtpx:TrackPointExtension>
            <gpxtpx:hr>156</gpxtpx:hr>
          </gpxtpx:TrackPointExtension>
        </extensions>
      </trkpt>
      <trkpt lat="36.02908873823599" lon="119.4031046459221">
        <ele>60.20434408355504</ele>
        <time>2025-01-17T10:18:13Z</time>
        <extensions>
          <gpxtpx:TrackPointExtension>
            <gpxtpx:hr>156</gpxtpx:hr>
          </gpxtpx:TrackPointExtension>
        </extensions>
      </trkpt>
      <trkpt lat="36.029074087288016" lon="119.40310651599744">
        <ele>60.19595096819103</ele>
        <time>2025-01-17T10:18:14Z</time>
        <extensions>
          <gpxtpx:TrackPointExtension>
            <gpxtpx:hr>156</gpxtpx:hr>
          </gpxtpx:TrackPointExtension>
        </extensions>
      </trkpt>
      <trkpt lat="36.029060929619" lon="119.40310809857213">
        <ele>60.18799720425159</ele>
        <time>2025-01-17T10:18:15Z</time>
        <extensions>
          <gpxtpx:TrackPointExtension>
            <gpxtpx:hr>158</gpxtpx:hr>
          </gpxtpx:TrackPointExtension>
        </extensions>
      </trkpt>
      <trkpt lat="36.029049870847615" lon="119.40310959707395">
        <ele>60.19993789959699</ele>
        <time>2025-01-17T10:18:16Z</time>
        <extensions>
          <gpxtpx:TrackPointExtension>
            <gpxtpx:hr>158</gpxtpx:hr>
          </gpxtpx:TrackPointExtension>
        </extensions>
      </trkpt>
      <trkpt lat="36.02903850692719" lon="119.40311081907561">
        <ele>60.21960193756968</ele>
        <time>2025-01-17T10:18:17Z</time>
        <extensions>
          <gpxtpx:TrackPointExtension>
            <gpxtpx:hr>158</gpxtpx:hr>
          </gpxtpx:TrackPointExtension>
        </extensions>
      </trkpt>
      <trkpt lat="36.02902690909342" lon="119.40311113217867">
        <ele>60.24416309967637</ele>
        <time>2025-01-17T10:18:18Z</time>
        <extensions>
          <gpxtpx:TrackPointExtension>
            <gpxtpx:hr>158</gpxtpx:hr>
          </gpxtpx:TrackPointExtension>
        </extensions>
      </trkpt>
      <trkpt lat="36.029015369948695" lon="119.40311053895657">
        <ele>60.265675995498896</ele>
        <time>2025-01-17T10:18:19Z</time>
        <extensions>
          <gpxtpx:TrackPointExtension>
            <gpxtpx:hr>158</gpxtpx:hr>
          </gpxtpx:TrackPointExtension>
        </extensions>
      </trkpt>
      <trkpt lat="36.02900368994099" lon="119.40310946868048">
        <ele>60.28273117356002</ele>
        <time>2025-01-17T10:18:20Z</time>
        <extensions>
          <gpxtpx:TrackPointExtension>
            <gpxtpx:hr>158</gpxtpx:hr>
          </gpxtpx:TrackPointExtension>
        </extensions>
      </trkpt>
      <trkpt lat="36.02899214692097" lon="119.40310880604007">
        <ele>60.295632370747626</ele>
        <time>2025-01-17T10:18:21Z</time>
        <extensions>
          <gpxtpx:TrackPointExtension>
            <gpxtpx:hr>158</gpxtpx:hr>
          </gpxtpx:TrackPointExtension>
        </extensions>
      </trkpt>
      <trkpt lat="36.02898040525013" lon="119.40310912119698">
        <ele>60.30894686374813</ele>
        <time>2025-01-17T10:18:22Z</time>
        <extensions>
          <gpxtpx:TrackPointExtension>
            <gpxtpx:hr>158</gpxtpx:hr>
          </gpxtpx:TrackPointExtension>
        </extensions>
      </trkpt>
      <trkpt lat="36.02896803851816" lon="119.40310971190912">
        <ele>60.32103449571878</ele>
        <time>2025-01-17T10:18:23Z</time>
        <extensions>
          <gpxtpx:TrackPointExtension>
            <gpxtpx:hr>158</gpxtpx:hr>
          </gpxtpx:TrackPointExtension>
        </extensions>
      </trkpt>
      <trkpt lat="36.028955500156044" lon="119.4031099685494">
        <ele>60.335993747226894</ele>
        <time>2025-01-17T10:18:24Z</time>
        <extensions>
          <gpxtpx:TrackPointExtension>
            <gpxtpx:hr>158</gpxtpx:hr>
          </gpxtpx:TrackPointExtension>
        </extensions>
      </trkpt>
      <trkpt lat="36.028942849890164" lon="119.40310937250665">
        <ele>60.343064594082534</ele>
        <time>2025-01-17T10:18:25Z</time>
        <extensions>
          <gpxtpx:TrackPointExtension>
            <gpxtpx:hr>158</gpxtpx:hr>
          </gpxtpx:TrackPointExtension>
        </extensions>
      </trkpt>
      <trkpt lat="36.02892969783708" lon="119.40310819563541">
        <ele>60.34519445896149</ele>
        <time>2025-01-17T10:18:26Z</time>
        <extensions>
          <gpxtpx:TrackPointExtension>
            <gpxtpx:hr>158</gpxtpx:hr>
          </gpxtpx:TrackPointExtension>
        </extensions>
      </trkpt>
      <trkpt lat="36.02891599970054" lon="119.40310678975402">
        <ele>60.3486812049523</ele>
        <time>2025-01-17T10:18:27Z</time>
        <extensions>
          <gpxtpx:TrackPointExtension>
            <gpxtpx:hr>158</gpxtpx:hr>
          </gpxtpx:TrackPointExtension>
        </extensions>
      </trkpt>
      <trkpt lat="36.02890201123681" lon="119.4031054264719">
        <ele>60.34567865263671</ele>
        <time>2025-01-17T10:18:28Z</time>
        <extensions>
          <gpxtpx:TrackPointExtension>
            <gpxtpx:hr>153</gpxtpx:hr>
          </gpxtpx:TrackPointExtension>
        </extensions>
      </trkpt>
      <trkpt lat="36.0288884944785" lon="119.40310463138938">
        <ele>60.32855531107634</ele>
        <time>2025-01-17T10:18:29Z</time>
        <extensions>
          <gpxtpx:TrackPointExtension>
            <gpxtpx:hr>153</gpxtpx:hr>
          </gpxtpx:TrackPointExtension>
        </extensions>
      </trkpt>
      <trkpt lat="36.028875447674906" lon="119.40310481650943">
        <ele>60.31204494740814</ele>
        <time>2025-01-17T10:18:30Z</time>
        <extensions>
          <gpxtpx:TrackPointExtension>
            <gpxtpx:hr>153</gpxtpx:hr>
          </gpxtpx:TrackPointExtension>
        </extensions>
      </trkpt>
      <trkpt lat="36.02886261551838" lon="119.40310579766557">
        <ele>60.29521107301116</ele>
        <time>2025-01-17T10:18:31Z</time>
        <extensions>
          <gpxtpx:TrackPointExtension>
            <gpxtpx:hr>153</gpxtpx:hr>
          </gpxtpx:TrackPointExtension>
        </extensions>
      </trkpt>
      <trkpt lat="36.02884993825703" lon="119.4031068175442">
        <ele>60.28005708102137</ele>
        <time>2025-01-17T10:18:32Z</time>
        <extensions>
          <gpxtpx:TrackPointExtension>
            <gpxtpx:hr>153</gpxtpx:hr>
          </gpxtpx:TrackPointExtension>
        </extensions>
      </trkpt>
      <trkpt lat="36.02883757837709" lon="119.40310823074194">
        <ele>60.26857263594866</ele>
        <time>2025-01-17T10:18:33Z</time>
        <extensions>
          <gpxtpx:TrackPointExtension>
            <gpxtpx:hr>153</gpxtpx:hr>
          </gpxtpx:TrackPointExtension>
        </extensions>
      </trkpt>
      <trkpt lat="36.028825532428264" lon="119.40311038090985">
        <ele>60.25415241532028</ele>
        <time>2025-01-17T10:18:34Z</time>
        <extensions>
          <gpxtpx:TrackPointExtension>
            <gpxtpx:hr>146</gpxtpx:hr>
          </gpxtpx:TrackPointExtension>
        </extensions>
      </trkpt>
      <trkpt lat="36.028814013615815" lon="119.40311323585792">
        <ele>60.23877020087093</ele>
        <time>2025-01-17T10:18:35Z</time>
        <extensions>
          <gpxtpx:TrackPointExtension>
            <gpxtpx:hr>146</gpxtpx:hr>
          </gpxtpx:TrackPointExtension>
        </extensions>
      </trkpt>
      <trkpt lat="36.02880325299809" lon="119.40311734912027">
        <ele>60.230582589283586</ele>
        <time>2025-01-17T10:18:36Z</time>
        <extensions>
          <gpxtpx:TrackPointExtension>
            <gpxtpx:hr>146</gpxtpx:hr>
          </gpxtpx:TrackPointExtension>
        </extensions>
      </trkpt>
      <trkpt lat="36.02879325947315" lon="119.40312314274402">
        <ele>60.23489621467888</ele>
        <time>2025-01-17T10:18:37Z</time>
        <extensions>
          <gpxtpx:TrackPointExtension>
            <gpxtpx:hr>146</gpxtpx:hr>
          </gpxtpx:TrackPointExtension>
        </extensions>
      </trkpt>
      <trkpt lat="36.02878431960246" lon="119.4031309667786">
        <ele>60.231247077696025</ele>
        <time>2025-01-17T10:18:38Z</time>
        <extensions>
          <gpxtpx:TrackPointExtension>
            <gpxtpx:hr>146</gpxtpx:hr>
          </gpxtpx:TrackPointExtension>
        </extensions>
      </trkpt>
      <trkpt lat="36.02877716056518" lon="119.4031413595349">
        <ele>60.2207930739969</ele>
        <time>2025-01-17T10:18:39Z</time>
        <extensions>
          <gpxtpx:TrackPointExtension>
            <gpxtpx:hr>146</gpxtpx:hr>
          </gpxtpx:TrackPointExtension>
        </extensions>
      </trkpt>
      <trkpt lat="36.02877189479161" lon="119.40315431904402">
        <ele>60.204724475741386</ele>
        <time>2025-01-17T10:18:40Z</time>
        <extensions>
          <gpxtpx:TrackPointExtension>
            <gpxtpx:hr>138</gpxtpx:hr>
          </gpxtpx:TrackPointExtension>
        </extensions>
      </trkpt>
      <trkpt lat="36.02876843950565" lon="119.4031692987139">
        <ele>60.187566104345024</ele>
        <time>2025-01-17T10:18:41Z</time>
        <extensions>
          <gpxtpx:TrackPointExtension>
            <gpxtpx:hr>138</gpxtpx:hr>
          </gpxtpx:TrackPointExtension>
        </extensions>
      </trkpt>
      <trkpt lat="36.028766929652384" lon="119.40318572667397">
        <ele>60.16297344863415</ele>
        <time>2025-01-17T10:18:42Z</time>
        <extensions>
          <gpxtpx:TrackPointExtension>
            <gpxtpx:hr>138</gpxtpx:hr>
          </gpxtpx:TrackPointExtension>
        </extensions>
      </trkpt>
      <trkpt lat="36.02876718700546" lon="119.40320268518376">
        <ele>60.13035162445158</ele>
        <time>2025-01-17T10:18:43Z</time>
        <extensions>
          <gpxtpx:TrackPointExtension>
            <gpxtpx:hr>138</gpxtpx:hr>
          </gpxtpx:TrackPointExtension>
        </extensions>
      </trkpt>
      <trkpt lat="36.02876845595535" lon="119.40321954392184">
        <ele>60.106878424063325</ele>
        <time>2025-01-17T10:18:44Z</time>
        <extensions>
          <gpxtpx:TrackPointExtension>
            <gpxtpx:hr>137</gpxtpx:hr>
          </gpxtpx:TrackPointExtension>
        </extensions>
      </trkpt>
      <trkpt lat="36.02876950230295" lon="119.40323628859699">
        <ele>60.09463604353368</ele>
        <time>2025-01-17T10:18:45Z</time>
        <extensions>
          <gpxtpx:TrackPointExtension>
            <gpxtpx:hr>137</gpxtpx:hr>
          </gpxtpx:TrackPointExtension>
        </extensions>
      </trkpt>
      <trkpt lat="36.028770026148706" lon="119.4032528289005">
        <ele>60.06925732269883</ele>
        <time>2025-01-17T10:18:46Z</time>
        <extensions>
          <gpxtpx:TrackPointExtension>
            <gpxtpx:hr>137</gpxtpx:hr>
          </gpxtpx:TrackPointExtension>
        </extensions>
      </trkpt>
      <trkpt lat="36.02877055597811" lon="119.40326911020259">
        <ele>60.00384557899088</ele>
        <time>2025-01-17T10:18:47Z</time>
        <extensions>
          <gpxtpx:TrackPointExtension>
            <gpxtpx:hr>132</gpxtpx:hr>
          </gpxtpx:TrackPointExtension>
        </extensions>
      </trkpt>
      <trkpt lat="36.028771289909265" lon="119.40328527025174">
        <ele>59.93758139945567</ele>
        <time>2025-01-17T10:18:48Z</time>
        <extensions>
          <gpxtpx:TrackPointExtension>
            <gpxtpx:hr>132</gpxtpx:hr>
          </gpxtpx:TrackPointExtension>
        </extensions>
      </trkpt>
      <trkpt lat="36.02877215444926" lon="119.40330102124206">
        <ele>59.86817559506744</ele>
        <time>2025-01-17T10:18:49Z</time>
        <extensions>
          <gpxtpx:TrackPointExtension>
            <gpxtpx:hr>132</gpxtpx:hr>
          </gpxtpx:TrackPointExtension>
        </extensions>
      </trkpt>
      <trkpt lat="36.02877302161237" lon="119.40331627495561">
        <ele>59.79158892668784</ele>
        <time>2025-01-17T10:18:50Z</time>
        <extensions>
          <gpxtpx:TrackPointExtension>
            <gpxtpx:hr>132</gpxtpx:hr>
          </gpxtpx:TrackPointExtension>
        </extensions>
      </trkpt>
      <trkpt lat="36.02877391388028" lon="119.40333133787158">
        <ele>59.72067728545517</ele>
        <time>2025-01-17T10:18:51Z</time>
        <extensions>
          <gpxtpx:TrackPointExtension>
            <gpxtpx:hr>132</gpxtpx:hr>
          </gpxtpx:TrackPointExtension>
        </extensions>
      </trkpt>
      <trkpt lat="36.028775059430885" lon="119.40334640769079">
        <ele>59.649033127352595</ele>
        <time>2025-01-17T10:18:52Z</time>
        <extensions>
          <gpxtpx:TrackPointExtension>
            <gpxtpx:hr>125</gpxtpx:hr>
          </gpxtpx:TrackPointExtension>
        </extensions>
      </trkpt>
      <trkpt lat="36.0287763148249" lon="119.40336147293154">
        <ele>59.56357791274786</ele>
        <time>2025-01-17T10:18:53Z</time>
        <extensions>
          <gpxtpx:TrackPointExtension>
            <gpxtpx:hr>125</gpxtpx:hr>
          </gpxtpx:TrackPointExtension>
        </extensions>
      </trkpt>
      <trkpt lat="36.028777750966434" lon="119.40337644270517">
        <ele>59.517250071279705</ele>
        <time>2025-01-17T10:18:54Z</time>
        <extensions>
          <gpxtpx:TrackPointExtension>
            <gpxtpx:hr>125</gpxtpx:hr>
          </gpxtpx:TrackPointExtension>
        </extensions>
      </trkpt>
      <trkpt lat="36.02877898563491" lon="119.40339156128505">
        <ele>59.44762721750885</ele>
        <time>2025-01-17T10:18:55Z</time>
        <extensions>
          <gpxtpx:TrackPointExtension>
            <gpxtpx:hr>125</gpxtpx:hr>
          </gpxtpx:TrackPointExtension>
        </extensions>
      </trkpt>
      <trkpt lat="36.02877935976596" lon="119.40340702651483">
        <ele>59.375658507458866</ele>
        <time>2025-01-17T10:18:56Z</time>
        <extensions>
          <gpxtpx:TrackPointExtension>
            <gpxtpx:hr>125</gpxtpx:hr>
          </gpxtpx:TrackPointExtension>
        </extensions>
      </trkpt>
      <trkpt lat="36.02877877266781" lon="119.40342244249803">
        <ele>59.333406447432935</ele>
        <time>2025-01-17T10:18:57Z</time>
        <extensions>
          <gpxtpx:TrackPointExtension>
            <gpxtpx:hr>122</gpxtpx:hr>
          </gpxtpx:TrackPointExtension>
        </extensions>
      </trkpt>
      <trkpt lat="36.02877769250653" lon="119.40343868413669">
        <ele>59.264926278963685</ele>
        <time>2025-01-17T10:18:58Z</time>
        <extensions>
          <gpxtpx:TrackPointExtension>
            <gpxtpx:hr>122</gpxtpx:hr>
          </gpxtpx:TrackPointExtension>
        </extensions>
      </trkpt>
      <trkpt lat="36.02877685981236" lon="119.4034562355427">
        <ele>59.20612896606326</ele>
        <time>2025-01-17T10:18:59Z</time>
        <extensions>
          <gpxtpx:TrackPointExtension>
            <gpxtpx:hr>122</gpxtpx:hr>
          </gpxtpx:TrackPointExtension>
        </extensions>
      </trkpt>
      <trkpt lat="36.02877628362312" lon="119.40347466359584">
        <ele>59.11865339614451</ele>
        <time>2025-01-17T10:19:00Z</time>
        <extensions>
          <gpxtpx:TrackPointExtension>
            <gpxtpx:hr>122</gpxtpx:hr>
          </gpxtpx:TrackPointExtension>
        </extensions>
      </trkpt>
      <trkpt lat="36.02877547077313" lon="119.40349352615603">
        <ele>59.0310127986595</ele>
        <time>2025-01-17T10:19:01Z</time>
        <extensions>
          <gpxtpx:TrackPointExtension>
            <gpxtpx:hr>122</gpxtpx:hr>
          </gpxtpx:TrackPointExtension>
        </extensions>
      </trkpt>
      <trkpt lat="36.02877421355385" lon="119.40351285536944">
        <ele>58.98415236361325</ele>
        <time>2025-01-17T10:19:02Z</time>
        <extensions>
          <gpxtpx:TrackPointExtension>
            <gpxtpx:hr>122</gpxtpx:hr>
          </gpxtpx:TrackPointExtension>
        </extensions>
      </trkpt>
      <trkpt lat="36.028772796303635" lon="119.40353249234262">
        <ele>58.941653992049396</ele>
        <time>2025-01-17T10:19:03Z</time>
        <extensions>
          <gpxtpx:TrackPointExtension>
            <gpxtpx:hr>122</gpxtpx:hr>
          </gpxtpx:TrackPointExtension>
        </extensions>
      </trkpt>
      <trkpt lat="36.02877059467699" lon="119.40355423393744">
        <ele>58.879818581044674</ele>
        <time>2025-01-17T10:19:04Z</time>
        <extensions>
          <gpxtpx:TrackPointExtension>
            <gpxtpx:hr>119</gpxtpx:hr>
          </gpxtpx:TrackPointExtension>
        </extensions>
      </trkpt>
      <trkpt lat="36.028767572699195" lon="119.40357670660076">
        <ele>58.826844654046</ele>
        <time>2025-01-17T10:19:05Z</time>
        <extensions>
          <gpxtpx:TrackPointExtension>
            <gpxtpx:hr>119</gpxtpx:hr>
          </gpxtpx:TrackPointExtension>
        </extensions>
      </trkpt>
      <trkpt lat="36.02876454909492" lon="119.40359776312002">
        <ele>58.778161369264126</ele>
        <time>2025-01-17T10:19:06Z</time>
        <extensions>
          <gpxtpx:TrackPointExtension>
            <gpxtpx:hr>119</gpxtpx:hr>
          </gpxtpx:TrackPointExtension>
        </extensions>
      </trkpt>
      <trkpt lat="36.028761604049606" lon="119.40361903781846">
        <ele>58.739330768585205</ele>
        <time>2025-01-17T10:19:07Z</time>
        <extensions>
          <gpxtpx:TrackPointExtension>
            <gpxtpx:hr>119</gpxtpx:hr>
          </gpxtpx:TrackPointExtension>
        </extensions>
      </trkpt>
      <trkpt lat="36.02875872984192" lon="119.40364187355556">
        <ele>58.7185779158026</ele>
        <time>2025-01-17T10:19:08Z</time>
        <extensions>
          <gpxtpx:TrackPointExtension>
            <gpxtpx:hr>119</gpxtpx:hr>
          </gpxtpx:TrackPointExtension>
        </extensions>
      </trkpt>
      <trkpt lat="36.0287557290621" lon="119.40366718326787">
        <ele>58.69690440129489</ele>
        <time>2025-01-17T10:19:09Z</time>
        <extensions>
          <gpxtpx:TrackPointExtension>
            <gpxtpx:hr>119</gpxtpx:hr>
          </gpxtpx:TrackPointExtension>
        </extensions>
      </trkpt>
      <trkpt lat="36.02875205801426" lon="119.40370042678532">
        <ele>58.692130317911506</ele>
        <time>2025-01-17T10:19:10Z</time>
        <extensions>
          <gpxtpx:TrackPointExtension>
            <gpxtpx:hr>119</gpxtpx:hr>
          </gpxtpx:TrackPointExtension>
        </extensions>
      </trkpt>
      <trkpt lat="36.02874835487136" lon="119.40374248232136">
        <ele>58.735752443782985</ele>
        <time>2025-01-17T10:19:11Z</time>
        <extensions>
          <gpxtpx:TrackPointExtension>
            <gpxtpx:hr>119</gpxtpx:hr>
          </gpxtpx:TrackPointExtension>
        </extensions>
      </trkpt>
      <trkpt lat="36.02874492284957" lon="119.4037868744597">
        <ele>58.77444012463093</ele>
        <time>2025-01-17T10:19:12Z</time>
        <extensions>
          <gpxtpx:TrackPointExtension>
            <gpxtpx:hr>124</gpxtpx:hr>
          </gpxtpx:TrackPointExtension>
        </extensions>
      </trkpt>
      <trkpt lat="36.02874032194589" lon="119.4038294783719">
        <ele>58.85341946221888</ele>
        <time>2025-01-17T10:19:13Z</time>
        <extensions>
          <gpxtpx:TrackPointExtension>
            <gpxtpx:hr>124</gpxtpx:hr>
          </gpxtpx:TrackPointExtension>
        </extensions>
      </trkpt>
      <trkpt lat="36.028733704957396" lon="119.40386819022922">
        <ele>58.896122572012246</ele>
        <time>2025-01-17T10:19:14Z</time>
        <extensions>
          <gpxtpx:TrackPointExtension>
            <gpxtpx:hr>124</gpxtpx:hr>
          </gpxtpx:TrackPointExtension>
        </extensions>
      </trkpt>
      <trkpt lat="36.028724298431875" lon="119.40390386678891">
        <ele>58.96858534030616</ele>
        <time>2025-01-17T10:19:15Z</time>
        <extensions>
          <gpxtpx:TrackPointExtension>
            <gpxtpx:hr>124</gpxtpx:hr>
          </gpxtpx:TrackPointExtension>
        </extensions>
      </trkpt>
      <trkpt lat="36.02871087940029" lon="119.40393633922243">
        <ele>59.02530926838517</ele>
        <time>2025-01-17T10:19:16Z</time>
        <extensions>
          <gpxtpx:TrackPointExtension>
            <gpxtpx:hr>124</gpxtpx:hr>
          </gpxtpx:TrackPointExtension>
        </extensions>
      </trkpt>
      <trkpt lat="36.02869249851051" lon="119.40396421167804">
        <ele>59.09007643070072</ele>
        <time>2025-01-17T10:19:17Z</time>
        <extensions>
          <gpxtpx:TrackPointExtension>
            <gpxtpx:hr>130</gpxtpx:hr>
          </gpxtpx:TrackPointExtension>
        </extensions>
      </trkpt>
      <trkpt lat="36.028669188113895" lon="119.40398598344652">
        <ele>59.17480563558638</ele>
        <time>2025-01-17T10:19:18Z</time>
        <extensions>
          <gpxtpx:TrackPointExtension>
            <gpxtpx:hr>130</gpxtpx:hr>
          </gpxtpx:TrackPointExtension>
        </extensions>
      </trkpt>
      <trkpt lat="36.02864313843181" lon="119.40400142094457">
        <ele>59.22553592920303</ele>
        <time>2025-01-17T10:19:19Z</time>
        <extensions>
          <gpxtpx:TrackPointExtension>
            <gpxtpx:hr>130</gpxtpx:hr>
          </gpxtpx:TrackPointExtension>
        </extensions>
      </trkpt>
      <trkpt lat="36.02861615738906" lon="119.40401367428697">
        <ele>59.27838549949229</ele>
        <time>2025-01-17T10:19:20Z</time>
        <extensions>
          <gpxtpx:TrackPointExtension>
            <gpxtpx:hr>130</gpxtpx:hr>
          </gpxtpx:TrackPointExtension>
        </extensions>
      </trkpt>
      <trkpt lat="36.02858827462758" lon="119.40402644162195">
        <ele>59.33933330886066</ele>
        <time>2025-01-17T10:19:21Z</time>
        <extensions>
          <gpxtpx:TrackPointExtension>
            <gpxtpx:hr>130</gpxtpx:hr>
          </gpxtpx:TrackPointExtension>
        </extensions>
      </trkpt>
      <trkpt lat="36.02856043009156" lon="119.40404110018336">
        <ele>59.381354180164635</ele>
        <time>2025-01-17T10:19:22Z</time>
        <extensions>
          <gpxtpx:TrackPointExtension>
            <gpxtpx:hr>135</gpxtpx:hr>
          </gpxtpx:TrackPointExtension>
        </extensions>
      </trkpt>
      <trkpt lat="36.0285329810008" lon="119.40405805465247">
        <ele>59.43591530993581</ele>
        <time>2025-01-17T10:19:23Z</time>
        <extensions>
          <gpxtpx:TrackPointExtension>
            <gpxtpx:hr>135</gpxtpx:hr>
          </gpxtpx:TrackPointExtension>
        </extensions>
      </trkpt>
      <trkpt lat="36.02850530733224" lon="119.40407694911009">
        <ele>59.480728891678154</ele>
        <time>2025-01-17T10:19:24Z</time>
        <extensions>
          <gpxtpx:TrackPointExtension>
            <gpxtpx:hr>135</gpxtpx:hr>
          </gpxtpx:TrackPointExtension>
        </extensions>
      </trkpt>
      <trkpt lat="36.02847804242545" lon="119.4040964101062">
        <ele>59.542440169490874</ele>
        <time>2025-01-17T10:19:25Z</time>
        <extensions>
          <gpxtpx:TrackPointExtension>
            <gpxtpx:hr>135</gpxtpx:hr>
          </gpxtpx:TrackPointExtension>
        </extensions>
      </trkpt>
      <trkpt lat="36.02845115802234" lon="119.40411587263088">
        <ele>59.59005114622414</ele>
        <time>2025-01-17T10:19:26Z</time>
        <extensions>
          <gpxtpx:TrackPointExtension>
            <gpxtpx:hr>135</gpxtpx:hr>
          </gpxtpx:TrackPointExtension>
        </extensions>
      </trkpt>
      <trkpt lat="36.028424267645455" lon="119.40413573832997">
        <ele>59.603934357874095</ele>
        <time>2025-01-17T10:19:27Z</time>
        <extensions>
          <gpxtpx:TrackPointExtension>
            <gpxtpx:hr>135</gpxtpx:hr>
          </gpxtpx:TrackPointExtension>
        </extensions>
      </trkpt>
      <trkpt lat="36.02839830559482" lon="119.40415617092992">
        <ele>59.59782871045172</ele>
        <time>2025-01-17T10:19:28Z</time>
        <extensions>
          <gpxtpx:TrackPointExtension>
            <gpxtpx:hr>143</gpxtpx:hr>
          </gpxtpx:TrackPointExtension>
        </extensions>
      </trkpt>
      <trkpt lat="36.02837301357891" lon="119.40417774785456">
        <ele>59.57833184208721</ele>
        <time>2025-01-17T10:19:29Z</time>
        <extensions>
          <gpxtpx:TrackPointExtension>
            <gpxtpx:hr>143</gpxtpx:hr>
          </gpxtpx:TrackPointExtension>
        </extensions>
      </trkpt>
      <trkpt lat="36.028347268865325" lon="119.40420070139483">
        <ele>59.52309699729085</ele>
        <time>2025-01-17T10:19:30Z</time>
        <extensions>
          <gpxtpx:TrackPointExtension>
            <gpxtpx:hr>143</gpxtpx:hr>
          </gpxtpx:TrackPointExtension>
        </extensions>
      </trkpt>
      <trkpt lat="36.028321601880364" lon="119.40422418142006">
        <ele>59.47493760101497</ele>
        <time>2025-01-17T10:19:31Z</time>
        <extensions>
          <gpxtpx:TrackPointExtension>
            <gpxtpx:hr>143</gpxtpx:hr>
          </gpxtpx:TrackPointExtension>
        </extensions>
      </trkpt>
      <trkpt lat="36.02829682833287" lon="119.40424802234594">
        <ele>59.41503782104701</ele>
        <time>2025-01-17T10:19:32Z</time>
        <extensions>
          <gpxtpx:TrackPointExtension>
            <gpxtpx:hr>143</gpxtpx:hr>
          </gpxtpx:TrackPointExtension>
        </extensions>
      </trkpt>
      <trkpt lat="36.02827302274815" lon="119.40427183373801">
        <ele>59.35497315879911</ele>
        <time>2025-01-17T10:19:33Z</time>
        <extensions>
          <gpxtpx:TrackPointExtension>
            <gpxtpx:hr>148</gpxtpx:hr>
          </gpxtpx:TrackPointExtension>
        </extensions>
      </trkpt>
      <trkpt lat="36.02824999482329" lon="119.4042956224556">
        <ele>59.308455967344344</ele>
        <time>2025-01-17T10:19:34Z</time>
        <extensions>
          <gpxtpx:TrackPointExtension>
            <gpxtpx:hr>148</gpxtpx:hr>
          </gpxtpx:TrackPointExtension>
        </extensions>
      </trkpt>
      <trkpt lat="36.02822677836895" lon="119.40431996009512">
        <ele>59.255813555791974</ele>
        <time>2025-01-17T10:19:35Z</time>
        <extensions>
          <gpxtpx:TrackPointExtension>
            <gpxtpx:hr>148</gpxtpx:hr>
          </gpxtpx:TrackPointExtension>
        </extensions>
      </trkpt>
      <trkpt lat="36.02820281740197" lon="119.40434360591354">
        <ele>59.20560917071998</ele>
        <time>2025-01-17T10:19:36Z</time>
        <extensions>
          <gpxtpx:TrackPointExtension>
            <gpxtpx:hr>148</gpxtpx:hr>
          </gpxtpx:TrackPointExtension>
        </extensions>
      </trkpt>
      <trkpt lat="36.02817871773678" lon="119.40436661626927">
        <ele>59.13940839562565</ele>
        <time>2025-01-17T10:19:37Z</time>
        <extensions>
          <gpxtpx:TrackPointExtension>
            <gpxtpx:hr>150</gpxtpx:hr>
          </gpxtpx:TrackPointExtension>
        </extensions>
      </trkpt>
      <trkpt lat="36.02815486452915" lon="119.40439148446342">
        <ele>59.08088045287877</ele>
        <time>2025-01-17T10:19:38Z</time>
        <extensions>
          <gpxtpx:TrackPointExtension>
            <gpxtpx:hr>150</gpxtpx:hr>
          </gpxtpx:TrackPointExtension>
        </extensions>
      </trkpt>
      <trkpt lat="36.02813223966809" lon="119.40441771557384">
        <ele>59.00971108395606</ele>
        <time>2025-01-17T10:19:39Z</time>
        <extensions>
          <gpxtpx:TrackPointExtension>
            <gpxtpx:hr>150</gpxtpx:hr>
          </gpxtpx:TrackPointExtension>
        </extensions>
      </trkpt>
      <trkpt lat="36.02811088993126" lon="119.40444440608155">
        <ele>58.91952278651297</ele>
        <time>2025-01-17T10:19:40Z</time>
        <extensions>
          <gpxtpx:TrackPointExtension>
            <gpxtpx:hr>150</gpxtpx:hr>
          </gpxtpx:TrackPointExtension>
        </extensions>
      </trkpt>
      <trkpt lat="36.02808973151155" lon="119.40447212734924">
        <ele>58.885109887458384</ele>
        <time>2025-01-17T10:19:41Z</time>
        <extensions>
          <gpxtpx:TrackPointExtension>
            <gpxtpx:hr>150</gpxtpx:hr>
          </gpxtpx:TrackPointExtension>
        </extensions>
      </trkpt>
      <trkpt lat="36.02806871294522" lon="119.40449999019967">
        <ele>58.84618868865073</ele>
        <time>2025-01-17T10:19:42Z</time>
        <extensions>
          <gpxtpx:TrackPointExtension>
            <gpxtpx:hr>150</gpxtpx:hr>
          </gpxtpx:TrackPointExtension>
        </extensions>
      </trkpt>
      <trkpt lat="36.028048093327335" lon="119.40452803979328">
        <ele>58.835670285858214</ele>
        <time>2025-01-17T10:19:43Z</time>
        <extensions>
          <gpxtpx:TrackPointExtension>
            <gpxtpx:hr>155</gpxtpx:hr>
          </gpxtpx:TrackPointExtension>
        </extensions>
      </trkpt>
      <trkpt lat="36.0280279516253" lon="119.40455676721683">
        <ele>58.82501514442265</ele>
        <time>2025-01-17T10:19:44Z</time>
        <extensions>
          <gpxtpx:TrackPointExtension>
            <gpxtpx:hr>155</gpxtpx:hr>
          </gpxtpx:TrackPointExtension>
        </extensions>
      </trkpt>
      <trkpt lat="36.028008510122085" lon="119.40458481134117">
        <ele>58.810333172790706</ele>
        <time>2025-01-17T10:19:45Z</time>
        <extensions>
          <gpxtpx:TrackPointExtension>
            <gpxtpx:hr>155</gpxtpx:hr>
          </gpxtpx:TrackPointExtension>
        </extensions>
      </trkpt>
      <trkpt lat="36.027989540219075" lon="119.40461194125983">
        <ele>58.835581134073436</ele>
        <time>2025-01-17T10:19:46Z</time>
        <extensions>
          <gpxtpx:TrackPointExtension>
            <gpxtpx:hr>155</gpxtpx:hr>
          </gpxtpx:TrackPointExtension>
        </extensions>
      </trkpt>
      <trkpt lat="36.02797023406112" lon="119.40463884323381">
        <ele>58.87993605993688</ele>
        <time>2025-01-17T10:19:47Z</time>
        <extensions>
          <gpxtpx:TrackPointExtension>
            <gpxtpx:hr>155</gpxtpx:hr>
          </gpxtpx:TrackPointExtension>
        </extensions>
      </trkpt>
      <trkpt lat="36.027950553944386" lon="119.40466639494647">
        <ele>58.94310722127557</ele>
        <time>2025-01-17T10:19:48Z</time>
        <extensions>
          <gpxtpx:TrackPointExtension>
            <gpxtpx:hr>155</gpxtpx:hr>
          </gpxtpx:TrackPointExtension>
        </extensions>
      </trkpt>
      <trkpt lat="36.02793080320013" lon="119.40469621301864">
        <ele>58.97525976598263</ele>
        <time>2025-01-17T10:19:49Z</time>
        <extensions>
          <gpxtpx:TrackPointExtension>
            <gpxtpx:hr>155</gpxtpx:hr>
          </gpxtpx:TrackPointExtension>
        </extensions>
      </trkpt>
      <trkpt lat="36.027911050554025" lon="119.40472713187404">
        <ele>59.015273777768016</ele>
        <time>2025-01-17T10:19:50Z</time>
        <extensions>
          <gpxtpx:TrackPointExtension>
            <gpxtpx:hr>158</gpxtpx:hr>
          </gpxtpx:TrackPointExtension>
        </extensions>
      </trkpt>
      <trkpt lat="36.02789170084211" lon="119.40475743805071">
        <ele>59.09275892190635</ele>
        <time>2025-01-17T10:19:51Z</time>
        <extensions>
          <gpxtpx:TrackPointExtension>
            <gpxtpx:hr>158</gpxtpx:hr>
          </gpxtpx:TrackPointExtension>
        </extensions>
      </trkpt>
      <trkpt lat="36.02787292628845" lon="119.404788456274">
        <ele>59.186060251668096</ele>
        <time>2025-01-17T10:19:52Z</time>
        <extensions>
          <gpxtpx:TrackPointExtension>
            <gpxtpx:hr>158</gpxtpx:hr>
          </gpxtpx:TrackPointExtension>
        </extensions>
      </trkpt>
      <trkpt lat="36.027854922054296" lon="119.40482094383064">
        <ele>59.27159959450364</ele>
        <time>2025-01-17T10:19:53Z</time>
        <extensions>
          <gpxtpx:TrackPointExtension>
            <gpxtpx:hr>158</gpxtpx:hr>
          </gpxtpx:TrackPointExtension>
        </extensions>
      </trkpt>
      <trkpt lat="36.02783880799546" lon="119.40485440793093">
        <ele>59.36537959612906</ele>
        <time>2025-01-17T10:19:54Z</time>
        <extensions>
          <gpxtpx:TrackPointExtension>
            <gpxtpx:hr>158</gpxtpx:hr>
          </gpxtpx:TrackPointExtension>
        </extensions>
      </trkpt>
      <trkpt lat="36.02782489489091" lon="119.40488924921847">
        <ele>59.463149468414485</ele>
        <time>2025-01-17T10:19:55Z</time>
        <extensions>
          <gpxtpx:TrackPointExtension>
            <gpxtpx:hr>160</gpxtpx:hr>
          </gpxtpx:TrackPointExtension>
        </extensions>
      </trkpt>
      <trkpt lat="36.02781238123999" lon="119.40492462998955">
        <ele>59.531929433345795</ele>
        <time>2025-01-17T10:19:56Z</time>
        <extensions>
          <gpxtpx:TrackPointExtension>
            <gpxtpx:hr>160</gpxtpx:hr>
          </gpxtpx:TrackPointExtension>
        </extensions>
      </trkpt>
      <trkpt lat="36.02780105986393" lon="119.40495997921113">
        <ele>59.606905301101506</ele>
        <time>2025-01-17T10:19:57Z</time>
        <extensions>
          <gpxtpx:TrackPointExtension>
            <gpxtpx:hr>160</gpxtpx:hr>
          </gpxtpx:TrackPointExtension>
        </extensions>
      </trkpt>
      <trkpt lat="36.02779072187055" lon="119.40499569123257">
        <ele>59.65615751221776</ele>
        <time>2025-01-17T10:19:58Z</time>
        <extensions>
          <gpxtpx:TrackPointExtension>
            <gpxtpx:hr>160</gpxtpx:hr>
          </gpxtpx:TrackPointExtension>
        </extensions>
      </trkpt>
      <trkpt lat="36.027780302516085" lon="119.40503065788218">
        <ele>59.700151324272156</ele>
        <time>2025-01-17T10:19:59Z</time>
        <extensions>
          <gpxtpx:TrackPointExtension>
            <gpxtpx:hr>160</gpxtpx:hr>
          </gpxtpx:TrackPointExtension>
        </extensions>
      </trkpt>
      <trkpt lat="36.02776867542311" lon="119.40506496540323">
        <ele>59.748958330601454</ele>
        <time>2025-01-17T10:20:00Z</time>
        <extensions>
          <gpxtpx:TrackPointExtension>
            <gpxtpx:hr>163</gpxtpx:hr>
          </gpxtpx:TrackPointExtension>
        </extensions>
      </trkpt>
      <trkpt lat="36.02775558405313" lon="119.40509912711173">
        <ele>59.78608513157815</ele>
        <time>2025-01-17T10:20:01Z</time>
        <extensions>
          <gpxtpx:TrackPointExtension>
            <gpxtpx:hr>163</gpxtpx:hr>
          </gpxtpx:TrackPointExtension>
        </extensions>
      </trkpt>
      <trkpt lat="36.02774163336733" lon="119.4051319504923">
        <ele>59.8045846009627</ele>
        <time>2025-01-17T10:20:02Z</time>
        <extensions>
          <gpxtpx:TrackPointExtension>
            <gpxtpx:hr>163</gpxtpx:hr>
          </gpxtpx:TrackPointExtension>
        </extensions>
      </trkpt>
      <trkpt lat="36.02772771695697" lon="119.4051643688235">
        <ele>59.776362149976194</ele>
        <time>2025-01-17T10:20:03Z</time>
        <extensions>
          <gpxtpx:TrackPointExtension>
            <gpxtpx:hr>163</gpxtpx:hr>
          </gpxtpx:TrackPointExtension>
        </extensions>
      </trkpt>
      <trkpt lat="36.02771469611142" lon="119.40519709310415">
        <ele>59.74075316917151</ele>
        <time>2025-01-17T10:20:04Z</time>
        <extensions>
          <gpxtpx:TrackPointExtension>
            <gpxtpx:hr>163</gpxtpx:hr>
          </gpxtpx:TrackPointExtension>
        </extensions>
      </trkpt>
      <trkpt lat="36.02770333098971" lon="119.40523064103817">
        <ele>59.70397346932441</ele>
        <time>2025-01-17T10:20:05Z</time>
        <extensions>
          <gpxtpx:TrackPointExtension>
            <gpxtpx:hr>163</gpxtpx:hr>
          </gpxtpx:TrackPointExtension>
        </extensions>
      </trkpt>
      <trkpt lat="36.027693819690384" lon="119.40526601782541">
        <ele>59.67241636477411</ele>
        <time>2025-01-17T10:20:06Z</time>
        <extensions>
          <gpxtpx:TrackPointExtension>
            <gpxtpx:hr>163</gpxtpx:hr>
          </gpxtpx:TrackPointExtension>
        </extensions>
      </trkpt>
      <trkpt lat="36.02768537340906" lon="119.40530197199449">
        <ele>59.63698439672589</ele>
        <time>2025-01-17T10:20:07Z</time>
        <extensions>
          <gpxtpx:TrackPointExtension>
            <gpxtpx:hr>163</gpxtpx:hr>
          </gpxtpx:TrackPointExtension>
        </extensions>
      </trkpt>
      <trkpt lat="36.027677762848086" lon="119.4053362355351">
        <ele>59.56724325567484</ele>
        <time>2025-01-17T10:20:08Z</time>
        <extensions>
          <gpxtpx:TrackPointExtension>
            <gpxtpx:hr>163</gpxtpx:hr>
          </gpxtpx:TrackPointExtension>
        </extensions>
      </trkpt>
      <trkpt lat="36.02767116310825" lon="119.40536899023715">
        <ele>59.499497536569834</ele>
        <time>2025-01-17T10:20:09Z</time>
        <extensions>
          <gpxtpx:TrackPointExtension>
            <gpxtpx:hr>163</gpxtpx:hr>
          </gpxtpx:TrackPointExtension>
        </extensions>
      </trkpt>
      <trkpt lat="36.02766462873446" lon="119.40540155774463">
        <ele>59.43494062870741</ele>
        <time>2025-01-17T10:20:10Z</time>
        <extensions>
          <gpxtpx:TrackPointExtension>
            <gpxtpx:hr>164</gpxtpx:hr>
          </gpxtpx:TrackPointExtension>
        </extensions>
      </trkpt>
      <trkpt lat="36.02765774768852" lon="119.40543368707314">
        <ele>59.34632785152644</ele>
        <time>2025-01-17T10:20:11Z</time>
        <extensions>
          <gpxtpx:TrackPointExtension>
            <gpxtpx:hr>164</gpxtpx:hr>
          </gpxtpx:TrackPointExtension>
        </extensions>
      </trkpt>
      <trkpt lat="36.02765117337066" lon="119.4054652882863">
        <ele>59.229453136213124</ele>
        <time>2025-01-17T10:20:12Z</time>
        <extensions>
          <gpxtpx:TrackPointExtension>
            <gpxtpx:hr>164</gpxtpx:hr>
          </gpxtpx:TrackPointExtension>
        </extensions>
      </trkpt>
      <trkpt lat="36.02764504763499" lon="119.40549563916039">
        <ele>59.15734162926674</ele>
        <time>2025-01-17T10:20:13Z</time>
        <extensions>
          <gpxtpx:TrackPointExtension>
            <gpxtpx:hr>164</gpxtpx:hr>
          </gpxtpx:TrackPointExtension>
        </extensions>
      </trkpt>
      <trkpt lat="36.02763939967245" lon="119.40552469790889">
        <ele>59.089107560925186</ele>
        <time>2025-01-17T10:20:14Z</time>
        <extensions>
          <gpxtpx:TrackPointExtension>
            <gpxtpx:hr>164</gpxtpx:hr>
          </gpxtpx:TrackPointExtension>
        </extensions>
      </trkpt>
      <trkpt lat="36.02763400674951" lon="119.4055550973653">
        <ele>59.02833397779614</ele>
        <time>2025-01-17T10:20:15Z</time>
        <extensions>
          <gpxtpx:TrackPointExtension>
            <gpxtpx:hr>164</gpxtpx:hr>
          </gpxtpx:TrackPointExtension>
        </extensions>
      </trkpt>
      <trkpt lat="36.02762839362594" lon="119.40558819986548">
        <ele>58.96624165028334</ele>
        <time>2025-01-17T10:20:16Z</time>
        <extensions>
          <gpxtpx:TrackPointExtension>
            <gpxtpx:hr>164</gpxtpx:hr>
          </gpxtpx:TrackPointExtension>
        </extensions>
      </trkpt>
      <trkpt lat="36.02762331640195" lon="119.4056218327736">
        <ele>58.89706231560558</ele>
        <time>2025-01-17T10:20:17Z</time>
        <extensions>
          <gpxtpx:TrackPointExtension>
            <gpxtpx:hr>164</gpxtpx:hr>
          </gpxtpx:TrackPointExtension>
        </extensions>
      </trkpt>
      <trkpt lat="36.02761884929516" lon="119.4056543929276">
        <ele>58.863353395834565</ele>
        <time>2025-01-17T10:20:18Z</time>
        <extensions>
          <gpxtpx:TrackPointExtension>
            <gpxtpx:hr>164</gpxtpx:hr>
          </gpxtpx:TrackPointExtension>
        </extensions>
      </trkpt>
      <trkpt lat="36.02761267632474" lon="119.40568537572776">
        <ele>58.84784757439047</ele>
        <time>2025-01-17T10:20:19Z</time>
        <extensions>
          <gpxtpx:TrackPointExtension>
            <gpxtpx:hr>166</gpxtpx:hr>
          </gpxtpx:TrackPointExtension>
        </extensions>
      </trkpt>
      <trkpt lat="36.027602561464874" lon="119.40571312320718">
        <ele>58.82709173113108</ele>
        <time>2025-01-17T10:20:20Z</time>
        <extensions>
          <gpxtpx:TrackPointExtension>
            <gpxtpx:hr>166</gpxtpx:hr>
          </gpxtpx:TrackPointExtension>
        </extensions>
      </trkpt>
      <trkpt lat="36.027587158855404" lon="119.40573594463386">
        <ele>58.82585858553648</ele>
        <time>2025-01-17T10:20:21Z</time>
        <extensions>
          <gpxtpx:TrackPointExtension>
            <gpxtpx:hr>166</gpxtpx:hr>
          </gpxtpx:TrackPointExtension>
        </extensions>
      </trkpt>
      <trkpt lat="36.02756560284518" lon="119.40575035778858">
        <ele>58.8365534376353</ele>
        <time>2025-01-17T10:20:22Z</time>
        <extensions>
          <gpxtpx:TrackPointExtension>
            <gpxtpx:hr>166</gpxtpx:hr>
          </gpxtpx:TrackPointExtension>
        </extensions>
      </trkpt>
      <trkpt lat="36.02753939527927" lon="119.40575324100506">
        <ele>58.86200419533998</ele>
        <time>2025-01-17T10:20:23Z</time>
        <extensions>
          <gpxtpx:TrackPointExtension>
            <gpxtpx:hr>166</gpxtpx:hr>
          </gpxtpx:TrackPointExtension>
        </extensions>
      </trkpt>
      <trkpt lat="36.027511457362415" lon="119.40574619153647">
        <ele>58.903987407684326</ele>
        <time>2025-01-17T10:20:24Z</time>
        <extensions>
          <gpxtpx:TrackPointExtension>
            <gpxtpx:hr>167</gpxtpx:hr>
          </gpxtpx:TrackPointExtension>
        </extensions>
      </trkpt>
      <trkpt lat="36.02748389817762" lon="119.40573269564929">
        <ele>58.938111326657236</ele>
        <time>2025-01-17T10:20:25Z</time>
        <extensions>
          <gpxtpx:TrackPointExtension>
            <gpxtpx:hr>167</gpxtpx:hr>
          </gpxtpx:TrackPointExtension>
        </extensions>
      </trkpt>
      <trkpt lat="36.0274584710104" lon="119.40571601403437">
        <ele>58.955337778665125</ele>
        <time>2025-01-17T10:20:26Z</time>
        <extensions>
          <gpxtpx:TrackPointExtension>
            <gpxtpx:hr>167</gpxtpx:hr>
          </gpxtpx:TrackPointExtension>
        </extensions>
      </trkpt>
      <trkpt lat="36.0274350542487" lon="119.40569854799386">
        <ele>58.99956109281629</ele>
        <time>2025-01-17T10:20:27Z</time>
        <extensions>
          <gpxtpx:TrackPointExtension>
            <gpxtpx:hr>167</gpxtpx:hr>
          </gpxtpx:TrackPointExtension>
        </extensions>
      </trkpt>
      <trkpt lat="36.02741133567507" lon="119.40568096622746">
        <ele>59.01041308045387</ele>
        <time>2025-01-17T10:20:28Z</time>
        <extensions>
          <gpxtpx:TrackPointExtension>
            <gpxtpx:hr>167</gpxtpx:hr>
          </gpxtpx:TrackPointExtension>
        </extensions>
      </trkpt>
      <trkpt lat="36.02738709122442" lon="119.40566254309351">
        <ele>59.033223499543965</ele>
        <time>2025-01-17T10:20:29Z</time>
        <extensions>
          <gpxtpx:TrackPointExtension>
            <gpxtpx:hr>167</gpxtpx:hr>
          </gpxtpx:TrackPointExtension>
        </extensions>
      </trkpt>
      <trkpt lat="36.0273632466723" lon="119.40564266003284">
        <ele>59.04139862395823</ele>
        <time>2025-01-17T10:20:30Z</time>
        <extensions>
          <gpxtpx:TrackPointExtension>
            <gpxtpx:hr>167</gpxtpx:hr>
          </gpxtpx:TrackPointExtension>
        </extensions>
      </trkpt>
      <trkpt lat="36.02733955897637" lon="119.40562147556014">
        <ele>59.04036336671561</ele>
        <time>2025-01-17T10:20:31Z</time>
        <extensions>
          <gpxtpx:TrackPointExtension>
            <gpxtpx:hr>167</gpxtpx:hr>
          </gpxtpx:TrackPointExtension>
        </extensions>
      </trkpt>
      <trkpt lat="36.02731661912112" lon="119.40559998496923">
        <ele>59.074787323363125</ele>
        <time>2025-01-17T10:20:32Z</time>
        <extensions>
          <gpxtpx:TrackPointExtension>
            <gpxtpx:hr>167</gpxtpx:hr>
          </gpxtpx:TrackPointExtension>
        </extensions>
      </trkpt>
      <trkpt lat="36.02729463695899" lon="119.40557900347207">
        <ele>59.1245570294559</ele>
        <time>2025-01-17T10:20:33Z</time>
        <extensions>
          <gpxtpx:TrackPointExtension>
            <gpxtpx:hr>167</gpxtpx:hr>
          </gpxtpx:TrackPointExtension>
        </extensions>
      </trkpt>
      <trkpt lat="36.027272682648494" lon="119.40555744001236">
        <ele>59.1811966188252</ele>
        <time>2025-01-17T10:20:34Z</time>
        <extensions>
          <gpxtpx:TrackPointExtension>
            <gpxtpx:hr>168</gpxtpx:hr>
          </gpxtpx:TrackPointExtension>
        </extensions>
      </trkpt>
      <trkpt lat="36.02725168745799" lon="119.40553454313527">
        <ele>59.24542182683945</ele>
        <time>2025-01-17T10:20:35Z</time>
        <extensions>
          <gpxtpx:TrackPointExtension>
            <gpxtpx:hr>168</gpxtpx:hr>
          </gpxtpx:TrackPointExtension>
        </extensions>
      </trkpt>
      <trkpt lat="36.02723326049016" lon="119.4055103474916">
        <ele>59.285533466376364</ele>
        <time>2025-01-17T10:20:36Z</time>
        <extensions>
          <gpxtpx:TrackPointExtension>
            <gpxtpx:hr>168</gpxtpx:hr>
          </gpxtpx:TrackPointExtension>
        </extensions>
      </trkpt>
      <trkpt lat="36.02721670811429" lon="119.40548436377682">
        <ele>59.33954656869173</ele>
        <time>2025-01-17T10:20:37Z</time>
        <extensions>
          <gpxtpx:TrackPointExtension>
            <gpxtpx:hr>168</gpxtpx:hr>
          </gpxtpx:TrackPointExtension>
        </extensions>
      </trkpt>
      <trkpt lat="36.0272014169144" lon="119.40545670904172">
        <ele>59.4117152877152</ele>
        <time>2025-01-17T10:20:38Z</time>
        <extensions>
          <gpxtpx:TrackPointExtension>
            <gpxtpx:hr>168</gpxtpx:hr>
          </gpxtpx:TrackPointExtension>
        </extensions>
      </trkpt>
      <trkpt lat="36.027187492148165" lon="119.40542790510604">
        <ele>59.458564296364784</ele>
        <time>2025-01-17T10:20:39Z</time>
        <extensions>
          <gpxtpx:TrackPointExtension>
            <gpxtpx:hr>168</gpxtpx:hr>
          </gpxtpx:TrackPointExtension>
        </extensions>
      </trkpt>
      <trkpt lat="36.027174663427694" lon="119.40539747839617">
        <ele>59.52192750014365</ele>
        <time>2025-01-17T10:20:40Z</time>
        <extensions>
          <gpxtpx:TrackPointExtension>
            <gpxtpx:hr>168</gpxtpx:hr>
          </gpxtpx:TrackPointExtension>
        </extensions>
      </trkpt>
      <trkpt lat="36.0271632746729" lon="119.4053650414865">
        <ele>59.56022419780493</ele>
        <time>2025-01-17T10:20:41Z</time>
        <extensions>
          <gpxtpx:TrackPointExtension>
            <gpxtpx:hr>168</gpxtpx:hr>
          </gpxtpx:TrackPointExtension>
        </extensions>
      </trkpt>
      <trkpt lat="36.027153242168275" lon="119.40533164157493">
        <ele>59.591165262274444</ele>
        <time>2025-01-17T10:20:42Z</time>
        <extensions>
          <gpxtpx:TrackPointExtension>
            <gpxtpx:hr>169</gpxtpx:hr>
          </gpxtpx:TrackPointExtension>
        </extensions>
      </trkpt>
      <trkpt lat="36.027143177067174" lon="119.40529752077302">
        <ele>59.61503470502794</ele>
        <time>2025-01-17T10:20:43Z</time>
        <extensions>
          <gpxtpx:TrackPointExtension>
            <gpxtpx:hr>169</gpxtpx:hr>
          </gpxtpx:TrackPointExtension>
        </extensions>
      </trkpt>
      <trkpt lat="36.027132750962814" lon="119.4052629069375">
        <ele>59.61527080554515</ele>
        <time>2025-01-17T10:20:44Z</time>
        <extensions>
          <gpxtpx:TrackPointExtension>
            <gpxtpx:hr>169</gpxtpx:hr>
          </gpxtpx:TrackPointExtension>
        </extensions>
      </trkpt>
      <trkpt lat="36.0271234314622" lon="119.405228729149">
        <ele>59.60795590374619</ele>
        <time>2025-01-17T10:20:45Z</time>
        <extensions>
          <gpxtpx:TrackPointExtension>
            <gpxtpx:hr>169</gpxtpx:hr>
          </gpxtpx:TrackPointExtension>
        </extensions>
      </trkpt>
      <trkpt lat="36.02711647708688" lon="119.40519435383847">
        <ele>59.584250467829406</ele>
        <time>2025-01-17T10:20:46Z</time>
        <extensions>
          <gpxtpx:TrackPointExtension>
            <gpxtpx:hr>169</gpxtpx:hr>
          </gpxtpx:TrackPointExtension>
        </extensions>
      </trkpt>
      <trkpt lat="36.02711201001077" lon="119.40515939091743">
        <ele>59.55630004312843</ele>
        <time>2025-01-17T10:20:47Z</time>
        <extensions>
          <gpxtpx:TrackPointExtension>
            <gpxtpx:hr>169</gpxtpx:hr>
          </gpxtpx:TrackPointExtension>
        </extensions>
      </trkpt>
      <trkpt lat="36.02710957698811" lon="119.40512529710256">
        <ele>59.47683259192854</ele>
        <time>2025-01-17T10:20:48Z</time>
        <extensions>
          <gpxtpx:TrackPointExtension>
            <gpxtpx:hr>169</gpxtpx:hr>
          </gpxtpx:TrackPointExtension>
        </extensions>
      </trkpt>
      <trkpt lat="36.02710825942062" lon="119.40509220513167">
        <ele>59.4275188120082</ele>
        <time>2025-01-17T10:20:49Z</time>
        <extensions>
          <gpxtpx:TrackPointExtension>
            <gpxtpx:hr>169</gpxtpx:hr>
          </gpxtpx:TrackPointExtension>
        </extensions>
      </trkpt>
      <trkpt lat="36.02710687321045" lon="119.40505848168536">
        <ele>59.36479445267469</ele>
        <time>2025-01-17T10:20:50Z</time>
        <extensions>
          <gpxtpx:TrackPointExtension>
            <gpxtpx:hr>169</gpxtpx:hr>
          </gpxtpx:TrackPointExtension>
        </extensions>
      </trkpt>
      <trkpt lat="36.0271052887023" lon="119.4050244642012">
        <ele>59.297329175285995</ele>
        <time>2025-01-17T10:20:51Z</time>
        <extensions>
          <gpxtpx:TrackPointExtension>
            <gpxtpx:hr>169</gpxtpx:hr>
          </gpxtpx:TrackPointExtension>
        </extensions>
      </trkpt>
      <trkpt lat="36.027104117358874" lon="119.40499204411446">
        <ele>59.271277671679854</ele>
        <time>2025-01-17T10:20:52Z</time>
        <extensions>
          <gpxtpx:TrackPointExtension>
            <gpxtpx:hr>169</gpxtpx:hr>
          </gpxtpx:TrackPointExtension>
        </extensions>
      </trkpt>
      <trkpt lat="36.02710400971064" lon="119.40496059206447">
        <ele>59.21080808527768</ele>
        <time>2025-01-17T10:20:53Z</time>
        <extensions>
          <gpxtpx:TrackPointExtension>
            <gpxtpx:hr>169</gpxtpx:hr>
          </gpxtpx:TrackPointExtension>
        </extensions>
      </trkpt>
      <trkpt lat="36.02710530220953" lon="119.4049298078295">
        <ele>59.16148174833506</ele>
        <time>2025-01-17T10:20:54Z</time>
        <extensions>
          <gpxtpx:TrackPointExtension>
            <gpxtpx:hr>169</gpxtpx:hr>
          </gpxtpx:TrackPointExtension>
        </extensions>
      </trkpt>
      <trkpt lat="36.02710685008339" lon="119.40490079119554">
        <ele>59.148985837586224</ele>
        <time>2025-01-17T10:20:55Z</time>
        <extensions>
          <gpxtpx:TrackPointExtension>
            <gpxtpx:hr>169</gpxtpx:hr>
          </gpxtpx:TrackPointExtension>
        </extensions>
      </trkpt>
      <trkpt lat="36.02710755984945" lon="119.40487208092271">
        <ele>59.126077592372894</ele>
        <time>2025-01-17T10:20:56Z</time>
        <extensions>
          <gpxtpx:TrackPointExtension>
            <gpxtpx:hr>169</gpxtpx:hr>
          </gpxtpx:TrackPointExtension>
        </extensions>
      </trkpt>
      <trkpt lat="36.02710810709421" lon="119.40484258373486">
        <ele>59.13745945971459</ele>
        <time>2025-01-17T10:20:57Z</time>
        <extensions>
          <gpxtpx:TrackPointExtension>
            <gpxtpx:hr>169</gpxtpx:hr>
          </gpxtpx:TrackPointExtension>
        </extensions>
      </trkpt>
      <trkpt lat="36.02710898584812" lon="119.4048119149571">
        <ele>59.13691180758178</ele>
        <time>2025-01-17T10:20:58Z</time>
        <extensions>
          <gpxtpx:TrackPointExtension>
            <gpxtpx:hr>169</gpxtpx:hr>
          </gpxtpx:TrackPointExtension>
        </extensions>
      </trkpt>
      <trkpt lat="36.02710907453963" lon="119.40477967199914">
        <ele>59.140170061960816</ele>
        <time>2025-01-17T10:20:59Z</time>
        <extensions>
          <gpxtpx:TrackPointExtension>
            <gpxtpx:hr>169</gpxtpx:hr>
          </gpxtpx:TrackPointExtension>
        </extensions>
      </trkpt>
      <trkpt lat="36.02710737521065" lon="119.40474771101621">
        <ele>59.19146178755909</ele>
        <time>2025-01-17T10:21:00Z</time>
        <extensions>
          <gpxtpx:TrackPointExtension>
            <gpxtpx:hr>169</gpxtpx:hr>
          </gpxtpx:TrackPointExtension>
        </extensions>
      </trkpt>
      <trkpt lat="36.027103944206495" lon="119.40471729570355">
        <ele>59.26549822837114</ele>
        <time>2025-01-17T10:21:01Z</time>
        <extensions>
          <gpxtpx:TrackPointExtension>
            <gpxtpx:hr>169</gpxtpx:hr>
          </gpxtpx:TrackPointExtension>
        </extensions>
      </trkpt>
      <trkpt lat="36.02709879509893" lon="119.40468743624899">
        <ele>59.37370312679559</ele>
        <time>2025-01-17T10:21:02Z</time>
        <extensions>
          <gpxtpx:TrackPointExtension>
            <gpxtpx:hr>168</gpxtpx:hr>
          </gpxtpx:TrackPointExtension>
        </extensions>
      </trkpt>
      <trkpt lat="36.02709237785388" lon="119.40465749959826">
        <ele>59.48090199101716</ele>
        <time>2025-01-17T10:21:03Z</time>
        <extensions>
          <gpxtpx:TrackPointExtension>
            <gpxtpx:hr>168</gpxtpx:hr>
          </gpxtpx:TrackPointExtension>
        </extensions>
      </trkpt>
      <trkpt lat="36.02708486127764" lon="119.40462832899682">
        <ele>59.56056983303279</ele>
        <time>2025-01-17T10:21:04Z</time>
        <extensions>
          <gpxtpx:TrackPointExtension>
            <gpxtpx:hr>168</gpxtpx:hr>
          </gpxtpx:TrackPointExtension>
        </extensions>
      </trkpt>
      <trkpt lat="36.027075425751065" lon="119.4046002998413">
        <ele>59.66380695812404</ele>
        <time>2025-01-17T10:21:05Z</time>
        <extensions>
          <gpxtpx:TrackPointExtension>
            <gpxtpx:hr>168</gpxtpx:hr>
          </gpxtpx:TrackPointExtension>
        </extensions>
      </trkpt>
      <trkpt lat="36.02706418077865" lon="119.40457334454491">
        <ele>59.759389725513756</ele>
        <time>2025-01-17T10:21:06Z</time>
        <extensions>
          <gpxtpx:TrackPointExtension>
            <gpxtpx:hr>168</gpxtpx:hr>
          </gpxtpx:TrackPointExtension>
        </extensions>
      </trkpt>
      <trkpt lat="36.027051588012526" lon="119.40454808931837">
        <ele>59.830929265357554</ele>
        <time>2025-01-17T10:21:07Z</time>
        <extensions>
          <gpxtpx:TrackPointExtension>
            <gpxtpx:hr>169</gpxtpx:hr>
          </gpxtpx:TrackPointExtension>
        </extensions>
      </trkpt>
      <trkpt lat="36.02703720328057" lon="119.40452463284912">
        <ele>59.92474039271474</ele>
        <time>2025-01-17T10:21:08Z</time>
        <extensions>
          <gpxtpx:TrackPointExtension>
            <gpxtpx:hr>169</gpxtpx:hr>
          </gpxtpx:TrackPointExtension>
        </extensions>
      </trkpt>
      <trkpt lat="36.027021028440984" lon="119.40450274608072">
        <ele>59.973244935274124</ele>
        <time>2025-01-17T10:21:09Z</time>
        <extensions>
          <gpxtpx:TrackPointExtension>
            <gpxtpx:hr>169</gpxtpx:hr>
          </gpxtpx:TrackPointExtension>
        </extensions>
      </trkpt>
      <trkpt lat="36.02700378115741" lon="119.4044826173831">
        <ele>59.99786362610757</ele>
        <time>2025-01-17T10:21:10Z</time>
        <extensions>
          <gpxtpx:TrackPointExtension>
            <gpxtpx:hr>169</gpxtpx:hr>
          </gpxtpx:TrackPointExtension>
        </extensions>
      </trkpt>
      <trkpt lat="36.026985064538366" lon="119.40446347660973">
        <ele>59.99002286884934</ele>
        <time>2025-01-17T10:21:11Z</time>
        <extensions>
          <gpxtpx:TrackPointExtension>
            <gpxtpx:hr>169</gpxtpx:hr>
          </gpxtpx:TrackPointExtension>
        </extensions>
      </trkpt>
      <trkpt lat="36.026964891986765" lon="119.40444464892087">
        <ele>59.979528720490634</ele>
        <time>2025-01-17T10:21:12Z</time>
        <extensions>
          <gpxtpx:TrackPointExtension>
            <gpxtpx:hr>169</gpxtpx:hr>
          </gpxtpx:TrackPointExtension>
        </extensions>
      </trkpt>
      <trkpt lat="36.02694423797997" lon="119.40442667562384">
        <ele>59.964591501280665</ele>
        <time>2025-01-17T10:21:13Z</time>
        <extensions>
          <gpxtpx:TrackPointExtension>
            <gpxtpx:hr>169</gpxtpx:hr>
          </gpxtpx:TrackPointExtension>
        </extensions>
      </trkpt>
      <trkpt lat="36.02692282014706" lon="119.40440980936323">
        <ele>59.9485861742869</ele>
        <time>2025-01-17T10:21:14Z</time>
        <extensions>
          <gpxtpx:TrackPointExtension>
            <gpxtpx:hr>169</gpxtpx:hr>
          </gpxtpx:TrackPointExtension>
        </extensions>
      </trkpt>
      <trkpt lat="36.02690082306128" lon="119.40439425883211">
        <ele>59.90454769600183</ele>
        <time>2025-01-17T10:21:15Z</time>
        <extensions>
          <gpxtpx:TrackPointExtension>
            <gpxtpx:hr>169</gpxtpx:hr>
          </gpxtpx:TrackPointExtension>
        </extensions>
      </trkpt>
      <trkpt lat="36.0268787561782" lon="119.40438032737539">
        <ele>59.8545084213838</ele>
        <time>2025-01-17T10:21:16Z</time>
        <extensions>
          <gpxtpx:TrackPointExtension>
            <gpxtpx:hr>169</gpxtpx:hr>
          </gpxtpx:TrackPointExtension>
        </extensions>
      </trkpt>
      <trkpt lat="36.02685581199596" lon="119.4043677906626">
        <ele>59.79448938090354</ele>
        <time>2025-01-17T10:21:17Z</time>
        <extensions>
          <gpxtpx:TrackPointExtension>
            <gpxtpx:hr>169</gpxtpx:hr>
          </gpxtpx:TrackPointExtension>
        </extensions>
      </trkpt>
      <trkpt lat="36.0268321332097" lon="119.40435658351957">
        <ele>59.730167999863625</ele>
        <time>2025-01-17T10:21:18Z</time>
        <extensions>
          <gpxtpx:TrackPointExtension>
            <gpxtpx:hr>169</gpxtpx:hr>
          </gpxtpx:TrackPointExtension>
        </extensions>
      </trkpt>
      <trkpt lat="36.02680911510972" lon="119.4043466439706">
        <ele>59.64998370502144</ele>
        <time>2025-01-17T10:21:19Z</time>
        <extensions>
          <gpxtpx:TrackPointExtension>
            <gpxtpx:hr>169</gpxtpx:hr>
          </gpxtpx:TrackPointExtension>
        </extensions>
      </trkpt>
      <trkpt lat="36.02678646174146" lon="119.40433800054537">
        <ele>59.59026860445738</ele>
        <time>2025-01-17T10:21:20Z</time>
        <extensions>
          <gpxtpx:TrackPointExtension>
            <gpxtpx:hr>169</gpxtpx:hr>
          </gpxtpx:TrackPointExtension>
        </extensions>
      </trkpt>
      <trkpt lat="36.026762849195855" lon="119.40433113713594">
        <ele>59.55210586916655</ele>
        <time>2025-01-17T10:21:21Z</time>
        <extensions>
          <gpxtpx:TrackPointExtension>
            <gpxtpx:hr>169</gpxtpx:hr>
          </gpxtpx:TrackPointExtension>
        </extensions>
      </trkpt>
      <trkpt lat="36.02673906058227" lon="119.4043262890329">
        <ele>59.5161354849115</ele>
        <time>2025-01-17T10:21:22Z</time>
        <extensions>
          <gpxtpx:TrackPointExtension>
            <gpxtpx:hr>169</gpxtpx:hr>
          </gpxtpx:TrackPointExtension>
        </extensions>
      </trkpt>
      <trkpt lat="36.02671591674201" lon="119.4043240233437">
        <ele>59.49608443491161</ele>
        <time>2025-01-17T10:21:23Z</time>
        <extensions>
          <gpxtpx:TrackPointExtension>
            <gpxtpx:hr>169</gpxtpx:hr>
          </gpxtpx:TrackPointExtension>
        </extensions>
      </trkpt>
      <trkpt lat="36.026691820532946" lon="119.40432518293723">
        <ele>59.47134279739112</ele>
        <time>2025-01-17T10:21:24Z</time>
        <extensions>
          <gpxtpx:TrackPointExtension>
            <gpxtpx:hr>169</gpxtpx:hr>
          </gpxtpx:TrackPointExtension>
        </extensions>
      </trkpt>
      <trkpt lat="36.02666642952208" lon="119.40432954377609">
        <ele>59.46793073229492</ele>
        <time>2025-01-17T10:21:25Z</time>
        <extensions>
          <gpxtpx:TrackPointExtension>
            <gpxtpx:hr>169</gpxtpx:hr>
          </gpxtpx:TrackPointExtension>
        </extensions>
      </trkpt>
      <trkpt lat="36.02664121253917" lon="119.40433628787473">
        <ele>59.45164831914008</ele>
        <time>2025-01-17T10:21:26Z</time>
        <extensions>
          <gpxtpx:TrackPointExtension>
            <gpxtpx:hr>169</gpxtpx:hr>
          </gpxtpx:TrackPointExtension>
        </extensions>
      </trkpt>
      <trkpt lat="36.026616220589474" lon="119.40434554833809">
        <ele>59.455616007559</ele>
        <time>2025-01-17T10:21:27Z</time>
        <extensions>
          <gpxtpx:TrackPointExtension>
            <gpxtpx:hr>169</gpxtpx:hr>
          </gpxtpx:TrackPointExtension>
        </extensions>
      </trkpt>
      <trkpt lat="36.026592460356795" lon="119.40435899079283">
        <ele>59.47957468684763</ele>
        <time>2025-01-17T10:21:28Z</time>
        <extensions>
          <gpxtpx:TrackPointExtension>
            <gpxtpx:hr>169</gpxtpx:hr>
          </gpxtpx:TrackPointExtension>
        </extensions>
      </trkpt>
      <trkpt lat="36.02657186369319" lon="119.40437846189634">
        <ele>59.49898267257959</ele>
        <time>2025-01-17T10:21:29Z</time>
        <extensions>
          <gpxtpx:TrackPointExtension>
            <gpxtpx:hr>169</gpxtpx:hr>
          </gpxtpx:TrackPointExtension>
        </extensions>
      </trkpt>
      <trkpt lat="36.02655441031843" lon="119.40440437860649">
        <ele>59.518477618694305</ele>
        <time>2025-01-17T10:21:30Z</time>
        <extensions>
          <gpxtpx:TrackPointExtension>
            <gpxtpx:hr>169</gpxtpx:hr>
          </gpxtpx:TrackPointExtension>
        </extensions>
      </trkpt>
      <trkpt lat="36.02653896336866" lon="119.40443403049301">
        <ele>59.572420542128384</ele>
        <time>2025-01-17T10:21:31Z</time>
        <extensions>
          <gpxtpx:TrackPointExtension>
            <gpxtpx:hr>169</gpxtpx:hr>
          </gpxtpx:TrackPointExtension>
        </extensions>
      </trkpt>
      <trkpt lat="36.02652426055904" lon="119.40446275637589">
        <ele>59.60051725059748</ele>
        <time>2025-01-17T10:21:32Z</time>
        <extensions>
          <gpxtpx:TrackPointExtension>
            <gpxtpx:hr>169</gpxtpx:hr>
          </gpxtpx:TrackPointExtension>
        </extensions>
      </trkpt>
      <trkpt lat="36.02650906493313" lon="119.40448955375584">
        <ele>59.64794186223298</ele>
        <time>2025-01-17T10:21:33Z</time>
        <extensions>
          <gpxtpx:TrackPointExtension>
            <gpxtpx:hr>169</gpxtpx:hr>
          </gpxtpx:TrackPointExtension>
        </extensions>
      </trkpt>
      <trkpt lat="36.0264926957065" lon="119.40451704539126">
        <ele>59.688816733658314</ele>
        <time>2025-01-17T10:21:34Z</time>
        <extensions>
          <gpxtpx:TrackPointExtension>
            <gpxtpx:hr>169</gpxtpx:hr>
          </gpxtpx:TrackPointExtension>
        </extensions>
      </trkpt>
      <trkpt lat="36.02647654642866" lon="119.40454551552517">
        <ele>59.69508919119835</ele>
        <time>2025-01-17T10:21:35Z</time>
        <extensions>
          <gpxtpx:TrackPointExtension>
            <gpxtpx:hr>169</gpxtpx:hr>
          </gpxtpx:TrackPointExtension>
        </extensions>
      </trkpt>
      <trkpt lat="36.02646313623264" lon="119.40457417885592">
        <ele>59.69627700466663</ele>
        <time>2025-01-17T10:21:36Z</time>
        <extensions>
          <gpxtpx:TrackPointExtension>
            <gpxtpx:hr>169</gpxtpx:hr>
          </gpxtpx:TrackPointExtension>
        </extensions>
      </trkpt>
      <trkpt lat="36.026453651117215" lon="119.4046044872536">
        <ele>59.68312469869852</ele>
        <time>2025-01-17T10:21:37Z</time>
        <extensions>
          <gpxtpx:TrackPointExtension>
            <gpxtpx:hr>169</gpxtpx:hr>
          </gpxtpx:TrackPointExtension>
        </extensions>
      </trkpt>
      <trkpt lat="36.02644807983531" lon="119.40463690043543">
        <ele>59.65140456426889</ele>
        <time>2025-01-17T10:21:38Z</time>
        <extensions>
          <gpxtpx:TrackPointExtension>
            <gpxtpx:hr>169</gpxtpx:hr>
          </gpxtpx:TrackPointExtension>
        </extensions>
      </trkpt>
      <trkpt lat="36.026446280128184" lon="119.40467030602531">
        <ele>59.61533778999001</ele>
        <time>2025-01-17T10:21:39Z</time>
        <extensions>
          <gpxtpx:TrackPointExtension>
            <gpxtpx:hr>169</gpxtpx:hr>
          </gpxtpx:TrackPointExtension>
        </extensions>
      </trkpt>
      <trkpt lat="36.02644702980944" lon="119.40470503428905">
        <ele>59.56170168425888</ele>
        <time>2025-01-17T10:21:40Z</time>
        <extensions>
          <gpxtpx:TrackPointExtension>
            <gpxtpx:hr>169</gpxtpx:hr>
          </gpxtpx:TrackPointExtension>
        </extensions>
      </trkpt>
      <trkpt lat="36.026448584802665" lon="119.40474059581427">
        <ele>59.48189641721547</ele>
        <time>2025-01-17T10:21:41Z</time>
        <extensions>
          <gpxtpx:TrackPointExtension>
            <gpxtpx:hr>169</gpxtpx:hr>
          </gpxtpx:TrackPointExtension>
        </extensions>
      </trkpt>
      <trkpt lat="36.0264499925786" lon="119.40477489119006">
        <ele>59.40034694131464</ele>
        <time>2025-01-17T10:21:42Z</time>
        <extensions>
          <gpxtpx:TrackPointExtension>
            <gpxtpx:hr>169</gpxtpx:hr>
          </gpxtpx:TrackPointExtension>
        </extensions>
      </trkpt>
      <trkpt lat="36.0264508763089" lon="119.40480759378838">
        <ele>59.29672767687589</ele>
        <time>2025-01-17T10:21:43Z</time>
        <extensions>
          <gpxtpx:TrackPointExtension>
            <gpxtpx:hr>169</gpxtpx:hr>
          </gpxtpx:TrackPointExtension>
        </extensions>
      </trkpt>
      <trkpt lat="36.02645153914133" lon="119.40483960640347">
        <ele>59.14107737969607</ele>
        <time>2025-01-17T10:21:44Z</time>
        <extensions>
          <gpxtpx:TrackPointExtension>
            <gpxtpx:hr>169</gpxtpx:hr>
          </gpxtpx:TrackPointExtension>
        </extensions>
      </trkpt>
      <trkpt lat="36.02645302443501" lon="119.404871041223">
        <ele>58.97739085461944</ele>
        <time>2025-01-17T10:21:45Z</time>
        <extensions>
          <gpxtpx:TrackPointExtension>
            <gpxtpx:hr>169</gpxtpx:hr>
          </gpxtpx:TrackPointExtension>
        </extensions>
      </trkpt>
      <trkpt lat="36.026456783974524" lon="119.40490225923486">
        <ele>58.81481342855841</ele>
        <time>2025-01-17T10:21:46Z</time>
        <extensions>
          <gpxtpx:TrackPointExtension>
            <gpxtpx:hr>169</gpxtpx:hr>
          </gpxtpx:TrackPointExtension>
        </extensions>
      </trkpt>
      <trkpt lat="36.02646331575084" lon="119.4049336268402">
        <ele>58.633145277388394</ele>
        <time>2025-01-17T10:21:47Z</time>
        <extensions>
          <gpxtpx:TrackPointExtension>
            <gpxtpx:hr>169</gpxtpx:hr>
          </gpxtpx:TrackPointExtension>
        </extensions>
      </trkpt>
      <trkpt lat="36.02647192676042" lon="119.40496387906552">
        <ele>58.448768445290625</ele>
        <time>2025-01-17T10:21:48Z</time>
        <extensions>
          <gpxtpx:TrackPointExtension>
            <gpxtpx:hr>169</gpxtpx:hr>
          </gpxtpx:TrackPointExtension>
        </extensions>
      </trkpt>
      <trkpt lat="36.02648276598249" lon="119.4049929175829">
        <ele>58.28149069007486</ele>
        <time>2025-01-17T10:21:49Z</time>
        <extensions>
          <gpxtpx:TrackPointExtension>
            <gpxtpx:hr>169</gpxtpx:hr>
          </gpxtpx:TrackPointExtension>
        </extensions>
      </trkpt>
      <trkpt lat="36.02649667706237" lon="119.40502068652948">
        <ele>58.10269103012979</ele>
        <time>2025-01-17T10:21:50Z</time>
        <extensions>
          <gpxtpx:TrackPointExtension>
            <gpxtpx:hr>169</gpxtpx:hr>
          </gpxtpx:TrackPointExtension>
        </extensions>
      </trkpt>
      <trkpt lat="36.02651284768792" lon="119.4050448218046">
        <ele>57.93314119055867</ele>
        <time>2025-01-17T10:21:51Z</time>
        <extensions>
          <gpxtpx:TrackPointExtension>
            <gpxtpx:hr>169</gpxtpx:hr>
          </gpxtpx:TrackPointExtension>
        </extensions>
      </trkpt>
      <trkpt lat="36.026529729495664" lon="119.40506408391458">
        <ele>57.77853913605213</ele>
        <time>2025-01-17T10:21:52Z</time>
        <extensions>
          <gpxtpx:TrackPointExtension>
            <gpxtpx:hr>169</gpxtpx:hr>
          </gpxtpx:TrackPointExtension>
        </extensions>
      </trkpt>
      <trkpt lat="36.026546586895506" lon="119.40508018434738">
        <ele>57.6526628639549</ele>
        <time>2025-01-17T10:21:53Z</time>
        <extensions>
          <gpxtpx:TrackPointExtension>
            <gpxtpx:hr>169</gpxtpx:hr>
          </gpxtpx:TrackPointExtension>
        </extensions>
      </trkpt>
      <trkpt lat="36.026563554876205" lon="119.4050951140878">
        <ele>57.54058018140495</ele>
        <time>2025-01-17T10:21:54Z</time>
        <extensions>
          <gpxtpx:TrackPointExtension>
            <gpxtpx:hr>169</gpxtpx:hr>
          </gpxtpx:TrackPointExtension>
        </extensions>
      </trkpt>
      <trkpt lat="36.0265822465817" lon="119.40510859764457">
        <ele>57.45703227259219</ele>
        <time>2025-01-17T10:21:55Z</time>
        <extensions>
          <gpxtpx:TrackPointExtension>
            <gpxtpx:hr>169</gpxtpx:hr>
          </gpxtpx:TrackPointExtension>
        </extensions>
      </trkpt>
      <trkpt lat="36.02660330542739" lon="119.40511874130735">
        <ele>57.39703919645399</ele>
        <time>2025-01-17T10:21:56Z</time>
        <extensions>
          <gpxtpx:TrackPointExtension>
            <gpxtpx:hr>169</gpxtpx:hr>
          </gpxtpx:TrackPointExtension>
        </extensions>
      </trkpt>
      <trkpt lat="36.02662609895391" lon="119.40512524310115">
        <ele>57.357405845075846</ele>
        <time>2025-01-17T10:21:57Z</time>
        <extensions>
          <gpxtpx:TrackPointExtension>
            <gpxtpx:hr>168</gpxtpx:hr>
          </gpxtpx:TrackPointExtension>
        </extensions>
      </trkpt>
      <trkpt lat="36.02664983238812" lon="119.40513015237285">
        <ele>57.343306443654</ele>
        <time>2025-01-17T10:21:58Z</time>
        <extensions>
          <gpxtpx:TrackPointExtension>
            <gpxtpx:hr>168</gpxtpx:hr>
          </gpxtpx:TrackPointExtension>
        </extensions>
      </trkpt>
      <trkpt lat="36.02667413100185" lon="119.40513532046099">
        <ele>57.359972150065005</ele>
        <time>2025-01-17T10:21:59Z</time>
        <extensions>
          <gpxtpx:TrackPointExtension>
            <gpxtpx:hr>168</gpxtpx:hr>
          </gpxtpx:TrackPointExtension>
        </extensions>
      </trkpt>
      <trkpt lat="36.02669906435658" lon="119.40514149096133">
        <ele>57.40225224941969</ele>
        <time>2025-01-17T10:22:00Z</time>
        <extensions>
          <gpxtpx:TrackPointExtension>
            <gpxtpx:hr>168</gpxtpx:hr>
          </gpxtpx:TrackPointExtension>
        </extensions>
      </trkpt>
      <trkpt lat="36.02672338478547" lon="119.40514854739483">
        <ele>57.46764383651316</ele>
        <time>2025-01-17T10:22:01Z</time>
        <extensions>
          <gpxtpx:TrackPointExtension>
            <gpxtpx:hr>168</gpxtpx:hr>
          </gpxtpx:TrackPointExtension>
        </extensions>
      </trkpt>
      <trkpt lat="36.02674622044245" lon="119.40515547759107">
        <ele>57.53847529459745</ele>
        <time>2025-01-17T10:22:02Z</time>
        <extensions>
          <gpxtpx:TrackPointExtension>
            <gpxtpx:hr>168</gpxtpx:hr>
          </gpxtpx:TrackPointExtension>
        </extensions>
      </trkpt>
      <trkpt lat="36.02676852567959" lon="119.40516171161065">
        <ele>57.619427361525595</ele>
        <time>2025-01-17T10:22:03Z</time>
        <extensions>
          <gpxtpx:TrackPointExtension>
            <gpxtpx:hr>168</gpxtpx:hr>
          </gpxtpx:TrackPointExtension>
        </extensions>
      </trkpt>
      <trkpt lat="36.02678988157514" lon="119.40516764859453">
        <ele>57.71402781363577</ele>
        <time>2025-01-17T10:22:04Z</time>
        <extensions>
          <gpxtpx:TrackPointExtension>
            <gpxtpx:hr>168</gpxtpx:hr>
          </gpxtpx:TrackPointExtension>
        </extensions>
      </trkpt>
      <trkpt lat="36.02680857368448" lon="119.40517440046055">
        <ele>57.81934868078679</ele>
        <time>2025-01-17T10:22:05Z</time>
        <extensions>
          <gpxtpx:TrackPointExtension>
            <gpxtpx:hr>168</gpxtpx:hr>
          </gpxtpx:TrackPointExtension>
        </extensions>
      </trkpt>
      <trkpt lat="36.0268241981885" lon="119.40518203819941">
        <ele>57.92928012739867</ele>
        <time>2025-01-17T10:22:06Z</time>
        <extensions>
          <gpxtpx:TrackPointExtension>
            <gpxtpx:hr>168</gpxtpx:hr>
          </gpxtpx:TrackPointExtension>
        </extensions>
      </trkpt>
      <trkpt lat="36.02683670551517" lon="119.40518994403568">
        <ele>58.03539099637419</ele>
        <time>2025-01-17T10:22:07Z</time>
        <extensions>
          <gpxtpx:TrackPointExtension>
            <gpxtpx:hr>168</gpxtpx:hr>
          </gpxtpx:TrackPointExtension>
        </extensions>
      </trkpt>
      <trkpt lat="36.026845983622806" lon="119.40519954280214">
        <ele>58.157085553742945</ele>
        <time>2025-01-17T10:22:08Z</time>
        <extensions>
          <gpxtpx:TrackPointExtension>
            <gpxtpx:hr>168</gpxtpx:hr>
          </gpxtpx:TrackPointExtension>
        </extensions>
      </trkpt>
      <trkpt lat="36.026852933779736" lon="119.40521233107759">
        <ele>58.280040920712054</ele>
        <time>2025-01-17T10:22:09Z</time>
        <extensions>
          <gpxtpx:TrackPointExtension>
            <gpxtpx:hr>168</gpxtpx:hr>
          </gpxtpx:TrackPointExtension>
        </extensions>
      </trkpt>
      <trkpt lat="36.02685955867054" lon="119.4052276514155">
        <ele>58.39293025620282</ele>
        <time>2025-01-17T10:22:10Z</time>
        <extensions>
          <gpxtpx:TrackPointExtension>
            <gpxtpx:hr>168</gpxtpx:hr>
          </gpxtpx:TrackPointExtension>
        </extensions>
      </trkpt>
      <trkpt lat="36.0268668449452" lon="119.40524327078576">
        <ele>58.51642429921776</ele>
        <time>2025-01-17T10:22:11Z</time>
        <extensions>
          <gpxtpx:TrackPointExtension>
            <gpxtpx:hr>167</gpxtpx:hr>
          </gpxtpx:TrackPointExtension>
        </extensions>
      </trkpt>
      <trkpt lat="36.0268747953733" lon="119.40525756610423">
        <ele>58.61258359719068</ele>
        <time>2025-01-17T10:22:12Z</time>
        <extensions>
          <gpxtpx:TrackPointExtension>
            <gpxtpx:hr>167</gpxtpx:hr>
          </gpxtpx:TrackPointExtension>
        </extensions>
      </trkpt>
      <trkpt lat="36.026882588334736" lon="119.40527050277566">
        <ele>58.698824622668326</ele>
        <time>2025-01-17T10:22:13Z</time>
        <extensions>
          <gpxtpx:TrackPointExtension>
            <gpxtpx:hr>167</gpxtpx:hr>
          </gpxtpx:TrackPointExtension>
        </extensions>
      </trkpt>
      <trkpt lat="36.02688975309733" lon="119.4052822253663">
        <ele>58.76420378219336</ele>
        <time>2025-01-17T10:22:14Z</time>
        <extensions>
          <gpxtpx:TrackPointExtension>
            <gpxtpx:hr>167</gpxtpx:hr>
          </gpxtpx:TrackPointExtension>
        </extensions>
      </trkpt>
      <trkpt lat="36.0268968149954" lon="119.40529243658855">
        <ele>58.807747915387154</ele>
        <time>2025-01-17T10:22:15Z</time>
        <extensions>
          <gpxtpx:TrackPointExtension>
            <gpxtpx:hr>165</gpxtpx:hr>
          </gpxtpx:TrackPointExtension>
        </extensions>
      </trkpt>
      <trkpt lat="36.0269038291009" lon="119.40530189592417">
        <ele>58.834581890143454</ele>
        <time>2025-01-17T10:22:16Z</time>
        <extensions>
          <gpxtpx:TrackPointExtension>
            <gpxtpx:hr>165</gpxtpx:hr>
          </gpxtpx:TrackPointExtension>
        </extensions>
      </trkpt>
      <trkpt lat="36.02691030946462" lon="119.40531163302056">
        <ele>58.83953297417611</ele>
        <time>2025-01-17T10:22:17Z</time>
        <extensions>
          <gpxtpx:TrackPointExtension>
            <gpxtpx:hr>165</gpxtpx:hr>
          </gpxtpx:TrackPointExtension>
        </extensions>
      </trkpt>
      <trkpt lat="36.026916644857664" lon="119.40532119369016">
        <ele>58.83627231698483</ele>
        <time>2025-01-17T10:22:18Z</time>
        <extensions>
          <gpxtpx:TrackPointExtension>
            <gpxtpx:hr>165</gpxtpx:hr>
          </gpxtpx:TrackPointExtension>
        </extensions>
      </trkpt>
      <trkpt lat="36.026923698350615" lon="119.4053293550464">
        <ele>58.818546146154404</ele>
        <time>2025-01-17T10:22:19Z</time>
        <extensions>
          <gpxtpx:TrackPointExtension>
            <gpxtpx:hr>164</gpxtpx:hr>
          </gpxtpx:TrackPointExtension>
        </extensions>
      </trkpt>
      <trkpt lat="36.026931091013296" lon="119.40533602246083">
        <ele>58.78190567623824</ele>
        <time>2025-01-17T10:22:21Z</time>
        <extensions>
          <gpxtpx:TrackPointExtension>
            <gpxtpx:hr>164</gpxtpx:hr>
          </gpxtpx:TrackPointExtension>
        </extensions>
      </trkpt>
      <trkpt lat="36.02693870177403" lon="119.40534270879473">
        <ele>58.728715339675546</ele>
        <time>2025-01-17T10:22:22Z</time>
        <extensions>
          <gpxtpx:TrackPointExtension>
            <gpxtpx:hr>164</gpxtpx:hr>
          </gpxtpx:TrackPointExtension>
        </extensions>
      </trkpt>
      <trkpt lat="36.026947361683504" lon="119.40535078884255">
        <ele>58.653941199183464</ele>
        <time>2025-01-17T10:22:23Z</time>
        <extensions>
          <gpxtpx:TrackPointExtension>
            <gpxtpx:hr>164</gpxtpx:hr>
          </gpxtpx:TrackPointExtension>
        </extensions>
      </trkpt>
      <trkpt lat="36.026957421428556" lon="119.4053611649979">
        <ele>58.57678619585931</ele>
        <time>2025-01-17T10:22:24Z</time>
        <extensions>
          <gpxtpx:TrackPointExtension>
            <gpxtpx:hr>164</gpxtpx:hr>
          </gpxtpx:TrackPointExtension>
        </extensions>
      </trkpt>
      <trkpt lat="36.02696716503127" lon="119.40537358061331">
        <ele>58.49121496267617</ele>
        <time>2025-01-17T10:22:25Z</time>
        <extensions>
          <gpxtpx:TrackPointExtension>
            <gpxtpx:hr>154</gpxtpx:hr>
          </gpxtpx:TrackPointExtension>
        </extensions>
      </trkpt>
      <trkpt lat="36.0269746120119" lon="119.40538673522987">
        <ele>58.40207371674478</ele>
        <time>2025-01-17T10:22:26Z</time>
        <extensions>
          <gpxtpx:TrackPointExtension>
            <gpxtpx:hr>154</gpxtpx:hr>
          </gpxtpx:TrackPointExtension>
        </extensions>
      </trkpt>
      <trkpt lat="36.026979465971834" lon="119.40540011966738">
        <ele>58.308032497763634</ele>
        <time>2025-01-17T10:22:27Z</time>
        <extensions>
          <gpxtpx:TrackPointExtension>
            <gpxtpx:hr>154</gpxtpx:hr>
          </gpxtpx:TrackPointExtension>
        </extensions>
      </trkpt>
      <trkpt lat="36.026982601268074" lon="119.40541327827847">
        <ele>58.19884875975549</ele>
        <time>2025-01-17T10:22:28Z</time>
        <extensions>
          <gpxtpx:TrackPointExtension>
            <gpxtpx:hr>154</gpxtpx:hr>
          </gpxtpx:TrackPointExtension>
        </extensions>
      </trkpt>
      <trkpt lat="36.02698536595044" lon="119.40542482326647">
        <ele>58.08785085193813</ele>
        <time>2025-01-17T10:22:29Z</time>
        <extensions>
          <gpxtpx:TrackPointExtension>
            <gpxtpx:hr>154</gpxtpx:hr>
          </gpxtpx:TrackPointExtension>
        </extensions>
      </trkpt>
      <trkpt lat="36.02698887558142" lon="119.40543478154873">
        <ele>57.98680730257183</ele>
        <time>2025-01-17T10:22:30Z</time>
        <extensions>
          <gpxtpx:TrackPointExtension>
            <gpxtpx:hr>153</gpxtpx:hr>
          </gpxtpx:TrackPointExtension>
        </extensions>
      </trkpt>
      <trkpt lat="36.02699408971583" lon="119.40544539790064">
        <ele>57.884606142528355</ele>
        <time>2025-01-17T10:22:31Z</time>
        <extensions>
          <gpxtpx:TrackPointExtension>
            <gpxtpx:hr>153</gpxtpx:hr>
          </gpxtpx:TrackPointExtension>
        </extensions>
      </trkpt>
      <trkpt lat="36.02700093263106" lon="119.40545713386221">
        <ele>57.78635191451758</ele>
        <time>2025-01-17T10:22:32Z</time>
        <extensions>
          <gpxtpx:TrackPointExtension>
            <gpxtpx:hr>153</gpxtpx:hr>
          </gpxtpx:TrackPointExtension>
        </extensions>
      </trkpt>
      <trkpt lat="36.02700861500993" lon="119.40546944659563">
        <ele>57.69317377079278</ele>
        <time>2025-01-17T10:22:33Z</time>
        <extensions>
          <gpxtpx:TrackPointExtension>
            <gpxtpx:hr>153</gpxtpx:hr>
          </gpxtpx:TrackPointExtension>
        </extensions>
      </trkpt>
      <trkpt lat="36.0270160634472" lon="119.40548294402352">
        <ele>57.59569128789008</ele>
        <time>2025-01-17T10:22:34Z</time>
        <extensions>
          <gpxtpx:TrackPointExtension>
            <gpxtpx:hr>153</gpxtpx:hr>
          </gpxtpx:TrackPointExtension>
        </extensions>
      </trkpt>
      <trkpt lat="36.027022547850216" lon="119.40549729437627">
        <ele>57.495784712955356</ele>
        <time>2025-01-17T10:22:35Z</time>
        <extensions>
          <gpxtpx:TrackPointExtension>
            <gpxtpx:hr>138</gpxtpx:hr>
          </gpxtpx:TrackPointExtension>
        </extensions>
      </trkpt>
      <trkpt lat="36.027028605584846" lon="119.40551111097663">
        <ele>57.43161568976939</ele>
        <time>2025-01-17T10:22:36Z</time>
        <extensions>
          <gpxtpx:TrackPointExtension>
            <gpxtpx:hr>138</gpxtpx:hr>
          </gpxtpx:TrackPointExtension>
        </extensions>
      </trkpt>
      <trkpt lat="36.02703481826733" lon="119.40552250626703">
        <ele>57.35684249550104</ele>
        <time>2025-01-17T10:22:37Z</time>
        <extensions>
          <gpxtpx:TrackPointExtension>
            <gpxtpx:hr>138</gpxtpx:hr>
          </gpxtpx:TrackPointExtension>
        </extensions>
      </trkpt>
      <trkpt lat="36.0270410532045" lon="119.4055313034109">
        <ele>57.286735981702805</ele>
        <time>2025-01-17T10:22:38Z</time>
        <extensions>
          <gpxtpx:TrackPointExtension>
            <gpxtpx:hr>138</gpxtpx:hr>
          </gpxtpx:TrackPointExtension>
        </extensions>
      </trkpt>
      <trkpt lat="36.027047291814405" lon="119.40553897848983">
        <ele>57.22835929039866</ele>
        <time>2025-01-17T10:22:39Z</time>
        <extensions>
          <gpxtpx:TrackPointExtension>
            <gpxtpx:hr>138</gpxtpx:hr>
          </gpxtpx:TrackPointExtension>
        </extensions>
      </trkpt>
      <trkpt lat="36.02705382188315" lon="119.40554647351215">
        <ele>57.166518431156874</ele>
        <time>2025-01-17T10:22:40Z</time>
        <extensions>
          <gpxtpx:TrackPointExtension>
            <gpxtpx:hr>138</gpxtpx:hr>
          </gpxtpx:TrackPointExtension>
        </extensions>
      </trkpt>
      <trkpt lat="36.02706104585009" lon="119.40555467457946">
        <ele>57.105765502899885</ele>
        <time>2025-01-17T10:22:41Z</time>
        <extensions>
          <gpxtpx:TrackPointExtension>
            <gpxtpx:hr>136</gpxtpx:hr>
          </gpxtpx:TrackPointExtension>
        </extensions>
      </trkpt>
      <trkpt lat="36.02706924686336" lon="119.40556449216646">
        <ele>57.06258415710181</ele>
        <time>2025-01-17T10:22:42Z</time>
        <extensions>
          <gpxtpx:TrackPointExtension>
            <gpxtpx:hr>136</gpxtpx:hr>
          </gpxtpx:TrackPointExtension>
        </extensions>
      </trkpt>
      <trkpt lat="36.02707817399037" lon="119.40557512191849">
        <ele>57.00073807686567</ele>
        <time>2025-01-17T10:22:43Z</time>
        <extensions>
          <gpxtpx:TrackPointExtension>
            <gpxtpx:hr>136</gpxtpx:hr>
          </gpxtpx:TrackPointExtension>
        </extensions>
      </trkpt>
      <trkpt lat="36.02708750185792" lon="119.40558535024037">
        <ele>56.954789127223194</ele>
        <time>2025-01-17T10:22:44Z</time>
        <extensions>
          <gpxtpx:TrackPointExtension>
            <gpxtpx:hr>136</gpxtpx:hr>
          </gpxtpx:TrackPointExtension>
        </extensions>
      </trkpt>
      <trkpt lat="36.02709722025713" lon="119.40559462216099">
        <ele>56.917413271032274</ele>
        <time>2025-01-17T10:22:45Z</time>
        <extensions>
          <gpxtpx:TrackPointExtension>
            <gpxtpx:hr>136</gpxtpx:hr>
          </gpxtpx:TrackPointExtension>
        </extensions>
      </trkpt>
      <trkpt lat="36.02710767662168" lon="119.40560246761812">
        <ele>56.8825638089329</ele>
        <time>2025-01-17T10:22:46Z</time>
        <extensions>
          <gpxtpx:TrackPointExtension>
            <gpxtpx:hr>135</gpxtpx:hr>
          </gpxtpx:TrackPointExtension>
        </extensions>
      </trkpt>
      <trkpt lat="36.02711885347522" lon="119.40560936444112">
        <ele>56.849159688688815</ele>
        <time>2025-01-17T10:22:47Z</time>
        <extensions>
          <gpxtpx:TrackPointExtension>
            <gpxtpx:hr>135</gpxtpx:hr>
          </gpxtpx:TrackPointExtension>
        </extensions>
      </trkpt>
      <trkpt lat="36.02712996548327" lon="119.40561611246191">
        <ele>56.82374450471252</ele>
        <time>2025-01-17T10:22:48Z</time>
        <extensions>
          <gpxtpx:TrackPointExtension>
            <gpxtpx:hr>135</gpxtpx:hr>
          </gpxtpx:TrackPointExtension>
        </extensions>
      </trkpt>
      <trkpt lat="36.02714019680074" lon="119.40562310868818">
        <ele>56.80530982092023</ele>
        <time>2025-01-17T10:22:49Z</time>
        <extensions>
          <gpxtpx:TrackPointExtension>
            <gpxtpx:hr>135</gpxtpx:hr>
          </gpxtpx:TrackPointExtension>
        </extensions>
      </trkpt>
      <trkpt lat="36.027149440414796" lon="119.4056309258004">
        <ele>56.79677587561309</ele>
        <time>2025-01-17T10:22:50Z</time>
        <extensions>
          <gpxtpx:TrackPointExtension>
            <gpxtpx:hr>136</gpxtpx:hr>
          </gpxtpx:TrackPointExtension>
        </extensions>
      </trkpt>
      <trkpt lat="36.02715811561932" lon="119.40564031129396">
        <ele>56.7828871300444</ele>
        <time>2025-01-17T10:22:51Z</time>
        <extensions>
          <gpxtpx:TrackPointExtension>
            <gpxtpx:hr>136</gpxtpx:hr>
          </gpxtpx:TrackPointExtension>
        </extensions>
      </trkpt>
      <trkpt lat="36.02716685811718" lon="119.40565076757275">
        <ele>56.77127573546022</ele>
        <time>2025-01-17T10:22:52Z</time>
        <extensions>
          <gpxtpx:TrackPointExtension>
            <gpxtpx:hr>136</gpxtpx:hr>
          </gpxtpx:TrackPointExtension>
        </extensions>
      </trkpt>
      <trkpt lat="36.02717554762414" lon="119.40566138760181">
        <ele>56.76133872196078</ele>
        <time>2025-01-17T10:22:53Z</time>
        <extensions>
          <gpxtpx:TrackPointExtension>
            <gpxtpx:hr>137</gpxtpx:hr>
          </gpxtpx:TrackPointExtension>
        </extensions>
      </trkpt>
      <trkpt lat="36.02718408292026" lon="119.40567178747824">
        <ele>56.74953949917108</ele>
        <time>2025-01-17T10:22:54Z</time>
        <extensions>
          <gpxtpx:TrackPointExtension>
            <gpxtpx:hr>137</gpxtpx:hr>
          </gpxtpx:TrackPointExtension>
        </extensions>
      </trkpt>
      <trkpt lat="36.02719275733093" lon="119.4056817904126">
        <ele>56.74983241409063</ele>
        <time>2025-01-17T10:22:55Z</time>
        <extensions>
          <gpxtpx:TrackPointExtension>
            <gpxtpx:hr>137</gpxtpx:hr>
          </gpxtpx:TrackPointExtension>
        </extensions>
      </trkpt>
      <trkpt lat="36.02720142817783" lon="119.40569172841047">
        <ele>56.76849375478923</ele>
        <time>2025-01-17T10:22:56Z</time>
        <extensions>
          <gpxtpx:TrackPointExtension>
            <gpxtpx:hr>137</gpxtpx:hr>
          </gpxtpx:TrackPointExtension>
        </extensions>
      </trkpt>
      <trkpt lat="36.02720954411285" lon="119.40570204330409">
        <ele>56.798687594011426</ele>
        <time>2025-01-17T10:22:57Z</time>
        <extensions>
          <gpxtpx:TrackPointExtension>
            <gpxtpx:hr>137</gpxtpx:hr>
          </gpxtpx:TrackPointExtension>
        </extensions>
      </trkpt>
      <trkpt lat="36.02721710206161" lon="119.40571268386464">
        <ele>56.822796354070306</ele>
        <time>2025-01-17T10:22:58Z</time>
        <extensions>
          <gpxtpx:TrackPointExtension>
            <gpxtpx:hr>137</gpxtpx:hr>
          </gpxtpx:TrackPointExtension>
        </extensions>
      </trkpt>
      <trkpt lat="36.02722447091242" lon="119.40572349911882">
        <ele>56.84502095915377</ele>
        <time>2025-01-17T10:22:59Z</time>
        <extensions>
          <gpxtpx:TrackPointExtension>
            <gpxtpx:hr>132</gpxtpx:hr>
          </gpxtpx:TrackPointExtension>
        </extensions>
      </trkpt>
      <trkpt lat="36.02723180883696" lon="119.40573437906426">
        <ele>56.862101084552705</ele>
        <time>2025-01-17T10:23:00Z</time>
        <extensions>
          <gpxtpx:TrackPointExtension>
            <gpxtpx:hr>132</gpxtpx:hr>
          </gpxtpx:TrackPointExtension>
        </extensions>
      </trkpt>
      <trkpt lat="36.027239573763175" lon="119.40574526803162">
        <ele>56.88515774998814</ele>
        <time>2025-01-17T10:23:01Z</time>
        <extensions>
          <gpxtpx:TrackPointExtension>
            <gpxtpx:hr>132</gpxtpx:hr>
          </gpxtpx:TrackPointExtension>
        </extensions>
      </trkpt>
      <trkpt lat="36.027248090973785" lon="119.40575537356551">
        <ele>56.916294747032225</ele>
        <time>2025-01-17T10:23:02Z</time>
        <extensions>
          <gpxtpx:TrackPointExtension>
            <gpxtpx:hr>132</gpxtpx:hr>
          </gpxtpx:TrackPointExtension>
        </extensions>
      </trkpt>
      <trkpt lat="36.02725753173925" lon="119.40576395489286">
        <ele>56.93616068176925</ele>
        <time>2025-01-17T10:23:03Z</time>
        <extensions>
          <gpxtpx:TrackPointExtension>
            <gpxtpx:hr>132</gpxtpx:hr>
          </gpxtpx:TrackPointExtension>
        </extensions>
      </trkpt>
      <trkpt lat="36.027267517667035" lon="119.40577161511146">
        <ele>56.96024393569678</ele>
        <time>2025-01-17T10:23:04Z</time>
        <extensions>
          <gpxtpx:TrackPointExtension>
            <gpxtpx:hr>132</gpxtpx:hr>
          </gpxtpx:TrackPointExtension>
        </extensions>
      </trkpt>
      <trkpt lat="36.0272770832225" lon="119.40577949880807">
        <ele>57.00364301819354</ele>
        <time>2025-01-17T10:23:05Z</time>
        <extensions>
          <gpxtpx:TrackPointExtension>
            <gpxtpx:hr>132</gpxtpx:hr>
          </gpxtpx:TrackPointExtension>
        </extensions>
      </trkpt>
      <trkpt lat="36.02728611305992" lon="119.40578818141861">
        <ele>57.05708722490817</ele>
        <time>2025-01-17T10:23:06Z</time>
        <extensions>
          <gpxtpx:TrackPointExtension>
            <gpxtpx:hr>129</gpxtpx:hr>
          </gpxtpx:TrackPointExtension>
        </extensions>
      </trkpt>
      <trkpt lat="36.02729477519062" lon="119.40579683590585">
        <ele>57.10390413552523</ele>
        <time>2025-01-17T10:23:07Z</time>
        <extensions>
          <gpxtpx:TrackPointExtension>
            <gpxtpx:hr>129</gpxtpx:hr>
          </gpxtpx:TrackPointExtension>
        </extensions>
      </trkpt>
      <trkpt lat="36.02730323183747" lon="119.40580434292612">
        <ele>57.13257195055485</ele>
        <time>2025-01-17T10:23:08Z</time>
        <extensions>
          <gpxtpx:TrackPointExtension>
            <gpxtpx:hr>129</gpxtpx:hr>
          </gpxtpx:TrackPointExtension>
        </extensions>
      </trkpt>
      <trkpt lat="36.02731224316849" lon="119.40581152369843">
        <ele>57.152763339690864</ele>
        <time>2025-01-17T10:23:09Z</time>
        <extensions>
          <gpxtpx:TrackPointExtension>
            <gpxtpx:hr>129</gpxtpx:hr>
          </gpxtpx:TrackPointExtension>
        </extensions>
      </trkpt>
      <trkpt lat="36.027322331739065" lon="119.40581931131632">
        <ele>57.17940963059664</ele>
        <time>2025-01-17T10:23:10Z</time>
        <extensions>
          <gpxtpx:TrackPointExtension>
            <gpxtpx:hr>129</gpxtpx:hr>
          </gpxtpx:TrackPointExtension>
        </extensions>
      </trkpt>
      <trkpt lat="36.027333295460785" lon="119.405827427311">
        <ele>57.20500806346536</ele>
        <time>2025-01-17T10:23:11Z</time>
        <extensions>
          <gpxtpx:TrackPointExtension>
            <gpxtpx:hr>129</gpxtpx:hr>
          </gpxtpx:TrackPointExtension>
        </extensions>
      </trkpt>
      <trkpt lat="36.02734485486722" lon="119.40583541534328">
        <ele>57.232179527170956</ele>
        <time>2025-01-17T10:23:12Z</time>
        <extensions>
          <gpxtpx:TrackPointExtension>
            <gpxtpx:hr>125</gpxtpx:hr>
          </gpxtpx:TrackPointExtension>
        </extensions>
      </trkpt>
      <trkpt lat="36.02735647932889" lon="119.40584325412591">
        <ele>57.25776816532016</ele>
        <time>2025-01-17T10:23:13Z</time>
        <extensions>
          <gpxtpx:TrackPointExtension>
            <gpxtpx:hr>125</gpxtpx:hr>
          </gpxtpx:TrackPointExtension>
        </extensions>
      </trkpt>
      <trkpt lat="36.02736772069765" lon="119.40585153082799">
        <ele>57.285029713995755</ele>
        <time>2025-01-17T10:23:14Z</time>
        <extensions>
          <gpxtpx:TrackPointExtension>
            <gpxtpx:hr>125</gpxtpx:hr>
          </gpxtpx:TrackPointExtension>
        </extensions>
      </trkpt>
      <trkpt lat="36.02737898537648" lon="119.40586040386108">
        <ele>57.32394131924957</ele>
        <time>2025-01-17T10:23:15Z</time>
        <extensions>
          <gpxtpx:TrackPointExtension>
            <gpxtpx:hr>125</gpxtpx:hr>
          </gpxtpx:TrackPointExtension>
        </extensions>
      </trkpt>
      <trkpt lat="36.02739060795939" lon="119.40586904444613">
        <ele>57.35267720837146</ele>
        <time>2025-01-17T10:23:16Z</time>
        <extensions>
          <gpxtpx:TrackPointExtension>
            <gpxtpx:hr>122</gpxtpx:hr>
          </gpxtpx:TrackPointExtension>
        </extensions>
      </trkpt>
      <trkpt lat="36.02740261641003" lon="119.4058768168391">
        <ele>57.379475994966924</ele>
        <time>2025-01-17T10:23:17Z</time>
        <extensions>
          <gpxtpx:TrackPointExtension>
            <gpxtpx:hr>122</gpxtpx:hr>
          </gpxtpx:TrackPointExtension>
        </extensions>
      </trkpt>
      <trkpt lat="36.027414818026585" lon="119.40588382069457">
        <ele>57.398891548626125</ele>
        <time>2025-01-17T10:23:18Z</time>
        <extensions>
          <gpxtpx:TrackPointExtension>
            <gpxtpx:hr>122</gpxtpx:hr>
          </gpxtpx:TrackPointExtension>
        </extensions>
      </trkpt>
      <trkpt lat="36.02742682443153" lon="119.40589035448257">
        <ele>57.41041505150497</ele>
        <time>2025-01-17T10:23:19Z</time>
        <extensions>
          <gpxtpx:TrackPointExtension>
            <gpxtpx:hr>122</gpxtpx:hr>
          </gpxtpx:TrackPointExtension>
        </extensions>
      </trkpt>
      <trkpt lat="36.02743837777799" lon="119.40589744464708">
        <ele>57.41567279584706</ele>
        <time>2025-01-17T10:23:20Z</time>
        <extensions>
          <gpxtpx:TrackPointExtension>
            <gpxtpx:hr>120</gpxtpx:hr>
          </gpxtpx:TrackPointExtension>
        </extensions>
      </trkpt>
      <trkpt lat="36.027449212603926" lon="119.4059061103273">
        <ele>57.37634140625596</ele>
        <time>2025-01-17T10:23:21Z</time>
        <extensions>
          <gpxtpx:TrackPointExtension>
            <gpxtpx:hr>120</gpxtpx:hr>
          </gpxtpx:TrackPointExtension>
        </extensions>
      </trkpt>
      <trkpt lat="36.027459408519576" lon="119.40591611621396">
        <ele>57.37146394420415</ele>
        <time>2025-01-17T10:23:22Z</time>
        <extensions>
          <gpxtpx:TrackPointExtension>
            <gpxtpx:hr>120</gpxtpx:hr>
          </gpxtpx:TrackPointExtension>
        </extensions>
      </trkpt>
      <trkpt lat="36.027469280717106" lon="119.40592650675347">
        <ele>57.37650940287858</ele>
        <time>2025-01-17T10:23:23Z</time>
        <extensions>
          <gpxtpx:TrackPointExtension>
            <gpxtpx:hr>120</gpxtpx:hr>
          </gpxtpx:TrackPointExtension>
        </extensions>
      </trkpt>
      <trkpt lat="36.02747892229468" lon="119.40593703074488">
        <ele>57.38695051614195</ele>
        <time>2025-01-17T10:23:24Z</time>
        <extensions>
          <gpxtpx:TrackPointExtension>
            <gpxtpx:hr>120</gpxtpx:hr>
          </gpxtpx:TrackPointExtension>
        </extensions>
      </trkpt>
      <trkpt lat="36.02748826029757" lon="119.40594777103018">
        <ele>57.37279780395329</ele>
        <time>2025-01-17T10:23:25Z</time>
        <extensions>
          <gpxtpx:TrackPointExtension>
            <gpxtpx:hr>120</gpxtpx:hr>
          </gpxtpx:TrackPointExtension>
        </extensions>
      </trkpt>
      <trkpt lat="36.02749702375418" lon="119.40595887150072">
        <ele>57.35332735069096</ele>
        <time>2025-01-17T10:23:26Z</time>
        <extensions>
          <gpxtpx:TrackPointExtension>
            <gpxtpx:hr>120</gpxtpx:hr>
          </gpxtpx:TrackPointExtension>
        </extensions>
      </trkpt>
      <trkpt lat="36.027505134703034" lon="119.4059705195995">
        <ele>57.33078298904002</ele>
        <time>2025-01-17T10:23:27Z</time>
        <extensions>
          <gpxtpx:TrackPointExtension>
            <gpxtpx:hr>120</gpxtpx:hr>
          </gpxtpx:TrackPointExtension>
        </extensions>
      </trkpt>
      <trkpt lat="36.0275127581002" lon="119.4059824699707">
        <ele>57.315711392089725</ele>
        <time>2025-01-17T10:23:28Z</time>
        <extensions>
          <gpxtpx:TrackPointExtension>
            <gpxtpx:hr>119</gpxtpx:hr>
          </gpxtpx:TrackPointExtension>
        </extensions>
      </trkpt>
      <trkpt lat="36.027520260732494" lon="119.40599451469258">
        <ele>57.30586090032011</ele>
        <time>2025-01-17T10:23:29Z</time>
        <extensions>
          <gpxtpx:TrackPointExtension>
            <gpxtpx:hr>119</gpxtpx:hr>
          </gpxtpx:TrackPointExtension>
        </extensions>
      </trkpt>
      <trkpt lat="36.027527629727814" lon="119.40600680612891">
        <ele>57.28889659140259</ele>
        <time>2025-01-17T10:23:30Z</time>
        <extensions>
          <gpxtpx:TrackPointExtension>
            <gpxtpx:hr>119</gpxtpx:hr>
          </gpxtpx:TrackPointExtension>
        </extensions>
      </trkpt>
      <trkpt lat="36.02753424099715" lon="119.40601880156625">
        <ele>57.29986046627164</ele>
        <time>2025-01-17T10:23:31Z</time>
        <extensions>
          <gpxtpx:TrackPointExtension>
            <gpxtpx:hr>119</gpxtpx:hr>
          </gpxtpx:TrackPointExtension>
        </extensions>
      </trkpt>
      <trkpt lat="36.027540185372224" lon="119.40602989261434">
        <ele>57.30646415799856</ele>
        <time>2025-01-17T10:23:32Z</time>
        <extensions>
          <gpxtpx:TrackPointExtension>
            <gpxtpx:hr>119</gpxtpx:hr>
          </gpxtpx:TrackPointExtension>
        </extensions>
      </trkpt>
      <trkpt lat="36.0275474882048" lon="119.40603712946083">
        <ele>57.32420990802348</ele>
        <time>2025-01-17T10:23:33Z</time>
        <extensions>
          <gpxtpx:TrackPointExtension>
            <gpxtpx:hr>118</gpxtpx:hr>
          </gpxtpx:TrackPointExtension>
        </extensions>
      </trkpt>
      <trkpt lat="36.02755766746675" lon="119.40603845631601">
        <ele>57.35656624659896</ele>
        <time>2025-01-17T10:23:34Z</time>
        <extensions>
          <gpxtpx:TrackPointExtension>
            <gpxtpx:hr>118</gpxtpx:hr>
          </gpxtpx:TrackPointExtension>
        </extensions>
      </trkpt>
      <trkpt lat="36.02757013072601" lon="119.40603657817505">
        <ele>57.387493710033596</ele>
        <time>2025-01-17T10:23:35Z</time>
        <extensions>
          <gpxtpx:TrackPointExtension>
            <gpxtpx:hr>118</gpxtpx:hr>
          </gpxtpx:TrackPointExtension>
        </extensions>
      </trkpt>
      <trkpt lat="36.0275830619185" lon="119.40603487308714">
        <ele>57.407562455162406</ele>
        <time>2025-01-17T10:23:36Z</time>
        <extensions>
          <gpxtpx:TrackPointExtension>
            <gpxtpx:hr>118</gpxtpx:hr>
          </gpxtpx:TrackPointExtension>
        </extensions>
      </trkpt>
      <trkpt lat="36.02759467499507" lon="119.40603176647029">
        <ele>57.45459514670074</ele>
        <time>2025-01-17T10:23:37Z</time>
        <extensions>
          <gpxtpx:TrackPointExtension>
            <gpxtpx:hr>118</gpxtpx:hr>
          </gpxtpx:TrackPointExtension>
        </extensions>
      </trkpt>
      <trkpt lat="36.02760419278934" lon="119.40602328315514">
        <ele>57.52880097925663</ele>
        <time>2025-01-17T10:23:38Z</time>
        <extensions>
          <gpxtpx:TrackPointExtension>
            <gpxtpx:hr>117</gpxtpx:hr>
          </gpxtpx:TrackPointExtension>
        </extensions>
      </trkpt>
      <trkpt lat="36.02761222948675" lon="119.40600963296555">
        <ele>57.583339679054916</ele>
        <time>2025-01-17T10:23:39Z</time>
        <extensions>
          <gpxtpx:TrackPointExtension>
            <gpxtpx:hr>117</gpxtpx:hr>
          </gpxtpx:TrackPointExtension>
        </extensions>
      </trkpt>
      <trkpt lat="36.02761945636478" lon="119.40599400194866">
        <ele>57.63666977826506</ele>
        <time>2025-01-17T10:23:40Z</time>
        <extensions>
          <gpxtpx:TrackPointExtension>
            <gpxtpx:hr>117</gpxtpx:hr>
          </gpxtpx:TrackPointExtension>
        </extensions>
      </trkpt>
      <trkpt lat="36.0276260121159" lon="119.4059778814582">
        <ele>57.69653902575374</ele>
        <time>2025-01-17T10:23:41Z</time>
        <extensions>
          <gpxtpx:TrackPointExtension>
            <gpxtpx:hr>117</gpxtpx:hr>
          </gpxtpx:TrackPointExtension>
        </extensions>
      </trkpt>
      <trkpt lat="36.02763242330698" lon="119.40596175475493">
        <ele>57.77699881140143</ele>
        <time>2025-01-17T10:23:42Z</time>
        <extensions>
          <gpxtpx:TrackPointExtension>
            <gpxtpx:hr>117</gpxtpx:hr>
          </gpxtpx:TrackPointExtension>
        </extensions>
      </trkpt>
      <trkpt lat="36.02763902161493" lon="119.40594703993808">
        <ele>57.86844710726291</ele>
        <time>2025-01-17T10:23:43Z</time>
        <extensions>
          <gpxtpx:TrackPointExtension>
            <gpxtpx:hr>117</gpxtpx:hr>
          </gpxtpx:TrackPointExtension>
        </extensions>
      </trkpt>
      <trkpt lat="36.02764590151141" lon="119.40593338405246">
        <ele>57.96467499341816</ele>
        <time>2025-01-17T10:23:44Z</time>
        <extensions>
          <gpxtpx:TrackPointExtension>
            <gpxtpx:hr>113</gpxtpx:hr>
          </gpxtpx:TrackPointExtension>
        </extensions>
      </trkpt>
      <trkpt lat="36.02765283998724" lon="119.40592032909093">
        <ele>58.047109809704125</ele>
        <time>2025-01-17T10:23:45Z</time>
        <extensions>
          <gpxtpx:TrackPointExtension>
            <gpxtpx:hr>113</gpxtpx:hr>
          </gpxtpx:TrackPointExtension>
        </extensions>
      </trkpt>
      <trkpt lat="36.02766017579034" lon="119.40590743575731">
        <ele>58.12123823072761</ele>
        <time>2025-01-17T10:23:46Z</time>
        <extensions>
          <gpxtpx:TrackPointExtension>
            <gpxtpx:hr>113</gpxtpx:hr>
          </gpxtpx:TrackPointExtension>
        </extensions>
      </trkpt>
      <trkpt lat="36.027667986326726" lon="119.40589451375772">
        <ele>58.19459896720946</ele>
        <time>2025-01-17T10:23:47Z</time>
        <extensions>
          <gpxtpx:TrackPointExtension>
            <gpxtpx:hr>113</gpxtpx:hr>
          </gpxtpx:TrackPointExtension>
        </extensions>
      </trkpt>
      <trkpt lat="36.027675581243685" lon="119.40588131673476">
        <ele>58.25856475997716</ele>
        <time>2025-01-17T10:23:48Z</time>
        <extensions>
          <gpxtpx:TrackPointExtension>
            <gpxtpx:hr>113</gpxtpx:hr>
          </gpxtpx:TrackPointExtension>
        </extensions>
      </trkpt>
      <trkpt lat="36.02768234797361" lon="119.40586706097504">
        <ele>58.324543182738125</ele>
        <time>2025-01-17T10:23:49Z</time>
        <extensions>
          <gpxtpx:TrackPointExtension>
            <gpxtpx:hr>113</gpxtpx:hr>
          </gpxtpx:TrackPointExtension>
        </extensions>
      </trkpt>
      <trkpt lat="36.02768783119831" lon="119.40585217695413">
        <ele>58.37424359191209</ele>
        <time>2025-01-17T10:23:50Z</time>
        <extensions>
          <gpxtpx:TrackPointExtension>
            <gpxtpx:hr>111</gpxtpx:hr>
          </gpxtpx:TrackPointExtension>
        </extensions>
      </trkpt>
      <trkpt lat="36.02769170001986" lon="119.40583726870726">
        <ele>58.41961364541203</ele>
        <time>2025-01-17T10:23:51Z</time>
        <extensions>
          <gpxtpx:TrackPointExtension>
            <gpxtpx:hr>111</gpxtpx:hr>
          </gpxtpx:TrackPointExtension>
        </extensions>
      </trkpt>
      <trkpt lat="36.027694294989494" lon="119.40582191434326">
        <ele>58.46933917235583</ele>
        <time>2025-01-17T10:23:52Z</time>
        <extensions>
          <gpxtpx:TrackPointExtension>
            <gpxtpx:hr>111</gpxtpx:hr>
          </gpxtpx:TrackPointExtension>
        </extensions>
      </trkpt>
      <trkpt lat="36.027696670027794" lon="119.40580662736794">
        <ele>58.524172832258046</ele>
        <time>2025-01-17T10:23:53Z</time>
        <extensions>
          <gpxtpx:TrackPointExtension>
            <gpxtpx:hr>111</gpxtpx:hr>
          </gpxtpx:TrackPointExtension>
        </extensions>
      </trkpt>
      <trkpt lat="36.027700766257944" lon="119.40579246727262">
        <ele>58.572985492646694</ele>
        <time>2025-01-17T10:23:54Z</time>
        <extensions>
          <gpxtpx:TrackPointExtension>
            <gpxtpx:hr>112</gpxtpx:hr>
          </gpxtpx:TrackPointExtension>
        </extensions>
      </trkpt>
      <trkpt lat="36.02770819443267" lon="119.40578043183999">
        <ele>58.60138635430485</ele>
        <time>2025-01-17T10:23:55Z</time>
        <extensions>
          <gpxtpx:TrackPointExtension>
            <gpxtpx:hr>112</gpxtpx:hr>
          </gpxtpx:TrackPointExtension>
        </extensions>
      </trkpt>
      <trkpt lat="36.02771892535708" lon="119.4057715810321">
        <ele>58.641974626109004</ele>
        <time>2025-01-17T10:23:56Z</time>
        <extensions>
          <gpxtpx:TrackPointExtension>
            <gpxtpx:hr>112</gpxtpx:hr>
          </gpxtpx:TrackPointExtension>
        </extensions>
      </trkpt>
      <trkpt lat="36.0277317576414" lon="119.40576592005637">
        <ele>58.684325396083295</ele>
        <time>2025-01-17T10:23:57Z</time>
        <extensions>
          <gpxtpx:TrackPointExtension>
            <gpxtpx:hr>112</gpxtpx:hr>
          </gpxtpx:TrackPointExtension>
        </extensions>
      </trkpt>
      <trkpt lat="36.02774517856771" lon="119.4057623086776">
        <ele>58.73956396896392</ele>
        <time>2025-01-17T10:23:58Z</time>
        <extensions>
          <gpxtpx:TrackPointExtension>
            <gpxtpx:hr>112</gpxtpx:hr>
          </gpxtpx:TrackPointExtension>
        </extensions>
      </trkpt>
      <trkpt lat="36.02775842420619" lon="119.4057594879538">
        <ele>58.813135743141174</ele>
        <time>2025-01-17T10:23:59Z</time>
        <extensions>
          <gpxtpx:TrackPointExtension>
            <gpxtpx:hr>112</gpxtpx:hr>
          </gpxtpx:TrackPointExtension>
        </extensions>
      </trkpt>
      <trkpt lat="36.027771767544415" lon="119.40575624142946">
        <ele>58.880380493588746</ele>
        <time>2025-01-17T10:24:00Z</time>
        <extensions>
          <gpxtpx:TrackPointExtension>
            <gpxtpx:hr>114</gpxtpx:hr>
          </gpxtpx:TrackPointExtension>
        </extensions>
      </trkpt>
      <trkpt lat="36.02778546001054" lon="119.40575216965638">
        <ele>58.952380306087434</ele>
        <time>2025-01-17T10:24:01Z</time>
        <extensions>
          <gpxtpx:TrackPointExtension>
            <gpxtpx:hr>114</gpxtpx:hr>
          </gpxtpx:TrackPointExtension>
        </extensions>
      </trkpt>
      <trkpt lat="36.02779987280669" lon="119.40574720859392">
        <ele>59.0143910786137</ele>
        <time>2025-01-17T10:24:02Z</time>
        <extensions>
          <gpxtpx:TrackPointExtension>
            <gpxtpx:hr>114</gpxtpx:hr>
          </gpxtpx:TrackPointExtension>
        </extensions>
      </trkpt>
      <trkpt lat="36.02781461643041" lon="119.40574139629909">
        <ele>59.06409680843353</ele>
        <time>2025-01-17T10:24:03Z</time>
        <extensions>
          <gpxtpx:TrackPointExtension>
            <gpxtpx:hr>114</gpxtpx:hr>
          </gpxtpx:TrackPointExtension>
        </extensions>
      </trkpt>
      <trkpt lat="36.027829973328316" lon="119.40573454950959">
        <ele>59.12689022440463</ele>
        <time>2025-01-17T10:24:04Z</time>
        <extensions>
          <gpxtpx:TrackPointExtension>
            <gpxtpx:hr>114</gpxtpx:hr>
          </gpxtpx:TrackPointExtension>
        </extensions>
      </trkpt>
      <trkpt lat="36.02784621018228" lon="119.40572651430944">
        <ele>59.15524931065738</ele>
        <time>2025-01-17T10:24:05Z</time>
        <extensions>
          <gpxtpx:TrackPointExtension>
            <gpxtpx:hr>114</gpxtpx:hr>
          </gpxtpx:TrackPointExtension>
        </extensions>
      </trkpt>
      <trkpt lat="36.027864079291774" lon="119.40571605749344">
        <ele>59.19312912132591</ele>
        <time>2025-01-17T10:24:06Z</time>
        <extensions>
          <gpxtpx:TrackPointExtension>
            <gpxtpx:hr>114</gpxtpx:hr>
          </gpxtpx:TrackPointExtension>
        </extensions>
      </trkpt>
      <trkpt lat="36.027882587163624" lon="119.405703520085">
        <ele>59.26067715883255</ele>
        <time>2025-01-17T10:24:07Z</time>
        <extensions>
          <gpxtpx:TrackPointExtension>
            <gpxtpx:hr>114</gpxtpx:hr>
          </gpxtpx:TrackPointExtension>
        </extensions>
      </trkpt>
      <trkpt lat="36.02790033232873" lon="119.40568995224554">
        <ele>59.2793869683519</ele>
        <time>2025-01-17T10:24:08Z</time>
        <extensions>
          <gpxtpx:TrackPointExtension>
            <gpxtpx:hr>114</gpxtpx:hr>
          </gpxtpx:TrackPointExtension>
        </extensions>
      </trkpt>
      <trkpt lat="36.02791708827228" lon="119.40567536583112">
        <ele>59.341173812747</ele>
        <time>2025-01-17T10:24:09Z</time>
        <extensions>
          <gpxtpx:TrackPointExtension>
            <gpxtpx:hr>114</gpxtpx:hr>
          </gpxtpx:TrackPointExtension>
        </extensions>
      </trkpt>
      <trkpt lat="36.027933105161196" lon="119.405660117729">
        <ele>59.418201628141105</ele>
        <time>2025-01-17T10:24:10Z</time>
        <extensions>
          <gpxtpx:TrackPointExtension>
            <gpxtpx:hr>114</gpxtpx:hr>
          </gpxtpx:TrackPointExtension>
        </extensions>
      </trkpt>
      <trkpt lat="36.02794922458873" lon="119.40564459812656">
        <ele>59.50332190096378</ele>
        <time>2025-01-17T10:24:11Z</time>
        <extensions>
          <gpxtpx:TrackPointExtension>
            <gpxtpx:hr>114</gpxtpx:hr>
          </gpxtpx:TrackPointExtension>
        </extensions>
      </trkpt>
      <trkpt lat="36.02796494434426" lon="119.40562959731457">
        <ele>59.63016578555107</ele>
        <time>2025-01-17T10:24:12Z</time>
        <extensions>
          <gpxtpx:TrackPointExtension>
            <gpxtpx:hr>114</gpxtpx:hr>
          </gpxtpx:TrackPointExtension>
        </extensions>
      </trkpt>
      <trkpt lat="36.02798146372009" lon="119.40561374473319">
        <ele>59.72846709005535</ele>
        <time>2025-01-17T10:24:13Z</time>
        <extensions>
          <gpxtpx:TrackPointExtension>
            <gpxtpx:hr>114</gpxtpx:hr>
          </gpxtpx:TrackPointExtension>
        </extensions>
      </trkpt>
      <trkpt lat="36.02799903637761" lon="119.40559664896936">
        <ele>59.83463436830789</ele>
        <time>2025-01-17T10:24:14Z</time>
        <extensions>
          <gpxtpx:TrackPointExtension>
            <gpxtpx:hr>114</gpxtpx:hr>
          </gpxtpx:TrackPointExtension>
        </extensions>
      </trkpt>
      <trkpt lat="36.02802290290997" lon="119.40557290871509">
        <ele>59.97589382622391</ele>
        <time>2025-01-17T10:24:15Z</time>
        <extensions>
          <gpxtpx:TrackPointExtension>
            <gpxtpx:hr>126</gpxtpx:hr>
          </gpxtpx:TrackPointExtension>
        </extensions>
      </trkpt>
      <trkpt lat="36.02805458396428" lon="119.4055407504221">
        <ele>60.115993136540055</ele>
        <time>2025-01-17T10:24:16Z</time>
        <extensions>
          <gpxtpx:TrackPointExtension>
            <gpxtpx:hr>126</gpxtpx:hr>
          </gpxtpx:TrackPointExtension>
        </extensions>
      </trkpt>
      <trkpt lat="36.0280858534945" lon="119.40550755150993">
        <ele>60.25577545631677</ele>
        <time>2025-01-17T10:24:17Z</time>
        <extensions>
          <gpxtpx:TrackPointExtension>
            <gpxtpx:hr>126</gpxtpx:hr>
          </gpxtpx:TrackPointExtension>
        </extensions>
      </trkpt>
      <trkpt lat="36.02811262056279" lon="119.40547661308472">
        <ele>60.368200765922666</ele>
        <time>2025-01-17T10:24:18Z</time>
        <extensions>
          <gpxtpx:TrackPointExtension>
            <gpxtpx:hr>126</gpxtpx:hr>
          </gpxtpx:TrackPointExtension>
        </extensions>
      </trkpt>
      <trkpt lat="36.02813636422223" lon="119.40544668620112">
        <ele>60.462693526409566</ele>
        <time>2025-01-17T10:24:19Z</time>
        <extensions>
          <gpxtpx:TrackPointExtension>
            <gpxtpx:hr>126</gpxtpx:hr>
          </gpxtpx:TrackPointExtension>
        </extensions>
      </trkpt>
      <trkpt lat="36.02815872555222" lon="119.40541736375194">
        <ele>60.55962221045047</ele>
        <time>2025-01-17T10:24:20Z</time>
        <extensions>
          <gpxtpx:TrackPointExtension>
            <gpxtpx:hr>128</gpxtpx:hr>
          </gpxtpx:TrackPointExtension>
        </extensions>
      </trkpt>
      <trkpt lat="36.02817999621443" lon="119.40538874488387">
        <ele>60.61586078070104</ele>
        <time>2025-01-17T10:24:21Z</time>
        <extensions>
          <gpxtpx:TrackPointExtension>
            <gpxtpx:hr>128</gpxtpx:hr>
          </gpxtpx:TrackPointExtension>
        </extensions>
      </trkpt>
      <trkpt lat="36.02820045435427" lon="119.40535995440857">
        <ele>60.68615117948502</ele>
        <time>2025-01-17T10:24:22Z</time>
        <extensions>
          <gpxtpx:TrackPointExtension>
            <gpxtpx:hr>128</gpxtpx:hr>
          </gpxtpx:TrackPointExtension>
        </extensions>
      </trkpt>
      <trkpt lat="36.02822022987806" lon="119.40533162821784">
        <ele>60.756592645309865</ele>
        <time>2025-01-17T10:24:23Z</time>
        <extensions>
          <gpxtpx:TrackPointExtension>
            <gpxtpx:hr>134</gpxtpx:hr>
          </gpxtpx:TrackPointExtension>
        </extensions>
      </trkpt>
      <trkpt lat="36.028239534485124" lon="119.40530393567515">
        <ele>60.78650723211467</ele>
        <time>2025-01-17T10:24:24Z</time>
        <extensions>
          <gpxtpx:TrackPointExtension>
            <gpxtpx:hr>134</gpxtpx:hr>
          </gpxtpx:TrackPointExtension>
        </extensions>
      </trkpt>
      <trkpt lat="36.02825916491064" lon="119.40527578547338">
        <ele>60.79147047083825</ele>
        <time>2025-01-17T10:24:25Z</time>
        <extensions>
          <gpxtpx:TrackPointExtension>
            <gpxtpx:hr>134</gpxtpx:hr>
          </gpxtpx:TrackPointExtension>
        </extensions>
      </trkpt>
      <trkpt lat="36.028279335728804" lon="119.40524776189038">
        <ele>60.788285445421934</ele>
        <time>2025-01-17T10:24:26Z</time>
        <extensions>
          <gpxtpx:TrackPointExtension>
            <gpxtpx:hr>134</gpxtpx:hr>
          </gpxtpx:TrackPointExtension>
        </extensions>
      </trkpt>
      <trkpt lat="36.02829978514147" lon="119.40522031407762">
        <ele>60.78265773318708</ele>
        <time>2025-01-17T10:24:27Z</time>
        <extensions>
          <gpxtpx:TrackPointExtension>
            <gpxtpx:hr>134</gpxtpx:hr>
          </gpxtpx:TrackPointExtension>
        </extensions>
      </trkpt>
      <trkpt lat="36.028320455570544" lon="119.40519289916222">
        <ele>60.76231634989381</ele>
        <time>2025-01-17T10:24:28Z</time>
        <extensions>
          <gpxtpx:TrackPointExtension>
            <gpxtpx:hr>134</gpxtpx:hr>
          </gpxtpx:TrackPointExtension>
        </extensions>
      </trkpt>
      <trkpt lat="36.02834076599187" lon="119.40516640994473">
        <ele>60.735926043242216</ele>
        <time>2025-01-17T10:24:29Z</time>
        <extensions>
          <gpxtpx:TrackPointExtension>
            <gpxtpx:hr>134</gpxtpx:hr>
          </gpxtpx:TrackPointExtension>
        </extensions>
      </trkpt>
      <trkpt lat="36.028360389295" lon="119.40514070070388">
        <ele>60.70305468514562</ele>
        <time>2025-01-17T10:24:30Z</time>
        <extensions>
          <gpxtpx:TrackPointExtension>
            <gpxtpx:hr>141</gpxtpx:hr>
          </gpxtpx:TrackPointExtension>
        </extensions>
      </trkpt>
      <trkpt lat="36.02837917168115" lon="119.40511484439303">
        <ele>60.66056412085891</ele>
        <time>2025-01-17T10:24:31Z</time>
        <extensions>
          <gpxtpx:TrackPointExtension>
            <gpxtpx:hr>141</gpxtpx:hr>
          </gpxtpx:TrackPointExtension>
        </extensions>
      </trkpt>
      <trkpt lat="36.02839635823062" lon="119.40508925694799">
        <ele>60.60038919746876</ele>
        <time>2025-01-17T10:24:32Z</time>
        <extensions>
          <gpxtpx:TrackPointExtension>
            <gpxtpx:hr>141</gpxtpx:hr>
          </gpxtpx:TrackPointExtension>
        </extensions>
      </trkpt>
      <trkpt lat="36.028411604298896" lon="119.40506388891207">
        <ele>60.53605005610734</ele>
        <time>2025-01-17T10:24:33Z</time>
        <extensions>
          <gpxtpx:TrackPointExtension>
            <gpxtpx:hr>141</gpxtpx:hr>
          </gpxtpx:TrackPointExtension>
        </extensions>
      </trkpt>
      <trkpt lat="36.02842570396264" lon="119.4050378380769">
        <ele>60.47728172130883</ele>
        <time>2025-01-17T10:24:34Z</time>
        <extensions>
          <gpxtpx:TrackPointExtension>
            <gpxtpx:hr>141</gpxtpx:hr>
          </gpxtpx:TrackPointExtension>
        </extensions>
      </trkpt>
      <trkpt lat="36.02843928605399" lon="119.4050115964091">
        <ele>60.416596066206694</ele>
        <time>2025-01-17T10:24:35Z</time>
        <extensions>
          <gpxtpx:TrackPointExtension>
            <gpxtpx:hr>141</gpxtpx:hr>
          </gpxtpx:TrackPointExtension>
        </extensions>
      </trkpt>
      <trkpt lat="36.02845215461303" lon="119.40498543499642">
        <ele>60.334969114512205</ele>
        <time>2025-01-17T10:24:36Z</time>
        <extensions>
          <gpxtpx:TrackPointExtension>
            <gpxtpx:hr>142</gpxtpx:hr>
          </gpxtpx:TrackPointExtension>
        </extensions>
      </trkpt>
      <trkpt lat="36.028463440987416" lon="119.4049610057447">
        <ele>60.254412970505655</ele>
        <time>2025-01-17T10:24:37Z</time>
        <extensions>
          <gpxtpx:TrackPointExtension>
            <gpxtpx:hr>142</gpxtpx:hr>
          </gpxtpx:TrackPointExtension>
        </extensions>
      </trkpt>
      <trkpt lat="36.028471576633144" lon="119.40494150911444">
        <ele>60.1925764484331</ele>
        <time>2025-01-17T10:24:38Z</time>
        <extensions>
          <gpxtpx:TrackPointExtension>
            <gpxtpx:hr>142</gpxtpx:hr>
          </gpxtpx:TrackPointExtension>
        </extensions>
      </trkpt>
      <trkpt lat="36.02847680818123" lon="119.40492790841982">
        <ele>60.121354864910245</ele>
        <time>2025-01-17T10:24:39Z</time>
        <extensions>
          <gpxtpx:TrackPointExtension>
            <gpxtpx:hr>142</gpxtpx:hr>
          </gpxtpx:TrackPointExtension>
        </extensions>
      </trkpt>
      <trkpt lat="36.02848161825121" lon="119.40491853591277">
        <ele>60.03893223684281</ele>
        <time>2025-01-17T10:24:40Z</time>
        <extensions>
          <gpxtpx:TrackPointExtension>
            <gpxtpx:hr>142</gpxtpx:hr>
          </gpxtpx:TrackPointExtension>
        </extensions>
      </trkpt>
      <trkpt lat="36.02848717579095" lon="119.40491004697743">
        <ele>59.959277648478746</ele>
        <time>2025-01-17T10:24:41Z</time>
        <extensions>
          <gpxtpx:TrackPointExtension>
            <gpxtpx:hr>147</gpxtpx:hr>
          </gpxtpx:TrackPointExtension>
        </extensions>
      </trkpt>
      <trkpt lat="36.02849365435915" lon="119.40490042413082">
        <ele>59.87668260000646</ele>
        <time>2025-01-17T10:24:42Z</time>
        <extensions>
          <gpxtpx:TrackPointExtension>
            <gpxtpx:hr>147</gpxtpx:hr>
          </gpxtpx:TrackPointExtension>
        </extensions>
      </trkpt>
      <trkpt lat="36.028501512552225" lon="119.40488934427945">
        <ele>59.8084338856861</ele>
        <time>2025-01-17T10:24:43Z</time>
        <extensions>
          <gpxtpx:TrackPointExtension>
            <gpxtpx:hr>147</gpxtpx:hr>
          </gpxtpx:TrackPointExtension>
        </extensions>
      </trkpt>
      <trkpt lat="36.02851006807053" lon="119.40487671888819">
        <ele>59.73819723073393</ele>
        <time>2025-01-17T10:24:44Z</time>
        <extensions>
          <gpxtpx:TrackPointExtension>
            <gpxtpx:hr>147</gpxtpx:hr>
          </gpxtpx:TrackPointExtension>
        </extensions>
      </trkpt>
      <trkpt lat="36.02851810470611" lon="119.40486328621729">
        <ele>59.66202804353088</ele>
        <time>2025-01-17T10:24:45Z</time>
        <extensions>
          <gpxtpx:TrackPointExtension>
            <gpxtpx:hr>147</gpxtpx:hr>
          </gpxtpx:TrackPointExtension>
        </extensions>
      </trkpt>
      <trkpt lat="36.02852544369387" lon="119.40484995723025">
        <ele>59.56768826767802</ele>
        <time>2025-01-17T10:24:46Z</time>
        <extensions>
          <gpxtpx:TrackPointExtension>
            <gpxtpx:hr>147</gpxtpx:hr>
          </gpxtpx:TrackPointExtension>
        </extensions>
      </trkpt>
      <trkpt lat="36.028532393060715" lon="119.40483680770987">
        <ele>59.502224083058536</ele>
        <time>2025-01-17T10:24:47Z</time>
        <extensions>
          <gpxtpx:TrackPointExtension>
            <gpxtpx:hr>151</gpxtpx:hr>
          </gpxtpx:TrackPointExtension>
        </extensions>
      </trkpt>
      <trkpt lat="36.02853936325772" lon="119.40482323745388">
        <ele>59.46049828175455</ele>
        <time>2025-01-17T10:24:48Z</time>
        <extensions>
          <gpxtpx:TrackPointExtension>
            <gpxtpx:hr>151</gpxtpx:hr>
          </gpxtpx:TrackPointExtension>
        </extensions>
      </trkpt>
      <trkpt lat="36.02854663111654" lon="119.40480886135856">
        <ele>59.46280867327005</ele>
        <time>2025-01-17T10:24:49Z</time>
        <extensions>
          <gpxtpx:TrackPointExtension>
            <gpxtpx:hr>151</gpxtpx:hr>
          </gpxtpx:TrackPointExtension>
        </extensions>
      </trkpt>
      <trkpt lat="36.02855412713858" lon="119.40479432418232">
        <ele>59.460888935253024</ele>
        <time>2025-01-17T10:24:50Z</time>
        <extensions>
          <gpxtpx:TrackPointExtension>
            <gpxtpx:hr>151</gpxtpx:hr>
          </gpxtpx:TrackPointExtension>
        </extensions>
      </trkpt>
      <trkpt lat="36.02856198403359" lon="119.40478055897704">
        <ele>59.46263209171593</ele>
        <time>2025-01-17T10:24:51Z</time>
        <extensions>
          <gpxtpx:TrackPointExtension>
            <gpxtpx:hr>151</gpxtpx:hr>
          </gpxtpx:TrackPointExtension>
        </extensions>
      </trkpt>
      <trkpt lat="36.028570380183446" lon="119.40476802370912">
        <ele>59.48836277704686</ele>
        <time>2025-01-17T10:24:52Z</time>
        <extensions>
          <gpxtpx:TrackPointExtension>
            <gpxtpx:hr>151</gpxtpx:hr>
          </gpxtpx:TrackPointExtension>
        </extensions>
      </trkpt>
      <trkpt lat="36.0285795713763" lon="119.40475680876408">
        <ele>59.51181689836085</ele>
        <time>2025-01-17T10:24:53Z</time>
        <extensions>
          <gpxtpx:TrackPointExtension>
            <gpxtpx:hr>151</gpxtpx:hr>
          </gpxtpx:TrackPointExtension>
        </extensions>
      </trkpt>
      <trkpt lat="36.028590180684475" lon="119.40474848675187">
        <ele>59.552811614237726</ele>
        <time>2025-01-17T10:24:54Z</time>
        <extensions>
          <gpxtpx:TrackPointExtension>
            <gpxtpx:hr>151</gpxtpx:hr>
          </gpxtpx:TrackPointExtension>
        </extensions>
      </trkpt>
      <trkpt lat="36.02860194904798" lon="119.40474561235378">
        <ele>59.60331600345671</ele>
        <time>2025-01-17T10:24:55Z</time>
        <extensions>
          <gpxtpx:TrackPointExtension>
            <gpxtpx:hr>150</gpxtpx:hr>
          </gpxtpx:TrackPointExtension>
        </extensions>
      </trkpt>
      <trkpt lat="36.02861371105994" lon="119.40474825243767">
        <ele>59.65595671068877</ele>
        <time>2025-01-17T10:24:56Z</time>
        <extensions>
          <gpxtpx:TrackPointExtension>
            <gpxtpx:hr>150</gpxtpx:hr>
          </gpxtpx:TrackPointExtension>
        </extensions>
      </trkpt>
      <trkpt lat="36.02862421051796" lon="119.40475497925625">
        <ele>59.71924331970513</ele>
        <time>2025-01-17T10:24:57Z</time>
        <extensions>
          <gpxtpx:TrackPointExtension>
            <gpxtpx:hr>150</gpxtpx:hr>
          </gpxtpx:TrackPointExtension>
        </extensions>
      </trkpt>
      <trkpt lat="36.02863327511068" lon="119.40476541542287">
        <ele>59.77657485194504</ele>
        <time>2025-01-17T10:24:58Z</time>
        <extensions>
          <gpxtpx:TrackPointExtension>
            <gpxtpx:hr>147</gpxtpx:hr>
          </gpxtpx:TrackPointExtension>
        </extensions>
      </trkpt>
      <trkpt lat="36.028641434402964" lon="119.40477848193326">
        <ele>59.83631103672087</ele>
        <time>2025-01-17T10:24:59Z</time>
        <extensions>
          <gpxtpx:TrackPointExtension>
            <gpxtpx:hr>147</gpxtpx:hr>
          </gpxtpx:TrackPointExtension>
        </extensions>
      </trkpt>
      <trkpt lat="36.02864910540436" lon="119.40479241821603">
        <ele>59.896842633374035</ele>
        <time>2025-01-17T10:25:00Z</time>
        <extensions>
          <gpxtpx:TrackPointExtension>
            <gpxtpx:hr>147</gpxtpx:hr>
          </gpxtpx:TrackPointExtension>
        </extensions>
      </trkpt>
      <trkpt lat="36.02865625259517" lon="119.40480725679694">
        <ele>59.95564032718539</ele>
        <time>2025-01-17T10:25:01Z</time>
        <extensions>
          <gpxtpx:TrackPointExtension>
            <gpxtpx:hr>147</gpxtpx:hr>
          </gpxtpx:TrackPointExtension>
        </extensions>
      </trkpt>
      <trkpt lat="36.02866181810847" lon="119.40482395854623">
        <ele>59.989590087905526</ele>
        <time>2025-01-17T10:25:02Z</time>
        <extensions>
          <gpxtpx:TrackPointExtension>
            <gpxtpx:hr>147</gpxtpx:hr>
          </gpxtpx:TrackPointExtension>
        </extensions>
      </trkpt>
      <trkpt lat="36.02866453346399" lon="119.40484268762698">
        <ele>60.02346398681402</ele>
        <time>2025-01-17T10:25:03Z</time>
        <extensions>
          <gpxtpx:TrackPointExtension>
            <gpxtpx:hr>147</gpxtpx:hr>
          </gpxtpx:TrackPointExtension>
        </extensions>
      </trkpt>
      <trkpt lat="36.02866324371328" lon="119.40486272647928">
        <ele>60.056473990902305</ele>
        <time>2025-01-17T10:25:04Z</time>
        <extensions>
          <gpxtpx:TrackPointExtension>
            <gpxtpx:hr>150</gpxtpx:hr>
          </gpxtpx:TrackPointExtension>
        </extensions>
      </trkpt>
      <trkpt lat="36.02865826535422" lon="119.40488171482977">
        <ele>60.099829567596316</ele>
        <time>2025-01-17T10:25:05Z</time>
        <extensions>
          <gpxtpx:TrackPointExtension>
            <gpxtpx:hr>150</gpxtpx:hr>
          </gpxtpx:TrackPointExtension>
        </extensions>
      </trkpt>
      <trkpt lat="36.02865112878067" lon="119.40489800779753">
        <ele>60.140728059224784</ele>
        <time>2025-01-17T10:25:06Z</time>
        <extensions>
          <gpxtpx:TrackPointExtension>
            <gpxtpx:hr>150</gpxtpx:hr>
          </gpxtpx:TrackPointExtension>
        </extensions>
      </trkpt>
      <trkpt lat="36.028642768058454" lon="119.404912718064">
        <ele>60.17561688274145</ele>
        <time>2025-01-17T10:25:07Z</time>
        <extensions>
          <gpxtpx:TrackPointExtension>
            <gpxtpx:hr>150</gpxtpx:hr>
          </gpxtpx:TrackPointExtension>
        </extensions>
      </trkpt>
      <trkpt lat="36.02863424797868" lon="119.40492682169672">
        <ele>60.19788835197687</ele>
        <time>2025-01-17T10:25:08Z</time>
        <extensions>
          <gpxtpx:TrackPointExtension>
            <gpxtpx:hr>150</gpxtpx:hr>
          </gpxtpx:TrackPointExtension>
        </extensions>
      </trkpt>
      <trkpt lat="36.028626919436405" lon="119.404940961113">
        <ele>60.20108367037028</ele>
        <time>2025-01-17T10:25:09Z</time>
        <extensions>
          <gpxtpx:TrackPointExtension>
            <gpxtpx:hr>150</gpxtpx:hr>
          </gpxtpx:TrackPointExtension>
        </extensions>
      </trkpt>
      <trkpt lat="36.02862079469555" lon="119.40495566807705">
        <ele>60.218105440959334</ele>
        <time>2025-01-17T10:25:10Z</time>
        <extensions>
          <gpxtpx:TrackPointExtension>
            <gpxtpx:hr>148</gpxtpx:hr>
          </gpxtpx:TrackPointExtension>
        </extensions>
      </trkpt>
      <trkpt lat="36.028615114879635" lon="119.40497080703292">
        <ele>60.227526349015534</ele>
        <time>2025-01-17T10:25:11Z</time>
        <extensions>
          <gpxtpx:TrackPointExtension>
            <gpxtpx:hr>148</gpxtpx:hr>
          </gpxtpx:TrackPointExtension>
        </extensions>
      </trkpt>
      <trkpt lat="36.02860949965791" lon="119.40498552217349">
        <ele>60.234886549413204</ele>
        <time>2025-01-17T10:25:12Z</time>
        <extensions>
          <gpxtpx:TrackPointExtension>
            <gpxtpx:hr>148</gpxtpx:hr>
          </gpxtpx:TrackPointExtension>
        </extensions>
      </trkpt>
      <trkpt lat="36.02860396980203" lon="119.40499888467845">
        <ele>60.238969567231834</ele>
        <time>2025-01-17T10:25:13Z</time>
        <extensions>
          <gpxtpx:TrackPointExtension>
            <gpxtpx:hr>148</gpxtpx:hr>
          </gpxtpx:TrackPointExtension>
        </extensions>
      </trkpt>
      <trkpt lat="36.0285985539141" lon="119.40501184046329">
        <ele>60.23872782010585</ele>
        <time>2025-01-17T10:25:14Z</time>
        <extensions>
          <gpxtpx:TrackPointExtension>
            <gpxtpx:hr>148</gpxtpx:hr>
          </gpxtpx:TrackPointExtension>
        </extensions>
      </trkpt>
      <trkpt lat="36.028592860848235" lon="119.40502611220825">
        <ele>60.23687517363578</ele>
        <time>2025-01-17T10:25:15Z</time>
        <extensions>
          <gpxtpx:TrackPointExtension>
            <gpxtpx:hr>138</gpxtpx:hr>
          </gpxtpx:TrackPointExtension>
        </extensions>
      </trkpt>
      <trkpt lat="36.028586294060474" lon="119.40504149192792">
        <ele>60.23236005846411</ele>
        <time>2025-01-17T10:25:16Z</time>
        <extensions>
          <gpxtpx:TrackPointExtension>
            <gpxtpx:hr>138</gpxtpx:hr>
          </gpxtpx:TrackPointExtension>
        </extensions>
      </trkpt>
      <trkpt lat="36.02857875497713" lon="119.4050570960203">
        <ele>60.23583205975592</ele>
        <time>2025-01-17T10:25:17Z</time>
        <extensions>
          <gpxtpx:TrackPointExtension>
            <gpxtpx:hr>138</gpxtpx:hr>
          </gpxtpx:TrackPointExtension>
        </extensions>
      </trkpt>
      <trkpt lat="36.02857071686617" lon="119.4050720399795">
        <ele>60.23909799568355</ele>
        <time>2025-01-17T10:25:18Z</time>
        <extensions>
          <gpxtpx:TrackPointExtension>
            <gpxtpx:hr>138</gpxtpx:hr>
          </gpxtpx:TrackPointExtension>
        </extensions>
      </trkpt>
      <trkpt lat="36.02856245785876" lon="119.40508651770176">
        <ele>60.241706936620176</ele>
        <time>2025-01-17T10:25:19Z</time>
        <extensions>
          <gpxtpx:TrackPointExtension>
            <gpxtpx:hr>138</gpxtpx:hr>
          </gpxtpx:TrackPointExtension>
        </extensions>
      </trkpt>
      <trkpt lat="36.02855433613935" lon="119.40510146661018">
        <ele>60.2566896667704</ele>
        <time>2025-01-17T10:25:20Z</time>
        <extensions>
          <gpxtpx:TrackPointExtension>
            <gpxtpx:hr>138</gpxtpx:hr>
          </gpxtpx:TrackPointExtension>
        </extensions>
      </trkpt>
      <trkpt lat="36.02854616877599" lon="119.4051165449074">
        <ele>60.27678765915334</ele>
        <time>2025-01-17T10:25:21Z</time>
        <extensions>
          <gpxtpx:TrackPointExtension>
            <gpxtpx:hr>138</gpxtpx:hr>
          </gpxtpx:TrackPointExtension>
        </extensions>
      </trkpt>
      <trkpt lat="36.02853798930415" lon="119.40513106364608">
        <ele>60.30073404032737</ele>
        <time>2025-01-17T10:25:22Z</time>
        <extensions>
          <gpxtpx:TrackPointExtension>
            <gpxtpx:hr>134</gpxtpx:hr>
          </gpxtpx:TrackPointExtension>
        </extensions>
      </trkpt>
      <trkpt lat="36.028530342312024" lon="119.40514511909264">
        <ele>60.328132384456694</ele>
        <time>2025-01-17T10:25:23Z</time>
        <extensions>
          <gpxtpx:TrackPointExtension>
            <gpxtpx:hr>134</gpxtpx:hr>
          </gpxtpx:TrackPointExtension>
        </extensions>
      </trkpt>
      <trkpt lat="36.028523008843344" lon="119.40515882015194">
        <ele>60.34820747189224</ele>
        <time>2025-01-17T10:25:24Z</time>
        <extensions>
          <gpxtpx:TrackPointExtension>
            <gpxtpx:hr>134</gpxtpx:hr>
          </gpxtpx:TrackPointExtension>
        </extensions>
      </trkpt>
      <trkpt lat="36.028516344908745" lon="119.40517195570185">
        <ele>60.350866564549506</ele>
        <time>2025-01-17T10:25:25Z</time>
        <extensions>
          <gpxtpx:TrackPointExtension>
            <gpxtpx:hr>133</gpxtpx:hr>
          </gpxtpx:TrackPointExtension>
        </extensions>
      </trkpt>
      <trkpt lat="36.028510576741745" lon="119.4051848889012">
        <ele>60.36795144993812</ele>
        <time>2025-01-17T10:25:26Z</time>
        <extensions>
          <gpxtpx:TrackPointExtension>
            <gpxtpx:hr>133</gpxtpx:hr>
          </gpxtpx:TrackPointExtension>
        </extensions>
      </trkpt>
      <trkpt lat="36.02850497336548" lon="119.40519852913505">
        <ele>60.40225933212787</ele>
        <time>2025-01-17T10:25:27Z</time>
        <extensions>
          <gpxtpx:TrackPointExtension>
            <gpxtpx:hr>133</gpxtpx:hr>
          </gpxtpx:TrackPointExtension>
        </extensions>
      </trkpt>
      <trkpt lat="36.02849877679426" lon="119.40521295669403">
        <ele>60.40273181255907</ele>
        <time>2025-01-17T10:25:28Z</time>
        <extensions>
          <gpxtpx:TrackPointExtension>
            <gpxtpx:hr>128</gpxtpx:hr>
          </gpxtpx:TrackPointExtension>
        </extensions>
      </trkpt>
      <trkpt lat="36.02849158816368" lon="119.40522719567097">
        <ele>60.39751317538321</ele>
        <time>2025-01-17T10:25:29Z</time>
        <extensions>
          <gpxtpx:TrackPointExtension>
            <gpxtpx:hr>128</gpxtpx:hr>
          </gpxtpx:TrackPointExtension>
        </extensions>
      </trkpt>
      <trkpt lat="36.02848324328095" lon="119.40524046927928">
        <ele>60.40774844586849</ele>
        <time>2025-01-17T10:25:30Z</time>
        <extensions>
          <gpxtpx:TrackPointExtension>
            <gpxtpx:hr>128</gpxtpx:hr>
          </gpxtpx:TrackPointExtension>
        </extensions>
      </trkpt>
      <trkpt lat="36.02847393035629" lon="119.40525309593527">
        <ele>60.40414474718273</ele>
        <time>2025-01-17T10:25:31Z</time>
        <extensions>
          <gpxtpx:TrackPointExtension>
            <gpxtpx:hr>128</gpxtpx:hr>
          </gpxtpx:TrackPointExtension>
        </extensions>
      </trkpt>
      <trkpt lat="36.02846402660386" lon="119.40526619958652">
        <ele>60.40923041291535</ele>
        <time>2025-01-17T10:25:32Z</time>
        <extensions>
          <gpxtpx:TrackPointExtension>
            <gpxtpx:hr>128</gpxtpx:hr>
          </gpxtpx:TrackPointExtension>
        </extensions>
      </trkpt>
      <trkpt lat="36.028454196408816" lon="119.40527964037418">
        <ele>60.41313503496349</ele>
        <time>2025-01-17T10:25:33Z</time>
        <extensions>
          <gpxtpx:TrackPointExtension>
            <gpxtpx:hr>124</gpxtpx:hr>
          </gpxtpx:TrackPointExtension>
        </extensions>
      </trkpt>
      <trkpt lat="36.02844446702216" lon="119.40529395278367">
        <ele>60.45903087873012</ele>
        <time>2025-01-17T10:25:34Z</time>
        <extensions>
          <gpxtpx:TrackPointExtension>
            <gpxtpx:hr>124</gpxtpx:hr>
          </gpxtpx:TrackPointExtension>
        </extensions>
      </trkpt>
      <trkpt lat="36.02843455425611" lon="119.40530939615049">
        <ele>60.47442184295505</ele>
        <time>2025-01-17T10:25:35Z</time>
        <extensions>
          <gpxtpx:TrackPointExtension>
            <gpxtpx:hr>124</gpxtpx:hr>
          </gpxtpx:TrackPointExtension>
        </extensions>
      </trkpt>
      <trkpt lat="36.028423732039066" lon="119.40532608840788">
        <ele>60.464318432845175</ele>
        <time>2025-01-17T10:25:36Z</time>
        <extensions>
          <gpxtpx:TrackPointExtension>
            <gpxtpx:hr>124</gpxtpx:hr>
          </gpxtpx:TrackPointExtension>
        </extensions>
      </trkpt>
      <trkpt lat="36.02841218695178" lon="119.40534321889416">
        <ele>60.498976786620915</ele>
        <time>2025-01-17T10:25:37Z</time>
        <extensions>
          <gpxtpx:TrackPointExtension>
            <gpxtpx:hr>124</gpxtpx:hr>
          </gpxtpx:TrackPointExtension>
        </extensions>
      </trkpt>
      <trkpt lat="36.028400249751584" lon="119.4053606489543">
        <ele>60.47560101747513</ele>
        <time>2025-01-17T10:25:38Z</time>
        <extensions>
          <gpxtpx:TrackPointExtension>
            <gpxtpx:hr>121</gpxtpx:hr>
          </gpxtpx:TrackPointExtension>
        </extensions>
      </trkpt>
      <trkpt lat="36.02838768091939" lon="119.40537834369037">
        <ele>60.47892973292619</ele>
        <time>2025-01-17T10:25:39Z</time>
        <extensions>
          <gpxtpx:TrackPointExtension>
            <gpxtpx:hr>121</gpxtpx:hr>
          </gpxtpx:TrackPointExtension>
        </extensions>
      </trkpt>
      <trkpt lat="36.02837438692689" lon="119.40539685118691">
        <ele>60.489805416204035</ele>
        <time>2025-01-17T10:25:40Z</time>
        <extensions>
          <gpxtpx:TrackPointExtension>
            <gpxtpx:hr>121</gpxtpx:hr>
          </gpxtpx:TrackPointExtension>
        </extensions>
      </trkpt>
      <trkpt lat="36.028359063958455" lon="119.40541839093012">
        <ele>60.447657751850784</ele>
        <time>2025-01-17T10:25:41Z</time>
        <extensions>
          <gpxtpx:TrackPointExtension>
            <gpxtpx:hr>121</gpxtpx:hr>
          </gpxtpx:TrackPointExtension>
        </extensions>
      </trkpt>
      <trkpt lat="36.0283374469359" lon="119.4054478680093">
        <ele>60.3961370550096</ele>
        <time>2025-01-17T10:25:42Z</time>
        <extensions>
          <gpxtpx:TrackPointExtension>
            <gpxtpx:hr>121</gpxtpx:hr>
          </gpxtpx:TrackPointExtension>
        </extensions>
      </trkpt>
      <trkpt lat="36.02831038083275" lon="119.40548386168715">
        <ele>60.337755464948714</ele>
        <time>2025-01-17T10:25:43Z</time>
        <extensions>
          <gpxtpx:TrackPointExtension>
            <gpxtpx:hr>121</gpxtpx:hr>
          </gpxtpx:TrackPointExtension>
        </extensions>
      </trkpt>
      <trkpt lat="36.0282831794078" lon="119.40551973655973">
        <ele>60.30329403374344</ele>
        <time>2025-01-17T10:25:44Z</time>
        <extensions>
          <gpxtpx:TrackPointExtension>
            <gpxtpx:hr>132</gpxtpx:hr>
          </gpxtpx:TrackPointExtension>
        </extensions>
      </trkpt>
      <trkpt lat="36.02825745103419" lon="119.40555429077536">
        <ele>60.259977761656046</ele>
        <time>2025-01-17T10:25:45Z</time>
        <extensions>
          <gpxtpx:TrackPointExtension>
            <gpxtpx:hr>132</gpxtpx:hr>
          </gpxtpx:TrackPointExtension>
        </extensions>
      </trkpt>
      <trkpt lat="36.02823417273172" lon="119.40558699175799">
        <ele>60.20122055429965</ele>
        <time>2025-01-17T10:25:46Z</time>
        <extensions>
          <gpxtpx:TrackPointExtension>
            <gpxtpx:hr>132</gpxtpx:hr>
          </gpxtpx:TrackPointExtension>
        </extensions>
      </trkpt>
      <trkpt lat="36.02821291608074" lon="119.40561910340763">
        <ele>60.144242603331804</ele>
        <time>2025-01-17T10:25:47Z</time>
        <extensions>
          <gpxtpx:TrackPointExtension>
            <gpxtpx:hr>132</gpxtpx:hr>
          </gpxtpx:TrackPointExtension>
        </extensions>
      </trkpt>
      <trkpt lat="36.028191864527535" lon="119.40565105121318">
        <ele>60.085153576917946</ele>
        <time>2025-01-17T10:25:48Z</time>
        <extensions>
          <gpxtpx:TrackPointExtension>
            <gpxtpx:hr>132</gpxtpx:hr>
          </gpxtpx:TrackPointExtension>
        </extensions>
      </trkpt>
      <trkpt lat="36.02817067610961" lon="119.40568164404748">
        <ele>60.02639272902161</ele>
        <time>2025-01-17T10:25:49Z</time>
        <extensions>
          <gpxtpx:TrackPointExtension>
            <gpxtpx:hr>136</gpxtpx:hr>
          </gpxtpx:TrackPointExtension>
        </extensions>
      </trkpt>
      <trkpt lat="36.02814966244157" lon="119.40571180728966">
        <ele>59.97892462927848</ele>
        <time>2025-01-17T10:25:50Z</time>
        <extensions>
          <gpxtpx:TrackPointExtension>
            <gpxtpx:hr>136</gpxtpx:hr>
          </gpxtpx:TrackPointExtension>
        </extensions>
      </trkpt>
      <trkpt lat="36.028128898183226" lon="119.40574173389442">
        <ele>59.92194776888937</ele>
        <time>2025-01-17T10:25:51Z</time>
        <extensions>
          <gpxtpx:TrackPointExtension>
            <gpxtpx:hr>136</gpxtpx:hr>
          </gpxtpx:TrackPointExtension>
        </extensions>
      </trkpt>
      <trkpt lat="36.02810909578637" lon="119.40577118213002">
        <ele>59.86236270144582</ele>
        <time>2025-01-17T10:25:52Z</time>
        <extensions>
          <gpxtpx:TrackPointExtension>
            <gpxtpx:hr>136</gpxtpx:hr>
          </gpxtpx:TrackPointExtension>
        </extensions>
      </trkpt>
      <trkpt lat="36.02809017717895" lon="119.40580154064548">
        <ele>59.83224361296743</ele>
        <time>2025-01-17T10:25:53Z</time>
        <extensions>
          <gpxtpx:TrackPointExtension>
            <gpxtpx:hr>136</gpxtpx:hr>
          </gpxtpx:TrackPointExtension>
        </extensions>
      </trkpt>
      <trkpt lat="36.028072099061845" lon="119.40583251620946">
        <ele>59.78852059133351</ele>
        <time>2025-01-17T10:25:54Z</time>
        <extensions>
          <gpxtpx:TrackPointExtension>
            <gpxtpx:hr>136</gpxtpx:hr>
          </gpxtpx:TrackPointExtension>
        </extensions>
      </trkpt>
      <trkpt lat="36.028055114358295" lon="119.40586335486547">
        <ele>59.7659070212394</ele>
        <time>2025-01-17T10:25:55Z</time>
        <extensions>
          <gpxtpx:TrackPointExtension>
            <gpxtpx:hr>143</gpxtpx:hr>
          </gpxtpx:TrackPointExtension>
        </extensions>
      </trkpt>
      <trkpt lat="36.02803931468568" lon="119.40589494539698">
        <ele>59.72066115029156</ele>
        <time>2025-01-17T10:25:56Z</time>
        <extensions>
          <gpxtpx:TrackPointExtension>
            <gpxtpx:hr>143</gpxtpx:hr>
          </gpxtpx:TrackPointExtension>
        </extensions>
      </trkpt>
      <trkpt lat="36.02802521648204" lon="119.40592718405534">
        <ele>59.69551458209753</ele>
        <time>2025-01-17T10:25:57Z</time>
        <extensions>
          <gpxtpx:TrackPointExtension>
            <gpxtpx:hr>143</gpxtpx:hr>
          </gpxtpx:TrackPointExtension>
        </extensions>
      </trkpt>
      <trkpt lat="36.02801255193364" lon="119.40596006506826">
        <ele>59.67289909161627</ele>
        <time>2025-01-17T10:25:58Z</time>
        <extensions>
          <gpxtpx:TrackPointExtension>
            <gpxtpx:hr>143</gpxtpx:hr>
          </gpxtpx:TrackPointExtension>
        </extensions>
      </trkpt>
      <trkpt lat="36.028000692064694" lon="119.40599456051146">
        <ele>59.65726120490581</ele>
        <time>2025-01-17T10:25:59Z</time>
        <extensions>
          <gpxtpx:TrackPointExtension>
            <gpxtpx:hr>143</gpxtpx:hr>
          </gpxtpx:TrackPointExtension>
        </extensions>
      </trkpt>
      <trkpt lat="36.02798964752033" lon="119.40602972968676">
        <ele>59.639227465726435</ele>
        <time>2025-01-17T10:26:00Z</time>
        <extensions>
          <gpxtpx:TrackPointExtension>
            <gpxtpx:hr>144</gpxtpx:hr>
          </gpxtpx:TrackPointExtension>
        </extensions>
      </trkpt>
      <trkpt lat="36.02797892732633" lon="119.40606466495667">
        <ele>59.60979801323265</ele>
        <time>2025-01-17T10:26:01Z</time>
        <extensions>
          <gpxtpx:TrackPointExtension>
            <gpxtpx:hr>144</gpxtpx:hr>
          </gpxtpx:TrackPointExtension>
        </extensions>
      </trkpt>
      <trkpt lat="36.02796750069429" lon="119.40610071616476">
        <ele>59.57480421755463</ele>
        <time>2025-01-17T10:26:02Z</time>
        <extensions>
          <gpxtpx:TrackPointExtension>
            <gpxtpx:hr>144</gpxtpx:hr>
          </gpxtpx:TrackPointExtension>
        </extensions>
      </trkpt>
      <trkpt lat="36.027956170433306" lon="119.4061368794229">
        <ele>59.54770686198026</ele>
        <time>2025-01-17T10:26:03Z</time>
        <extensions>
          <gpxtpx:TrackPointExtension>
            <gpxtpx:hr>144</gpxtpx:hr>
          </gpxtpx:TrackPointExtension>
        </extensions>
      </trkpt>
      <trkpt lat="36.02794670624218" lon="119.40617146890115">
        <ele>59.55112685728818</ele>
        <time>2025-01-17T10:26:04Z</time>
        <extensions>
          <gpxtpx:TrackPointExtension>
            <gpxtpx:hr>148</gpxtpx:hr>
          </gpxtpx:TrackPointExtension>
        </extensions>
      </trkpt>
      <trkpt lat="36.02793973371733" lon="119.40620497381275">
        <ele>59.53251602873206</ele>
        <time>2025-01-17T10:26:05Z</time>
        <extensions>
          <gpxtpx:TrackPointExtension>
            <gpxtpx:hr>148</gpxtpx:hr>
          </gpxtpx:TrackPointExtension>
        </extensions>
      </trkpt>
      <trkpt lat="36.02793481870053" lon="119.40623675943097">
        <ele>59.517237764783204</ele>
        <time>2025-01-17T10:26:06Z</time>
        <extensions>
          <gpxtpx:TrackPointExtension>
            <gpxtpx:hr>148</gpxtpx:hr>
          </gpxtpx:TrackPointExtension>
        </extensions>
      </trkpt>
      <trkpt lat="36.02793092570939" lon="119.40626620628072">
        <ele>59.50526804011315</ele>
        <time>2025-01-17T10:26:07Z</time>
        <extensions>
          <gpxtpx:TrackPointExtension>
            <gpxtpx:hr>148</gpxtpx:hr>
          </gpxtpx:TrackPointExtension>
        </extensions>
      </trkpt>
      <trkpt lat="36.027927705802185" lon="119.40629314780288">
        <ele>59.47793435957283</ele>
        <time>2025-01-17T10:26:08Z</time>
        <extensions>
          <gpxtpx:TrackPointExtension>
            <gpxtpx:hr>148</gpxtpx:hr>
          </gpxtpx:TrackPointExtension>
        </extensions>
      </trkpt>
      <trkpt lat="36.02792574145069" lon="119.40631646683039">
        <ele>59.448157116770744</ele>
        <time>2025-01-17T10:26:09Z</time>
        <extensions>
          <gpxtpx:TrackPointExtension>
            <gpxtpx:hr>148</gpxtpx:hr>
          </gpxtpx:TrackPointExtension>
        </extensions>
      </trkpt>
      <trkpt lat="36.02792573636724" lon="119.40633492753417">
        <ele>59.415623906068504</ele>
        <time>2025-01-17T10:26:10Z</time>
        <extensions>
          <gpxtpx:TrackPointExtension>
            <gpxtpx:hr>148</gpxtpx:hr>
          </gpxtpx:TrackPointExtension>
        </extensions>
      </trkpt>
      <trkpt lat="36.02792766157764" lon="119.40634968392169">
        <ele>59.385802186094224</ele>
        <time>2025-01-17T10:26:11Z</time>
        <extensions>
          <gpxtpx:TrackPointExtension>
            <gpxtpx:hr>153</gpxtpx:hr>
          </gpxtpx:TrackPointExtension>
        </extensions>
      </trkpt>
      <trkpt lat="36.02793054591916" lon="119.4063631938091">
        <ele>59.352285428904</ele>
        <time>2025-01-17T10:26:12Z</time>
        <extensions>
          <gpxtpx:TrackPointExtension>
            <gpxtpx:hr>153</gpxtpx:hr>
          </gpxtpx:TrackPointExtension>
        </extensions>
      </trkpt>
      <trkpt lat="36.02793346586364" lon="119.40637675360009">
        <ele>59.31377241760492</ele>
        <time>2025-01-17T10:26:13Z</time>
        <extensions>
          <gpxtpx:TrackPointExtension>
            <gpxtpx:hr>153</gpxtpx:hr>
          </gpxtpx:TrackPointExtension>
        </extensions>
      </trkpt>
      <trkpt lat="36.027935462480485" lon="119.40639131610247">
        <ele>59.27357344608754</ele>
        <time>2025-01-17T10:26:14Z</time>
        <extensions>
          <gpxtpx:TrackPointExtension>
            <gpxtpx:hr>153</gpxtpx:hr>
          </gpxtpx:TrackPointExtension>
        </extensions>
      </trkpt>
      <trkpt lat="36.027936272193756" lon="119.40640638705477">
        <ele>59.23442129418254</ele>
        <time>2025-01-17T10:26:15Z</time>
        <extensions>
          <gpxtpx:TrackPointExtension>
            <gpxtpx:hr>153</gpxtpx:hr>
          </gpxtpx:TrackPointExtension>
        </extensions>
      </trkpt>
      <trkpt lat="36.02793633275741" lon="119.40641964544618">
        <ele>59.19946525990963</ele>
        <time>2025-01-17T10:26:16Z</time>
        <extensions>
          <gpxtpx:TrackPointExtension>
            <gpxtpx:hr>154</gpxtpx:hr>
          </gpxtpx:TrackPointExtension>
        </extensions>
      </trkpt>
      <trkpt lat="36.027935655322224" lon="119.4064318564979">
        <ele>59.16808854229748</ele>
        <time>2025-01-17T10:26:17Z</time>
        <extensions>
          <gpxtpx:TrackPointExtension>
            <gpxtpx:hr>154</gpxtpx:hr>
          </gpxtpx:TrackPointExtension>
        </extensions>
      </trkpt>
      <trkpt lat="36.0279348611909" lon="119.40644431691155">
        <ele>59.140917271375656</ele>
        <time>2025-01-17T10:26:18Z</time>
        <extensions>
          <gpxtpx:TrackPointExtension>
            <gpxtpx:hr>154</gpxtpx:hr>
          </gpxtpx:TrackPointExtension>
        </extensions>
      </trkpt>
      <trkpt lat="36.02793513034024" lon="119.40645713045602">
        <ele>59.1063428837806</ele>
        <time>2025-01-17T10:26:19Z</time>
        <extensions>
          <gpxtpx:TrackPointExtension>
            <gpxtpx:hr>154</gpxtpx:hr>
          </gpxtpx:TrackPointExtension>
        </extensions>
      </trkpt>
      <trkpt lat="36.0279364876582" lon="119.40647210900117">
        <ele>59.06734632328153</ele>
        <time>2025-01-17T10:26:20Z</time>
        <extensions>
          <gpxtpx:TrackPointExtension>
            <gpxtpx:hr>154</gpxtpx:hr>
          </gpxtpx:TrackPointExtension>
        </extensions>
      </trkpt>
      <trkpt lat="36.0279383410518" lon="119.40648794611816">
        <ele>59.02931317780167</ele>
        <time>2025-01-17T10:26:21Z</time>
        <extensions>
          <gpxtpx:TrackPointExtension>
            <gpxtpx:hr>153</gpxtpx:hr>
          </gpxtpx:TrackPointExtension>
        </extensions>
      </trkpt>
      <trkpt lat="36.02794061675314" lon="119.40650304880756">
        <ele>58.9893087875098</ele>
        <time>2025-01-17T10:26:22Z</time>
        <extensions>
          <gpxtpx:TrackPointExtension>
            <gpxtpx:hr>153</gpxtpx:hr>
          </gpxtpx:TrackPointExtension>
        </extensions>
      </trkpt>
      <trkpt lat="36.0279429088004" lon="119.40651746819314">
        <ele>58.944904275238514</ele>
        <time>2025-01-17T10:26:23Z</time>
        <extensions>
          <gpxtpx:TrackPointExtension>
            <gpxtpx:hr>153</gpxtpx:hr>
          </gpxtpx:TrackPointExtension>
        </extensions>
      </trkpt>
      <trkpt lat="36.02794465431938" lon="119.40653218163058">
        <ele>58.90739768836647</ele>
        <time>2025-01-17T10:26:24Z</time>
        <extensions>
          <gpxtpx:TrackPointExtension>
            <gpxtpx:hr>153</gpxtpx:hr>
          </gpxtpx:TrackPointExtension>
        </extensions>
      </trkpt>
      <trkpt lat="36.02794569925976" lon="119.4065482513868">
        <ele>58.89176466036588</ele>
        <time>2025-01-17T10:26:25Z</time>
        <extensions>
          <gpxtpx:TrackPointExtension>
            <gpxtpx:hr>155</gpxtpx:hr>
          </gpxtpx:TrackPointExtension>
        </extensions>
      </trkpt>
      <trkpt lat="36.02794653683637" lon="119.40656394358554">
        <ele>58.88119023106992</ele>
        <time>2025-01-17T10:26:26Z</time>
        <extensions>
          <gpxtpx:TrackPointExtension>
            <gpxtpx:hr>155</gpxtpx:hr>
          </gpxtpx:TrackPointExtension>
        </extensions>
      </trkpt>
      <trkpt lat="36.02794772782089" lon="119.40657915484547">
        <ele>58.88018738850951</ele>
        <time>2025-01-17T10:26:27Z</time>
        <extensions>
          <gpxtpx:TrackPointExtension>
            <gpxtpx:hr>155</gpxtpx:hr>
          </gpxtpx:TrackPointExtension>
        </extensions>
      </trkpt>
      <trkpt lat="36.0279494450448" lon="119.40659421828292">
        <ele>58.869372721761465</ele>
        <time>2025-01-17T10:26:28Z</time>
        <extensions>
          <gpxtpx:TrackPointExtension>
            <gpxtpx:hr>155</gpxtpx:hr>
          </gpxtpx:TrackPointExtension>
        </extensions>
      </trkpt>
      <trkpt lat="36.02795153173051" lon="119.4066092109635">
        <ele>58.8566907774657</ele>
        <time>2025-01-17T10:26:29Z</time>
        <extensions>
          <gpxtpx:TrackPointExtension>
            <gpxtpx:hr>148</gpxtpx:hr>
          </gpxtpx:TrackPointExtension>
        </extensions>
      </trkpt>
      <trkpt lat="36.02795353985101" lon="119.40662488694586">
        <ele>58.83691542595625</ele>
        <time>2025-01-17T10:26:30Z</time>
        <extensions>
          <gpxtpx:TrackPointExtension>
            <gpxtpx:hr>148</gpxtpx:hr>
          </gpxtpx:TrackPointExtension>
        </extensions>
      </trkpt>
      <trkpt lat="36.02795537907734" lon="119.40664068233238">
        <ele>58.81587291229516</ele>
        <time>2025-01-17T10:26:31Z</time>
        <extensions>
          <gpxtpx:TrackPointExtension>
            <gpxtpx:hr>148</gpxtpx:hr>
          </gpxtpx:TrackPointExtension>
        </extensions>
      </trkpt>
      <trkpt lat="36.02795726263695" lon="119.40665656717246">
        <ele>58.785868337377906</ele>
        <time>2025-01-17T10:26:32Z</time>
        <extensions>
          <gpxtpx:TrackPointExtension>
            <gpxtpx:hr>148</gpxtpx:hr>
          </gpxtpx:TrackPointExtension>
        </extensions>
      </trkpt>
      <trkpt lat="36.027959386257365" lon="119.40667249642962">
        <ele>58.756292696110904</ele>
        <time>2025-01-17T10:26:33Z</time>
        <extensions>
          <gpxtpx:TrackPointExtension>
            <gpxtpx:hr>148</gpxtpx:hr>
          </gpxtpx:TrackPointExtension>
        </extensions>
      </trkpt>
      <trkpt lat="36.02796200171755" lon="119.40668774167473">
        <ele>58.72894921619445</ele>
        <time>2025-01-17T10:26:34Z</time>
        <extensions>
          <gpxtpx:TrackPointExtension>
            <gpxtpx:hr>147</gpxtpx:hr>
          </gpxtpx:TrackPointExtension>
        </extensions>
      </trkpt>
      <trkpt lat="36.02796496513825" lon="119.40670220102577">
        <ele>58.7052967408672</ele>
        <time>2025-01-17T10:26:35Z</time>
        <extensions>
          <gpxtpx:TrackPointExtension>
            <gpxtpx:hr>147</gpxtpx:hr>
          </gpxtpx:TrackPointExtension>
        </extensions>
      </trkpt>
      <trkpt lat="36.027967870744824" lon="119.40671642604818">
        <ele>58.66832956112921</ele>
        <time>2025-01-17T10:26:36Z</time>
        <extensions>
          <gpxtpx:TrackPointExtension>
            <gpxtpx:hr>147</gpxtpx:hr>
          </gpxtpx:TrackPointExtension>
        </extensions>
      </trkpt>
      <trkpt lat="36.027970648096826" lon="119.40673103191021">
        <ele>58.63532114028931</ele>
        <time>2025-01-17T10:26:37Z</time>
        <extensions>
          <gpxtpx:TrackPointExtension>
            <gpxtpx:hr>147</gpxtpx:hr>
          </gpxtpx:TrackPointExtension>
        </extensions>
      </trkpt>
      <trkpt lat="36.02797364273658" lon="119.40674612517402">
        <ele>58.610118177719414</ele>
        <time>2025-01-17T10:26:38Z</time>
        <extensions>
          <gpxtpx:TrackPointExtension>
            <gpxtpx:hr>147</gpxtpx:hr>
          </gpxtpx:TrackPointExtension>
        </extensions>
      </trkpt>
      <trkpt lat="36.02797725251679" lon="119.40676141114281">
        <ele>58.58619694318622</ele>
        <time>2025-01-17T10:26:39Z</time>
        <extensions>
          <gpxtpx:TrackPointExtension>
            <gpxtpx:hr>147</gpxtpx:hr>
          </gpxtpx:TrackPointExtension>
        </extensions>
      </trkpt>
      <trkpt lat="36.02798156406491" lon="119.40677629262495">
        <ele>58.544677185826</ele>
        <time>2025-01-17T10:26:40Z</time>
        <extensions>
          <gpxtpx:TrackPointExtension>
            <gpxtpx:hr>139</gpxtpx:hr>
          </gpxtpx:TrackPointExtension>
        </extensions>
      </trkpt>
      <trkpt lat="36.02798649948979" lon="119.40679033968055">
        <ele>58.51895375456661</ele>
        <time>2025-01-17T10:26:41Z</time>
        <extensions>
          <gpxtpx:TrackPointExtension>
            <gpxtpx:hr>139</gpxtpx:hr>
          </gpxtpx:TrackPointExtension>
        </extensions>
      </trkpt>
      <trkpt lat="36.02799217854105" lon="119.4068042095318">
        <ele>58.457495984621346</ele>
        <time>2025-01-17T10:26:42Z</time>
        <extensions>
          <gpxtpx:TrackPointExtension>
            <gpxtpx:hr>139</gpxtpx:hr>
          </gpxtpx:TrackPointExtension>
        </extensions>
      </trkpt>
      <trkpt lat="36.02799806739909" lon="119.40681807518325">
        <ele>58.400721098296344</ele>
        <time>2025-01-17T10:26:43Z</time>
        <extensions>
          <gpxtpx:TrackPointExtension>
            <gpxtpx:hr>139</gpxtpx:hr>
          </gpxtpx:TrackPointExtension>
        </extensions>
      </trkpt>
      <trkpt lat="36.02800346286173" lon="119.40683207157599">
        <ele>58.33918128348887</ele>
        <time>2025-01-17T10:26:44Z</time>
        <extensions>
          <gpxtpx:TrackPointExtension>
            <gpxtpx:hr>139</gpxtpx:hr>
          </gpxtpx:TrackPointExtension>
        </extensions>
      </trkpt>
      <trkpt lat="36.028008197732746" lon="119.40684642467971">
        <ele>58.286779274232686</ele>
        <time>2025-01-17T10:26:45Z</time>
        <extensions>
          <gpxtpx:TrackPointExtension>
            <gpxtpx:hr>139</gpxtpx:hr>
          </gpxtpx:TrackPointExtension>
        </extensions>
      </trkpt>
      <trkpt lat="36.0280127153413" lon="119.40686085832608">
        <ele>58.240400523878634</ele>
        <time>2025-01-17T10:26:46Z</time>
        <extensions>
          <gpxtpx:TrackPointExtension>
            <gpxtpx:hr>139</gpxtpx:hr>
          </gpxtpx:TrackPointExtension>
        </extensions>
      </trkpt>
      <trkpt lat="36.02801735283278" lon="119.40687520066871">
        <ele>58.19334578793496</ele>
        <time>2025-01-17T10:26:47Z</time>
        <extensions>
          <gpxtpx:TrackPointExtension>
            <gpxtpx:hr>133</gpxtpx:hr>
          </gpxtpx:TrackPointExtension>
        </extensions>
      </trkpt>
      <trkpt lat="36.02802184055303" lon="119.40688939077104">
        <ele>58.16156755480915</ele>
        <time>2025-01-17T10:26:48Z</time>
        <extensions>
          <gpxtpx:TrackPointExtension>
            <gpxtpx:hr>133</gpxtpx:hr>
          </gpxtpx:TrackPointExtension>
        </extensions>
      </trkpt>
      <trkpt lat="36.028025903541305" lon="119.40690267212311">
        <ele>58.1345726903528</ele>
        <time>2025-01-17T10:26:49Z</time>
        <extensions>
          <gpxtpx:TrackPointExtension>
            <gpxtpx:hr>133</gpxtpx:hr>
          </gpxtpx:TrackPointExtension>
        </extensions>
      </trkpt>
      <trkpt lat="36.028030378777714" lon="119.40691483779267">
        <ele>58.10931963380426</ele>
        <time>2025-01-17T10:26:50Z</time>
        <extensions>
          <gpxtpx:TrackPointExtension>
            <gpxtpx:hr>132</gpxtpx:hr>
          </gpxtpx:TrackPointExtension>
        </extensions>
      </trkpt>
      <trkpt lat="36.02803603387321" lon="119.40692686252298">
        <ele>58.09112841822207</ele>
        <time>2025-01-17T10:26:51Z</time>
        <extensions>
          <gpxtpx:TrackPointExtension>
            <gpxtpx:hr>132</gpxtpx:hr>
          </gpxtpx:TrackPointExtension>
        </extensions>
      </trkpt>
      <trkpt lat="36.02804259706101" lon="119.40693988368669">
        <ele>58.085672836750746</ele>
        <time>2025-01-17T10:26:52Z</time>
        <extensions>
          <gpxtpx:TrackPointExtension>
            <gpxtpx:hr>132</gpxtpx:hr>
          </gpxtpx:TrackPointExtension>
        </extensions>
      </trkpt>
      <trkpt lat="36.028049398050136" lon="119.4069534589556">
        <ele>58.06681020092219</ele>
        <time>2025-01-17T10:26:53Z</time>
        <extensions>
          <gpxtpx:TrackPointExtension>
            <gpxtpx:hr>132</gpxtpx:hr>
          </gpxtpx:TrackPointExtension>
        </extensions>
      </trkpt>
      <trkpt lat="36.02805637314212" lon="119.40696648037755">
        <ele>57.99645224586129</ele>
        <time>2025-01-17T10:26:54Z</time>
        <extensions>
          <gpxtpx:TrackPointExtension>
            <gpxtpx:hr>132</gpxtpx:hr>
          </gpxtpx:TrackPointExtension>
        </extensions>
      </trkpt>
      <trkpt lat="36.02806395769771" lon="119.40697884822829">
        <ele>58.020880102179945</ele>
        <time>2025-01-17T10:26:55Z</time>
        <extensions>
          <gpxtpx:TrackPointExtension>
            <gpxtpx:hr>124</gpxtpx:hr>
          </gpxtpx:TrackPointExtension>
        </extensions>
      </trkpt>
      <trkpt lat="36.028071997959096" lon="119.40699083846825">
        <ele>58.027197423391044</ele>
        <time>2025-01-17T10:26:56Z</time>
        <extensions>
          <gpxtpx:TrackPointExtension>
            <gpxtpx:hr>124</gpxtpx:hr>
          </gpxtpx:TrackPointExtension>
        </extensions>
      </trkpt>
      <trkpt lat="36.0280804291525" lon="119.40700273109302">
        <ele>58.04433245956898</ele>
        <time>2025-01-17T10:26:57Z</time>
        <extensions>
          <gpxtpx:TrackPointExtension>
            <gpxtpx:hr>124</gpxtpx:hr>
          </gpxtpx:TrackPointExtension>
        </extensions>
      </trkpt>
      <trkpt lat="36.02808934244322" lon="119.40701571151754">
        <ele>58.07275778800249</ele>
        <time>2025-01-17T10:26:58Z</time>
        <extensions>
          <gpxtpx:TrackPointExtension>
            <gpxtpx:hr>124</gpxtpx:hr>
          </gpxtpx:TrackPointExtension>
        </extensions>
      </trkpt>
      <trkpt lat="36.02809796616085" lon="119.40702969519559">
        <ele>58.10393474251032</ele>
        <time>2025-01-17T10:26:59Z</time>
        <extensions>
          <gpxtpx:TrackPointExtension>
            <gpxtpx:hr>124</gpxtpx:hr>
          </gpxtpx:TrackPointExtension>
        </extensions>
      </trkpt>
      <trkpt lat="36.02810605750763" lon="119.40704369421212">
        <ele>58.158453304320574</ele>
        <time>2025-01-17T10:27:00Z</time>
        <extensions>
          <gpxtpx:TrackPointExtension>
            <gpxtpx:hr>124</gpxtpx:hr>
          </gpxtpx:TrackPointExtension>
        </extensions>
      </trkpt>
      <trkpt lat="36.02811475768717" lon="119.40705742939426">
        <ele>58.16764571238309</ele>
        <time>2025-01-17T10:27:01Z</time>
        <extensions>
          <gpxtpx:TrackPointExtension>
            <gpxtpx:hr>122</gpxtpx:hr>
          </gpxtpx:TrackPointExtension>
        </extensions>
      </trkpt>
      <trkpt lat="36.02812461170836" lon="119.40707145604756">
        <ele>58.203443340957165</ele>
        <time>2025-01-17T10:27:02Z</time>
        <extensions>
          <gpxtpx:TrackPointExtension>
            <gpxtpx:hr>122</gpxtpx:hr>
          </gpxtpx:TrackPointExtension>
        </extensions>
      </trkpt>
      <trkpt lat="36.028135529522686" lon="119.40708717015265">
        <ele>58.24295425694436</ele>
        <time>2025-01-17T10:27:03Z</time>
        <extensions>
          <gpxtpx:TrackPointExtension>
            <gpxtpx:hr>122</gpxtpx:hr>
          </gpxtpx:TrackPointExtension>
        </extensions>
      </trkpt>
      <trkpt lat="36.02814751450316" lon="119.40710493183448">
        <ele>58.30801797378808</ele>
        <time>2025-01-17T10:27:04Z</time>
        <extensions>
          <gpxtpx:TrackPointExtension>
            <gpxtpx:hr>120</gpxtpx:hr>
          </gpxtpx:TrackPointExtension>
        </extensions>
      </trkpt>
      <trkpt lat="36.02815969726149" lon="119.40712345109525">
        <ele>58.37523695733398</ele>
        <time>2025-01-17T10:27:05Z</time>
        <extensions>
          <gpxtpx:TrackPointExtension>
            <gpxtpx:hr>120</gpxtpx:hr>
          </gpxtpx:TrackPointExtension>
        </extensions>
      </trkpt>
      <trkpt lat="36.02817134476942" lon="119.40714115642703">
        <ele>58.457963784225285</ele>
        <time>2025-01-17T10:27:06Z</time>
        <extensions>
          <gpxtpx:TrackPointExtension>
            <gpxtpx:hr>120</gpxtpx:hr>
          </gpxtpx:TrackPointExtension>
        </extensions>
      </trkpt>
      <trkpt lat="36.02818274032027" lon="119.4071578658825">
        <ele>58.54732048232108</ele>
        <time>2025-01-17T10:27:07Z</time>
        <extensions>
          <gpxtpx:TrackPointExtension>
            <gpxtpx:hr>120</gpxtpx:hr>
          </gpxtpx:TrackPointExtension>
        </extensions>
      </trkpt>
      <trkpt lat="36.02819595765638" lon="119.4071747836165">
        <ele>58.6520492117852</ele>
        <time>2025-01-17T10:27:08Z</time>
        <extensions>
          <gpxtpx:TrackPointExtension>
            <gpxtpx:hr>120</gpxtpx:hr>
          </gpxtpx:TrackPointExtension>
        </extensions>
      </trkpt>
      <trkpt lat="36.028211975025954" lon="119.40719186816195">
        <ele>58.83261402696371</ele>
        <time>2025-01-17T10:27:09Z</time>
        <extensions>
          <gpxtpx:TrackPointExtension>
            <gpxtpx:hr>120</gpxtpx:hr>
          </gpxtpx:TrackPointExtension>
        </extensions>
      </trkpt>
      <trkpt lat="36.0282302118706" lon="119.40720983607677">
        <ele>58.99372480995953</ele>
        <time>2025-01-17T10:27:10Z</time>
        <extensions>
          <gpxtpx:TrackPointExtension>
            <gpxtpx:hr>120</gpxtpx:hr>
          </gpxtpx:TrackPointExtension>
        </extensions>
      </trkpt>
      <trkpt lat="36.02825330579634" lon="119.40723247168748">
        <ele>59.160298148170114</ele>
        <time>2025-01-17T10:27:11Z</time>
        <extensions>
          <gpxtpx:TrackPointExtension>
            <gpxtpx:hr>120</gpxtpx:hr>
          </gpxtpx:TrackPointExtension>
        </extensions>
      </trkpt>
      <trkpt lat="36.02828179743127" lon="119.40725967881139">
        <ele>59.30953998770565</ele>
        <time>2025-01-17T10:27:12Z</time>
        <extensions>
          <gpxtpx:TrackPointExtension>
            <gpxtpx:hr>120</gpxtpx:hr>
          </gpxtpx:TrackPointExtension>
        </extensions>
      </trkpt>
      <trkpt lat="36.02831277512101" lon="119.40728762522501">
        <ele>59.49176275078207</ele>
        <time>2025-01-17T10:27:13Z</time>
        <extensions>
          <gpxtpx:TrackPointExtension>
            <gpxtpx:hr>128</gpxtpx:hr>
          </gpxtpx:TrackPointExtension>
        </extensions>
      </trkpt>
      <trkpt lat="36.02834529463617" lon="119.40731397744095">
        <ele>59.618843455798924</ele>
        <time>2025-01-17T10:27:14Z</time>
        <extensions>
          <gpxtpx:TrackPointExtension>
            <gpxtpx:hr>128</gpxtpx:hr>
          </gpxtpx:TrackPointExtension>
        </extensions>
      </trkpt>
      <trkpt lat="36.02837795051526" lon="119.40733769198945">
        <ele>59.77938590757549</ele>
        <time>2025-01-17T10:27:15Z</time>
        <extensions>
          <gpxtpx:TrackPointExtension>
            <gpxtpx:hr>128</gpxtpx:hr>
          </gpxtpx:TrackPointExtension>
        </extensions>
      </trkpt>
      <trkpt lat="36.02840933535998" lon="119.40735818422877">
        <ele>59.91456374991685</ele>
        <time>2025-01-17T10:27:16Z</time>
        <extensions>
          <gpxtpx:TrackPointExtension>
            <gpxtpx:hr>128</gpxtpx:hr>
          </gpxtpx:TrackPointExtension>
        </extensions>
      </trkpt>
      <trkpt lat="36.02844044597718" lon="119.4073759448359">
        <ele>59.99543334078044</ele>
        <time>2025-01-17T10:27:17Z</time>
        <extensions>
          <gpxtpx:TrackPointExtension>
            <gpxtpx:hr>128</gpxtpx:hr>
          </gpxtpx:TrackPointExtension>
        </extensions>
      </trkpt>
      <trkpt lat="36.02847144885768" lon="119.40739246351927">
        <ele>60.07912267372012</ele>
        <time>2025-01-17T10:27:18Z</time>
        <extensions>
          <gpxtpx:TrackPointExtension>
            <gpxtpx:hr>135</gpxtpx:hr>
          </gpxtpx:TrackPointExtension>
        </extensions>
      </trkpt>
      <trkpt lat="36.028501268453574" lon="119.40740820915141">
        <ele>60.09232898615301</ele>
        <time>2025-01-17T10:27:19Z</time>
        <extensions>
          <gpxtpx:TrackPointExtension>
            <gpxtpx:hr>135</gpxtpx:hr>
          </gpxtpx:TrackPointExtension>
        </extensions>
      </trkpt>
      <trkpt lat="36.02853098598465" lon="119.40742375444937">
        <ele>60.110161021351814</ele>
        <time>2025-01-17T10:27:20Z</time>
        <extensions>
          <gpxtpx:TrackPointExtension>
            <gpxtpx:hr>135</gpxtpx:hr>
          </gpxtpx:TrackPointExtension>
        </extensions>
      </trkpt>
      <trkpt lat="36.02856162242206" lon="119.40744028627323">
        <ele>60.089533776044846</ele>
        <time>2025-01-17T10:27:21Z</time>
        <extensions>
          <gpxtpx:TrackPointExtension>
            <gpxtpx:hr>135</gpxtpx:hr>
          </gpxtpx:TrackPointExtension>
        </extensions>
      </trkpt>
      <trkpt lat="36.02859270084901" lon="119.40745688008612">
        <ele>60.074156981892884</ele>
        <time>2025-01-17T10:27:22Z</time>
        <extensions>
          <gpxtpx:TrackPointExtension>
            <gpxtpx:hr>135</gpxtpx:hr>
          </gpxtpx:TrackPointExtension>
        </extensions>
      </trkpt>
      <trkpt lat="36.02862482352113" lon="119.40747221664958">
        <ele>60.10770179051906</ele>
        <time>2025-01-17T10:27:23Z</time>
        <extensions>
          <gpxtpx:TrackPointExtension>
            <gpxtpx:hr>139</gpxtpx:hr>
          </gpxtpx:TrackPointExtension>
        </extensions>
      </trkpt>
      <trkpt lat="36.028657254026704" lon="119.40748674850808">
        <ele>60.14205906633288</ele>
        <time>2025-01-17T10:27:24Z</time>
        <extensions>
          <gpxtpx:TrackPointExtension>
            <gpxtpx:hr>139</gpxtpx:hr>
          </gpxtpx:TrackPointExtension>
        </extensions>
      </trkpt>
      <trkpt lat="36.02868856147701" lon="119.40750087852001">
        <ele>60.15213644132018</ele>
        <time>2025-01-17T10:27:25Z</time>
        <extensions>
          <gpxtpx:TrackPointExtension>
            <gpxtpx:hr>139</gpxtpx:hr>
          </gpxtpx:TrackPointExtension>
        </extensions>
      </trkpt>
      <trkpt lat="36.028719299928575" lon="119.40751491898037">
        <ele>60.14786738436669</ele>
        <time>2025-01-17T10:27:26Z</time>
        <extensions>
          <gpxtpx:TrackPointExtension>
            <gpxtpx:hr>139</gpxtpx:hr>
          </gpxtpx:TrackPointExtension>
        </extensions>
      </trkpt>
      <trkpt lat="36.02874932007894" lon="119.40752917267066">
        <ele>60.089889598079026</ele>
        <time>2025-01-17T10:27:27Z</time>
        <extensions>
          <gpxtpx:TrackPointExtension>
            <gpxtpx:hr>139</gpxtpx:hr>
          </gpxtpx:TrackPointExtension>
        </extensions>
      </trkpt>
      <trkpt lat="36.02877879080271" lon="119.4075432195644">
        <ele>60.07944362331182</ele>
        <time>2025-01-17T10:27:28Z</time>
        <extensions>
          <gpxtpx:TrackPointExtension>
            <gpxtpx:hr>139</gpxtpx:hr>
          </gpxtpx:TrackPointExtension>
        </extensions>
      </trkpt>
      <trkpt lat="36.028808146986194" lon="119.4075569356735">
        <ele>60.05465033184737</ele>
        <time>2025-01-17T10:27:29Z</time>
        <extensions>
          <gpxtpx:TrackPointExtension>
            <gpxtpx:hr>146</gpxtpx:hr>
          </gpxtpx:TrackPointExtension>
        </extensions>
      </trkpt>
      <trkpt lat="36.02883640189409" lon="119.40757021820791">
        <ele>60.02955792751163</ele>
        <time>2025-01-17T10:27:30Z</time>
        <extensions>
          <gpxtpx:TrackPointExtension>
            <gpxtpx:hr>146</gpxtpx:hr>
          </gpxtpx:TrackPointExtension>
        </extensions>
      </trkpt>
      <trkpt lat="36.0288649042193" lon="119.40758300878512">
        <ele>60.02695733960718</ele>
        <time>2025-01-17T10:27:31Z</time>
        <extensions>
          <gpxtpx:TrackPointExtension>
            <gpxtpx:hr>146</gpxtpx:hr>
          </gpxtpx:TrackPointExtension>
        </extensions>
      </trkpt>
      <trkpt lat="36.02889454733722" lon="119.40759531775664">
        <ele>60.058134907856584</ele>
        <time>2025-01-17T10:27:32Z</time>
        <extensions>
          <gpxtpx:TrackPointExtension>
            <gpxtpx:hr>146</gpxtpx:hr>
          </gpxtpx:TrackPointExtension>
        </extensions>
      </trkpt>
      <trkpt lat="36.02892385858628" lon="119.40760668225296">
        <ele>60.08238316141069</ele>
        <time>2025-01-17T10:27:33Z</time>
        <extensions>
          <gpxtpx:TrackPointExtension>
            <gpxtpx:hr>146</gpxtpx:hr>
          </gpxtpx:TrackPointExtension>
        </extensions>
      </trkpt>
      <trkpt lat="36.02895280500014" lon="119.40761704220404">
        <ele>60.11229600943625</ele>
        <time>2025-01-17T10:27:34Z</time>
        <extensions>
          <gpxtpx:TrackPointExtension>
            <gpxtpx:hr>146</gpxtpx:hr>
          </gpxtpx:TrackPointExtension>
        </extensions>
      </trkpt>
      <trkpt lat="36.02898095729161" lon="119.40762657364108">
        <ele>60.14970210380852</ele>
        <time>2025-01-17T10:27:35Z</time>
        <extensions>
          <gpxtpx:TrackPointExtension>
            <gpxtpx:hr>149</gpxtpx:hr>
          </gpxtpx:TrackPointExtension>
        </extensions>
      </trkpt>
      <trkpt lat="36.02900708230178" lon="119.40763496491884">
        <ele>60.185103135183454</ele>
        <time>2025-01-17T10:27:36Z</time>
        <extensions>
          <gpxtpx:TrackPointExtension>
            <gpxtpx:hr>149</gpxtpx:hr>
          </gpxtpx:TrackPointExtension>
        </extensions>
      </trkpt>
      <trkpt lat="36.02903082651597" lon="119.40764172044534">
        <ele>60.20969153661281</ele>
        <time>2025-01-17T10:27:37Z</time>
        <extensions>
          <gpxtpx:TrackPointExtension>
            <gpxtpx:hr>149</gpxtpx:hr>
          </gpxtpx:TrackPointExtension>
        </extensions>
      </trkpt>
      <trkpt lat="36.02905177448908" lon="119.40764640351503">
        <ele>60.20976983662695</ele>
        <time>2025-01-17T10:27:38Z</time>
        <extensions>
          <gpxtpx:TrackPointExtension>
            <gpxtpx:hr>149</gpxtpx:hr>
          </gpxtpx:TrackPointExtension>
        </extensions>
      </trkpt>
      <trkpt lat="36.029069982652544" lon="119.40764902716502">
        <ele>60.20922686252743</ele>
        <time>2025-01-17T10:27:39Z</time>
        <extensions>
          <gpxtpx:TrackPointExtension>
            <gpxtpx:hr>149</gpxtpx:hr>
          </gpxtpx:TrackPointExtension>
        </extensions>
      </trkpt>
      <trkpt lat="36.0290857019078" lon="119.4076510171139">
        <ele>60.21251760516316</ele>
        <time>2025-01-17T10:27:40Z</time>
        <extensions>
          <gpxtpx:TrackPointExtension>
            <gpxtpx:hr>152</gpxtpx:hr>
          </gpxtpx:TrackPointExtension>
        </extensions>
      </trkpt>
      <trkpt lat="36.02909918409772" lon="119.40765354769023">
        <ele>60.20737585052848</ele>
        <time>2025-01-17T10:27:41Z</time>
        <extensions>
          <gpxtpx:TrackPointExtension>
            <gpxtpx:hr>152</gpxtpx:hr>
          </gpxtpx:TrackPointExtension>
        </extensions>
      </trkpt>
      <trkpt lat="36.02911174091247" lon="119.40765641080466">
        <ele>60.19368299562484</ele>
        <time>2025-01-17T10:27:42Z</time>
        <extensions>
          <gpxtpx:TrackPointExtension>
            <gpxtpx:hr>152</gpxtpx:hr>
          </gpxtpx:TrackPointExtension>
        </extensions>
      </trkpt>
      <trkpt lat="36.02912423121526" lon="119.40765904377541">
        <ele>60.17010011803359</ele>
        <time>2025-01-17T10:27:43Z</time>
        <extensions>
          <gpxtpx:TrackPointExtension>
            <gpxtpx:hr>152</gpxtpx:hr>
          </gpxtpx:TrackPointExtension>
        </extensions>
      </trkpt>
      <trkpt lat="36.029136759483855" lon="119.40766136186943">
        <ele>60.14593904372305</ele>
        <time>2025-01-17T10:27:44Z</time>
        <extensions>
          <gpxtpx:TrackPointExtension>
            <gpxtpx:hr>153</gpxtpx:hr>
          </gpxtpx:TrackPointExtension>
        </extensions>
      </trkpt>
      <trkpt lat="36.02914915014931" lon="119.40766414382642">
        <ele>60.114415233023465</ele>
        <time>2025-01-17T10:27:45Z</time>
        <extensions>
          <gpxtpx:TrackPointExtension>
            <gpxtpx:hr>153</gpxtpx:hr>
          </gpxtpx:TrackPointExtension>
        </extensions>
      </trkpt>
      <trkpt lat="36.029160860566705" lon="119.40766823276549">
        <ele>60.07990014646202</ele>
        <time>2025-01-17T10:27:46Z</time>
        <extensions>
          <gpxtpx:TrackPointExtension>
            <gpxtpx:hr>153</gpxtpx:hr>
          </gpxtpx:TrackPointExtension>
        </extensions>
      </trkpt>
      <trkpt lat="36.02917238344576" lon="119.40767369418525">
        <ele>60.0316839274019</ele>
        <time>2025-01-17T10:27:47Z</time>
        <extensions>
          <gpxtpx:TrackPointExtension>
            <gpxtpx:hr>153</gpxtpx:hr>
          </gpxtpx:TrackPointExtension>
        </extensions>
      </trkpt>
      <trkpt lat="36.029184184423286" lon="119.40767967814061">
        <ele>59.97866400144994</ele>
        <time>2025-01-17T10:27:48Z</time>
        <extensions>
          <gpxtpx:TrackPointExtension>
            <gpxtpx:hr>153</gpxtpx:hr>
          </gpxtpx:TrackPointExtension>
        </extensions>
      </trkpt>
      <trkpt lat="36.02919650599957" lon="119.4076849624132">
        <ele>59.901833523996174</ele>
        <time>2025-01-17T10:27:49Z</time>
        <extensions>
          <gpxtpx:TrackPointExtension>
            <gpxtpx:hr>153</gpxtpx:hr>
          </gpxtpx:TrackPointExtension>
        </extensions>
      </trkpt>
      <trkpt lat="36.02920935095411" lon="119.40768911794078">
        <ele>59.79961373191327</ele>
        <time>2025-01-17T10:27:50Z</time>
        <extensions>
          <gpxtpx:TrackPointExtension>
            <gpxtpx:hr>153</gpxtpx:hr>
          </gpxtpx:TrackPointExtension>
        </extensions>
      </trkpt>
      <trkpt lat="36.02922228564853" lon="119.40769195053866">
        <ele>59.70008960738778</ele>
        <time>2025-01-17T10:27:51Z</time>
        <extensions>
          <gpxtpx:TrackPointExtension>
            <gpxtpx:hr>153</gpxtpx:hr>
          </gpxtpx:TrackPointExtension>
        </extensions>
      </trkpt>
      <trkpt lat="36.02923538665919" lon="119.40769386150163">
        <ele>59.598074859939516</ele>
        <time>2025-01-17T10:27:52Z</time>
        <extensions>
          <gpxtpx:TrackPointExtension>
            <gpxtpx:hr>153</gpxtpx:hr>
          </gpxtpx:TrackPointExtension>
        </extensions>
      </trkpt>
      <trkpt lat="36.029248756110846" lon="119.40769520196056">
        <ele>59.49862457904965</ele>
        <time>2025-01-17T10:27:53Z</time>
        <extensions>
          <gpxtpx:TrackPointExtension>
            <gpxtpx:hr>153</gpxtpx:hr>
          </gpxtpx:TrackPointExtension>
        </extensions>
      </trkpt>
      <trkpt lat="36.02926218955352" lon="119.40769639435483">
        <ele>59.40146834496409</ele>
        <time>2025-01-17T10:27:54Z</time>
        <extensions>
          <gpxtpx:TrackPointExtension>
            <gpxtpx:hr>153</gpxtpx:hr>
          </gpxtpx:TrackPointExtension>
        </extensions>
      </trkpt>
      <trkpt lat="36.02927556342054" lon="119.40769812487488">
        <ele>59.319368325173855</ele>
        <time>2025-01-17T10:27:55Z</time>
        <extensions>
          <gpxtpx:TrackPointExtension>
            <gpxtpx:hr>153</gpxtpx:hr>
          </gpxtpx:TrackPointExtension>
        </extensions>
      </trkpt>
      <trkpt lat="36.029288764177274" lon="119.40770042353759">
        <ele>59.24746602028608</ele>
        <time>2025-01-17T10:27:56Z</time>
        <extensions>
          <gpxtpx:TrackPointExtension>
            <gpxtpx:hr>151</gpxtpx:hr>
          </gpxtpx:TrackPointExtension>
        </extensions>
      </trkpt>
      <trkpt lat="36.02930192037608" lon="119.40770323334236">
        <ele>59.175140528939664</ele>
        <time>2025-01-17T10:27:57Z</time>
        <extensions>
          <gpxtpx:TrackPointExtension>
            <gpxtpx:hr>151</gpxtpx:hr>
          </gpxtpx:TrackPointExtension>
        </extensions>
      </trkpt>
      <trkpt lat="36.02931501360351" lon="119.40770646390315">
        <ele>59.11235736683011</ele>
        <time>2025-01-17T10:27:58Z</time>
        <extensions>
          <gpxtpx:TrackPointExtension>
            <gpxtpx:hr>151</gpxtpx:hr>
          </gpxtpx:TrackPointExtension>
        </extensions>
      </trkpt>
      <trkpt lat="36.029327930301484" lon="119.40770986470716">
        <ele>59.047072721645236</ele>
        <time>2025-01-17T10:27:59Z</time>
        <extensions>
          <gpxtpx:TrackPointExtension>
            <gpxtpx:hr>151</gpxtpx:hr>
          </gpxtpx:TrackPointExtension>
        </extensions>
      </trkpt>
      <trkpt lat="36.02934078939394" lon="119.40771304672289">
        <ele>58.99067381117493</ele>
        <time>2025-01-17T10:28:00Z</time>
        <extensions>
          <gpxtpx:TrackPointExtension>
            <gpxtpx:hr>151</gpxtpx:hr>
          </gpxtpx:TrackPointExtension>
        </extensions>
      </trkpt>
      <trkpt lat="36.02935379615449" lon="119.40771604679354">
        <ele>58.9531832030043</ele>
        <time>2025-01-17T10:28:01Z</time>
        <extensions>
          <gpxtpx:TrackPointExtension>
            <gpxtpx:hr>151</gpxtpx:hr>
          </gpxtpx:TrackPointExtension>
        </extensions>
      </trkpt>
      <trkpt lat="36.029367046145886" lon="119.40771877106648">
        <ele>58.95215429831296</ele>
        <time>2025-01-17T10:28:02Z</time>
        <extensions>
          <gpxtpx:TrackPointExtension>
            <gpxtpx:hr>153</gpxtpx:hr>
          </gpxtpx:TrackPointExtension>
        </extensions>
      </trkpt>
      <trkpt lat="36.029380477068514" lon="119.407720833345">
        <ele>58.96820922289044</ele>
        <time>2025-01-17T10:28:03Z</time>
        <extensions>
          <gpxtpx:TrackPointExtension>
            <gpxtpx:hr>153</gpxtpx:hr>
          </gpxtpx:TrackPointExtension>
        </extensions>
      </trkpt>
      <trkpt lat="36.0293940426165" lon="119.40772239241029">
        <ele>58.99243354052305</ele>
        <time>2025-01-17T10:28:04Z</time>
        <extensions>
          <gpxtpx:TrackPointExtension>
            <gpxtpx:hr>153</gpxtpx:hr>
          </gpxtpx:TrackPointExtension>
        </extensions>
      </trkpt>
      <trkpt lat="36.029407638800286" lon="119.4077238952121">
        <ele>59.02142413891852</ele>
        <time>2025-01-17T10:28:05Z</time>
        <extensions>
          <gpxtpx:TrackPointExtension>
            <gpxtpx:hr>151</gpxtpx:hr>
          </gpxtpx:TrackPointExtension>
        </extensions>
      </trkpt>
      <trkpt lat="36.02942118975501" lon="119.40772541818333">
        <ele>59.053752346895635</ele>
        <time>2025-01-17T10:28:06Z</time>
        <extensions>
          <gpxtpx:TrackPointExtension>
            <gpxtpx:hr>151</gpxtpx:hr>
          </gpxtpx:TrackPointExtension>
        </extensions>
      </trkpt>
      <trkpt lat="36.029434713322466" lon="119.4077269708312">
        <ele>59.10082990024239</ele>
        <time>2025-01-17T10:28:07Z</time>
        <extensions>
          <gpxtpx:TrackPointExtension>
            <gpxtpx:hr>151</gpxtpx:hr>
          </gpxtpx:TrackPointExtension>
        </extensions>
      </trkpt>
      <trkpt lat="36.029448098231626" lon="119.40772897990075">
        <ele>59.17004579491913</ele>
        <time>2025-01-17T10:28:08Z</time>
        <extensions>
          <gpxtpx:TrackPointExtension>
            <gpxtpx:hr>148</gpxtpx:hr>
          </gpxtpx:TrackPointExtension>
        </extensions>
      </trkpt>
      <trkpt lat="36.02946138694712" lon="119.40773125130967">
        <ele>59.24899524170905</ele>
        <time>2025-01-17T10:28:09Z</time>
        <extensions>
          <gpxtpx:TrackPointExtension>
            <gpxtpx:hr>148</gpxtpx:hr>
          </gpxtpx:TrackPointExtension>
        </extensions>
      </trkpt>
      <trkpt lat="36.02947465680095" lon="119.40773366073105">
        <ele>59.336986628361046</ele>
        <time>2025-01-17T10:28:10Z</time>
        <extensions>
          <gpxtpx:TrackPointExtension>
            <gpxtpx:hr>148</gpxtpx:hr>
          </gpxtpx:TrackPointExtension>
        </extensions>
      </trkpt>
      <trkpt lat="36.029487964981925" lon="119.40773615487569">
        <ele>59.43816655687988</ele>
        <time>2025-01-17T10:28:11Z</time>
        <extensions>
          <gpxtpx:TrackPointExtension>
            <gpxtpx:hr>148</gpxtpx:hr>
          </gpxtpx:TrackPointExtension>
        </extensions>
      </trkpt>
      <trkpt lat="36.02950119216093" lon="119.40773840906799">
        <ele>59.53633213881403</ele>
        <time>2025-01-17T10:28:12Z</time>
        <extensions>
          <gpxtpx:TrackPointExtension>
            <gpxtpx:hr>148</gpxtpx:hr>
          </gpxtpx:TrackPointExtension>
        </extensions>
      </trkpt>
      <trkpt lat="36.029514314234426" lon="119.40774044749081">
        <ele>59.61828097142279</ele>
        <time>2025-01-17T10:28:13Z</time>
        <extensions>
          <gpxtpx:TrackPointExtension>
            <gpxtpx:hr>148</gpxtpx:hr>
          </gpxtpx:TrackPointExtension>
        </extensions>
      </trkpt>
      <trkpt lat="36.02952741726585" lon="119.40774201358934">
        <ele>59.70235740020871</ele>
        <time>2025-01-17T10:28:14Z</time>
        <extensions>
          <gpxtpx:TrackPointExtension>
            <gpxtpx:hr>139</gpxtpx:hr>
          </gpxtpx:TrackPointExtension>
        </extensions>
      </trkpt>
      <trkpt lat="36.02954041936743" lon="119.40774273514828">
        <ele>59.767380421981215</ele>
        <time>2025-01-17T10:28:15Z</time>
        <extensions>
          <gpxtpx:TrackPointExtension>
            <gpxtpx:hr>139</gpxtpx:hr>
          </gpxtpx:TrackPointExtension>
        </extensions>
      </trkpt>
      <trkpt lat="36.02955335653117" lon="119.40774290026366">
        <ele>59.82303757220507</ele>
        <time>2025-01-17T10:28:16Z</time>
        <extensions>
          <gpxtpx:TrackPointExtension>
            <gpxtpx:hr>139</gpxtpx:hr>
          </gpxtpx:TrackPointExtension>
        </extensions>
      </trkpt>
      <trkpt lat="36.029566184514955" lon="119.40774283010268">
        <ele>59.873816647566855</ele>
        <time>2025-01-17T10:28:17Z</time>
        <extensions>
          <gpxtpx:TrackPointExtension>
            <gpxtpx:hr>139</gpxtpx:hr>
          </gpxtpx:TrackPointExtension>
        </extensions>
      </trkpt>
      <trkpt lat="36.0295783635875" lon="119.40774277194176">
        <ele>59.91032120399177</ele>
        <time>2025-01-17T10:28:18Z</time>
        <extensions>
          <gpxtpx:TrackPointExtension>
            <gpxtpx:hr>139</gpxtpx:hr>
          </gpxtpx:TrackPointExtension>
        </extensions>
      </trkpt>
      <trkpt lat="36.02959020398198" lon="119.40774309915524">
        <ele>59.92835839744657</ele>
        <time>2025-01-17T10:28:19Z</time>
        <extensions>
          <gpxtpx:TrackPointExtension>
            <gpxtpx:hr>139</gpxtpx:hr>
          </gpxtpx:TrackPointExtension>
        </extensions>
      </trkpt>
      <trkpt lat="36.02960268790815" lon="119.40774353595577">
        <ele>59.942026485688984</ele>
        <time>2025-01-17T10:28:20Z</time>
        <extensions>
          <gpxtpx:TrackPointExtension>
            <gpxtpx:hr>136</gpxtpx:hr>
          </gpxtpx:TrackPointExtension>
        </extensions>
      </trkpt>
      <trkpt lat="36.02961590806808" lon="119.40774381954651">
        <ele>59.9714516075328</ele>
        <time>2025-01-17T10:28:21Z</time>
        <extensions>
          <gpxtpx:TrackPointExtension>
            <gpxtpx:hr>136</gpxtpx:hr>
          </gpxtpx:TrackPointExtension>
        </extensions>
      </trkpt>
      <trkpt lat="36.02962942648968" lon="119.40774352820202">
        <ele>59.987965408712626</ele>
        <time>2025-01-17T10:28:22Z</time>
        <extensions>
          <gpxtpx:TrackPointExtension>
            <gpxtpx:hr>136</gpxtpx:hr>
          </gpxtpx:TrackPointExtension>
        </extensions>
      </trkpt>
      <trkpt lat="36.029642808569804" lon="119.4077426929609">
        <ele>60.00210631918162</ele>
        <time>2025-01-17T10:28:23Z</time>
        <extensions>
          <gpxtpx:TrackPointExtension>
            <gpxtpx:hr>136</gpxtpx:hr>
          </gpxtpx:TrackPointExtension>
        </extensions>
      </trkpt>
      <trkpt lat="36.02965630545576" lon="119.40774214619724">
        <ele>60.00215547531843</ele>
        <time>2025-01-17T10:28:24Z</time>
        <extensions>
          <gpxtpx:TrackPointExtension>
            <gpxtpx:hr>136</gpxtpx:hr>
          </gpxtpx:TrackPointExtension>
        </extensions>
      </trkpt>
      <trkpt lat="36.029669982112054" lon="119.40774281230462">
        <ele>59.98582189064473</ele>
        <time>2025-01-17T10:28:25Z</time>
        <extensions>
          <gpxtpx:TrackPointExtension>
            <gpxtpx:hr>125</gpxtpx:hr>
          </gpxtpx:TrackPointExtension>
        </extensions>
      </trkpt>
      <trkpt lat="36.029683824039026" lon="119.40774494750426">
        <ele>59.961355288513005</ele>
        <time>2025-01-17T10:28:26Z</time>
        <extensions>
          <gpxtpx:TrackPointExtension>
            <gpxtpx:hr>125</gpxtpx:hr>
          </gpxtpx:TrackPointExtension>
        </extensions>
      </trkpt>
      <trkpt lat="36.0296977561133" lon="119.407747601579">
        <ele>59.9525474505499</ele>
        <time>2025-01-17T10:28:27Z</time>
        <extensions>
          <gpxtpx:TrackPointExtension>
            <gpxtpx:hr>125</gpxtpx:hr>
          </gpxtpx:TrackPointExtension>
        </extensions>
      </trkpt>
      <trkpt lat="36.02971174876375" lon="119.40774960425958">
        <ele>59.94638911355287</ele>
        <time>2025-01-17T10:28:28Z</time>
        <extensions>
          <gpxtpx:TrackPointExtension>
            <gpxtpx:hr>125</gpxtpx:hr>
          </gpxtpx:TrackPointExtension>
        </extensions>
      </trkpt>
      <trkpt lat="36.02972586544508" lon="119.4077503691613">
        <ele>59.947103183716536</ele>
        <time>2025-01-17T10:28:29Z</time>
        <extensions>
          <gpxtpx:TrackPointExtension>
            <gpxtpx:hr>125</gpxtpx:hr>
          </gpxtpx:TrackPointExtension>
        </extensions>
      </trkpt>
      <trkpt lat="36.029740325434126" lon="119.40775031520712">
        <ele>59.96790240239352</ele>
        <time>2025-01-17T10:28:30Z</time>
        <extensions>
          <gpxtpx:TrackPointExtension>
            <gpxtpx:hr>125</gpxtpx:hr>
          </gpxtpx:TrackPointExtension>
        </extensions>
      </trkpt>
      <trkpt lat="36.02975533674999" lon="119.40774972562664">
        <ele>59.987681661732495</ele>
        <time>2025-01-17T10:28:31Z</time>
        <extensions>
          <gpxtpx:TrackPointExtension>
            <gpxtpx:hr>125</gpxtpx:hr>
          </gpxtpx:TrackPointExtension>
        </extensions>
      </trkpt>
      <trkpt lat="36.0297711041317" lon="119.40774818844795">
        <ele>60.040642098523676</ele>
        <time>2025-01-17T10:28:32Z</time>
        <extensions>
          <gpxtpx:TrackPointExtension>
            <gpxtpx:hr>125</gpxtpx:hr>
          </gpxtpx:TrackPointExtension>
        </extensions>
      </trkpt>
      <trkpt lat="36.02978742245085" lon="119.40774606550279">
        <ele>60.0834631761536</ele>
        <time>2025-01-17T10:28:33Z</time>
        <extensions>
          <gpxtpx:TrackPointExtension>
            <gpxtpx:hr>121</gpxtpx:hr>
          </gpxtpx:TrackPointExtension>
        </extensions>
      </trkpt>
      <trkpt lat="36.029804760334294" lon="119.40774418433409">
        <ele>60.07890395447612</ele>
        <time>2025-01-17T10:28:34Z</time>
        <extensions>
          <gpxtpx:TrackPointExtension>
            <gpxtpx:hr>121</gpxtpx:hr>
          </gpxtpx:TrackPointExtension>
        </extensions>
      </trkpt>
      <trkpt lat="36.02982328719644" lon="119.40774218317094">
        <ele>60.103610635735095</ele>
        <time>2025-01-17T10:28:35Z</time>
        <extensions>
          <gpxtpx:TrackPointExtension>
            <gpxtpx:hr>121</gpxtpx:hr>
          </gpxtpx:TrackPointExtension>
        </extensions>
      </trkpt>
      <trkpt lat="36.02984270528905" lon="119.40773968312047">
        <ele>60.07520735356957</ele>
        <time>2025-01-17T10:28:36Z</time>
        <extensions>
          <gpxtpx:TrackPointExtension>
            <gpxtpx:hr>121</gpxtpx:hr>
          </gpxtpx:TrackPointExtension>
        </extensions>
      </trkpt>
      <trkpt lat="36.02986270208911" lon="119.40773677643772">
        <ele>60.084020383656025</ele>
        <time>2025-01-17T10:28:37Z</time>
        <extensions>
          <gpxtpx:TrackPointExtension>
            <gpxtpx:hr>121</gpxtpx:hr>
          </gpxtpx:TrackPointExtension>
        </extensions>
      </trkpt>
      <trkpt lat="36.02988249659058" lon="119.40773322116436">
        <ele>60.127465286292136</ele>
        <time>2025-01-17T10:28:38Z</time>
        <extensions>
          <gpxtpx:TrackPointExtension>
            <gpxtpx:hr>121</gpxtpx:hr>
          </gpxtpx:TrackPointExtension>
        </extensions>
      </trkpt>
      <trkpt lat="36.02990229513245" lon="119.40772791421043">
        <ele>60.16476927138865</ele>
        <time>2025-01-17T10:28:39Z</time>
        <extensions>
          <gpxtpx:TrackPointExtension>
            <gpxtpx:hr>121</gpxtpx:hr>
          </gpxtpx:TrackPointExtension>
        </extensions>
      </trkpt>
      <trkpt lat="36.02992632724201" lon="119.40771852142991">
        <ele>60.19117328058928</ele>
        <time>2025-01-17T10:28:40Z</time>
        <extensions>
          <gpxtpx:TrackPointExtension>
            <gpxtpx:hr>121</gpxtpx:hr>
          </gpxtpx:TrackPointExtension>
        </extensions>
      </trkpt>
      <trkpt lat="36.029957435831484" lon="119.40770395619755">
        <ele>60.196003497578204</ele>
        <time>2025-01-17T10:28:41Z</time>
        <extensions>
          <gpxtpx:TrackPointExtension>
            <gpxtpx:hr>121</gpxtpx:hr>
          </gpxtpx:TrackPointExtension>
        </extensions>
      </trkpt>
      <trkpt lat="36.02999045009299" lon="119.40768563316861">
        <ele>60.20790011342615</ele>
        <time>2025-01-17T10:28:42Z</time>
        <extensions>
          <gpxtpx:TrackPointExtension>
            <gpxtpx:hr>121</gpxtpx:hr>
          </gpxtpx:TrackPointExtension>
        </extensions>
      </trkpt>
      <trkpt lat="36.03002095634693" lon="119.40766482094749">
        <ele>60.243665404617786</ele>
        <time>2025-01-17T10:28:43Z</time>
        <extensions>
          <gpxtpx:TrackPointExtension>
            <gpxtpx:hr>129</gpxtpx:hr>
          </gpxtpx:TrackPointExtension>
        </extensions>
      </trkpt>
      <trkpt lat="36.03004852004913" lon="119.40764261820368">
        <ele>60.276129824109375</ele>
        <time>2025-01-17T10:28:44Z</time>
        <extensions>
          <gpxtpx:TrackPointExtension>
            <gpxtpx:hr>129</gpxtpx:hr>
          </gpxtpx:TrackPointExtension>
        </extensions>
      </trkpt>
      <trkpt lat="36.03007405751635" lon="119.4076208174024">
        <ele>60.36264877580106</ele>
        <time>2025-01-17T10:28:45Z</time>
        <extensions>
          <gpxtpx:TrackPointExtension>
            <gpxtpx:hr>129</gpxtpx:hr>
          </gpxtpx:TrackPointExtension>
        </extensions>
      </trkpt>
      <trkpt lat="36.03009976274838" lon="119.40760041887809">
        <ele>60.4517422914505</ele>
        <time>2025-01-17T10:28:46Z</time>
        <extensions>
          <gpxtpx:TrackPointExtension>
            <gpxtpx:hr>129</gpxtpx:hr>
          </gpxtpx:TrackPointExtension>
        </extensions>
      </trkpt>
      <trkpt lat="36.03012720791121" lon="119.40758169774864">
        <ele>60.54822950437665</ele>
        <time>2025-01-17T10:28:47Z</time>
        <extensions>
          <gpxtpx:TrackPointExtension>
            <gpxtpx:hr>129</gpxtpx:hr>
          </gpxtpx:TrackPointExtension>
        </extensions>
      </trkpt>
      <trkpt lat="36.030156179451936" lon="119.40756392515813">
        <ele>60.63875505235046</ele>
        <time>2025-01-17T10:28:48Z</time>
        <extensions>
          <gpxtpx:TrackPointExtension>
            <gpxtpx:hr>129</gpxtpx:hr>
          </gpxtpx:TrackPointExtension>
        </extensions>
      </trkpt>
      <trkpt lat="36.03018606083725" lon="119.40754600074288">
        <ele>60.71363747678697</ele>
        <time>2025-01-17T10:28:49Z</time>
        <extensions>
          <gpxtpx:TrackPointExtension>
            <gpxtpx:hr>134</gpxtpx:hr>
          </gpxtpx:TrackPointExtension>
        </extensions>
      </trkpt>
      <trkpt lat="36.030216149046886" lon="119.40752764579295">
        <ele>60.78646767977625</ele>
        <time>2025-01-17T10:28:50Z</time>
        <extensions>
          <gpxtpx:TrackPointExtension>
            <gpxtpx:hr>134</gpxtpx:hr>
          </gpxtpx:TrackPointExtension>
        </extensions>
      </trkpt>
      <trkpt lat="36.03024685967791" lon="119.40750792985277">
        <ele>60.92240265849978</ele>
        <time>2025-01-17T10:28:51Z</time>
        <extensions>
          <gpxtpx:TrackPointExtension>
            <gpxtpx:hr>134</gpxtpx:hr>
          </gpxtpx:TrackPointExtension>
        </extensions>
      </trkpt>
      <trkpt lat="36.030278499363845" lon="119.40748690422916">
        <ele>61.08856291882694</ele>
        <time>2025-01-17T10:28:52Z</time>
        <extensions>
          <gpxtpx:TrackPointExtension>
            <gpxtpx:hr>134</gpxtpx:hr>
          </gpxtpx:TrackPointExtension>
        </extensions>
      </trkpt>
      <trkpt lat="36.030309319868344" lon="119.40746593210086">
        <ele>61.250868058763444</ele>
        <time>2025-01-17T10:28:53Z</time>
        <extensions>
          <gpxtpx:TrackPointExtension>
            <gpxtpx:hr>134</gpxtpx:hr>
          </gpxtpx:TrackPointExtension>
        </extensions>
      </trkpt>
      <trkpt lat="36.030338830588974" lon="119.4074442918454">
        <ele>61.45680828113109</ele>
        <time>2025-01-17T10:28:54Z</time>
        <extensions>
          <gpxtpx:TrackPointExtension>
            <gpxtpx:hr>140</gpxtpx:hr>
          </gpxtpx:TrackPointExtension>
        </extensions>
      </trkpt>
      <trkpt lat="36.030367182330934" lon="119.40742203443534">
        <ele>61.64887180645019</ele>
        <time>2025-01-17T10:28:55Z</time>
        <extensions>
          <gpxtpx:TrackPointExtension>
            <gpxtpx:hr>140</gpxtpx:hr>
          </gpxtpx:TrackPointExtension>
        </extensions>
      </trkpt>
      <trkpt lat="36.030393500182846" lon="119.40739969093389">
        <ele>61.80197619833052</ele>
        <time>2025-01-17T10:28:56Z</time>
        <extensions>
          <gpxtpx:TrackPointExtension>
            <gpxtpx:hr>140</gpxtpx:hr>
          </gpxtpx:TrackPointExtension>
        </extensions>
      </trkpt>
      <trkpt lat="36.03041796658481" lon="119.40737550081226">
        <ele>61.96374361682683</ele>
        <time>2025-01-17T10:28:57Z</time>
        <extensions>
          <gpxtpx:TrackPointExtension>
            <gpxtpx:hr>140</gpxtpx:hr>
          </gpxtpx:TrackPointExtension>
        </extensions>
      </trkpt>
      <trkpt lat="36.0304415031611" lon="119.40734915808383">
        <ele>62.1271899510175</ele>
        <time>2025-01-17T10:28:58Z</time>
        <extensions>
          <gpxtpx:TrackPointExtension>
            <gpxtpx:hr>140</gpxtpx:hr>
          </gpxtpx:TrackPointExtension>
        </extensions>
      </trkpt>
      <trkpt lat="36.030464543735555" lon="119.40732161091351">
        <ele>62.28283344395459</ele>
        <time>2025-01-17T10:28:59Z</time>
        <extensions>
          <gpxtpx:TrackPointExtension>
            <gpxtpx:hr>140</gpxtpx:hr>
          </gpxtpx:TrackPointExtension>
        </extensions>
      </trkpt>
      <trkpt lat="36.03048695833061" lon="119.40729326051502">
        <ele>62.40848541632295</ele>
        <time>2025-01-17T10:29:00Z</time>
        <extensions>
          <gpxtpx:TrackPointExtension>
            <gpxtpx:hr>147</gpxtpx:hr>
          </gpxtpx:TrackPointExtension>
        </extensions>
      </trkpt>
      <trkpt lat="36.030508038162935" lon="119.40726592473591">
        <ele>62.50193716213107</ele>
        <time>2025-01-17T10:29:01Z</time>
        <extensions>
          <gpxtpx:TrackPointExtension>
            <gpxtpx:hr>147</gpxtpx:hr>
          </gpxtpx:TrackPointExtension>
        </extensions>
      </trkpt>
      <trkpt lat="36.03052766842638" lon="119.40723954461362">
        <ele>62.57192979473621</ele>
        <time>2025-01-17T10:29:02Z</time>
        <extensions>
          <gpxtpx:TrackPointExtension>
            <gpxtpx:hr>147</gpxtpx:hr>
          </gpxtpx:TrackPointExtension>
        </extensions>
      </trkpt>
      <trkpt lat="36.03054727515337" lon="119.4072121176847">
        <ele>62.613673771731555</ele>
        <time>2025-01-17T10:29:03Z</time>
        <extensions>
          <gpxtpx:TrackPointExtension>
            <gpxtpx:hr>147</gpxtpx:hr>
          </gpxtpx:TrackPointExtension>
        </extensions>
      </trkpt>
      <trkpt lat="36.03056684601845" lon="119.40718453929958">
        <ele>62.61304440628737</ele>
        <time>2025-01-17T10:29:04Z</time>
        <extensions>
          <gpxtpx:TrackPointExtension>
            <gpxtpx:hr>147</gpxtpx:hr>
          </gpxtpx:TrackPointExtension>
        </extensions>
      </trkpt>
      <trkpt lat="36.030584546614584" lon="119.40715847575326">
        <ele>62.582980420440435</ele>
        <time>2025-01-17T10:29:05Z</time>
        <extensions>
          <gpxtpx:TrackPointExtension>
            <gpxtpx:hr>147</gpxtpx:hr>
          </gpxtpx:TrackPointExtension>
        </extensions>
      </trkpt>
      <trkpt lat="36.03060004706648" lon="119.40713347980305">
        <ele>62.52596076391637</ele>
        <time>2025-01-17T10:29:06Z</time>
        <extensions>
          <gpxtpx:TrackPointExtension>
            <gpxtpx:hr>150</gpxtpx:hr>
          </gpxtpx:TrackPointExtension>
        </extensions>
      </trkpt>
      <trkpt lat="36.03061256018045" lon="119.4071094138003">
        <ele>62.4314999980852</ele>
        <time>2025-01-17T10:29:07Z</time>
        <extensions>
          <gpxtpx:TrackPointExtension>
            <gpxtpx:hr>150</gpxtpx:hr>
          </gpxtpx:TrackPointExtension>
        </extensions>
      </trkpt>
      <trkpt lat="36.030620605056505" lon="119.40708773054376">
        <ele>62.330026616342366</ele>
        <time>2025-01-17T10:29:08Z</time>
        <extensions>
          <gpxtpx:TrackPointExtension>
            <gpxtpx:hr>150</gpxtpx:hr>
          </gpxtpx:TrackPointExtension>
        </extensions>
      </trkpt>
      <trkpt lat="36.03062516006654" lon="119.40707065493802">
        <ele>62.21070746704936</ele>
        <time>2025-01-17T10:29:09Z</time>
        <extensions>
          <gpxtpx:TrackPointExtension>
            <gpxtpx:hr>150</gpxtpx:hr>
          </gpxtpx:TrackPointExtension>
        </extensions>
      </trkpt>
      <trkpt lat="36.03062856933852" lon="119.40705864770469">
        <ele>62.07151396851987</ele>
        <time>2025-01-17T10:29:10Z</time>
        <extensions>
          <gpxtpx:TrackPointExtension>
            <gpxtpx:hr>150</gpxtpx:hr>
          </gpxtpx:TrackPointExtension>
        </extensions>
      </trkpt>
      <trkpt lat="36.03063258974772" lon="119.40704946359595">
        <ele>61.91659215744585</ele>
        <time>2025-01-17T10:29:11Z</time>
        <extensions>
          <gpxtpx:TrackPointExtension>
            <gpxtpx:hr>157</gpxtpx:hr>
          </gpxtpx:TrackPointExtension>
        </extensions>
      </trkpt>
      <trkpt lat="36.03063781927479" lon="119.4070405040577">
        <ele>61.756129240617156</ele>
        <time>2025-01-17T10:29:12Z</time>
        <extensions>
          <gpxtpx:TrackPointExtension>
            <gpxtpx:hr>157</gpxtpx:hr>
          </gpxtpx:TrackPointExtension>
        </extensions>
      </trkpt>
      <trkpt lat="36.030643959855325" lon="119.40703072615642">
        <ele>61.592484465800226</ele>
        <time>2025-01-17T10:29:13Z</time>
        <extensions>
          <gpxtpx:TrackPointExtension>
            <gpxtpx:hr>157</gpxtpx:hr>
          </gpxtpx:TrackPointExtension>
        </extensions>
      </trkpt>
      <trkpt lat="36.03065060968625" lon="119.40702064844655">
        <ele>61.42648190446198</ele>
        <time>2025-01-17T10:29:14Z</time>
        <extensions>
          <gpxtpx:TrackPointExtension>
            <gpxtpx:hr>157</gpxtpx:hr>
          </gpxtpx:TrackPointExtension>
        </extensions>
      </trkpt>
      <trkpt lat="36.030657380535246" lon="119.40701024591296">
        <ele>61.25505272205919</ele>
        <time>2025-01-17T10:29:15Z</time>
        <extensions>
          <gpxtpx:TrackPointExtension>
            <gpxtpx:hr>157</gpxtpx:hr>
          </gpxtpx:TrackPointExtension>
        </extensions>
      </trkpt>
      <trkpt lat="36.03066423188916" lon="119.40699935970409">
        <ele>61.09111137222499</ele>
        <time>2025-01-17T10:29:16Z</time>
        <extensions>
          <gpxtpx:TrackPointExtension>
            <gpxtpx:hr>157</gpxtpx:hr>
          </gpxtpx:TrackPointExtension>
        </extensions>
      </trkpt>
      <trkpt lat="36.03067131381969" lon="119.40698824924496">
        <ele>60.93934665899724</ele>
        <time>2025-01-17T10:29:17Z</time>
        <extensions>
          <gpxtpx:TrackPointExtension>
            <gpxtpx:hr>158</gpxtpx:hr>
          </gpxtpx:TrackPointExtension>
        </extensions>
      </trkpt>
      <trkpt lat="36.0306778216127" lon="119.40697716642357">
        <ele>60.793797231279314</ele>
        <time>2025-01-17T10:29:18Z</time>
        <extensions>
          <gpxtpx:TrackPointExtension>
            <gpxtpx:hr>158</gpxtpx:hr>
          </gpxtpx:TrackPointExtension>
        </extensions>
      </trkpt>
      <trkpt lat="36.03068365795636" lon="119.40696610459554">
        <ele>60.65859762299806</ele>
        <time>2025-01-17T10:29:19Z</time>
        <extensions>
          <gpxtpx:TrackPointExtension>
            <gpxtpx:hr>158</gpxtpx:hr>
          </gpxtpx:TrackPointExtension>
        </extensions>
      </trkpt>
      <trkpt lat="36.030689520897354" lon="119.40695459763883">
        <ele>60.53624903596938</ele>
        <time>2025-01-17T10:29:20Z</time>
        <extensions>
          <gpxtpx:TrackPointExtension>
            <gpxtpx:hr>156</gpxtpx:hr>
          </gpxtpx:TrackPointExtension>
        </extensions>
      </trkpt>
      <trkpt lat="36.03069503232498" lon="119.40694233811763">
        <ele>60.41563474107534</ele>
        <time>2025-01-17T10:29:21Z</time>
        <extensions>
          <gpxtpx:TrackPointExtension>
            <gpxtpx:hr>156</gpxtpx:hr>
          </gpxtpx:TrackPointExtension>
        </extensions>
      </trkpt>
      <trkpt lat="36.030700136760444" lon="119.40692950855843">
        <ele>60.302471664734185</ele>
        <time>2025-01-17T10:29:22Z</time>
        <extensions>
          <gpxtpx:TrackPointExtension>
            <gpxtpx:hr>156</gpxtpx:hr>
          </gpxtpx:TrackPointExtension>
        </extensions>
      </trkpt>
      <trkpt lat="36.03070573184231" lon="119.40691592957509">
        <ele>60.21007848344743</ele>
        <time>2025-01-17T10:29:23Z</time>
        <extensions>
          <gpxtpx:TrackPointExtension>
            <gpxtpx:hr>156</gpxtpx:hr>
          </gpxtpx:TrackPointExtension>
        </extensions>
      </trkpt>
      <trkpt lat="36.03071258631062" lon="119.40690168695326">
        <ele>60.12731275707483</ele>
        <time>2025-01-17T10:29:24Z</time>
        <extensions>
          <gpxtpx:TrackPointExtension>
            <gpxtpx:hr>153</gpxtpx:hr>
          </gpxtpx:TrackPointExtension>
        </extensions>
      </trkpt>
      <trkpt lat="36.0307205254738" lon="119.40688749732108">
        <ele>60.056182025931776</ele>
        <time>2025-01-17T10:29:25Z</time>
        <extensions>
          <gpxtpx:TrackPointExtension>
            <gpxtpx:hr>153</gpxtpx:hr>
          </gpxtpx:TrackPointExtension>
        </extensions>
      </trkpt>
      <trkpt lat="36.0307294454497" lon="119.40687367424162">
        <ele>59.99571483395994</ele>
        <time>2025-01-17T10:29:26Z</time>
        <extensions>
          <gpxtpx:TrackPointExtension>
            <gpxtpx:hr>153</gpxtpx:hr>
          </gpxtpx:TrackPointExtension>
        </extensions>
      </trkpt>
      <trkpt lat="36.03073903964026" lon="119.40686024804205">
        <ele>59.95543247461319</ele>
        <time>2025-01-17T10:29:27Z</time>
        <extensions>
          <gpxtpx:TrackPointExtension>
            <gpxtpx:hr>153</gpxtpx:hr>
          </gpxtpx:TrackPointExtension>
        </extensions>
      </trkpt>
      <trkpt lat="36.03074810343568" lon="119.40684737044025">
        <ele>59.92815800756216</ele>
        <time>2025-01-17T10:29:28Z</time>
        <extensions>
          <gpxtpx:TrackPointExtension>
            <gpxtpx:hr>153</gpxtpx:hr>
          </gpxtpx:TrackPointExtension>
        </extensions>
      </trkpt>
      <trkpt lat="36.03075605764522" lon="119.40683473031292">
        <ele>59.91260995902121</ele>
        <time>2025-01-17T10:29:29Z</time>
        <extensions>
          <gpxtpx:TrackPointExtension>
            <gpxtpx:hr>153</gpxtpx:hr>
          </gpxtpx:TrackPointExtension>
        </extensions>
      </trkpt>
      <trkpt lat="36.030763581558524" lon="119.40682189338077">
        <ele>59.90575049445033</ele>
        <time>2025-01-17T10:29:30Z</time>
        <extensions>
          <gpxtpx:TrackPointExtension>
            <gpxtpx:hr>147</gpxtpx:hr>
          </gpxtpx:TrackPointExtension>
        </extensions>
      </trkpt>
      <trkpt lat="36.03077125920742" lon="119.40680885582529">
        <ele>59.90683646686375</ele>
        <time>2025-01-17T10:29:31Z</time>
        <extensions>
          <gpxtpx:TrackPointExtension>
            <gpxtpx:hr>147</gpxtpx:hr>
          </gpxtpx:TrackPointExtension>
        </extensions>
      </trkpt>
      <trkpt lat="36.03077885696988" lon="119.40679569845256">
        <ele>59.91890182252973</ele>
        <time>2025-01-17T10:29:32Z</time>
        <extensions>
          <gpxtpx:TrackPointExtension>
            <gpxtpx:hr>147</gpxtpx:hr>
          </gpxtpx:TrackPointExtension>
        </extensions>
      </trkpt>
      <trkpt lat="36.03078579081823" lon="119.406782261583">
        <ele>59.944203866645694</ele>
        <time>2025-01-17T10:29:33Z</time>
        <extensions>
          <gpxtpx:TrackPointExtension>
            <gpxtpx:hr>147</gpxtpx:hr>
          </gpxtpx:TrackPointExtension>
        </extensions>
      </trkpt>
      <trkpt lat="36.03079173026366" lon="119.40676835292255">
        <ele>59.96828868146986</ele>
        <time>2025-01-17T10:29:34Z</time>
        <extensions>
          <gpxtpx:TrackPointExtension>
            <gpxtpx:hr>147</gpxtpx:hr>
          </gpxtpx:TrackPointExtension>
        </extensions>
      </trkpt>
      <trkpt lat="36.03079691466774" lon="119.40675432542331">
        <ele>59.99506349302828</ele>
        <time>2025-01-17T10:29:35Z</time>
        <extensions>
          <gpxtpx:TrackPointExtension>
            <gpxtpx:hr>145</gpxtpx:hr>
          </gpxtpx:TrackPointExtension>
        </extensions>
      </trkpt>
      <trkpt lat="36.03080162855253" lon="119.40674047857593">
        <ele>60.03249987401068</ele>
        <time>2025-01-17T10:29:36Z</time>
        <extensions>
          <gpxtpx:TrackPointExtension>
            <gpxtpx:hr>145</gpxtpx:hr>
          </gpxtpx:TrackPointExtension>
        </extensions>
      </trkpt>
      <trkpt lat="36.03080630387094" lon="119.40672648270076">
        <ele>60.08222180046141</ele>
        <time>2025-01-17T10:29:37Z</time>
        <extensions>
          <gpxtpx:TrackPointExtension>
            <gpxtpx:hr>145</gpxtpx:hr>
          </gpxtpx:TrackPointExtension>
        </extensions>
      </trkpt>
      <trkpt lat="36.030810948175834" lon="119.4067122497402">
        <ele>60.12262959219515</ele>
        <time>2025-01-17T10:29:38Z</time>
        <extensions>
          <gpxtpx:TrackPointExtension>
            <gpxtpx:hr>142</gpxtpx:hr>
          </gpxtpx:TrackPointExtension>
        </extensions>
      </trkpt>
      <trkpt lat="36.03081505216647" lon="119.40669741536583">
        <ele>60.14983391016722</ele>
        <time>2025-01-17T10:29:39Z</time>
        <extensions>
          <gpxtpx:TrackPointExtension>
            <gpxtpx:hr>142</gpxtpx:hr>
          </gpxtpx:TrackPointExtension>
        </extensions>
      </trkpt>
      <trkpt lat="36.030818656165444" lon="119.40668185478683">
        <ele>60.18198256101459</ele>
        <time>2025-01-17T10:29:40Z</time>
        <extensions>
          <gpxtpx:TrackPointExtension>
            <gpxtpx:hr>142</gpxtpx:hr>
          </gpxtpx:TrackPointExtension>
        </extensions>
      </trkpt>
      <trkpt lat="36.03082222325598" lon="119.40666648946565">
        <ele>60.20081996452063</ele>
        <time>2025-01-17T10:29:41Z</time>
        <extensions>
          <gpxtpx:TrackPointExtension>
            <gpxtpx:hr>142</gpxtpx:hr>
          </gpxtpx:TrackPointExtension>
        </extensions>
      </trkpt>
      <trkpt lat="36.030826198882664" lon="119.40665164032343">
        <ele>60.21237392351031</ele>
        <time>2025-01-17T10:29:42Z</time>
        <extensions>
          <gpxtpx:TrackPointExtension>
            <gpxtpx:hr>142</gpxtpx:hr>
          </gpxtpx:TrackPointExtension>
        </extensions>
      </trkpt>
      <trkpt lat="36.03083070877535" lon="119.40663708244935">
        <ele>60.2181430188939</ele>
        <time>2025-01-17T10:29:43Z</time>
        <extensions>
          <gpxtpx:TrackPointExtension>
            <gpxtpx:hr>139</gpxtpx:hr>
          </gpxtpx:TrackPointExtension>
        </extensions>
      </trkpt>
      <trkpt lat="36.03083503630514" lon="119.40662246522947">
        <ele>60.227717966772616</ele>
        <time>2025-01-17T10:29:44Z</time>
        <extensions>
          <gpxtpx:TrackPointExtension>
            <gpxtpx:hr>139</gpxtpx:hr>
          </gpxtpx:TrackPointExtension>
        </extensions>
      </trkpt>
      <trkpt lat="36.0308383967439" lon="119.40660791110922">
        <ele>60.23335191234946</ele>
        <time>2025-01-17T10:29:45Z</time>
        <extensions>
          <gpxtpx:TrackPointExtension>
            <gpxtpx:hr>139</gpxtpx:hr>
          </gpxtpx:TrackPointExtension>
        </extensions>
      </trkpt>
      <trkpt lat="36.03084139077426" lon="119.40659497687422">
        <ele>60.237786972895265</ele>
        <time>2025-01-17T10:29:46Z</time>
        <extensions>
          <gpxtpx:TrackPointExtension>
            <gpxtpx:hr>139</gpxtpx:hr>
          </gpxtpx:TrackPointExtension>
        </extensions>
      </trkpt>
      <trkpt lat="36.030845153996474" lon="119.40658325522524">
        <ele>60.24383659660816</ele>
        <time>2025-01-17T10:29:47Z</time>
        <extensions>
          <gpxtpx:TrackPointExtension>
            <gpxtpx:hr>139</gpxtpx:hr>
          </gpxtpx:TrackPointExtension>
        </extensions>
      </trkpt>
      <trkpt lat="36.03084958941829" lon="119.40657230163178">
        <ele>60.24523552134633</ele>
        <time>2025-01-17T10:29:48Z</time>
        <extensions>
          <gpxtpx:TrackPointExtension>
            <gpxtpx:hr>139</gpxtpx:hr>
          </gpxtpx:TrackPointExtension>
        </extensions>
      </trkpt>
      <trkpt lat="36.03085393371962" lon="119.40656141724631">
        <ele>60.25308142229915</ele>
        <time>2025-01-17T10:29:49Z</time>
        <extensions>
          <gpxtpx:TrackPointExtension>
            <gpxtpx:hr>134</gpxtpx:hr>
          </gpxtpx:TrackPointExtension>
        </extensions>
      </trkpt>
      <trkpt lat="36.030857969154816" lon="119.40654857808651">
        <ele>60.2567345649004</ele>
        <time>2025-01-17T10:29:50Z</time>
        <extensions>
          <gpxtpx:TrackPointExtension>
            <gpxtpx:hr>134</gpxtpx:hr>
          </gpxtpx:TrackPointExtension>
        </extensions>
      </trkpt>
      <trkpt lat="36.03086168457185" lon="119.40653363898814">
        <ele>60.25039508007467</ele>
        <time>2025-01-17T10:29:51Z</time>
        <extensions>
          <gpxtpx:TrackPointExtension>
            <gpxtpx:hr>134</gpxtpx:hr>
          </gpxtpx:TrackPointExtension>
        </extensions>
      </trkpt>
      <trkpt lat="36.03086518721818" lon="119.40651790783306">
        <ele>60.23744753468782</ele>
        <time>2025-01-17T10:29:52Z</time>
        <extensions>
          <gpxtpx:TrackPointExtension>
            <gpxtpx:hr>134</gpxtpx:hr>
          </gpxtpx:TrackPointExtension>
        </extensions>
      </trkpt>
      <trkpt lat="36.030869081494814" lon="119.40650287403709">
        <ele>60.22233347129077</ele>
        <time>2025-01-17T10:29:53Z</time>
        <extensions>
          <gpxtpx:TrackPointExtension>
            <gpxtpx:hr>134</gpxtpx:hr>
          </gpxtpx:TrackPointExtension>
        </extensions>
      </trkpt>
      <trkpt lat="36.03087378749646" lon="119.4064888538349">
        <ele>60.196778452955186</ele>
        <time>2025-01-17T10:29:54Z</time>
        <extensions>
          <gpxtpx:TrackPointExtension>
            <gpxtpx:hr>134</gpxtpx:hr>
          </gpxtpx:TrackPointExtension>
        </extensions>
      </trkpt>
      <trkpt lat="36.03087828771189" lon="119.40647580231816">
        <ele>60.18857723195106</ele>
        <time>2025-01-17T10:29:55Z</time>
        <extensions>
          <gpxtpx:TrackPointExtension>
            <gpxtpx:hr>134</gpxtpx:hr>
          </gpxtpx:TrackPointExtension>
        </extensions>
      </trkpt>
      <trkpt lat="36.030881850412605" lon="119.4064633767203">
        <ele>60.196847854182124</ele>
        <time>2025-01-17T10:29:56Z</time>
        <extensions>
          <gpxtpx:TrackPointExtension>
            <gpxtpx:hr>122</gpxtpx:hr>
          </gpxtpx:TrackPointExtension>
        </extensions>
      </trkpt>
      <trkpt lat="36.03088495103629" lon="119.40645112621803">
        <ele>60.22576676309109</ele>
        <time>2025-01-17T10:29:57Z</time>
        <extensions>
          <gpxtpx:TrackPointExtension>
            <gpxtpx:hr>122</gpxtpx:hr>
          </gpxtpx:TrackPointExtension>
        </extensions>
      </trkpt>
      <trkpt lat="36.03088820746652" lon="119.40643865403248">
        <ele>60.23457902017981</ele>
        <time>2025-01-17T10:29:58Z</time>
        <extensions>
          <gpxtpx:TrackPointExtension>
            <gpxtpx:hr>122</gpxtpx:hr>
          </gpxtpx:TrackPointExtension>
        </extensions>
      </trkpt>
      <trkpt lat="36.030891622578324" lon="119.40642583029303">
        <ele>60.253403443843126</ele>
        <time>2025-01-17T10:29:59Z</time>
        <extensions>
          <gpxtpx:TrackPointExtension>
            <gpxtpx:hr>122</gpxtpx:hr>
          </gpxtpx:TrackPointExtension>
        </extensions>
      </trkpt>
      <trkpt lat="36.03089559095242" lon="119.4064129704548">
        <ele>60.23605626821518</ele>
        <time>2025-01-17T10:30:00Z</time>
        <extensions>
          <gpxtpx:TrackPointExtension>
            <gpxtpx:hr>122</gpxtpx:hr>
          </gpxtpx:TrackPointExtension>
        </extensions>
      </trkpt>
      <trkpt lat="36.03090025287377" lon="119.40639925473006">
        <ele>60.250204065814614</ele>
        <time>2025-01-17T10:30:01Z</time>
        <extensions>
          <gpxtpx:TrackPointExtension>
            <gpxtpx:hr>122</gpxtpx:hr>
          </gpxtpx:TrackPointExtension>
        </extensions>
      </trkpt>
      <trkpt lat="36.030904518016996" lon="119.40638435308679">
        <ele>60.2774160085246</ele>
        <time>2025-01-17T10:30:02Z</time>
        <extensions>
          <gpxtpx:TrackPointExtension>
            <gpxtpx:hr>122</gpxtpx:hr>
          </gpxtpx:TrackPointExtension>
        </extensions>
      </trkpt>
      <trkpt lat="36.03090739672796" lon="119.40636837657563">
        <ele>60.296045298688114</ele>
        <time>2025-01-17T10:30:03Z</time>
        <extensions>
          <gpxtpx:TrackPointExtension>
            <gpxtpx:hr>122</gpxtpx:hr>
          </gpxtpx:TrackPointExtension>
        </extensions>
      </trkpt>
      <trkpt lat="36.030909137201625" lon="119.40635055958172">
        <ele>60.30741145461798</ele>
        <time>2025-01-17T10:30:04Z</time>
        <extensions>
          <gpxtpx:TrackPointExtension>
            <gpxtpx:hr>122</gpxtpx:hr>
          </gpxtpx:TrackPointExtension>
        </extensions>
      </trkpt>
      <trkpt lat="36.030910671441795" lon="119.40633177407591">
        <ele>60.31345444731414</ele>
        <time>2025-01-17T10:30:05Z</time>
        <extensions>
          <gpxtpx:TrackPointExtension>
            <gpxtpx:hr>118</gpxtpx:hr>
          </gpxtpx:TrackPointExtension>
        </extensions>
      </trkpt>
      <trkpt lat="36.03091342339651" lon="119.40631126083794">
        <ele>60.3274587104097</ele>
        <time>2025-01-17T10:30:06Z</time>
        <extensions>
          <gpxtpx:TrackPointExtension>
            <gpxtpx:hr>118</gpxtpx:hr>
          </gpxtpx:TrackPointExtension>
        </extensions>
      </trkpt>
      <trkpt lat="36.030918025843256" lon="119.4062895641477">
        <ele>60.35617094114423</ele>
        <time>2025-01-17T10:30:07Z</time>
        <extensions>
          <gpxtpx:TrackPointExtension>
            <gpxtpx:hr>118</gpxtpx:hr>
          </gpxtpx:TrackPointExtension>
        </extensions>
      </trkpt>
      <trkpt lat="36.030923056283385" lon="119.40626931999526">
        <ele>60.37307772412896</ele>
        <time>2025-01-17T10:30:08Z</time>
        <extensions>
          <gpxtpx:TrackPointExtension>
            <gpxtpx:hr>118</gpxtpx:hr>
          </gpxtpx:TrackPointExtension>
        </extensions>
      </trkpt>
      <trkpt lat="36.03092805399556" lon="119.40624656823381">
        <ele>60.381500566378236</ele>
        <time>2025-01-17T10:30:09Z</time>
        <extensions>
          <gpxtpx:TrackPointExtension>
            <gpxtpx:hr>116</gpxtpx:hr>
          </gpxtpx:TrackPointExtension>
        </extensions>
      </trkpt>
      <trkpt lat="36.03093286708969" lon="119.40622250107653">
        <ele>60.37743252143264</ele>
        <time>2025-01-17T10:30:10Z</time>
        <extensions>
          <gpxtpx:TrackPointExtension>
            <gpxtpx:hr>116</gpxtpx:hr>
          </gpxtpx:TrackPointExtension>
        </extensions>
      </trkpt>
      <trkpt lat="36.03093796874105" lon="119.40619807371426">
        <ele>60.350882300175726</ele>
        <time>2025-01-17T10:30:11Z</time>
        <extensions>
          <gpxtpx:TrackPointExtension>
            <gpxtpx:hr>116</gpxtpx:hr>
          </gpxtpx:TrackPointExtension>
        </extensions>
      </trkpt>
      <trkpt lat="36.0309435055827" lon="119.40617288616858">
        <ele>60.332530941814184</ele>
        <time>2025-01-17T10:30:12Z</time>
        <extensions>
          <gpxtpx:TrackPointExtension>
            <gpxtpx:hr>116</gpxtpx:hr>
          </gpxtpx:TrackPointExtension>
        </extensions>
      </trkpt>
      <trkpt lat="36.03094826701394" lon="119.40614980259379">
        <ele>60.27436942793429</ele>
        <time>2025-01-17T10:30:13Z</time>
        <extensions>
          <gpxtpx:TrackPointExtension>
            <gpxtpx:hr>122</gpxtpx:hr>
          </gpxtpx:TrackPointExtension>
        </extensions>
      </trkpt>
      <trkpt lat="36.03095294214489" lon="119.40612222302022">
        <ele>60.236257751472294</ele>
        <time>2025-01-17T10:30:14Z</time>
        <extensions>
          <gpxtpx:TrackPointExtension>
            <gpxtpx:hr>122</gpxtpx:hr>
          </gpxtpx:TrackPointExtension>
        </extensions>
      </trkpt>
      <trkpt lat="36.03095880509217" lon="119.40608211353336">
        <ele>60.21274771075696</ele>
        <time>2025-01-17T10:30:15Z</time>
        <extensions>
          <gpxtpx:TrackPointExtension>
            <gpxtpx:hr>122</gpxtpx:hr>
          </gpxtpx:TrackPointExtension>
        </extensions>
      </trkpt>
      <trkpt lat="36.030965132697084" lon="119.40603364846754">
        <ele>60.20803651586175</ele>
        <time>2025-01-17T10:30:16Z</time>
        <extensions>
          <gpxtpx:TrackPointExtension>
            <gpxtpx:hr>122</gpxtpx:hr>
          </gpxtpx:TrackPointExtension>
        </extensions>
      </trkpt>
      <trkpt lat="36.03097074736668" lon="119.40598556118596">
        <ele>60.260378666222095</ele>
        <time>2025-01-17T10:30:17Z</time>
        <extensions>
          <gpxtpx:TrackPointExtension>
            <gpxtpx:hr>122</gpxtpx:hr>
          </gpxtpx:TrackPointExtension>
        </extensions>
      </trkpt>
      <trkpt lat="36.03097543425198" lon="119.40594072033713">
        <ele>60.26907271891832</ele>
        <time>2025-01-17T10:30:18Z</time>
        <extensions>
          <gpxtpx:TrackPointExtension>
            <gpxtpx:hr>122</gpxtpx:hr>
          </gpxtpx:TrackPointExtension>
        </extensions>
      </trkpt>
      <trkpt lat="36.03097900783177" lon="119.4058973578608">
        <ele>60.28848202433437</ele>
        <time>2025-01-17T10:30:19Z</time>
        <extensions>
          <gpxtpx:TrackPointExtension>
            <gpxtpx:hr>122</gpxtpx:hr>
          </gpxtpx:TrackPointExtension>
        </extensions>
      </trkpt>
      <trkpt lat="36.030981801902584" lon="119.40585376977691">
        <ele>60.284193153493106</ele>
        <time>2025-01-17T10:30:20Z</time>
        <extensions>
          <gpxtpx:TrackPointExtension>
            <gpxtpx:hr>136</gpxtpx:hr>
          </gpxtpx:TrackPointExtension>
        </extensions>
      </trkpt>
      <trkpt lat="36.0309839956056" lon="119.40581028519985">
        <ele>60.27057085186243</ele>
        <time>2025-01-17T10:30:21Z</time>
        <extensions>
          <gpxtpx:TrackPointExtension>
            <gpxtpx:hr>136</gpxtpx:hr>
          </gpxtpx:TrackPointExtension>
        </extensions>
      </trkpt>
      <trkpt lat="36.03098529011796" lon="119.4057662921501">
        <ele>60.30673041008413</ele>
        <time>2025-01-17T10:30:22Z</time>
        <extensions>
          <gpxtpx:TrackPointExtension>
            <gpxtpx:hr>136</gpxtpx:hr>
          </gpxtpx:TrackPointExtension>
        </extensions>
      </trkpt>
      <trkpt lat="36.03098555018115" lon="119.40572231213227">
        <ele>60.34742581192404</ele>
        <time>2025-01-17T10:30:23Z</time>
        <extensions>
          <gpxtpx:TrackPointExtension>
            <gpxtpx:hr>136</gpxtpx:hr>
          </gpxtpx:TrackPointExtension>
        </extensions>
      </trkpt>
      <trkpt lat="36.030984136233776" lon="119.40567890197093">
        <ele>60.42588937468827</ele>
        <time>2025-01-17T10:30:24Z</time>
        <extensions>
          <gpxtpx:TrackPointExtension>
            <gpxtpx:hr>136</gpxtpx:hr>
          </gpxtpx:TrackPointExtension>
        </extensions>
      </trkpt>
      <trkpt lat="36.03098057499648" lon="119.40563447330383">
        <ele>60.52148720808327</ele>
        <time>2025-01-17T10:30:25Z</time>
        <extensions>
          <gpxtpx:TrackPointExtension>
            <gpxtpx:hr>136</gpxtpx:hr>
          </gpxtpx:TrackPointExtension>
        </extensions>
      </trkpt>
      <trkpt lat="36.03097567950181" lon="119.40558953618705">
        <ele>60.62292291969061</ele>
        <time>2025-01-17T10:30:26Z</time>
        <extensions>
          <gpxtpx:TrackPointExtension>
            <gpxtpx:hr>141</gpxtpx:hr>
          </gpxtpx:TrackPointExtension>
        </extensions>
      </trkpt>
      <trkpt lat="36.03096978744938" lon="119.40554472633423">
        <ele>60.69209023471922</ele>
        <time>2025-01-17T10:30:27Z</time>
        <extensions>
          <gpxtpx:TrackPointExtension>
            <gpxtpx:hr>141</gpxtpx:hr>
          </gpxtpx:TrackPointExtension>
        </extensions>
      </trkpt>
      <trkpt lat="36.030963154362745" lon="119.40550009428338">
        <ele>60.73399286158383</ele>
        <time>2025-01-17T10:30:28Z</time>
        <extensions>
          <gpxtpx:TrackPointExtension>
            <gpxtpx:hr>141</gpxtpx:hr>
          </gpxtpx:TrackPointExtension>
        </extensions>
      </trkpt>
      <trkpt lat="36.03095711444714" lon="119.40545808294625">
        <ele>60.770195323973894</ele>
        <time>2025-01-17T10:30:29Z</time>
        <extensions>
          <gpxtpx:TrackPointExtension>
            <gpxtpx:hr>141</gpxtpx:hr>
          </gpxtpx:TrackPointExtension>
        </extensions>
      </trkpt>
      <trkpt lat="36.03095169374216" lon="119.40541943686826">
        <ele>60.78544923197478</ele>
        <time>2025-01-17T10:30:30Z</time>
        <extensions>
          <gpxtpx:TrackPointExtension>
            <gpxtpx:hr>141</gpxtpx:hr>
          </gpxtpx:TrackPointExtension>
        </extensions>
      </trkpt>
      <trkpt lat="36.0309462086148" lon="119.40538291680599">
        <ele>60.81524044275284</ele>
        <time>2025-01-17T10:30:31Z</time>
        <extensions>
          <gpxtpx:TrackPointExtension>
            <gpxtpx:hr>141</gpxtpx:hr>
          </gpxtpx:TrackPointExtension>
        </extensions>
      </trkpt>
      <trkpt lat="36.03094012572158" lon="119.40534719120343">
        <ele>60.83557264320552</ele>
        <time>2025-01-17T10:30:32Z</time>
        <extensions>
          <gpxtpx:TrackPointExtension>
            <gpxtpx:hr>149</gpxtpx:hr>
          </gpxtpx:TrackPointExtension>
        </extensions>
      </trkpt>
      <trkpt lat="36.030932832874214" lon="119.40530955533384">
        <ele>60.80451485700905</ele>
        <time>2025-01-17T10:30:33Z</time>
        <extensions>
          <gpxtpx:TrackPointExtension>
            <gpxtpx:hr>149</gpxtpx:hr>
          </gpxtpx:TrackPointExtension>
        </extensions>
      </trkpt>
      <trkpt lat="36.03092489367379" lon="119.40527012806743">
        <ele>60.78320126887411</ele>
        <time>2025-01-17T10:30:34Z</time>
        <extensions>
          <gpxtpx:TrackPointExtension>
            <gpxtpx:hr>149</gpxtpx:hr>
          </gpxtpx:TrackPointExtension>
        </extensions>
      </trkpt>
      <trkpt lat="36.03091641328582" lon="119.40523021025547">
        <ele>60.756781624630094</ele>
        <time>2025-01-17T10:30:35Z</time>
        <extensions>
          <gpxtpx:TrackPointExtension>
            <gpxtpx:hr>149</gpxtpx:hr>
          </gpxtpx:TrackPointExtension>
        </extensions>
      </trkpt>
      <trkpt lat="36.03090680663657" lon="119.40518988715976">
        <ele>60.722056686878204</ele>
        <time>2025-01-17T10:30:36Z</time>
        <extensions>
          <gpxtpx:TrackPointExtension>
            <gpxtpx:hr>149</gpxtpx:hr>
          </gpxtpx:TrackPointExtension>
        </extensions>
      </trkpt>
      <trkpt lat="36.03089666149218" lon="119.40515148724819">
        <ele>60.66720260865986</ele>
        <time>2025-01-17T10:30:37Z</time>
        <extensions>
          <gpxtpx:TrackPointExtension>
            <gpxtpx:hr>149</gpxtpx:hr>
          </gpxtpx:TrackPointExtension>
        </extensions>
      </trkpt>
      <trkpt lat="36.03088620151817" lon="119.40511484536609">
        <ele>60.54405431635678</ele>
        <time>2025-01-17T10:30:38Z</time>
        <extensions>
          <gpxtpx:TrackPointExtension>
            <gpxtpx:hr>149</gpxtpx:hr>
          </gpxtpx:TrackPointExtension>
        </extensions>
      </trkpt>
      <trkpt lat="36.03087556931103" lon="119.4050781855828">
        <ele>60.45293836016208</ele>
        <time>2025-01-17T10:30:39Z</time>
        <extensions>
          <gpxtpx:TrackPointExtension>
            <gpxtpx:hr>149</gpxtpx:hr>
          </gpxtpx:TrackPointExtension>
        </extensions>
      </trkpt>
      <trkpt lat="36.03086557381156" lon="119.40504226044601">
        <ele>60.361478756181896</ele>
        <time>2025-01-17T10:30:40Z</time>
        <extensions>
          <gpxtpx:TrackPointExtension>
            <gpxtpx:hr>149</gpxtpx:hr>
          </gpxtpx:TrackPointExtension>
        </extensions>
      </trkpt>
      <trkpt lat="36.03085593458786" lon="119.4050072575279">
        <ele>60.276700056158006</ele>
        <time>2025-01-17T10:30:41Z</time>
        <extensions>
          <gpxtpx:TrackPointExtension>
            <gpxtpx:hr>149</gpxtpx:hr>
          </gpxtpx:TrackPointExtension>
        </extensions>
      </trkpt>
      <trkpt lat="36.03084560802028" lon="119.40497262812231">
        <ele>60.23457084503025</ele>
        <time>2025-01-17T10:30:42Z</time>
        <extensions>
          <gpxtpx:TrackPointExtension>
            <gpxtpx:hr>155</gpxtpx:hr>
          </gpxtpx:TrackPointExtension>
        </extensions>
      </trkpt>
      <trkpt lat="36.03083381952792" lon="119.40493796990275">
        <ele>60.16834932938218</ele>
        <time>2025-01-17T10:30:43Z</time>
        <extensions>
          <gpxtpx:TrackPointExtension>
            <gpxtpx:hr>155</gpxtpx:hr>
          </gpxtpx:TrackPointExtension>
        </extensions>
      </trkpt>
      <trkpt lat="36.03082047351424" lon="119.40490202566303">
        <ele>60.101993582211435</ele>
        <time>2025-01-17T10:30:44Z</time>
        <extensions>
          <gpxtpx:TrackPointExtension>
            <gpxtpx:hr>155</gpxtpx:hr>
          </gpxtpx:TrackPointExtension>
        </extensions>
      </trkpt>
      <trkpt lat="36.03080731915595" lon="119.40486542123901">
        <ele>60.04253369849175</ele>
        <time>2025-01-17T10:30:45Z</time>
        <extensions>
          <gpxtpx:TrackPointExtension>
            <gpxtpx:hr>155</gpxtpx:hr>
          </gpxtpx:TrackPointExtension>
        </extensions>
      </trkpt>
      <trkpt lat="36.03079502978138" lon="119.40482939368934">
        <ele>59.96586241386831</ele>
        <time>2025-01-17T10:30:46Z</time>
        <extensions>
          <gpxtpx:TrackPointExtension>
            <gpxtpx:hr>155</gpxtpx:hr>
          </gpxtpx:TrackPointExtension>
        </extensions>
      </trkpt>
      <trkpt lat="36.03078230527461" lon="119.40479431252159">
        <ele>59.9079974507913</ele>
        <time>2025-01-17T10:30:47Z</time>
        <extensions>
          <gpxtpx:TrackPointExtension>
            <gpxtpx:hr>155</gpxtpx:hr>
          </gpxtpx:TrackPointExtension>
        </extensions>
      </trkpt>
      <trkpt lat="36.03076858962349" lon="119.40476117363743">
        <ele>59.86385960318148</ele>
        <time>2025-01-17T10:30:48Z</time>
        <extensions>
          <gpxtpx:TrackPointExtension>
            <gpxtpx:hr>155</gpxtpx:hr>
          </gpxtpx:TrackPointExtension>
        </extensions>
      </trkpt>
      <trkpt lat="36.03075275636422" lon="119.40473001493503">
        <ele>59.85176108498126</ele>
        <time>2025-01-17T10:30:49Z</time>
        <extensions>
          <gpxtpx:TrackPointExtension>
            <gpxtpx:hr>155</gpxtpx:hr>
          </gpxtpx:TrackPointExtension>
        </extensions>
      </trkpt>
      <trkpt lat="36.03073466350587" lon="119.40470036025759">
        <ele>59.809856480918825</ele>
        <time>2025-01-17T10:30:50Z</time>
        <extensions>
          <gpxtpx:TrackPointExtension>
            <gpxtpx:hr>155</gpxtpx:hr>
          </gpxtpx:TrackPointExtension>
        </extensions>
      </trkpt>
      <trkpt lat="36.030715771795926" lon="119.40467194698819">
        <ele>59.73401961941272</ele>
        <time>2025-01-17T10:30:51Z</time>
        <extensions>
          <gpxtpx:TrackPointExtension>
            <gpxtpx:hr>155</gpxtpx:hr>
          </gpxtpx:TrackPointExtension>
        </extensions>
      </trkpt>
      <trkpt lat="36.03069624351252" lon="119.40464283355531">
        <ele>59.675261590629816</ele>
        <time>2025-01-17T10:30:52Z</time>
        <extensions>
          <gpxtpx:TrackPointExtension>
            <gpxtpx:hr>155</gpxtpx:hr>
          </gpxtpx:TrackPointExtension>
        </extensions>
      </trkpt>
      <trkpt lat="36.030677064478176" lon="119.40461227250357">
        <ele>59.61310073547065</ele>
        <time>2025-01-17T10:30:53Z</time>
        <extensions>
          <gpxtpx:TrackPointExtension>
            <gpxtpx:hr>155</gpxtpx:hr>
          </gpxtpx:TrackPointExtension>
        </extensions>
      </trkpt>
      <trkpt lat="36.03065952437323" lon="119.40458185950328">
        <ele>59.571862205863</ele>
        <time>2025-01-17T10:30:54Z</time>
        <extensions>
          <gpxtpx:TrackPointExtension>
            <gpxtpx:hr>157</gpxtpx:hr>
          </gpxtpx:TrackPointExtension>
        </extensions>
      </trkpt>
      <trkpt lat="36.03064263999731" lon="119.40455142255901">
        <ele>59.55972097720951</ele>
        <time>2025-01-17T10:30:55Z</time>
        <extensions>
          <gpxtpx:TrackPointExtension>
            <gpxtpx:hr>157</gpxtpx:hr>
          </gpxtpx:TrackPointExtension>
        </extensions>
      </trkpt>
      <trkpt lat="36.0306256931504" lon="119.40452020042504">
        <ele>59.529379561543465</ele>
        <time>2025-01-17T10:30:56Z</time>
        <extensions>
          <gpxtpx:TrackPointExtension>
            <gpxtpx:hr>157</gpxtpx:hr>
          </gpxtpx:TrackPointExtension>
        </extensions>
      </trkpt>
      <trkpt lat="36.03060809504839" lon="119.4044889304431">
        <ele>59.50751570612192</ele>
        <time>2025-01-17T10:30:57Z</time>
        <extensions>
          <gpxtpx:TrackPointExtension>
            <gpxtpx:hr>157</gpxtpx:hr>
          </gpxtpx:TrackPointExtension>
        </extensions>
      </trkpt>
      <trkpt lat="36.03058901579689" lon="119.4044582066556">
        <ele>59.52141691558063</ele>
        <time>2025-01-17T10:30:58Z</time>
        <extensions>
          <gpxtpx:TrackPointExtension>
            <gpxtpx:hr>157</gpxtpx:hr>
          </gpxtpx:TrackPointExtension>
        </extensions>
      </trkpt>
      <trkpt lat="36.03056996061327" lon="119.40442847423805">
        <ele>59.540791410021484</ele>
        <time>2025-01-17T10:30:59Z</time>
        <extensions>
          <gpxtpx:TrackPointExtension>
            <gpxtpx:hr>157</gpxtpx:hr>
          </gpxtpx:TrackPointExtension>
        </extensions>
      </trkpt>
      <trkpt lat="36.03055150651213" lon="119.40440007636936">
        <ele>59.58797328919172</ele>
        <time>2025-01-17T10:31:00Z</time>
        <extensions>
          <gpxtpx:TrackPointExtension>
            <gpxtpx:hr>157</gpxtpx:hr>
          </gpxtpx:TrackPointExtension>
        </extensions>
      </trkpt>
      <trkpt lat="36.030532506393115" lon="119.40437241853479">
        <ele>59.61052594985813</ele>
        <time>2025-01-17T10:31:01Z</time>
        <extensions>
          <gpxtpx:TrackPointExtension>
            <gpxtpx:hr>157</gpxtpx:hr>
          </gpxtpx:TrackPointExtension>
        </extensions>
      </trkpt>
      <trkpt lat="36.03051329591325" lon="119.40434608157935">
        <ele>59.63438328914344</ele>
        <time>2025-01-17T10:31:02Z</time>
        <extensions>
          <gpxtpx:TrackPointExtension>
            <gpxtpx:hr>157</gpxtpx:hr>
          </gpxtpx:TrackPointExtension>
        </extensions>
      </trkpt>
      <trkpt lat="36.030493308598714" lon="119.40432189968793">
        <ele>59.72048622183502</ele>
        <time>2025-01-17T10:31:03Z</time>
        <extensions>
          <gpxtpx:TrackPointExtension>
            <gpxtpx:hr>157</gpxtpx:hr>
          </gpxtpx:TrackPointExtension>
        </extensions>
      </trkpt>
      <trkpt lat="36.03047129052896" lon="119.40429943756344">
        <ele>59.81337538547814</ele>
        <time>2025-01-17T10:31:04Z</time>
        <extensions>
          <gpxtpx:TrackPointExtension>
            <gpxtpx:hr>157</gpxtpx:hr>
          </gpxtpx:TrackPointExtension>
        </extensions>
      </trkpt>
      <trkpt lat="36.030448409290244" lon="119.40427780516067">
        <ele>59.92804984841496</ele>
        <time>2025-01-17T10:31:05Z</time>
        <extensions>
          <gpxtpx:TrackPointExtension>
            <gpxtpx:hr>157</gpxtpx:hr>
          </gpxtpx:TrackPointExtension>
        </extensions>
      </trkpt>
      <trkpt lat="36.03042568851483" lon="119.40425701888257">
        <ele>60.03376596421003</ele>
        <time>2025-01-17T10:31:06Z</time>
        <extensions>
          <gpxtpx:TrackPointExtension>
            <gpxtpx:hr>161</gpxtpx:hr>
          </gpxtpx:TrackPointExtension>
        </extensions>
      </trkpt>
      <trkpt lat="36.030402871042675" lon="119.40423803459485">
        <ele>60.131538370624185</ele>
        <time>2025-01-17T10:31:07Z</time>
        <extensions>
          <gpxtpx:TrackPointExtension>
            <gpxtpx:hr>161</gpxtpx:hr>
          </gpxtpx:TrackPointExtension>
        </extensions>
      </trkpt>
      <trkpt lat="36.03038035098025" lon="119.40422124730524">
        <ele>60.3084667827934</ele>
        <time>2025-01-17T10:31:08Z</time>
        <extensions>
          <gpxtpx:TrackPointExtension>
            <gpxtpx:hr>161</gpxtpx:hr>
          </gpxtpx:TrackPointExtension>
        </extensions>
      </trkpt>
      <trkpt lat="36.0303582036116" lon="119.40420502083956">
        <ele>60.463581944815814</ele>
        <time>2025-01-17T10:31:09Z</time>
        <extensions>
          <gpxtpx:TrackPointExtension>
            <gpxtpx:hr>161</gpxtpx:hr>
          </gpxtpx:TrackPointExtension>
        </extensions>
      </trkpt>
      <trkpt lat="36.03033608227873" lon="119.40418733152221">
        <ele>60.646939790807664</ele>
        <time>2025-01-17T10:31:10Z</time>
        <extensions>
          <gpxtpx:TrackPointExtension>
            <gpxtpx:hr>161</gpxtpx:hr>
          </gpxtpx:TrackPointExtension>
        </extensions>
      </trkpt>
      <trkpt lat="36.03031450945088" lon="119.40416832457575">
        <ele>60.806615761481225</ele>
        <time>2025-01-17T10:31:11Z</time>
        <extensions>
          <gpxtpx:TrackPointExtension>
            <gpxtpx:hr>161</gpxtpx:hr>
          </gpxtpx:TrackPointExtension>
        </extensions>
      </trkpt>
      <trkpt lat="36.0302925730234" lon="119.40415001544929">
        <ele>60.909989840351045</ele>
        <time>2025-01-17T10:31:12Z</time>
        <extensions>
          <gpxtpx:TrackPointExtension>
            <gpxtpx:hr>161</gpxtpx:hr>
          </gpxtpx:TrackPointExtension>
        </extensions>
      </trkpt>
      <trkpt lat="36.03026861503944" lon="119.40413411478671">
        <ele>61.00858869124204</ele>
        <time>2025-01-17T10:31:13Z</time>
        <extensions>
          <gpxtpx:TrackPointExtension>
            <gpxtpx:hr>161</gpxtpx:hr>
          </gpxtpx:TrackPointExtension>
        </extensions>
      </trkpt>
      <trkpt lat="36.03024299371449" lon="119.40412061754478">
        <ele>61.075622386299074</ele>
        <time>2025-01-17T10:31:14Z</time>
        <extensions>
          <gpxtpx:TrackPointExtension>
            <gpxtpx:hr>161</gpxtpx:hr>
          </gpxtpx:TrackPointExtension>
        </extensions>
      </trkpt>
      <trkpt lat="36.0302163709742" lon="119.40410872263541">
        <ele>61.12562184780836</ele>
        <time>2025-01-17T10:31:15Z</time>
        <extensions>
          <gpxtpx:TrackPointExtension>
            <gpxtpx:hr>161</gpxtpx:hr>
          </gpxtpx:TrackPointExtension>
        </extensions>
      </trkpt>
      <trkpt lat="36.03018896428988" lon="119.40409708035952">
        <ele>61.179840627126396</ele>
        <time>2025-01-17T10:31:16Z</time>
        <extensions>
          <gpxtpx:TrackPointExtension>
            <gpxtpx:hr>162</gpxtpx:hr>
          </gpxtpx:TrackPointExtension>
        </extensions>
      </trkpt>
      <trkpt lat="36.030161541865795" lon="119.40408491752733">
        <ele>61.21021551359445</ele>
        <time>2025-01-17T10:31:17Z</time>
        <extensions>
          <gpxtpx:TrackPointExtension>
            <gpxtpx:hr>162</gpxtpx:hr>
          </gpxtpx:TrackPointExtension>
        </extensions>
      </trkpt>
      <trkpt lat="36.030134514903" lon="119.40407260565945">
        <ele>61.20640414021909</ele>
        <time>2025-01-17T10:31:18Z</time>
        <extensions>
          <gpxtpx:TrackPointExtension>
            <gpxtpx:hr>162</gpxtpx:hr>
          </gpxtpx:TrackPointExtension>
        </extensions>
      </trkpt>
      <trkpt lat="36.0301081003775" lon="119.40405998033707">
        <ele>61.234657909721136</ele>
        <time>2025-01-17T10:31:19Z</time>
        <extensions>
          <gpxtpx:TrackPointExtension>
            <gpxtpx:hr>162</gpxtpx:hr>
          </gpxtpx:TrackPointExtension>
        </extensions>
      </trkpt>
      <trkpt lat="36.030083031923375" lon="119.40404687783588">
        <ele>61.20573470555246</ele>
        <time>2025-01-17T10:31:20Z</time>
        <extensions>
          <gpxtpx:TrackPointExtension>
            <gpxtpx:hr>162</gpxtpx:hr>
          </gpxtpx:TrackPointExtension>
        </extensions>
      </trkpt>
      <trkpt lat="36.03005906639329" lon="119.40403350486702">
        <ele>61.13939360156655</ele>
        <time>2025-01-17T10:31:21Z</time>
        <extensions>
          <gpxtpx:TrackPointExtension>
            <gpxtpx:hr>163</gpxtpx:hr>
          </gpxtpx:TrackPointExtension>
        </extensions>
      </trkpt>
      <trkpt lat="36.03003505072025" lon="119.40401994255258">
        <ele>61.08681162633002</ele>
        <time>2025-01-17T10:31:22Z</time>
        <extensions>
          <gpxtpx:TrackPointExtension>
            <gpxtpx:hr>163</gpxtpx:hr>
          </gpxtpx:TrackPointExtension>
        </extensions>
      </trkpt>
      <trkpt lat="36.03001069624044" lon="119.4040061515171">
        <ele>61.01330257207155</ele>
        <time>2025-01-17T10:31:23Z</time>
        <extensions>
          <gpxtpx:TrackPointExtension>
            <gpxtpx:hr>163</gpxtpx:hr>
          </gpxtpx:TrackPointExtension>
        </extensions>
      </trkpt>
      <trkpt lat="36.02998610889548" lon="119.40399213408732">
        <ele>60.855834227986634</ele>
        <time>2025-01-17T10:31:24Z</time>
        <extensions>
          <gpxtpx:TrackPointExtension>
            <gpxtpx:hr>163</gpxtpx:hr>
          </gpxtpx:TrackPointExtension>
        </extensions>
      </trkpt>
      <trkpt lat="36.02996121477693" lon="119.40397820571289">
        <ele>60.707378609105945</ele>
        <time>2025-01-17T10:31:25Z</time>
        <extensions>
          <gpxtpx:TrackPointExtension>
            <gpxtpx:hr>163</gpxtpx:hr>
          </gpxtpx:TrackPointExtension>
        </extensions>
      </trkpt>
      <trkpt lat="36.0299374622445" lon="119.40396464144845">
        <ele>60.512367932125926</ele>
        <time>2025-01-17T10:31:26Z</time>
        <extensions>
          <gpxtpx:TrackPointExtension>
            <gpxtpx:hr>163</gpxtpx:hr>
          </gpxtpx:TrackPointExtension>
        </extensions>
      </trkpt>
      <trkpt lat="36.02991475060884" lon="119.40395117756515">
        <ele>60.363453107886016</ele>
        <time>2025-01-17T10:31:27Z</time>
        <extensions>
          <gpxtpx:TrackPointExtension>
            <gpxtpx:hr>164</gpxtpx:hr>
          </gpxtpx:TrackPointExtension>
        </extensions>
      </trkpt>
      <trkpt lat="36.02989124361828" lon="119.40393687048582">
        <ele>60.20859875623137</ele>
        <time>2025-01-17T10:31:28Z</time>
        <extensions>
          <gpxtpx:TrackPointExtension>
            <gpxtpx:hr>164</gpxtpx:hr>
          </gpxtpx:TrackPointExtension>
        </extensions>
      </trkpt>
      <trkpt lat="36.029867116807075" lon="119.40392131813392">
        <ele>60.0785370990634</ele>
        <time>2025-01-17T10:31:29Z</time>
        <extensions>
          <gpxtpx:TrackPointExtension>
            <gpxtpx:hr>164</gpxtpx:hr>
          </gpxtpx:TrackPointExtension>
        </extensions>
      </trkpt>
      <trkpt lat="36.029842756453775" lon="119.40390503524635">
        <ele>59.98771016020328</ele>
        <time>2025-01-17T10:31:30Z</time>
        <extensions>
          <gpxtpx:TrackPointExtension>
            <gpxtpx:hr>164</gpxtpx:hr>
          </gpxtpx:TrackPointExtension>
        </extensions>
      </trkpt>
      <trkpt lat="36.0298179535589" lon="119.40388885819942">
        <ele>59.86220828257501</ele>
        <time>2025-01-17T10:31:31Z</time>
        <extensions>
          <gpxtpx:TrackPointExtension>
            <gpxtpx:hr>164</gpxtpx:hr>
          </gpxtpx:TrackPointExtension>
        </extensions>
      </trkpt>
      <trkpt lat="36.029793392248706" lon="119.4038745784997">
        <ele>59.71765353064984</ele>
        <time>2025-01-17T10:31:32Z</time>
        <extensions>
          <gpxtpx:TrackPointExtension>
            <gpxtpx:hr>164</gpxtpx:hr>
          </gpxtpx:TrackPointExtension>
        </extensions>
      </trkpt>
      <trkpt lat="36.02976930722331" lon="119.40386289748844">
        <ele>59.56593646481633</ele>
        <time>2025-01-17T10:31:33Z</time>
        <extensions>
          <gpxtpx:TrackPointExtension>
            <gpxtpx:hr>164</gpxtpx:hr>
          </gpxtpx:TrackPointExtension>
        </extensions>
      </trkpt>
      <trkpt lat="36.029744748353764" lon="119.40385245762906">
        <ele>59.43865622766316</ele>
        <time>2025-01-17T10:31:34Z</time>
        <extensions>
          <gpxtpx:TrackPointExtension>
            <gpxtpx:hr>164</gpxtpx:hr>
          </gpxtpx:TrackPointExtension>
        </extensions>
      </trkpt>
      <trkpt lat="36.02971948408324" lon="119.40384231239584">
        <ele>59.35676831472665</ele>
        <time>2025-01-17T10:31:35Z</time>
        <extensions>
          <gpxtpx:TrackPointExtension>
            <gpxtpx:hr>164</gpxtpx:hr>
          </gpxtpx:TrackPointExtension>
        </extensions>
      </trkpt>
      <trkpt lat="36.02969415538135" lon="119.40383304552118">
        <ele>59.277484649792314</ele>
        <time>2025-01-17T10:31:36Z</time>
        <extensions>
          <gpxtpx:TrackPointExtension>
            <gpxtpx:hr>164</gpxtpx:hr>
          </gpxtpx:TrackPointExtension>
        </extensions>
      </trkpt>
      <trkpt lat="36.02966877123403" lon="119.40382536524757">
        <ele>59.20805407688022</ele>
        <time>2025-01-17T10:31:37Z</time>
        <extensions>
          <gpxtpx:TrackPointExtension>
            <gpxtpx:hr>164</gpxtpx:hr>
          </gpxtpx:TrackPointExtension>
        </extensions>
      </trkpt>
      <trkpt lat="36.029643540512836" lon="119.40381869883045">
        <ele>59.20209100842476</ele>
        <time>2025-01-17T10:31:38Z</time>
        <extensions>
          <gpxtpx:TrackPointExtension>
            <gpxtpx:hr>164</gpxtpx:hr>
          </gpxtpx:TrackPointExtension>
        </extensions>
      </trkpt>
      <trkpt lat="36.029618406382774" lon="119.40381283180888">
        <ele>59.166191830299795</ele>
        <time>2025-01-17T10:31:39Z</time>
        <extensions>
          <gpxtpx:TrackPointExtension>
            <gpxtpx:hr>164</gpxtpx:hr>
          </gpxtpx:TrackPointExtension>
        </extensions>
      </trkpt>
      <trkpt lat="36.029592104396016" lon="119.4038075494186">
        <ele>59.13333448395133</ele>
        <time>2025-01-17T10:31:40Z</time>
        <extensions>
          <gpxtpx:TrackPointExtension>
            <gpxtpx:hr>164</gpxtpx:hr>
          </gpxtpx:TrackPointExtension>
        </extensions>
      </trkpt>
      <trkpt lat="36.02956551531746" lon="119.40380150885382">
        <ele>59.11877638567239</ele>
        <time>2025-01-17T10:31:41Z</time>
        <extensions>
          <gpxtpx:TrackPointExtension>
            <gpxtpx:hr>164</gpxtpx:hr>
          </gpxtpx:TrackPointExtension>
        </extensions>
      </trkpt>
      <trkpt lat="36.029539743441205" lon="119.40379438472293">
        <ele>59.12830851133913</ele>
        <time>2025-01-17T10:31:42Z</time>
        <extensions>
          <gpxtpx:TrackPointExtension>
            <gpxtpx:hr>164</gpxtpx:hr>
          </gpxtpx:TrackPointExtension>
        </extensions>
      </trkpt>
      <trkpt lat="36.029514048192944" lon="119.40378523155958">
        <ele>59.16507530026138</ele>
        <time>2025-01-17T10:31:43Z</time>
        <extensions>
          <gpxtpx:TrackPointExtension>
            <gpxtpx:hr>164</gpxtpx:hr>
          </gpxtpx:TrackPointExtension>
        </extensions>
      </trkpt>
      <trkpt lat="36.02949048948499" lon="119.40377098090613">
        <ele>59.19623361900449</ele>
        <time>2025-01-17T10:31:44Z</time>
        <extensions>
          <gpxtpx:TrackPointExtension>
            <gpxtpx:hr>164</gpxtpx:hr>
          </gpxtpx:TrackPointExtension>
        </extensions>
      </trkpt>
      <trkpt lat="36.02947292004492" lon="119.40374845582964">
        <ele>59.22474542539567</ele>
        <time>2025-01-17T10:31:45Z</time>
        <extensions>
          <gpxtpx:TrackPointExtension>
            <gpxtpx:hr>165</gpxtpx:hr>
          </gpxtpx:TrackPointExtension>
        </extensions>
      </trkpt>
      <trkpt lat="36.02946306955813" lon="119.40371734320273">
        <ele>59.27766418270767</ele>
        <time>2025-01-17T10:31:46Z</time>
        <extensions>
          <gpxtpx:TrackPointExtension>
            <gpxtpx:hr>165</gpxtpx:hr>
          </gpxtpx:TrackPointExtension>
        </extensions>
      </trkpt>
      <trkpt lat="36.029460310754466" lon="119.4036807398178">
        <ele>59.3822959754616</ele>
        <time>2025-01-17T10:31:47Z</time>
        <extensions>
          <gpxtpx:TrackPointExtension>
            <gpxtpx:hr>165</gpxtpx:hr>
          </gpxtpx:TrackPointExtension>
        </extensions>
      </trkpt>
      <trkpt lat="36.02946158520709" lon="119.40364253369042">
        <ele>59.510761943645775</ele>
        <time>2025-01-17T10:31:48Z</time>
        <extensions>
          <gpxtpx:TrackPointExtension>
            <gpxtpx:hr>165</gpxtpx:hr>
          </gpxtpx:TrackPointExtension>
        </extensions>
      </trkpt>
      <trkpt lat="36.02946321785172" lon="119.40360643551166">
        <ele>59.653503901325166</ele>
        <time>2025-01-17T10:31:49Z</time>
        <extensions>
          <gpxtpx:TrackPointExtension>
            <gpxtpx:hr>165</gpxtpx:hr>
          </gpxtpx:TrackPointExtension>
        </extensions>
      </trkpt>
      <trkpt lat="36.02946333061011" lon="119.40357283007953">
        <ele>59.77478217985481</ele>
        <time>2025-01-17T10:31:50Z</time>
        <extensions>
          <gpxtpx:TrackPointExtension>
            <gpxtpx:hr>165</gpxtpx:hr>
          </gpxtpx:TrackPointExtension>
        </extensions>
      </trkpt>
      <trkpt lat="36.02946181085975" lon="119.4035394365417">
        <ele>59.901958929374814</ele>
        <time>2025-01-17T10:31:51Z</time>
        <extensions>
          <gpxtpx:TrackPointExtension>
            <gpxtpx:hr>165</gpxtpx:hr>
          </gpxtpx:TrackPointExtension>
        </extensions>
      </trkpt>
      <trkpt lat="36.0294596722848" lon="119.40350499073762">
        <ele>60.008140072226524</ele>
        <time>2025-01-17T10:31:52Z</time>
        <extensions>
          <gpxtpx:TrackPointExtension>
            <gpxtpx:hr>165</gpxtpx:hr>
          </gpxtpx:TrackPointExtension>
        </extensions>
      </trkpt>
      <trkpt lat="36.02945824191701" lon="119.40346977703481">
        <ele>60.05004465766251</ele>
        <time>2025-01-17T10:31:53Z</time>
        <extensions>
          <gpxtpx:TrackPointExtension>
            <gpxtpx:hr>165</gpxtpx:hr>
          </gpxtpx:TrackPointExtension>
        </extensions>
      </trkpt>
      <trkpt lat="36.029458279936016" lon="119.40343496290372">
        <ele>60.138901316560805</ele>
        <time>2025-01-17T10:31:54Z</time>
        <extensions>
          <gpxtpx:TrackPointExtension>
            <gpxtpx:hr>165</gpxtpx:hr>
          </gpxtpx:TrackPointExtension>
        </extensions>
      </trkpt>
      <trkpt lat="36.0294593117049" lon="119.4034002716927">
        <ele>60.25416965410113</ele>
        <time>2025-01-17T10:31:55Z</time>
        <extensions>
          <gpxtpx:TrackPointExtension>
            <gpxtpx:hr>165</gpxtpx:hr>
          </gpxtpx:TrackPointExtension>
        </extensions>
      </trkpt>
      <trkpt lat="36.02946074396875" lon="119.40336528812165">
        <ele>60.32427108567208</ele>
        <time>2025-01-17T10:31:56Z</time>
        <extensions>
          <gpxtpx:TrackPointExtension>
            <gpxtpx:hr>165</gpxtpx:hr>
          </gpxtpx:TrackPointExtension>
        </extensions>
      </trkpt>
      <trkpt lat="36.02946242166212" lon="119.40333082353213">
        <ele>60.3706580856815</ele>
        <time>2025-01-17T10:31:57Z</time>
        <extensions>
          <gpxtpx:TrackPointExtension>
            <gpxtpx:hr>165</gpxtpx:hr>
          </gpxtpx:TrackPointExtension>
        </extensions>
      </trkpt>
      <trkpt lat="36.02946448186599" lon="119.40329659159433">
        <ele>60.41325398720801</ele>
        <time>2025-01-17T10:31:58Z</time>
        <extensions>
          <gpxtpx:TrackPointExtension>
            <gpxtpx:hr>165</gpxtpx:hr>
          </gpxtpx:TrackPointExtension>
        </extensions>
      </trkpt>
      <trkpt lat="36.02946784646463" lon="119.40326279468377">
        <ele>60.453479493036866</ele>
        <time>2025-01-17T10:31:59Z</time>
        <extensions>
          <gpxtpx:TrackPointExtension>
            <gpxtpx:hr>165</gpxtpx:hr>
          </gpxtpx:TrackPointExtension>
        </extensions>
      </trkpt>
      <trkpt lat="36.029473792384564" lon="119.40323023148684">
        <ele>60.538811962120235</ele>
        <time>2025-01-17T10:32:00Z</time>
        <extensions>
          <gpxtpx:TrackPointExtension>
            <gpxtpx:hr>165</gpxtpx:hr>
          </gpxtpx:TrackPointExtension>
        </extensions>
      </trkpt>
      <trkpt lat="36.02948392809546" lon="119.40319871849657">
        <ele>60.53666044957936</ele>
        <time>2025-01-17T10:32:01Z</time>
        <extensions>
          <gpxtpx:TrackPointExtension>
            <gpxtpx:hr>165</gpxtpx:hr>
          </gpxtpx:TrackPointExtension>
        </extensions>
      </trkpt>
      <trkpt lat="36.02949949446342" lon="119.40316983987546">
        <ele>60.52829477749765</ele>
        <time>2025-01-17T10:32:02Z</time>
        <extensions>
          <gpxtpx:TrackPointExtension>
            <gpxtpx:hr>165</gpxtpx:hr>
          </gpxtpx:TrackPointExtension>
        </extensions>
      </trkpt>
      <trkpt lat="36.02951976786498" lon="119.40314545289934">
        <ele>60.52411748468876</ele>
        <time>2025-01-17T10:32:03Z</time>
        <extensions>
          <gpxtpx:TrackPointExtension>
            <gpxtpx:hr>165</gpxtpx:hr>
          </gpxtpx:TrackPointExtension>
        </extensions>
      </trkpt>
      <trkpt lat="36.02954217500293" lon="119.40312354534272">
        <ele>60.49134374503046</ele>
        <time>2025-01-17T10:32:04Z</time>
        <extensions>
          <gpxtpx:TrackPointExtension>
            <gpxtpx:hr>165</gpxtpx:hr>
          </gpxtpx:TrackPointExtension>
        </extensions>
      </trkpt>
      <trkpt lat="36.02956450805423" lon="119.40310149989395">
        <ele>60.51983213890344</ele>
        <time>2025-01-17T10:32:05Z</time>
        <extensions>
          <gpxtpx:TrackPointExtension>
            <gpxtpx:hr>165</gpxtpx:hr>
          </gpxtpx:TrackPointExtension>
        </extensions>
      </trkpt>
      <trkpt lat="36.02958618999446" lon="119.40307918268157">
        <ele>60.56345666479319</ele>
        <time>2025-01-17T10:32:06Z</time>
        <extensions>
          <gpxtpx:TrackPointExtension>
            <gpxtpx:hr>166</gpxtpx:hr>
          </gpxtpx:TrackPointExtension>
        </extensions>
      </trkpt>
      <trkpt lat="36.029607489654175" lon="119.40305638663486">
        <ele>60.58995281346142</ele>
        <time>2025-01-17T10:32:07Z</time>
        <extensions>
          <gpxtpx:TrackPointExtension>
            <gpxtpx:hr>166</gpxtpx:hr>
          </gpxtpx:TrackPointExtension>
        </extensions>
      </trkpt>
      <trkpt lat="36.02962826655757" lon="119.40303217730248">
        <ele>60.67812328506261</ele>
        <time>2025-01-17T10:32:08Z</time>
        <extensions>
          <gpxtpx:TrackPointExtension>
            <gpxtpx:hr>166</gpxtpx:hr>
          </gpxtpx:TrackPointExtension>
        </extensions>
      </trkpt>
      <trkpt lat="36.029648173084915" lon="119.40300705682039">
        <ele>60.78349021077156</ele>
        <time>2025-01-17T10:32:09Z</time>
        <extensions>
          <gpxtpx:TrackPointExtension>
            <gpxtpx:hr>165</gpxtpx:hr>
          </gpxtpx:TrackPointExtension>
        </extensions>
      </trkpt>
      <trkpt lat="36.02966792629609" lon="119.40298100567658">
        <ele>60.88745235092938</ele>
        <time>2025-01-17T10:32:10Z</time>
        <extensions>
          <gpxtpx:TrackPointExtension>
            <gpxtpx:hr>165</gpxtpx:hr>
          </gpxtpx:TrackPointExtension>
        </extensions>
      </trkpt>
      <trkpt lat="36.029688394389666" lon="119.40295384318858">
        <ele>60.99687545187771</ele>
        <time>2025-01-17T10:32:11Z</time>
        <extensions>
          <gpxtpx:TrackPointExtension>
            <gpxtpx:hr>165</gpxtpx:hr>
          </gpxtpx:TrackPointExtension>
        </extensions>
      </trkpt>
      <trkpt lat="36.02970918666839" lon="119.40292731503494">
        <ele>61.07742265518755</ele>
        <time>2025-01-17T10:32:12Z</time>
        <extensions>
          <gpxtpx:TrackPointExtension>
            <gpxtpx:hr>165</gpxtpx:hr>
          </gpxtpx:TrackPointExtension>
        </extensions>
      </trkpt>
      <trkpt lat="36.02973023141616" lon="119.40290158208822">
        <ele>61.15498632192612</ele>
        <time>2025-01-17T10:32:13Z</time>
        <extensions>
          <gpxtpx:TrackPointExtension>
            <gpxtpx:hr>165</gpxtpx:hr>
          </gpxtpx:TrackPointExtension>
        </extensions>
      </trkpt>
      <trkpt lat="36.02975151905886" lon="119.40287595242637">
        <ele>61.276174971833825</ele>
        <time>2025-01-17T10:32:14Z</time>
        <extensions>
          <gpxtpx:TrackPointExtension>
            <gpxtpx:hr>165</gpxtpx:hr>
          </gpxtpx:TrackPointExtension>
        </extensions>
      </trkpt>
      <trkpt lat="36.02977192376931" lon="119.4028508495093">
        <ele>61.36220669467002</ele>
        <time>2025-01-17T10:32:15Z</time>
        <extensions>
          <gpxtpx:TrackPointExtension>
            <gpxtpx:hr>165</gpxtpx:hr>
          </gpxtpx:TrackPointExtension>
        </extensions>
      </trkpt>
      <trkpt lat="36.02979102954407" lon="119.40282583989337">
        <ele>61.44775699079037</ele>
        <time>2025-01-17T10:32:16Z</time>
        <extensions>
          <gpxtpx:TrackPointExtension>
            <gpxtpx:hr>165</gpxtpx:hr>
          </gpxtpx:TrackPointExtension>
        </extensions>
      </trkpt>
      <trkpt lat="36.0298093547948" lon="119.4028006835093">
        <ele>61.53732079733163</ele>
        <time>2025-01-17T10:32:17Z</time>
        <extensions>
          <gpxtpx:TrackPointExtension>
            <gpxtpx:hr>165</gpxtpx:hr>
          </gpxtpx:TrackPointExtension>
        </extensions>
      </trkpt>
      <trkpt lat="36.029826829670476" lon="119.40277572250226">
        <ele>61.620633482933044</ele>
        <time>2025-01-17T10:32:18Z</time>
        <extensions>
          <gpxtpx:TrackPointExtension>
            <gpxtpx:hr>165</gpxtpx:hr>
          </gpxtpx:TrackPointExtension>
        </extensions>
      </trkpt>
      <trkpt lat="36.029843390241915" lon="119.40275009530073">
        <ele>61.6886208569631</ele>
        <time>2025-01-17T10:32:19Z</time>
        <extensions>
          <gpxtpx:TrackPointExtension>
            <gpxtpx:hr>165</gpxtpx:hr>
          </gpxtpx:TrackPointExtension>
        </extensions>
      </trkpt>
      <trkpt lat="36.02986002264805" lon="119.40272236061969">
        <ele>61.722908086143434</ele>
        <time>2025-01-17T10:32:20Z</time>
        <extensions>
          <gpxtpx:TrackPointExtension>
            <gpxtpx:hr>165</gpxtpx:hr>
          </gpxtpx:TrackPointExtension>
        </extensions>
      </trkpt>
      <trkpt lat="36.02987732363961" lon="119.40269399607345">
        <ele>61.753514263778925</ele>
        <time>2025-01-17T10:32:21Z</time>
        <extensions>
          <gpxtpx:TrackPointExtension>
            <gpxtpx:hr>165</gpxtpx:hr>
          </gpxtpx:TrackPointExtension>
        </extensions>
      </trkpt>
      <trkpt lat="36.02989514173556" lon="119.40266688491768">
        <ele>61.83413700107485</ele>
        <time>2025-01-17T10:32:22Z</time>
        <extensions>
          <gpxtpx:TrackPointExtension>
            <gpxtpx:hr>165</gpxtpx:hr>
          </gpxtpx:TrackPointExtension>
        </extensions>
      </trkpt>
      <trkpt lat="36.029913072512464" lon="119.40263965084442">
        <ele>61.909250223077834</ele>
        <time>2025-01-17T10:32:23Z</time>
        <extensions>
          <gpxtpx:TrackPointExtension>
            <gpxtpx:hr>165</gpxtpx:hr>
          </gpxtpx:TrackPointExtension>
        </extensions>
      </trkpt>
      <trkpt lat="36.029930185183524" lon="119.40261140612881">
        <ele>61.99988515302539</ele>
        <time>2025-01-17T10:32:24Z</time>
        <extensions>
          <gpxtpx:TrackPointExtension>
            <gpxtpx:hr>165</gpxtpx:hr>
          </gpxtpx:TrackPointExtension>
        </extensions>
      </trkpt>
      <trkpt lat="36.02994625348555" lon="119.40258267741532">
        <ele>62.056986490264535</ele>
        <time>2025-01-17T10:32:25Z</time>
        <extensions>
          <gpxtpx:TrackPointExtension>
            <gpxtpx:hr>166</gpxtpx:hr>
          </gpxtpx:TrackPointExtension>
        </extensions>
      </trkpt>
      <trkpt lat="36.02996236165974" lon="119.40255343179942">
        <ele>62.07175067998469</ele>
        <time>2025-01-17T10:32:26Z</time>
        <extensions>
          <gpxtpx:TrackPointExtension>
            <gpxtpx:hr>166</gpxtpx:hr>
          </gpxtpx:TrackPointExtension>
        </extensions>
      </trkpt>
      <trkpt lat="36.029978534140284" lon="119.40252531711478">
        <ele>62.07944383099675</ele>
        <time>2025-01-17T10:32:27Z</time>
        <extensions>
          <gpxtpx:TrackPointExtension>
            <gpxtpx:hr>166</gpxtpx:hr>
          </gpxtpx:TrackPointExtension>
        </extensions>
      </trkpt>
      <trkpt lat="36.02999395224443" lon="119.40249935186091">
        <ele>62.031708816066384</ele>
        <time>2025-01-17T10:32:28Z</time>
        <extensions>
          <gpxtpx:TrackPointExtension>
            <gpxtpx:hr>166</gpxtpx:hr>
          </gpxtpx:TrackPointExtension>
        </extensions>
      </trkpt>
      <trkpt lat="36.03000854533504" lon="119.40247428771008">
        <ele>61.97414211276919</ele>
        <time>2025-01-17T10:32:29Z</time>
        <extensions>
          <gpxtpx:TrackPointExtension>
            <gpxtpx:hr>166</gpxtpx:hr>
          </gpxtpx:TrackPointExtension>
        </extensions>
      </trkpt>
      <trkpt lat="36.03002259551862" lon="119.40244887833445">
        <ele>61.96059422660619</ele>
        <time>2025-01-17T10:32:30Z</time>
        <extensions>
          <gpxtpx:TrackPointExtension>
            <gpxtpx:hr>166</gpxtpx:hr>
          </gpxtpx:TrackPointExtension>
        </extensions>
      </trkpt>
      <trkpt lat="36.030035133767576" lon="119.40242199598849">
        <ele>61.95302449911833</ele>
        <time>2025-01-17T10:32:31Z</time>
        <extensions>
          <gpxtpx:TrackPointExtension>
            <gpxtpx:hr>166</gpxtpx:hr>
          </gpxtpx:TrackPointExtension>
        </extensions>
      </trkpt>
      <trkpt lat="36.03004536799385" lon="119.4023923603696">
        <ele>61.93887320719659</ele>
        <time>2025-01-17T10:32:32Z</time>
        <extensions>
          <gpxtpx:TrackPointExtension>
            <gpxtpx:hr>166</gpxtpx:hr>
          </gpxtpx:TrackPointExtension>
        </extensions>
      </trkpt>
      <trkpt lat="36.03005459708143" lon="119.40236103561362">
        <ele>61.90900879073888</ele>
        <time>2025-01-17T10:32:33Z</time>
        <extensions>
          <gpxtpx:TrackPointExtension>
            <gpxtpx:hr>166</gpxtpx:hr>
          </gpxtpx:TrackPointExtension>
        </extensions>
      </trkpt>
      <trkpt lat="36.03006402532702" lon="119.40232988630838">
        <ele>61.90589252207428</ele>
        <time>2025-01-17T10:32:34Z</time>
        <extensions>
          <gpxtpx:TrackPointExtension>
            <gpxtpx:hr>166</gpxtpx:hr>
          </gpxtpx:TrackPointExtension>
        </extensions>
      </trkpt>
      <trkpt lat="36.03007349426589" lon="119.40229801451326">
        <ele>61.93617326859385</ele>
        <time>2025-01-17T10:32:35Z</time>
        <extensions>
          <gpxtpx:TrackPointExtension>
            <gpxtpx:hr>166</gpxtpx:hr>
          </gpxtpx:TrackPointExtension>
        </extensions>
      </trkpt>
      <trkpt lat="36.030082652841685" lon="119.40226597591494">
        <ele>61.98459114972502</ele>
        <time>2025-01-17T10:32:36Z</time>
        <extensions>
          <gpxtpx:TrackPointExtension>
            <gpxtpx:hr>166</gpxtpx:hr>
          </gpxtpx:TrackPointExtension>
        </extensions>
      </trkpt>
      <trkpt lat="36.03009120669394" lon="119.4022356939406">
        <ele>62.04853794258088</ele>
        <time>2025-01-17T10:32:37Z</time>
        <extensions>
          <gpxtpx:TrackPointExtension>
            <gpxtpx:hr>166</gpxtpx:hr>
          </gpxtpx:TrackPointExtension>
        </extensions>
      </trkpt>
      <trkpt lat="36.03009889714709" lon="119.40220711274524">
        <ele>62.121941453777254</ele>
        <time>2025-01-17T10:32:38Z</time>
        <extensions>
          <gpxtpx:TrackPointExtension>
            <gpxtpx:hr>166</gpxtpx:hr>
          </gpxtpx:TrackPointExtension>
        </extensions>
      </trkpt>
      <trkpt lat="36.0301054711593" lon="119.4021787475134">
        <ele>62.167020103894174</ele>
        <time>2025-01-17T10:32:39Z</time>
        <extensions>
          <gpxtpx:TrackPointExtension>
            <gpxtpx:hr>166</gpxtpx:hr>
          </gpxtpx:TrackPointExtension>
        </extensions>
      </trkpt>
      <trkpt lat="36.03011088579876" lon="119.40214852793618">
        <ele>62.22711011674255</ele>
        <time>2025-01-17T10:32:40Z</time>
        <extensions>
          <gpxtpx:TrackPointExtension>
            <gpxtpx:hr>166</gpxtpx:hr>
          </gpxtpx:TrackPointExtension>
        </extensions>
      </trkpt>
      <trkpt lat="36.03011580349509" lon="119.40211578238872">
        <ele>62.34627776965499</ele>
        <time>2025-01-17T10:32:41Z</time>
        <extensions>
          <gpxtpx:TrackPointExtension>
            <gpxtpx:hr>166</gpxtpx:hr>
          </gpxtpx:TrackPointExtension>
        </extensions>
      </trkpt>
      <trkpt lat="36.03012096277426" lon="119.40208203766583">
        <ele>62.42938973940909</ele>
        <time>2025-01-17T10:32:42Z</time>
        <extensions>
          <gpxtpx:TrackPointExtension>
            <gpxtpx:hr>166</gpxtpx:hr>
          </gpxtpx:TrackPointExtension>
        </extensions>
      </trkpt>
      <trkpt lat="36.030126320877926" lon="119.4020490429318">
        <ele>62.487238683737814</ele>
        <time>2025-01-17T10:32:43Z</time>
        <extensions>
          <gpxtpx:TrackPointExtension>
            <gpxtpx:hr>166</gpxtpx:hr>
          </gpxtpx:TrackPointExtension>
        </extensions>
      </trkpt>
      <trkpt lat="36.03013137401245" lon="119.40201660773573">
        <ele>62.54604002274573</ele>
        <time>2025-01-17T10:32:44Z</time>
        <extensions>
          <gpxtpx:TrackPointExtension>
            <gpxtpx:hr>166</gpxtpx:hr>
          </gpxtpx:TrackPointExtension>
        </extensions>
      </trkpt>
      <trkpt lat="36.03013599036381" lon="119.40198458959273">
        <ele>62.57895316649228</ele>
        <time>2025-01-17T10:32:45Z</time>
        <extensions>
          <gpxtpx:TrackPointExtension>
            <gpxtpx:hr>166</gpxtpx:hr>
          </gpxtpx:TrackPointExtension>
        </extensions>
      </trkpt>
      <trkpt lat="36.030140609115044" lon="119.40195274970233">
        <ele>62.556004060432315</ele>
        <time>2025-01-17T10:32:46Z</time>
        <extensions>
          <gpxtpx:TrackPointExtension>
            <gpxtpx:hr>166</gpxtpx:hr>
          </gpxtpx:TrackPointExtension>
        </extensions>
      </trkpt>
      <trkpt lat="36.03014624143736" lon="119.40192012182415">
        <ele>62.53196440637112</ele>
        <time>2025-01-17T10:32:47Z</time>
        <extensions>
          <gpxtpx:TrackPointExtension>
            <gpxtpx:hr>166</gpxtpx:hr>
          </gpxtpx:TrackPointExtension>
        </extensions>
      </trkpt>
      <trkpt lat="36.03015298219342" lon="119.40188774268843">
        <ele>62.43817188683897</ele>
        <time>2025-01-17T10:32:48Z</time>
        <extensions>
          <gpxtpx:TrackPointExtension>
            <gpxtpx:hr>166</gpxtpx:hr>
          </gpxtpx:TrackPointExtension>
        </extensions>
      </trkpt>
      <trkpt lat="36.03016006129808" lon="119.40185700710066">
        <ele>62.320825796574354</ele>
        <time>2025-01-17T10:32:49Z</time>
        <extensions>
          <gpxtpx:TrackPointExtension>
            <gpxtpx:hr>167</gpxtpx:hr>
          </gpxtpx:TrackPointExtension>
        </extensions>
      </trkpt>
      <trkpt lat="36.03016709090691" lon="119.40182674471865">
        <ele>62.19963204115629</ele>
        <time>2025-01-17T10:32:50Z</time>
        <extensions>
          <gpxtpx:TrackPointExtension>
            <gpxtpx:hr>167</gpxtpx:hr>
          </gpxtpx:TrackPointExtension>
        </extensions>
      </trkpt>
      <trkpt lat="36.03017393653974" lon="119.40179700252872">
        <ele>62.06385684106499</ele>
        <time>2025-01-17T10:32:51Z</time>
        <extensions>
          <gpxtpx:TrackPointExtension>
            <gpxtpx:hr>167</gpxtpx:hr>
          </gpxtpx:TrackPointExtension>
        </extensions>
      </trkpt>
      <trkpt lat="36.03018183079352" lon="119.40176924983409">
        <ele>61.89477033820003</ele>
        <time>2025-01-17T10:32:52Z</time>
        <extensions>
          <gpxtpx:TrackPointExtension>
            <gpxtpx:hr>167</gpxtpx:hr>
          </gpxtpx:TrackPointExtension>
        </extensions>
      </trkpt>
      <trkpt lat="36.03019321226982" lon="119.4017436157078">
        <ele>61.70593673735857</ele>
        <time>2025-01-17T10:32:53Z</time>
        <extensions>
          <gpxtpx:TrackPointExtension>
            <gpxtpx:hr>167</gpxtpx:hr>
          </gpxtpx:TrackPointExtension>
        </extensions>
      </trkpt>
      <trkpt lat="36.030210175016734" lon="119.40172218975356">
        <ele>61.54594760667533</ele>
        <time>2025-01-17T10:32:54Z</time>
        <extensions>
          <gpxtpx:TrackPointExtension>
            <gpxtpx:hr>167</gpxtpx:hr>
          </gpxtpx:TrackPointExtension>
        </extensions>
      </trkpt>
      <trkpt lat="36.03023277207461" lon="119.40170970524443">
        <ele>61.34251746721566</ele>
        <time>2025-01-17T10:32:55Z</time>
        <extensions>
          <gpxtpx:TrackPointExtension>
            <gpxtpx:hr>167</gpxtpx:hr>
          </gpxtpx:TrackPointExtension>
        </extensions>
      </trkpt>
      <trkpt lat="36.03025955095703" lon="119.40170694717794">
        <ele>61.15030667837709</ele>
        <time>2025-01-17T10:32:56Z</time>
        <extensions>
          <gpxtpx:TrackPointExtension>
            <gpxtpx:hr>167</gpxtpx:hr>
          </gpxtpx:TrackPointExtension>
        </extensions>
      </trkpt>
      <trkpt lat="36.030289768040205" lon="119.40171014558963">
        <ele>60.95483491383493</ele>
        <time>2025-01-17T10:32:57Z</time>
        <extensions>
          <gpxtpx:TrackPointExtension>
            <gpxtpx:hr>167</gpxtpx:hr>
          </gpxtpx:TrackPointExtension>
        </extensions>
      </trkpt>
      <trkpt lat="36.030321615580526" lon="119.4017168783436">
        <ele>60.77679790742695</ele>
        <time>2025-01-17T10:32:58Z</time>
        <extensions>
          <gpxtpx:TrackPointExtension>
            <gpxtpx:hr>167</gpxtpx:hr>
          </gpxtpx:TrackPointExtension>
        </extensions>
      </trkpt>
      <trkpt lat="36.03035248372803" lon="119.4017253138544">
        <ele>60.610586289316416</ele>
        <time>2025-01-17T10:32:59Z</time>
        <extensions>
          <gpxtpx:TrackPointExtension>
            <gpxtpx:hr>166</gpxtpx:hr>
          </gpxtpx:TrackPointExtension>
        </extensions>
      </trkpt>
      <trkpt lat="36.03038193022762" lon="119.40173382764475">
        <ele>60.45638386160135</ele>
        <time>2025-01-17T10:33:00Z</time>
        <extensions>
          <gpxtpx:TrackPointExtension>
            <gpxtpx:hr>166</gpxtpx:hr>
          </gpxtpx:TrackPointExtension>
        </extensions>
      </trkpt>
      <trkpt lat="36.03040942059406" lon="119.40174209609143">
        <ele>60.31185896508396</ele>
        <time>2025-01-17T10:33:01Z</time>
        <extensions>
          <gpxtpx:TrackPointExtension>
            <gpxtpx:hr>166</gpxtpx:hr>
          </gpxtpx:TrackPointExtension>
        </extensions>
      </trkpt>
      <trkpt lat="36.030433867608046" lon="119.40174930526771">
        <ele>60.176536940038204</ele>
        <time>2025-01-17T10:33:02Z</time>
        <extensions>
          <gpxtpx:TrackPointExtension>
            <gpxtpx:hr>166</gpxtpx:hr>
          </gpxtpx:TrackPointExtension>
        </extensions>
      </trkpt>
      <trkpt lat="36.03045609461347" lon="119.4017549916058">
        <ele>60.052049895748496</ele>
        <time>2025-01-17T10:33:03Z</time>
        <extensions>
          <gpxtpx:TrackPointExtension>
            <gpxtpx:hr>166</gpxtpx:hr>
          </gpxtpx:TrackPointExtension>
        </extensions>
      </trkpt>
      <trkpt lat="36.03047684691299" lon="119.40175901679987">
        <ele>59.9404805470258</ele>
        <time>2025-01-17T10:33:04Z</time>
        <extensions>
          <gpxtpx:TrackPointExtension>
            <gpxtpx:hr>166</gpxtpx:hr>
          </gpxtpx:TrackPointExtension>
        </extensions>
      </trkpt>
      <trkpt lat="36.0304953127167" lon="119.40176067013888">
        <ele>59.84058655705303</ele>
        <time>2025-01-17T10:33:05Z</time>
        <extensions>
          <gpxtpx:TrackPointExtension>
            <gpxtpx:hr>166</gpxtpx:hr>
          </gpxtpx:TrackPointExtension>
        </extensions>
      </trkpt>
      <trkpt lat="36.03051081610241" lon="119.40175987578105">
        <ele>59.76462030597031</ele>
        <time>2025-01-17T10:33:06Z</time>
        <extensions>
          <gpxtpx:TrackPointExtension>
            <gpxtpx:hr>167</gpxtpx:hr>
          </gpxtpx:TrackPointExtension>
        </extensions>
      </trkpt>
      <trkpt lat="36.03052281780436" lon="119.40175797667911">
        <ele>59.703298076055944</ele>
        <time>2025-01-17T10:33:07Z</time>
        <extensions>
          <gpxtpx:TrackPointExtension>
            <gpxtpx:hr>167</gpxtpx:hr>
          </gpxtpx:TrackPointExtension>
        </extensions>
      </trkpt>
      <trkpt lat="36.03053025411796" lon="119.40175631565646">
        <ele>59.67972354777157</ele>
        <time>2025-01-17T10:33:08Z</time>
        <extensions>
          <gpxtpx:TrackPointExtension>
            <gpxtpx:hr>167</gpxtpx:hr>
          </gpxtpx:TrackPointExtension>
        </extensions>
      </trkpt>
      <trkpt lat="36.0305322238073" lon="119.40175468592912">
        <ele>59.65500616002828</ele>
        <time>2025-01-17T10:33:09Z</time>
        <extensions>
          <gpxtpx:TrackPointExtension>
            <gpxtpx:hr>167</gpxtpx:hr>
          </gpxtpx:TrackPointExtension>
        </extensions>
      </trkpt>
      <trkpt lat="36.0305308244891" lon="119.40175213048232">
        <ele>59.6067870054394</ele>
        <time>2025-01-17T10:33:10Z</time>
        <extensions>
          <gpxtpx:TrackPointExtension>
            <gpxtpx:hr>167</gpxtpx:hr>
          </gpxtpx:TrackPointExtension>
        </extensions>
      </trkpt>
      <trkpt lat="36.03052932109323" lon="119.40174770201679">
        <ele>59.56812693178654</ele>
        <time>2025-01-17T10:33:11Z</time>
        <extensions>
          <gpxtpx:TrackPointExtension>
            <gpxtpx:hr>167</gpxtpx:hr>
          </gpxtpx:TrackPointExtension>
        </extensions>
      </trkpt>
      <trkpt lat="36.03052884693585" lon="119.40174087090271">
        <ele>59.553094948641956</ele>
        <time>2025-01-17T10:33:12Z</time>
        <extensions>
          <gpxtpx:TrackPointExtension>
            <gpxtpx:hr>167</gpxtpx:hr>
          </gpxtpx:TrackPointExtension>
        </extensions>
      </trkpt>
      <trkpt lat="36.030529673213096" lon="119.40173146179205">
        <ele>59.56080017890781</ele>
        <time>2025-01-17T10:33:13Z</time>
        <extensions>
          <gpxtpx:TrackPointExtension>
            <gpxtpx:hr>167</gpxtpx:hr>
          </gpxtpx:TrackPointExtension>
        </extensions>
      </trkpt>
      <trkpt lat="36.030532188848035" lon="119.40171905036019">
        <ele>59.57807750534266</ele>
        <time>2025-01-17T10:33:14Z</time>
        <extensions>
          <gpxtpx:TrackPointExtension>
            <gpxtpx:hr>167</gpxtpx:hr>
          </gpxtpx:TrackPointExtension>
        </extensions>
      </trkpt>
      <trkpt lat="36.030536817280755" lon="119.40170391131215">
        <ele>59.59627857897431</ele>
        <time>2025-01-17T10:33:15Z</time>
        <extensions>
          <gpxtpx:TrackPointExtension>
            <gpxtpx:hr>168</gpxtpx:hr>
          </gpxtpx:TrackPointExtension>
        </extensions>
      </trkpt>
      <trkpt lat="36.03054323136132" lon="119.40168808041246">
        <ele>59.611159490421414</ele>
        <time>2025-01-17T10:33:16Z</time>
        <extensions>
          <gpxtpx:TrackPointExtension>
            <gpxtpx:hr>168</gpxtpx:hr>
          </gpxtpx:TrackPointExtension>
        </extensions>
      </trkpt>
      <trkpt lat="36.03055076104773" lon="119.40167357748899">
        <ele>59.636871627531946</ele>
        <time>2025-01-17T10:33:17Z</time>
        <extensions>
          <gpxtpx:TrackPointExtension>
            <gpxtpx:hr>168</gpxtpx:hr>
          </gpxtpx:TrackPointExtension>
        </extensions>
      </trkpt>
      <trkpt lat="36.030559162536875" lon="119.40166055968281">
        <ele>59.66937888041139</ele>
        <time>2025-01-17T10:33:18Z</time>
        <extensions>
          <gpxtpx:TrackPointExtension>
            <gpxtpx:hr>168</gpxtpx:hr>
          </gpxtpx:TrackPointExtension>
        </extensions>
      </trkpt>
      <trkpt lat="36.03056846831311" lon="119.40164904167968">
        <ele>59.71020744368434</ele>
        <time>2025-01-17T10:33:19Z</time>
        <extensions>
          <gpxtpx:TrackPointExtension>
            <gpxtpx:hr>168</gpxtpx:hr>
          </gpxtpx:TrackPointExtension>
        </extensions>
      </trkpt>
      <trkpt lat="36.030577629515115" lon="119.40163931691093">
        <ele>59.73275423794985</ele>
        <time>2025-01-17T10:33:20Z</time>
        <extensions>
          <gpxtpx:TrackPointExtension>
            <gpxtpx:hr>165</gpxtpx:hr>
          </gpxtpx:TrackPointExtension>
        </extensions>
      </trkpt>
      <trkpt lat="36.030585118519284" lon="119.40162958840293">
        <ele>59.75462300237268</ele>
        <time>2025-01-17T10:33:21Z</time>
        <extensions>
          <gpxtpx:TrackPointExtension>
            <gpxtpx:hr>165</gpxtpx:hr>
          </gpxtpx:TrackPointExtension>
        </extensions>
      </trkpt>
      <trkpt lat="36.03059078037622" lon="119.40161765045674">
        <ele>59.7895552366972</ele>
        <time>2025-01-17T10:33:22Z</time>
        <extensions>
          <gpxtpx:TrackPointExtension>
            <gpxtpx:hr>165</gpxtpx:hr>
          </gpxtpx:TrackPointExtension>
        </extensions>
      </trkpt>
      <trkpt lat="36.03059429006812" lon="119.40160368134681">
        <ele>59.82789081055671</ele>
        <time>2025-01-17T10:33:23Z</time>
        <extensions>
          <gpxtpx:TrackPointExtension>
            <gpxtpx:hr>165</gpxtpx:hr>
          </gpxtpx:TrackPointExtension>
        </extensions>
      </trkpt>
      <trkpt lat="36.030594275243594" lon="119.40158857612987">
        <ele>59.869002665393054</ele>
        <time>2025-01-17T10:33:24Z</time>
        <extensions>
          <gpxtpx:TrackPointExtension>
            <gpxtpx:hr>165</gpxtpx:hr>
          </gpxtpx:TrackPointExtension>
        </extensions>
      </trkpt>
      <trkpt lat="36.03059150984995" lon="119.4015733560974">
        <ele>59.900342918001115</ele>
        <time>2025-01-17T10:33:25Z</time>
        <extensions>
          <gpxtpx:TrackPointExtension>
            <gpxtpx:hr>165</gpxtpx:hr>
          </gpxtpx:TrackPointExtension>
        </extensions>
      </trkpt>
      <trkpt lat="36.030588237877815" lon="119.4015586227913">
        <ele>59.938647295348346</ele>
        <time>2025-01-17T10:33:26Z</time>
        <extensions>
          <gpxtpx:TrackPointExtension>
            <gpxtpx:hr>162</gpxtpx:hr>
          </gpxtpx:TrackPointExtension>
        </extensions>
      </trkpt>
      <trkpt lat="36.03058534681666" lon="119.40154396393994">
        <ele>59.97787249647081</ele>
        <time>2025-01-17T10:33:27Z</time>
        <extensions>
          <gpxtpx:TrackPointExtension>
            <gpxtpx:hr>162</gpxtpx:hr>
          </gpxtpx:TrackPointExtension>
        </extensions>
      </trkpt>
      <trkpt lat="36.03058286030239" lon="119.40152920030181">
        <ele>60.0243973871693</ele>
        <time>2025-01-17T10:33:28Z</time>
        <extensions>
          <gpxtpx:TrackPointExtension>
            <gpxtpx:hr>162</gpxtpx:hr>
          </gpxtpx:TrackPointExtension>
        </extensions>
      </trkpt>
      <trkpt lat="36.03058066326654" lon="119.40151445464564">
        <ele>60.07026517763734</ele>
        <time>2025-01-17T10:33:29Z</time>
        <extensions>
          <gpxtpx:TrackPointExtension>
            <gpxtpx:hr>162</gpxtpx:hr>
          </gpxtpx:TrackPointExtension>
        </extensions>
      </trkpt>
      <trkpt lat="36.030579173467494" lon="119.40150016044794">
        <ele>60.118911682628095</ele>
        <time>2025-01-17T10:33:30Z</time>
        <extensions>
          <gpxtpx:TrackPointExtension>
            <gpxtpx:hr>162</gpxtpx:hr>
          </gpxtpx:TrackPointExtension>
        </extensions>
      </trkpt>
      <trkpt lat="36.03057831054024" lon="119.40148635532556">
        <ele>60.171891304664314</ele>
        <time>2025-01-17T10:33:31Z</time>
        <extensions>
          <gpxtpx:TrackPointExtension>
            <gpxtpx:hr>159</gpxtpx:hr>
          </gpxtpx:TrackPointExtension>
        </extensions>
      </trkpt>
      <trkpt lat="36.03057738980813" lon="119.40147231011835">
        <ele>60.23210652079433</ele>
        <time>2025-01-17T10:33:32Z</time>
        <extensions>
          <gpxtpx:TrackPointExtension>
            <gpxtpx:hr>159</gpxtpx:hr>
          </gpxtpx:TrackPointExtension>
        </extensions>
      </trkpt>
      <trkpt lat="36.03057605199944" lon="119.4014578638573">
        <ele>60.296960124745965</ele>
        <time>2025-01-17T10:33:33Z</time>
        <extensions>
          <gpxtpx:TrackPointExtension>
            <gpxtpx:hr>159</gpxtpx:hr>
          </gpxtpx:TrackPointExtension>
        </extensions>
      </trkpt>
      <trkpt lat="36.03057396221669" lon="119.40144344601124">
        <ele>60.3615715065971</ele>
        <time>2025-01-17T10:33:34Z</time>
        <extensions>
          <gpxtpx:TrackPointExtension>
            <gpxtpx:hr>159</gpxtpx:hr>
          </gpxtpx:TrackPointExtension>
        </extensions>
      </trkpt>
      <trkpt lat="36.03057148738622" lon="119.40142911908256">
        <ele>60.43632603529841</ele>
        <time>2025-01-17T10:33:35Z</time>
        <extensions>
          <gpxtpx:TrackPointExtension>
            <gpxtpx:hr>159</gpxtpx:hr>
          </gpxtpx:TrackPointExtension>
        </extensions>
      </trkpt>
      <trkpt lat="36.030569368490134" lon="119.40141471146163">
        <ele>60.511123274452984</ele>
        <time>2025-01-17T10:33:36Z</time>
        <extensions>
          <gpxtpx:TrackPointExtension>
            <gpxtpx:hr>159</gpxtpx:hr>
          </gpxtpx:TrackPointExtension>
        </extensions>
      </trkpt>
      <trkpt lat="36.03056789052006" lon="119.40140001268252">
        <ele>60.58606622274965</ele>
        <time>2025-01-17T10:33:37Z</time>
        <extensions>
          <gpxtpx:TrackPointExtension>
            <gpxtpx:hr>159</gpxtpx:hr>
          </gpxtpx:TrackPointExtension>
        </extensions>
      </trkpt>
      <trkpt lat="36.03056665106855" lon="119.40138517672784">
        <ele>60.66148022655398</ele>
        <time>2025-01-17T10:33:38Z</time>
        <extensions>
          <gpxtpx:TrackPointExtension>
            <gpxtpx:hr>152</gpxtpx:hr>
          </gpxtpx:TrackPointExtension>
        </extensions>
      </trkpt>
      <trkpt lat="36.03056538827256" lon="119.40137032649439">
        <ele>60.74300050828606</ele>
        <time>2025-01-17T10:33:39Z</time>
        <extensions>
          <gpxtpx:TrackPointExtension>
            <gpxtpx:hr>152</gpxtpx:hr>
          </gpxtpx:TrackPointExtension>
        </extensions>
      </trkpt>
      <trkpt lat="36.03056406452161" lon="119.40135543423803">
        <ele>60.825831420719624</ele>
        <time>2025-01-17T10:33:40Z</time>
        <extensions>
          <gpxtpx:TrackPointExtension>
            <gpxtpx:hr>152</gpxtpx:hr>
          </gpxtpx:TrackPointExtension>
        </extensions>
      </trkpt>
      <trkpt lat="36.03056275327653" lon="119.40134077342371">
        <ele>60.90236422419548</ele>
        <time>2025-01-17T10:33:41Z</time>
        <extensions>
          <gpxtpx:TrackPointExtension>
            <gpxtpx:hr>152</gpxtpx:hr>
          </gpxtpx:TrackPointExtension>
        </extensions>
      </trkpt>
      <trkpt lat="36.030561428839675" lon="119.40132656258321">
        <ele>60.966764942742884</ele>
        <time>2025-01-17T10:33:42Z</time>
        <extensions>
          <gpxtpx:TrackPointExtension>
            <gpxtpx:hr>152</gpxtpx:hr>
          </gpxtpx:TrackPointExtension>
        </extensions>
      </trkpt>
      <trkpt lat="36.03055976048686" lon="119.40131224743604">
        <ele>61.015860203653574</ele>
        <time>2025-01-17T10:33:43Z</time>
        <extensions>
          <gpxtpx:TrackPointExtension>
            <gpxtpx:hr>152</gpxtpx:hr>
          </gpxtpx:TrackPointExtension>
        </extensions>
      </trkpt>
      <trkpt lat="36.030557428133335" lon="119.40129746325097">
        <ele>61.0559047954157</ele>
        <time>2025-01-17T10:33:44Z</time>
        <extensions>
          <gpxtpx:TrackPointExtension>
            <gpxtpx:hr>152</gpxtpx:hr>
          </gpxtpx:TrackPointExtension>
        </extensions>
      </trkpt>
      <trkpt lat="36.03055433486808" lon="119.40128270609888">
        <ele>61.09718317165971</ele>
        <time>2025-01-17T10:33:45Z</time>
        <extensions>
          <gpxtpx:TrackPointExtension>
            <gpxtpx:hr>145</gpxtpx:hr>
          </gpxtpx:TrackPointExtension>
        </extensions>
      </trkpt>
      <trkpt lat="36.03055075404986" lon="119.40126798074442">
        <ele>61.12614565342665</ele>
        <time>2025-01-17T10:33:46Z</time>
        <extensions>
          <gpxtpx:TrackPointExtension>
            <gpxtpx:hr>145</gpxtpx:hr>
          </gpxtpx:TrackPointExtension>
        </extensions>
      </trkpt>
      <trkpt lat="36.03054700087263" lon="119.40125312163504">
        <ele>61.14582434017211</ele>
        <time>2025-01-17T10:33:47Z</time>
        <extensions>
          <gpxtpx:TrackPointExtension>
            <gpxtpx:hr>145</gpxtpx:hr>
          </gpxtpx:TrackPointExtension>
        </extensions>
      </trkpt>
      <trkpt lat="36.030542865709535" lon="119.4012379663337">
        <ele>61.15971092693508</ele>
        <time>2025-01-17T10:33:48Z</time>
        <extensions>
          <gpxtpx:TrackPointExtension>
            <gpxtpx:hr>145</gpxtpx:hr>
          </gpxtpx:TrackPointExtension>
        </extensions>
      </trkpt>
      <trkpt lat="36.03053821270032" lon="119.40122218352037">
        <ele>61.15614850074053</ele>
        <time>2025-01-17T10:33:49Z</time>
        <extensions>
          <gpxtpx:TrackPointExtension>
            <gpxtpx:hr>145</gpxtpx:hr>
          </gpxtpx:TrackPointExtension>
        </extensions>
      </trkpt>
      <trkpt lat="36.0305341776158" lon="119.40120610090194">
        <ele>61.146019232459366</ele>
        <time>2025-01-17T10:33:50Z</time>
        <extensions>
          <gpxtpx:TrackPointExtension>
            <gpxtpx:hr>142</gpxtpx:hr>
          </gpxtpx:TrackPointExtension>
        </extensions>
      </trkpt>
      <trkpt lat="36.030531606664475" lon="119.40119032335973">
        <ele>61.13285811338574</ele>
        <time>2025-01-17T10:33:51Z</time>
        <extensions>
          <gpxtpx:TrackPointExtension>
            <gpxtpx:hr>142</gpxtpx:hr>
          </gpxtpx:TrackPointExtension>
        </extensions>
      </trkpt>
      <trkpt lat="36.03052925781211" lon="119.40117488967975">
        <ele>61.107710897922516</ele>
        <time>2025-01-17T10:33:52Z</time>
        <extensions>
          <gpxtpx:TrackPointExtension>
            <gpxtpx:hr>142</gpxtpx:hr>
          </gpxtpx:TrackPointExtension>
        </extensions>
      </trkpt>
      <trkpt lat="36.03052558490963" lon="119.40116014302316">
        <ele>61.074433682486415</ele>
        <time>2025-01-17T10:33:53Z</time>
        <extensions>
          <gpxtpx:TrackPointExtension>
            <gpxtpx:hr>140</gpxtpx:hr>
          </gpxtpx:TrackPointExtension>
        </extensions>
      </trkpt>
      <trkpt lat="36.03052093368119" lon="119.4011457738912">
        <ele>61.03390541020781</ele>
        <time>2025-01-17T10:33:54Z</time>
        <extensions>
          <gpxtpx:TrackPointExtension>
            <gpxtpx:hr>140</gpxtpx:hr>
          </gpxtpx:TrackPointExtension>
        </extensions>
      </trkpt>
      <trkpt lat="36.03051651751106" lon="119.4011311202596">
        <ele>60.98819274362177</ele>
        <time>2025-01-17T10:33:55Z</time>
        <extensions>
          <gpxtpx:TrackPointExtension>
            <gpxtpx:hr>140</gpxtpx:hr>
          </gpxtpx:TrackPointExtension>
        </extensions>
      </trkpt>
      <trkpt lat="36.03051237731777" lon="119.4011164818434">
        <ele>60.93983613885939</ele>
        <time>2025-01-17T10:33:56Z</time>
        <extensions>
          <gpxtpx:TrackPointExtension>
            <gpxtpx:hr>140</gpxtpx:hr>
          </gpxtpx:TrackPointExtension>
        </extensions>
      </trkpt>
      <trkpt lat="36.030508092235" lon="119.40110190645362">
        <ele>60.88884023949504</ele>
        <time>2025-01-17T10:33:57Z</time>
        <extensions>
          <gpxtpx:TrackPointExtension>
            <gpxtpx:hr>140</gpxtpx:hr>
          </gpxtpx:TrackPointExtension>
        </extensions>
      </trkpt>
      <trkpt lat="36.03050327911334" lon="119.401087367171">
        <ele>60.847443603910506</ele>
        <time>2025-01-17T10:33:58Z</time>
        <extensions>
          <gpxtpx:TrackPointExtension>
            <gpxtpx:hr>135</gpxtpx:hr>
          </gpxtpx:TrackPointExtension>
        </extensions>
      </trkpt>
      <trkpt lat="36.03049782462007" lon="119.40107294933301">
        <ele>60.81420961767435</ele>
        <time>2025-01-17T10:33:59Z</time>
        <extensions>
          <gpxtpx:TrackPointExtension>
            <gpxtpx:hr>135</gpxtpx:hr>
          </gpxtpx:TrackPointExtension>
        </extensions>
      </trkpt>
      <trkpt lat="36.030492177672976" lon="119.40105838709285">
        <ele>60.784794772043824</ele>
        <time>2025-01-17T10:34:00Z</time>
        <extensions>
          <gpxtpx:TrackPointExtension>
            <gpxtpx:hr>135</gpxtpx:hr>
          </gpxtpx:TrackPointExtension>
        </extensions>
      </trkpt>
      <trkpt lat="36.03048676980803" lon="119.40104391648714">
        <ele>60.75369967520237</ele>
        <time>2025-01-17T10:34:01Z</time>
        <extensions>
          <gpxtpx:TrackPointExtension>
            <gpxtpx:hr>135</gpxtpx:hr>
          </gpxtpx:TrackPointExtension>
        </extensions>
      </trkpt>
      <trkpt lat="36.03048156578579" lon="119.40102983806172">
        <ele>60.726572767831385</ele>
        <time>2025-01-17T10:34:02Z</time>
        <extensions>
          <gpxtpx:TrackPointExtension>
            <gpxtpx:hr>135</gpxtpx:hr>
          </gpxtpx:TrackPointExtension>
        </extensions>
      </trkpt>
      <trkpt lat="36.03047646685861" lon="119.40101551586038">
        <ele>60.704311253502965</ele>
        <time>2025-01-17T10:34:03Z</time>
        <extensions>
          <gpxtpx:TrackPointExtension>
            <gpxtpx:hr>135</gpxtpx:hr>
          </gpxtpx:TrackPointExtension>
        </extensions>
      </trkpt>
      <trkpt lat="36.0304716213381" lon="119.4010005676593">
        <ele>60.688052931800485</ele>
        <time>2025-01-17T10:34:04Z</time>
        <extensions>
          <gpxtpx:TrackPointExtension>
            <gpxtpx:hr>135</gpxtpx:hr>
          </gpxtpx:TrackPointExtension>
        </extensions>
      </trkpt>
      <trkpt lat="36.030467012290565" lon="119.40098513836215">
        <ele>60.672642977908254</ele>
        <time>2025-01-17T10:34:05Z</time>
        <extensions>
          <gpxtpx:TrackPointExtension>
            <gpxtpx:hr>128</gpxtpx:hr>
          </gpxtpx:TrackPointExtension>
        </extensions>
      </trkpt>
      <trkpt lat="36.03046248059245" lon="119.40096979430298">
        <ele>60.65980268549174</ele>
        <time>2025-01-17T10:34:06Z</time>
        <extensions>
          <gpxtpx:TrackPointExtension>
            <gpxtpx:hr>128</gpxtpx:hr>
          </gpxtpx:TrackPointExtension>
        </extensions>
      </trkpt>
      <trkpt lat="36.03045798949198" lon="119.4009548991396">
        <ele>60.64411674812436</ele>
        <time>2025-01-17T10:34:07Z</time>
        <extensions>
          <gpxtpx:TrackPointExtension>
            <gpxtpx:hr>128</gpxtpx:hr>
          </gpxtpx:TrackPointExtension>
        </extensions>
      </trkpt>
      <trkpt lat="36.03045399076872" lon="119.4009400122344">
        <ele>60.62923775520176</ele>
        <time>2025-01-17T10:34:08Z</time>
        <extensions>
          <gpxtpx:TrackPointExtension>
            <gpxtpx:hr>128</gpxtpx:hr>
          </gpxtpx:TrackPointExtension>
        </extensions>
      </trkpt>
      <trkpt lat="36.030451207517004" lon="119.40092458376118">
        <ele>60.61724757775664</ele>
        <time>2025-01-17T10:34:09Z</time>
        <extensions>
          <gpxtpx:TrackPointExtension>
            <gpxtpx:hr>128</gpxtpx:hr>
          </gpxtpx:TrackPointExtension>
        </extensions>
      </trkpt>
      <trkpt lat="36.030450121289064" lon="119.40090873477772">
        <ele>60.61889809463173</ele>
        <time>2025-01-17T10:34:10Z</time>
        <extensions>
          <gpxtpx:TrackPointExtension>
            <gpxtpx:hr>128</gpxtpx:hr>
          </gpxtpx:TrackPointExtension>
        </extensions>
      </trkpt>
      <trkpt lat="36.03045073319001" lon="119.40089273095363">
        <ele>60.61513417214155</ele>
        <time>2025-01-17T10:34:11Z</time>
        <extensions>
          <gpxtpx:TrackPointExtension>
            <gpxtpx:hr>125</gpxtpx:hr>
          </gpxtpx:TrackPointExtension>
        </extensions>
      </trkpt>
      <trkpt lat="36.03045238856105" lon="119.400876840937">
        <ele>60.61840568203479</ele>
        <time>2025-01-17T10:34:12Z</time>
        <extensions>
          <gpxtpx:TrackPointExtension>
            <gpxtpx:hr>125</gpxtpx:hr>
          </gpxtpx:TrackPointExtension>
        </extensions>
      </trkpt>
      <trkpt lat="36.030455044954685" lon="119.40086086550343">
        <ele>60.62367007974535</ele>
        <time>2025-01-17T10:34:13Z</time>
        <extensions>
          <gpxtpx:TrackPointExtension>
            <gpxtpx:hr>125</gpxtpx:hr>
          </gpxtpx:TrackPointExtension>
        </extensions>
      </trkpt>
      <trkpt lat="36.03045897967411" lon="119.40084495581982">
        <ele>60.63398907985538</ele>
        <time>2025-01-17T10:34:14Z</time>
        <extensions>
          <gpxtpx:TrackPointExtension>
            <gpxtpx:hr>125</gpxtpx:hr>
          </gpxtpx:TrackPointExtension>
        </extensions>
      </trkpt>
      <trkpt lat="36.03046412514377" lon="119.40082989143261">
        <ele>60.64243977610022</ele>
        <time>2025-01-17T10:34:15Z</time>
        <extensions>
          <gpxtpx:TrackPointExtension>
            <gpxtpx:hr>122</gpxtpx:hr>
          </gpxtpx:TrackPointExtension>
        </extensions>
      </trkpt>
      <trkpt lat="36.030469989831055" lon="119.40081538690191">
        <ele>60.65631167963147</ele>
        <time>2025-01-17T10:34:16Z</time>
        <extensions>
          <gpxtpx:TrackPointExtension>
            <gpxtpx:hr>122</gpxtpx:hr>
          </gpxtpx:TrackPointExtension>
        </extensions>
      </trkpt>
      <trkpt lat="36.03047640052394" lon="119.40080132767898">
        <ele>60.68044664058834</ele>
        <time>2025-01-17T10:34:17Z</time>
        <extensions>
          <gpxtpx:TrackPointExtension>
            <gpxtpx:hr>122</gpxtpx:hr>
          </gpxtpx:TrackPointExtension>
        </extensions>
      </trkpt>
      <trkpt lat="36.0304837513553" lon="119.40078785048215">
        <ele>60.715973815880716</ele>
        <time>2025-01-17T10:34:18Z</time>
        <extensions>
          <gpxtpx:TrackPointExtension>
            <gpxtpx:hr>122</gpxtpx:hr>
          </gpxtpx:TrackPointExtension>
        </extensions>
      </trkpt>
      <trkpt lat="36.030491905100774" lon="119.40077476456015">
        <ele>60.75069942791015</ele>
        <time>2025-01-17T10:34:19Z</time>
        <extensions>
          <gpxtpx:TrackPointExtension>
            <gpxtpx:hr>120</gpxtpx:hr>
          </gpxtpx:TrackPointExtension>
        </extensions>
      </trkpt>
      <trkpt lat="36.03050048740429" lon="119.40076234081778">
        <ele>60.78554807044566</ele>
        <time>2025-01-17T10:34:20Z</time>
        <extensions>
          <gpxtpx:TrackPointExtension>
            <gpxtpx:hr>120</gpxtpx:hr>
          </gpxtpx:TrackPointExtension>
        </extensions>
      </trkpt>
      <trkpt lat="36.030510226437485" lon="119.40075162988023">
        <ele>60.81675466988236</ele>
        <time>2025-01-17T10:34:21Z</time>
        <extensions>
          <gpxtpx:TrackPointExtension>
            <gpxtpx:hr>120</gpxtpx:hr>
          </gpxtpx:TrackPointExtension>
        </extensions>
      </trkpt>
      <trkpt lat="36.03052153881146" lon="119.40074366657032">
        <ele>60.83998859766871</ele>
        <time>2025-01-17T10:34:22Z</time>
        <extensions>
          <gpxtpx:TrackPointExtension>
            <gpxtpx:hr>120</gpxtpx:hr>
          </gpxtpx:TrackPointExtension>
        </extensions>
      </trkpt>
      <trkpt lat="36.03053387907544" lon="119.40073904169247">
        <ele>60.86548429261893</ele>
        <time>2025-01-17T10:34:23Z</time>
        <extensions>
          <gpxtpx:TrackPointExtension>
            <gpxtpx:hr>120</gpxtpx:hr>
          </gpxtpx:TrackPointExtension>
        </extensions>
      </trkpt>
      <trkpt lat="36.03054679714343" lon="119.40073692332066">
        <ele>60.890295944176614</ele>
        <time>2025-01-17T10:34:24Z</time>
        <extensions>
          <gpxtpx:TrackPointExtension>
            <gpxtpx:hr>118</gpxtpx:hr>
          </gpxtpx:TrackPointExtension>
        </extensions>
      </trkpt>
      <trkpt lat="36.03056007932256" lon="119.40073606208708">
        <ele>60.9171017119661</ele>
        <time>2025-01-17T10:34:25Z</time>
        <extensions>
          <gpxtpx:TrackPointExtension>
            <gpxtpx:hr>118</gpxtpx:hr>
          </gpxtpx:TrackPointExtension>
        </extensions>
      </trkpt>
      <trkpt lat="36.03057363544664" lon="119.4007358838983">
        <ele>60.935577128082514</ele>
        <time>2025-01-17T10:34:26Z</time>
        <extensions>
          <gpxtpx:TrackPointExtension>
            <gpxtpx:hr>118</gpxtpx:hr>
          </gpxtpx:TrackPointExtension>
        </extensions>
      </trkpt>
      <trkpt lat="36.03058704509859" lon="119.40073554965223">
        <ele>60.95675929449499</ele>
        <time>2025-01-17T10:34:27Z</time>
        <extensions>
          <gpxtpx:TrackPointExtension>
            <gpxtpx:hr>118</gpxtpx:hr>
          </gpxtpx:TrackPointExtension>
        </extensions>
      </trkpt>
      <trkpt lat="36.03060025126281" lon="119.40073488364696">
        <ele>60.98546070419252</ele>
        <time>2025-01-17T10:34:28Z</time>
        <extensions>
          <gpxtpx:TrackPointExtension>
            <gpxtpx:hr>118</gpxtpx:hr>
          </gpxtpx:TrackPointExtension>
        </extensions>
      </trkpt>
      <trkpt lat="36.030613285460625" lon="119.40073439984216">
        <ele>61.01606645900756</ele>
        <time>2025-01-17T10:34:29Z</time>
        <extensions>
          <gpxtpx:TrackPointExtension>
            <gpxtpx:hr>124</gpxtpx:hr>
          </gpxtpx:TrackPointExtension>
        </extensions>
      </trkpt>
      <trkpt lat="36.03062608432259" lon="119.4007342513428">
        <ele>61.03736599907279</ele>
        <time>2025-01-17T10:34:30Z</time>
        <extensions>
          <gpxtpx:TrackPointExtension>
            <gpxtpx:hr>124</gpxtpx:hr>
          </gpxtpx:TrackPointExtension>
        </extensions>
      </trkpt>
      <trkpt lat="36.03063884442623" lon="119.40073462949495">
        <ele>61.051933077163994</ele>
        <time>2025-01-17T10:34:31Z</time>
        <extensions>
          <gpxtpx:TrackPointExtension>
            <gpxtpx:hr>124</gpxtpx:hr>
          </gpxtpx:TrackPointExtension>
        </extensions>
      </trkpt>
      <trkpt lat="36.03065149250285" lon="119.40073525061526">
        <ele>61.063515949994326</ele>
        <time>2025-01-17T10:34:32Z</time>
        <extensions>
          <gpxtpx:TrackPointExtension>
            <gpxtpx:hr>124</gpxtpx:hr>
          </gpxtpx:TrackPointExtension>
        </extensions>
      </trkpt>
      <trkpt lat="36.03066406914647" lon="119.40073558656606">
        <ele>61.06567670870572</ele>
        <time>2025-01-17T10:34:33Z</time>
        <extensions>
          <gpxtpx:TrackPointExtension>
            <gpxtpx:hr>124</gpxtpx:hr>
          </gpxtpx:TrackPointExtension>
        </extensions>
      </trkpt>
      <trkpt lat="36.03067668789458" lon="119.40073587987831">
        <ele>61.066395682282746</ele>
        <time>2025-01-17T10:34:34Z</time>
        <extensions>
          <gpxtpx:TrackPointExtension>
            <gpxtpx:hr>124</gpxtpx:hr>
          </gpxtpx:TrackPointExtension>
        </extensions>
      </trkpt>
      <trkpt lat="36.03068943500468" lon="119.40073665117946">
        <ele>61.062453023158014</ele>
        <time>2025-01-17T10:34:35Z</time>
        <extensions>
          <gpxtpx:TrackPointExtension>
            <gpxtpx:hr>124</gpxtpx:hr>
          </gpxtpx:TrackPointExtension>
        </extensions>
      </trkpt>
      <trkpt lat="36.03070219520224" lon="119.40073746191388">
        <ele>61.05789104197174</ele>
        <time>2025-01-17T10:34:36Z</time>
        <extensions>
          <gpxtpx:TrackPointExtension>
            <gpxtpx:hr>124</gpxtpx:hr>
          </gpxtpx:TrackPointExtension>
        </extensions>
      </trkpt>
      <trkpt lat="36.03071493716717" lon="119.40073725229435">
        <ele>61.04452054947615</ele>
        <time>2025-01-17T10:34:37Z</time>
        <extensions>
          <gpxtpx:TrackPointExtension>
            <gpxtpx:hr>124</gpxtpx:hr>
          </gpxtpx:TrackPointExtension>
        </extensions>
      </trkpt>
      <trkpt lat="36.03072744336127" lon="119.40073591023796">
        <ele>61.023441382683814</ele>
        <time>2025-01-17T10:34:38Z</time>
        <extensions>
          <gpxtpx:TrackPointExtension>
            <gpxtpx:hr>124</gpxtpx:hr>
          </gpxtpx:TrackPointExtension>
        </extensions>
      </trkpt>
      <trkpt lat="36.03073962086223" lon="119.4007347023302">
        <ele>61.009391403757036</ele>
        <time>2025-01-17T10:34:39Z</time>
        <extensions>
          <gpxtpx:TrackPointExtension>
            <gpxtpx:hr>124</gpxtpx:hr>
          </gpxtpx:TrackPointExtension>
        </extensions>
      </trkpt>
      <trkpt lat="36.030751553950914" lon="119.40073473635985">
        <ele>61.00810070987791</ele>
        <time>2025-01-17T10:34:40Z</time>
        <extensions>
          <gpxtpx:TrackPointExtension>
            <gpxtpx:hr>124</gpxtpx:hr>
          </gpxtpx:TrackPointExtension>
        </extensions>
      </trkpt>
      <trkpt lat="36.030763649098546" lon="119.40073626412253">
        <ele>61.019328215159476</ele>
        <time>2025-01-17T10:34:41Z</time>
        <extensions>
          <gpxtpx:TrackPointExtension>
            <gpxtpx:hr>124</gpxtpx:hr>
          </gpxtpx:TrackPointExtension>
        </extensions>
      </trkpt>
      <trkpt lat="36.03077594776764" lon="119.40073902252207">
        <ele>61.049774058163166</ele>
        <time>2025-01-17T10:34:42Z</time>
        <extensions>
          <gpxtpx:TrackPointExtension>
            <gpxtpx:hr>124</gpxtpx:hr>
          </gpxtpx:TrackPointExtension>
        </extensions>
      </trkpt>
      <trkpt lat="36.03078753260539" lon="119.4007428493921">
        <ele>61.06744995433837</ele>
        <time>2025-01-17T10:34:43Z</time>
        <extensions>
          <gpxtpx:TrackPointExtension>
            <gpxtpx:hr>124</gpxtpx:hr>
          </gpxtpx:TrackPointExtension>
        </extensions>
      </trkpt>
      <trkpt lat="36.03079800261706" lon="119.40074747715151">
        <ele>61.088017450645566</ele>
        <time>2025-01-17T10:34:44Z</time>
        <extensions>
          <gpxtpx:TrackPointExtension>
            <gpxtpx:hr>122</gpxtpx:hr>
          </gpxtpx:TrackPointExtension>
        </extensions>
      </trkpt>
      <trkpt lat="36.0308074980453" lon="119.4007517802727">
        <ele>61.11009920760989</ele>
        <time>2025-01-17T10:34:45Z</time>
        <extensions>
          <gpxtpx:TrackPointExtension>
            <gpxtpx:hr>122</gpxtpx:hr>
          </gpxtpx:TrackPointExtension>
        </extensions>
      </trkpt>
      <trkpt lat="36.03081678878451" lon="119.40075479313917">
        <ele>61.126260282471776</ele>
        <time>2025-01-17T10:34:46Z</time>
        <extensions>
          <gpxtpx:TrackPointExtension>
            <gpxtpx:hr>122</gpxtpx:hr>
          </gpxtpx:TrackPointExtension>
        </extensions>
      </trkpt>
      <trkpt lat="36.030826649863904" lon="119.40075612755088">
        <ele>61.151229191571474</ele>
        <time>2025-01-17T10:34:47Z</time>
        <extensions>
          <gpxtpx:TrackPointExtension>
            <gpxtpx:hr>122</gpxtpx:hr>
          </gpxtpx:TrackPointExtension>
        </extensions>
      </trkpt>
      <trkpt lat="36.030837956115306" lon="119.40075577653792">
        <ele>61.17723751626909</ele>
        <time>2025-01-17T10:34:48Z</time>
        <extensions>
          <gpxtpx:TrackPointExtension>
            <gpxtpx:hr>122</gpxtpx:hr>
          </gpxtpx:TrackPointExtension>
        </extensions>
      </trkpt>
      <trkpt lat="36.03085072055336" lon="119.40075383978937">
        <ele>61.20551696419716</ele>
        <time>2025-01-17T10:34:49Z</time>
        <extensions>
          <gpxtpx:TrackPointExtension>
            <gpxtpx:hr>122</gpxtpx:hr>
          </gpxtpx:TrackPointExtension>
        </extensions>
      </trkpt>
      <trkpt lat="36.03086341230808" lon="119.40075180233681">
        <ele>61.21598151605576</ele>
        <time>2025-01-17T10:34:50Z</time>
        <extensions>
          <gpxtpx:TrackPointExtension>
            <gpxtpx:hr>119</gpxtpx:hr>
          </gpxtpx:TrackPointExtension>
        </extensions>
      </trkpt>
      <trkpt lat="36.03087532507963" lon="119.40075072275181">
        <ele>61.21858861017972</ele>
        <time>2025-01-17T10:34:51Z</time>
        <extensions>
          <gpxtpx:TrackPointExtension>
            <gpxtpx:hr>119</gpxtpx:hr>
          </gpxtpx:TrackPointExtension>
        </extensions>
      </trkpt>
      <trkpt lat="36.03088699047366" lon="119.40074994117701">
        <ele>61.216282211244106</ele>
        <time>2025-01-17T10:34:52Z</time>
        <extensions>
          <gpxtpx:TrackPointExtension>
            <gpxtpx:hr>119</gpxtpx:hr>
          </gpxtpx:TrackPointExtension>
        </extensions>
      </trkpt>
      <trkpt lat="36.03089935677607" lon="119.40074951071666">
        <ele>61.19736205879599</ele>
        <time>2025-01-17T10:34:53Z</time>
        <extensions>
          <gpxtpx:TrackPointExtension>
            <gpxtpx:hr>119</gpxtpx:hr>
          </gpxtpx:TrackPointExtension>
        </extensions>
      </trkpt>
      <trkpt lat="36.03091206082879" lon="119.40074972792672">
        <ele>61.17354060150683</ele>
        <time>2025-01-17T10:34:54Z</time>
        <extensions>
          <gpxtpx:TrackPointExtension>
            <gpxtpx:hr>119</gpxtpx:hr>
          </gpxtpx:TrackPointExtension>
        </extensions>
      </trkpt>
      <trkpt lat="36.030923535756386" lon="119.40074991484818">
        <ele>61.12093219999224</ele>
        <time>2025-01-17T10:34:55Z</time>
        <extensions>
          <gpxtpx:TrackPointExtension>
            <gpxtpx:hr>119</gpxtpx:hr>
          </gpxtpx:TrackPointExtension>
        </extensions>
      </trkpt>
      <trkpt lat="36.03093388627001" lon="119.40074967710385">
        <ele>61.112517876550555</ele>
        <time>2025-01-17T10:34:56Z</time>
        <extensions>
          <gpxtpx:TrackPointExtension>
            <gpxtpx:hr>119</gpxtpx:hr>
          </gpxtpx:TrackPointExtension>
        </extensions>
      </trkpt>
      <trkpt lat="36.03094413389745" lon="119.40074955552761">
        <ele>61.08353836834431</ele>
        <time>2025-01-17T10:34:57Z</time>
        <extensions>
          <gpxtpx:TrackPointExtension>
            <gpxtpx:hr>119</gpxtpx:hr>
          </gpxtpx:TrackPointExtension>
        </extensions>
      </trkpt>
      <trkpt lat="36.03095518506403" lon="119.40074997928359">
        <ele>61.04542350675911</ele>
        <time>2025-01-17T10:34:58Z</time>
        <extensions>
          <gpxtpx:TrackPointExtension>
            <gpxtpx:hr>119</gpxtpx:hr>
          </gpxtpx:TrackPointExtension>
        </extensions>
      </trkpt>
      <trkpt lat="36.03096760287719" lon="119.40075126525609">
        <ele>61.05039647035301</ele>
        <time>2025-01-17T10:34:59Z</time>
        <extensions>
          <gpxtpx:TrackPointExtension>
            <gpxtpx:hr>119</gpxtpx:hr>
          </gpxtpx:TrackPointExtension>
        </extensions>
      </trkpt>
      <trkpt lat="36.03098045830284" lon="119.40075325251988">
        <ele>61.05553741939366</ele>
        <time>2025-01-17T10:35:00Z</time>
        <extensions>
          <gpxtpx:TrackPointExtension>
            <gpxtpx:hr>119</gpxtpx:hr>
          </gpxtpx:TrackPointExtension>
        </extensions>
      </trkpt>
      <trkpt lat="36.030993808663624" lon="119.40075519275155">
        <ele>61.07309002429247</ele>
        <time>2025-01-17T10:35:01Z</time>
        <extensions>
          <gpxtpx:TrackPointExtension>
            <gpxtpx:hr>119</gpxtpx:hr>
          </gpxtpx:TrackPointExtension>
        </extensions>
      </trkpt>
      <trkpt lat="36.031007609394976" lon="119.40075645013765">
        <ele>61.11212904471904</ele>
        <time>2025-01-17T10:35:02Z</time>
        <extensions>
          <gpxtpx:TrackPointExtension>
            <gpxtpx:hr>119</gpxtpx:hr>
          </gpxtpx:TrackPointExtension>
        </extensions>
      </trkpt>
      <trkpt lat="36.03102272580764" lon="119.40075805028157">
        <ele>61.10061051044613</ele>
        <time>2025-01-17T10:35:03Z</time>
        <extensions>
          <gpxtpx:TrackPointExtension>
            <gpxtpx:hr>119</gpxtpx:hr>
          </gpxtpx:TrackPointExtension>
        </extensions>
      </trkpt>
      <trkpt lat="36.03103998159217" lon="119.40076070499597">
        <ele>61.16178851574659</ele>
        <time>2025-01-17T10:35:04Z</time>
        <extensions>
          <gpxtpx:TrackPointExtension>
            <gpxtpx:hr>120</gpxtpx:hr>
          </gpxtpx:TrackPointExtension>
        </extensions>
      </trkpt>
      <trkpt lat="36.03105707941978" lon="119.40076318331089">
        <ele>61.24139444902539</ele>
        <time>2025-01-17T10:35:05Z</time>
        <extensions>
          <gpxtpx:TrackPointExtension>
            <gpxtpx:hr>120</gpxtpx:hr>
          </gpxtpx:TrackPointExtension>
        </extensions>
      </trkpt>
      <trkpt lat="36.03107481459364" lon="119.40076491803175">
        <ele>61.373445861041546</ele>
        <time>2025-01-17T10:35:06Z</time>
        <extensions>
          <gpxtpx:TrackPointExtension>
            <gpxtpx:hr>120</gpxtpx:hr>
          </gpxtpx:TrackPointExtension>
        </extensions>
      </trkpt>
      <trkpt lat="36.0310953011183" lon="119.40076775995206">
        <ele>61.4796086512506</ele>
        <time>2025-01-17T10:35:07Z</time>
        <extensions>
          <gpxtpx:TrackPointExtension>
            <gpxtpx:hr>120</gpxtpx:hr>
          </gpxtpx:TrackPointExtension>
        </extensions>
      </trkpt>
      <trkpt lat="36.0311160214537" lon="119.40077154797686">
        <ele>61.597774405032396</ele>
        <time>2025-01-17T10:35:08Z</time>
        <extensions>
          <gpxtpx:TrackPointExtension>
            <gpxtpx:hr>120</gpxtpx:hr>
          </gpxtpx:TrackPointExtension>
        </extensions>
      </trkpt>
      <trkpt lat="36.03113607182323" lon="119.40077503645027">
        <ele>61.72166836448014</ele>
        <time>2025-01-17T10:35:09Z</time>
        <extensions>
          <gpxtpx:TrackPointExtension>
            <gpxtpx:hr>120</gpxtpx:hr>
          </gpxtpx:TrackPointExtension>
        </extensions>
      </trkpt>
      <trkpt lat="36.03115938723707" lon="119.40077789613413">
        <ele>61.81791129056364</ele>
        <time>2025-01-17T10:35:10Z</time>
        <extensions>
          <gpxtpx:TrackPointExtension>
            <gpxtpx:hr>120</gpxtpx:hr>
          </gpxtpx:TrackPointExtension>
        </extensions>
      </trkpt>
      <trkpt lat="36.03119041194083" lon="119.40078045670091">
        <ele>61.945361086167395</ele>
        <time>2025-01-17T10:35:11Z</time>
        <extensions>
          <gpxtpx:TrackPointExtension>
            <gpxtpx:hr>120</gpxtpx:hr>
          </gpxtpx:TrackPointExtension>
        </extensions>
      </trkpt>
      <trkpt lat="36.03123007812343" lon="119.40078342365608">
        <ele>62.0621348163113</ele>
        <time>2025-01-17T10:35:12Z</time>
        <extensions>
          <gpxtpx:TrackPointExtension>
            <gpxtpx:hr>120</gpxtpx:hr>
          </gpxtpx:TrackPointExtension>
        </extensions>
      </trkpt>
      <trkpt lat="36.03127218466737" lon="119.4007859304764">
        <ele>62.16622005496174</ele>
        <time>2025-01-17T10:35:13Z</time>
        <extensions>
          <gpxtpx:TrackPointExtension>
            <gpxtpx:hr>129</gpxtpx:hr>
          </gpxtpx:TrackPointExtension>
        </extensions>
      </trkpt>
      <trkpt lat="36.031310737885605" lon="119.40078691950033">
        <ele>62.26670179050416</ele>
        <time>2025-01-17T10:35:14Z</time>
        <extensions>
          <gpxtpx:TrackPointExtension>
            <gpxtpx:hr>129</gpxtpx:hr>
          </gpxtpx:TrackPointExtension>
        </extensions>
      </trkpt>
      <trkpt lat="36.03134605413025" lon="119.40078646888438">
        <ele>62.39686926174909</ele>
        <time>2025-01-17T10:35:15Z</time>
        <extensions>
          <gpxtpx:TrackPointExtension>
            <gpxtpx:hr>129</gpxtpx:hr>
          </gpxtpx:TrackPointExtension>
        </extensions>
      </trkpt>
      <trkpt lat="36.03137978717425" lon="119.40078592726536">
        <ele>62.48398982267827</ele>
        <time>2025-01-17T10:35:16Z</time>
        <extensions>
          <gpxtpx:TrackPointExtension>
            <gpxtpx:hr>129</gpxtpx:hr>
          </gpxtpx:TrackPointExtension>
        </extensions>
      </trkpt>
      <trkpt lat="36.031412223957496" lon="119.40078612362231">
        <ele>62.55383422318846</ele>
        <time>2025-01-17T10:35:17Z</time>
        <extensions>
          <gpxtpx:TrackPointExtension>
            <gpxtpx:hr>129</gpxtpx:hr>
          </gpxtpx:TrackPointExtension>
        </extensions>
      </trkpt>
      <trkpt lat="36.03144428283602" lon="119.40078732451319">
        <ele>62.61035237275064</ele>
        <time>2025-01-17T10:35:18Z</time>
        <extensions>
          <gpxtpx:TrackPointExtension>
            <gpxtpx:hr>137</gpxtpx:hr>
          </gpxtpx:TrackPointExtension>
        </extensions>
      </trkpt>
      <trkpt lat="36.0314762669538" lon="119.40078953546355">
        <ele>62.629942054860294</ele>
        <time>2025-01-17T10:35:19Z</time>
        <extensions>
          <gpxtpx:TrackPointExtension>
            <gpxtpx:hr>137</gpxtpx:hr>
          </gpxtpx:TrackPointExtension>
        </extensions>
      </trkpt>
      <trkpt lat="36.03150787224336" lon="119.4007917663208">
        <ele>62.64819146413356</ele>
        <time>2025-01-17T10:35:20Z</time>
        <extensions>
          <gpxtpx:TrackPointExtension>
            <gpxtpx:hr>137</gpxtpx:hr>
          </gpxtpx:TrackPointExtension>
        </extensions>
      </trkpt>
      <trkpt lat="36.03153952711337" lon="119.40079337038796">
        <ele>62.6354216625914</ele>
        <time>2025-01-17T10:35:21Z</time>
        <extensions>
          <gpxtpx:TrackPointExtension>
            <gpxtpx:hr>137</gpxtpx:hr>
          </gpxtpx:TrackPointExtension>
        </extensions>
      </trkpt>
      <trkpt lat="36.03157122813164" lon="119.40079497722523">
        <ele>62.639377375133336</ele>
        <time>2025-01-17T10:35:22Z</time>
        <extensions>
          <gpxtpx:TrackPointExtension>
            <gpxtpx:hr>137</gpxtpx:hr>
          </gpxtpx:TrackPointExtension>
        </extensions>
      </trkpt>
      <trkpt lat="36.03160281053995" lon="119.400797126549">
        <ele>62.597394620999694</ele>
        <time>2025-01-17T10:35:23Z</time>
        <extensions>
          <gpxtpx:TrackPointExtension>
            <gpxtpx:hr>145</gpxtpx:hr>
          </gpxtpx:TrackPointExtension>
        </extensions>
      </trkpt>
      <trkpt lat="36.03163497752518" lon="119.40079969974974">
        <ele>62.556213981471956</ele>
        <time>2025-01-17T10:35:24Z</time>
        <extensions>
          <gpxtpx:TrackPointExtension>
            <gpxtpx:hr>145</gpxtpx:hr>
          </gpxtpx:TrackPointExtension>
        </extensions>
      </trkpt>
      <trkpt lat="36.03166694593743" lon="119.40080175050336">
        <ele>62.512220380827785</ele>
        <time>2025-01-17T10:35:25Z</time>
        <extensions>
          <gpxtpx:TrackPointExtension>
            <gpxtpx:hr>145</gpxtpx:hr>
          </gpxtpx:TrackPointExtension>
        </extensions>
      </trkpt>
      <trkpt lat="36.03169774453362" lon="119.40080217866722">
        <ele>62.45120535697788</ele>
        <time>2025-01-17T10:35:26Z</time>
        <extensions>
          <gpxtpx:TrackPointExtension>
            <gpxtpx:hr>145</gpxtpx:hr>
          </gpxtpx:TrackPointExtension>
        </extensions>
      </trkpt>
      <trkpt lat="36.03172784614372" lon="119.40080202367882">
        <ele>62.35341880097985</ele>
        <time>2025-01-17T10:35:27Z</time>
        <extensions>
          <gpxtpx:TrackPointExtension>
            <gpxtpx:hr>145</gpxtpx:hr>
          </gpxtpx:TrackPointExtension>
        </extensions>
      </trkpt>
      <trkpt lat="36.03175668679477" lon="119.40080342677902">
        <ele>62.25840415619314</ele>
        <time>2025-01-17T10:35:28Z</time>
        <extensions>
          <gpxtpx:TrackPointExtension>
            <gpxtpx:hr>145</gpxtpx:hr>
          </gpxtpx:TrackPointExtension>
        </extensions>
      </trkpt>
      <trkpt lat="36.03178434108208" lon="119.40080764803338">
        <ele>62.17761035170406</ele>
        <time>2025-01-17T10:35:29Z</time>
        <extensions>
          <gpxtpx:TrackPointExtension>
            <gpxtpx:hr>151</gpxtpx:hr>
          </gpxtpx:TrackPointExtension>
        </extensions>
      </trkpt>
      <trkpt lat="36.031811986115805" lon="119.40081474031976">
        <ele>62.089148631319404</ele>
        <time>2025-01-17T10:35:30Z</time>
        <extensions>
          <gpxtpx:TrackPointExtension>
            <gpxtpx:hr>151</gpxtpx:hr>
          </gpxtpx:TrackPointExtension>
        </extensions>
      </trkpt>
      <trkpt lat="36.03183861964913" lon="119.40082453922403">
        <ele>61.99598641321063</ele>
        <time>2025-01-17T10:35:31Z</time>
        <extensions>
          <gpxtpx:TrackPointExtension>
            <gpxtpx:hr>151</gpxtpx:hr>
          </gpxtpx:TrackPointExtension>
        </extensions>
      </trkpt>
      <trkpt lat="36.03186185514257" lon="119.40083605455514">
        <ele>61.90070319455117</ele>
        <time>2025-01-17T10:35:32Z</time>
        <extensions>
          <gpxtpx:TrackPointExtension>
            <gpxtpx:hr>151</gpxtpx:hr>
          </gpxtpx:TrackPointExtension>
        </extensions>
      </trkpt>
      <trkpt lat="36.03188121969523" lon="119.40084674640636">
        <ele>61.802307090722024</ele>
        <time>2025-01-17T10:35:33Z</time>
        <extensions>
          <gpxtpx:TrackPointExtension>
            <gpxtpx:hr>151</gpxtpx:hr>
          </gpxtpx:TrackPointExtension>
        </extensions>
      </trkpt>
      <trkpt lat="36.031897196824595" lon="119.40085427256628">
        <ele>61.70227800309658</ele>
        <time>2025-01-17T10:35:34Z</time>
        <extensions>
          <gpxtpx:TrackPointExtension>
            <gpxtpx:hr>151</gpxtpx:hr>
          </gpxtpx:TrackPointExtension>
        </extensions>
      </trkpt>
      <trkpt lat="36.03190891277366" lon="119.40085766507713">
        <ele>61.60349694639444</ele>
        <time>2025-01-17T10:35:35Z</time>
        <extensions>
          <gpxtpx:TrackPointExtension>
            <gpxtpx:hr>151</gpxtpx:hr>
          </gpxtpx:TrackPointExtension>
        </extensions>
      </trkpt>
      <trkpt lat="36.031915407039136" lon="119.40085704113132">
        <ele>61.50279296282679</ele>
        <time>2025-01-17T10:35:36Z</time>
        <extensions>
          <gpxtpx:TrackPointExtension>
            <gpxtpx:hr>156</gpxtpx:hr>
          </gpxtpx:TrackPointExtension>
        </extensions>
      </trkpt>
      <trkpt lat="36.03191748526809" lon="119.40085269829417">
        <ele>61.38683613575995</ele>
        <time>2025-01-17T10:35:37Z</time>
        <extensions>
          <gpxtpx:TrackPointExtension>
            <gpxtpx:hr>156</gpxtpx:hr>
          </gpxtpx:TrackPointExtension>
        </extensions>
      </trkpt>
      <trkpt lat="36.0319177411022" lon="119.40084451552494">
        <ele>61.26045244373381</ele>
        <time>2025-01-17T10:35:38Z</time>
        <extensions>
          <gpxtpx:TrackPointExtension>
            <gpxtpx:hr>156</gpxtpx:hr>
          </gpxtpx:TrackPointExtension>
        </extensions>
      </trkpt>
      <trkpt lat="36.031919046943926" lon="119.40083212955548">
        <ele>61.150105798617005</ele>
        <time>2025-01-17T10:35:39Z</time>
        <extensions>
          <gpxtpx:TrackPointExtension>
            <gpxtpx:hr>156</gpxtpx:hr>
          </gpxtpx:TrackPointExtension>
        </extensions>
      </trkpt>
      <trkpt lat="36.03192173363687" lon="119.40081659182009">
        <ele>61.05719398614019</ele>
        <time>2025-01-17T10:35:40Z</time>
        <extensions>
          <gpxtpx:TrackPointExtension>
            <gpxtpx:hr>156</gpxtpx:hr>
          </gpxtpx:TrackPointExtension>
        </extensions>
      </trkpt>
      <trkpt lat="36.03192422990695" lon="119.40079992005008">
        <ele>60.96836609579623</ele>
        <time>2025-01-17T10:35:41Z</time>
        <extensions>
          <gpxtpx:TrackPointExtension>
            <gpxtpx:hr>156</gpxtpx:hr>
          </gpxtpx:TrackPointExtension>
        </extensions>
      </trkpt>
      <trkpt lat="36.03192607954079" lon="119.40078313345268">
        <ele>60.882218218408525</ele>
        <time>2025-01-17T10:35:42Z</time>
        <extensions>
          <gpxtpx:TrackPointExtension>
            <gpxtpx:hr>156</gpxtpx:hr>
          </gpxtpx:TrackPointExtension>
        </extensions>
      </trkpt>
      <trkpt lat="36.03192779138579" lon="119.40076776414963">
        <ele>60.79796471633017</ele>
        <time>2025-01-17T10:35:43Z</time>
        <extensions>
          <gpxtpx:TrackPointExtension>
            <gpxtpx:hr>156</gpxtpx:hr>
          </gpxtpx:TrackPointExtension>
        </extensions>
      </trkpt>
      <trkpt lat="36.0319291367109" lon="119.40075525661499">
        <ele>60.73990013729781</ele>
        <time>2025-01-17T10:35:44Z</time>
        <extensions>
          <gpxtpx:TrackPointExtension>
            <gpxtpx:hr>156</gpxtpx:hr>
          </gpxtpx:TrackPointExtension>
        </extensions>
      </trkpt>
      <trkpt lat="36.0319301100233" lon="119.40074469383688">
        <ele>60.70782440342009</ele>
        <time>2025-01-17T10:35:45Z</time>
        <extensions>
          <gpxtpx:TrackPointExtension>
            <gpxtpx:hr>156</gpxtpx:hr>
          </gpxtpx:TrackPointExtension>
        </extensions>
      </trkpt>
      <trkpt lat="36.03193138858183" lon="119.40073453928623">
        <ele>60.664937464520335</ele>
        <time>2025-01-17T10:35:46Z</time>
        <extensions>
          <gpxtpx:TrackPointExtension>
            <gpxtpx:hr>156</gpxtpx:hr>
          </gpxtpx:TrackPointExtension>
        </extensions>
      </trkpt>
      <trkpt lat="36.03193363601731" lon="119.40072359671062">
        <ele>60.632718087174</ele>
        <time>2025-01-17T10:35:47Z</time>
        <extensions>
          <gpxtpx:TrackPointExtension>
            <gpxtpx:hr>155</gpxtpx:hr>
          </gpxtpx:TrackPointExtension>
        </extensions>
      </trkpt>
      <trkpt lat="36.031936474576995" lon="119.40071121950439">
        <ele>60.60217783134431</ele>
        <time>2025-01-17T10:35:48Z</time>
        <extensions>
          <gpxtpx:TrackPointExtension>
            <gpxtpx:hr>155</gpxtpx:hr>
          </gpxtpx:TrackPointExtension>
        </extensions>
      </trkpt>
      <trkpt lat="36.03193961678026" lon="119.40069696235423">
        <ele>60.57883376814425</ele>
        <time>2025-01-17T10:35:49Z</time>
        <extensions>
          <gpxtpx:TrackPointExtension>
            <gpxtpx:hr>155</gpxtpx:hr>
          </gpxtpx:TrackPointExtension>
        </extensions>
      </trkpt>
      <trkpt lat="36.03194346934428" lon="119.40068133679014">
        <ele>60.54427943751216</ele>
        <time>2025-01-17T10:35:50Z</time>
        <extensions>
          <gpxtpx:TrackPointExtension>
            <gpxtpx:hr>154</gpxtpx:hr>
          </gpxtpx:TrackPointExtension>
        </extensions>
      </trkpt>
      <trkpt lat="36.0319477836504" lon="119.4006655370834">
        <ele>60.493617068976164</ele>
        <time>2025-01-17T10:35:51Z</time>
        <extensions>
          <gpxtpx:TrackPointExtension>
            <gpxtpx:hr>154</gpxtpx:hr>
          </gpxtpx:TrackPointExtension>
        </extensions>
      </trkpt>
      <trkpt lat="36.031952452495226" lon="119.40065008822197">
        <ele>60.48190294392407</ele>
        <time>2025-01-17T10:35:52Z</time>
        <extensions>
          <gpxtpx:TrackPointExtension>
            <gpxtpx:hr>154</gpxtpx:hr>
          </gpxtpx:TrackPointExtension>
        </extensions>
      </trkpt>
      <trkpt lat="36.03195817864116" lon="119.40063569151768">
        <ele>60.485323544591665</ele>
        <time>2025-01-17T10:35:53Z</time>
        <extensions>
          <gpxtpx:TrackPointExtension>
            <gpxtpx:hr>154</gpxtpx:hr>
          </gpxtpx:TrackPointExtension>
        </extensions>
      </trkpt>
      <trkpt lat="36.03196487106432" lon="119.40062280570766">
        <ele>60.4774619769305</ele>
        <time>2025-01-17T10:35:54Z</time>
        <extensions>
          <gpxtpx:TrackPointExtension>
            <gpxtpx:hr>154</gpxtpx:hr>
          </gpxtpx:TrackPointExtension>
        </extensions>
      </trkpt>
      <trkpt lat="36.03197017881277" lon="119.40061167744834">
        <ele>60.48344641085714</ele>
        <time>2025-01-17T10:35:55Z</time>
        <extensions>
          <gpxtpx:TrackPointExtension>
            <gpxtpx:hr>149</gpxtpx:hr>
          </gpxtpx:TrackPointExtension>
        </extensions>
      </trkpt>
      <trkpt lat="36.031972385662556" lon="119.40060228689737">
        <ele>60.50277319457382</ele>
        <time>2025-01-17T10:35:56Z</time>
        <extensions>
          <gpxtpx:TrackPointExtension>
            <gpxtpx:hr>149</gpxtpx:hr>
          </gpxtpx:TrackPointExtension>
        </extensions>
      </trkpt>
      <trkpt lat="36.03197248461228" lon="119.40059333035549">
        <ele>60.51661872211844</ele>
        <time>2025-01-17T10:35:57Z</time>
        <extensions>
          <gpxtpx:TrackPointExtension>
            <gpxtpx:hr>149</gpxtpx:hr>
          </gpxtpx:TrackPointExtension>
        </extensions>
      </trkpt>
      <trkpt lat="36.031972099465506" lon="119.4005833421501">
        <ele>60.526082006283104</ele>
        <time>2025-01-17T10:35:58Z</time>
        <extensions>
          <gpxtpx:TrackPointExtension>
            <gpxtpx:hr>149</gpxtpx:hr>
          </gpxtpx:TrackPointExtension>
        </extensions>
      </trkpt>
      <trkpt lat="36.0319716566568" lon="119.40057210517747">
        <ele>60.53028150834143</ele>
        <time>2025-01-17T10:35:59Z</time>
        <extensions>
          <gpxtpx:TrackPointExtension>
            <gpxtpx:hr>149</gpxtpx:hr>
          </gpxtpx:TrackPointExtension>
        </extensions>
      </trkpt>
      <trkpt lat="36.0319710735512" lon="119.40055957518068">
        <ele>60.53919161204249</ele>
        <time>2025-01-17T10:36:00Z</time>
        <extensions>
          <gpxtpx:TrackPointExtension>
            <gpxtpx:hr>147</gpxtpx:hr>
          </gpxtpx:TrackPointExtension>
        </extensions>
      </trkpt>
      <trkpt lat="36.03197072488623" lon="119.40054565445456">
        <ele>60.54159882850945</ele>
        <time>2025-01-17T10:36:01Z</time>
        <extensions>
          <gpxtpx:TrackPointExtension>
            <gpxtpx:hr>147</gpxtpx:hr>
          </gpxtpx:TrackPointExtension>
        </extensions>
      </trkpt>
      <trkpt lat="36.03197072351354" lon="119.40053110061298">
        <ele>60.54498913511634</ele>
        <time>2025-01-17T10:36:02Z</time>
        <extensions>
          <gpxtpx:TrackPointExtension>
            <gpxtpx:hr>147</gpxtpx:hr>
          </gpxtpx:TrackPointExtension>
        </extensions>
      </trkpt>
      <trkpt lat="36.031970644124975" lon="119.400516659458">
        <ele>60.54633241891861</ele>
        <time>2025-01-17T10:36:03Z</time>
        <extensions>
          <gpxtpx:TrackPointExtension>
            <gpxtpx:hr>144</gpxtpx:hr>
          </gpxtpx:TrackPointExtension>
        </extensions>
      </trkpt>
      <trkpt lat="36.03197021261598" lon="119.40050246338153">
        <ele>60.5441728644073</ele>
        <time>2025-01-17T10:36:04Z</time>
        <extensions>
          <gpxtpx:TrackPointExtension>
            <gpxtpx:hr>144</gpxtpx:hr>
          </gpxtpx:TrackPointExtension>
        </extensions>
      </trkpt>
      <trkpt lat="36.03196958755635" lon="119.4004876372831">
        <ele>60.53315944969654</ele>
        <time>2025-01-17T10:36:05Z</time>
        <extensions>
          <gpxtpx:TrackPointExtension>
            <gpxtpx:hr>144</gpxtpx:hr>
          </gpxtpx:TrackPointExtension>
        </extensions>
      </trkpt>
      <trkpt lat="36.03196911388683" lon="119.40047211981667">
        <ele>60.53054825775325</ele>
        <time>2025-01-17T10:36:06Z</time>
        <extensions>
          <gpxtpx:TrackPointExtension>
            <gpxtpx:hr>144</gpxtpx:hr>
          </gpxtpx:TrackPointExtension>
        </extensions>
      </trkpt>
      <trkpt lat="36.03196905555196" lon="119.40045662402855">
        <ele>60.533364148810506</ele>
        <time>2025-01-17T10:36:07Z</time>
        <extensions>
          <gpxtpx:TrackPointExtension>
            <gpxtpx:hr>144</gpxtpx:hr>
          </gpxtpx:TrackPointExtension>
        </extensions>
      </trkpt>
      <trkpt lat="36.03196921876729" lon="119.40044112803375">
        <ele>60.54053655266762</ele>
        <time>2025-01-17T10:36:08Z</time>
        <extensions>
          <gpxtpx:TrackPointExtension>
            <gpxtpx:hr>139</gpxtpx:hr>
          </gpxtpx:TrackPointExtension>
        </extensions>
      </trkpt>
      <trkpt lat="36.03196940624092" lon="119.40042581009673">
        <ele>60.549080746248364</ele>
        <time>2025-01-17T10:36:09Z</time>
        <extensions>
          <gpxtpx:TrackPointExtension>
            <gpxtpx:hr>139</gpxtpx:hr>
          </gpxtpx:TrackPointExtension>
        </extensions>
      </trkpt>
      <trkpt lat="36.03196972140473" lon="119.40041173043953">
        <ele>60.54873438086361</ele>
        <time>2025-01-17T10:36:10Z</time>
        <extensions>
          <gpxtpx:TrackPointExtension>
            <gpxtpx:hr>139</gpxtpx:hr>
          </gpxtpx:TrackPointExtension>
        </extensions>
      </trkpt>
      <trkpt lat="36.031970476706945" lon="119.40039958063886">
        <ele>60.53080174792558</ele>
        <time>2025-01-17T10:36:11Z</time>
        <extensions>
          <gpxtpx:TrackPointExtension>
            <gpxtpx:hr>139</gpxtpx:hr>
          </gpxtpx:TrackPointExtension>
        </extensions>
      </trkpt>
      <trkpt lat="36.03197162244374" lon="119.40038944620461">
        <ele>60.51885362435132</ele>
        <time>2025-01-17T10:36:12Z</time>
        <extensions>
          <gpxtpx:TrackPointExtension>
            <gpxtpx:hr>139</gpxtpx:hr>
          </gpxtpx:TrackPointExtension>
        </extensions>
      </trkpt>
      <trkpt lat="36.03197280027986" lon="119.40038056356443">
        <ele>60.48872843012214</ele>
        <time>2025-01-17T10:36:13Z</time>
        <extensions>
          <gpxtpx:TrackPointExtension>
            <gpxtpx:hr>139</gpxtpx:hr>
          </gpxtpx:TrackPointExtension>
        </extensions>
      </trkpt>
      <trkpt lat="36.03197392347605" lon="119.4003713550907">
        <ele>60.438521925359964</ele>
        <time>2025-01-17T10:36:14Z</time>
        <extensions>
          <gpxtpx:TrackPointExtension>
            <gpxtpx:hr>133</gpxtpx:hr>
          </gpxtpx:TrackPointExtension>
        </extensions>
      </trkpt>
      <trkpt lat="36.031974992178625" lon="119.40036086225052">
        <ele>60.39277989976108</ele>
        <time>2025-01-17T10:36:15Z</time>
        <extensions>
          <gpxtpx:TrackPointExtension>
            <gpxtpx:hr>133</gpxtpx:hr>
          </gpxtpx:TrackPointExtension>
        </extensions>
      </trkpt>
      <trkpt lat="36.03197596358177" lon="119.40034921576202">
        <ele>60.34743364248425</ele>
        <time>2025-01-17T10:36:16Z</time>
        <extensions>
          <gpxtpx:TrackPointExtension>
            <gpxtpx:hr>133</gpxtpx:hr>
          </gpxtpx:TrackPointExtension>
        </extensions>
      </trkpt>
      <trkpt lat="36.03197652264976" lon="119.40033674387989">
        <ele>60.29293703567237</ele>
        <time>2025-01-17T10:36:17Z</time>
        <extensions>
          <gpxtpx:TrackPointExtension>
            <gpxtpx:hr>133</gpxtpx:hr>
          </gpxtpx:TrackPointExtension>
        </extensions>
      </trkpt>
      <trkpt lat="36.03197656037194" lon="119.4003226854227">
        <ele>60.236286270432174</ele>
        <time>2025-01-17T10:36:18Z</time>
        <extensions>
          <gpxtpx:TrackPointExtension>
            <gpxtpx:hr>133</gpxtpx:hr>
          </gpxtpx:TrackPointExtension>
        </extensions>
      </trkpt>
      <trkpt lat="36.031976271799856" lon="119.40030697349245">
        <ele>60.15882652718574</ele>
        <time>2025-01-17T10:36:19Z</time>
        <extensions>
          <gpxtpx:TrackPointExtension>
            <gpxtpx:hr>133</gpxtpx:hr>
          </gpxtpx:TrackPointExtension>
        </extensions>
      </trkpt>
      <trkpt lat="36.03197570463165" lon="119.40029152283932">
        <ele>60.08636613469571</ele>
        <time>2025-01-17T10:36:20Z</time>
        <extensions>
          <gpxtpx:TrackPointExtension>
            <gpxtpx:hr>128</gpxtpx:hr>
          </gpxtpx:TrackPointExtension>
        </extensions>
      </trkpt>
      <trkpt lat="36.03197499140691" lon="119.40027831725301">
        <ele>59.987679806537926</ele>
        <time>2025-01-17T10:36:21Z</time>
        <extensions>
          <gpxtpx:TrackPointExtension>
            <gpxtpx:hr>128</gpxtpx:hr>
          </gpxtpx:TrackPointExtension>
        </extensions>
      </trkpt>
      <trkpt lat="36.031974457602445" lon="119.40026785587881">
        <ele>59.89016213733703</ele>
        <time>2025-01-17T10:36:22Z</time>
        <extensions>
          <gpxtpx:TrackPointExtension>
            <gpxtpx:hr>128</gpxtpx:hr>
          </gpxtpx:TrackPointExtension>
        </extensions>
      </trkpt>
      <trkpt lat="36.03197457593785" lon="119.40025841479982">
        <ele>59.79281220026314</ele>
        <time>2025-01-17T10:36:23Z</time>
        <extensions>
          <gpxtpx:TrackPointExtension>
            <gpxtpx:hr>128</gpxtpx:hr>
          </gpxtpx:TrackPointExtension>
        </extensions>
      </trkpt>
      <trkpt lat="36.03197563936824" lon="119.40024843289744">
        <ele>59.71067017503083</ele>
        <time>2025-01-17T10:36:24Z</time>
        <extensions>
          <gpxtpx:TrackPointExtension>
            <gpxtpx:hr>126</gpxtpx:hr>
          </gpxtpx:TrackPointExtension>
        </extensions>
      </trkpt>
      <trkpt lat="36.031977351773094" lon="119.4002379404624">
        <ele>59.63842944987118</ele>
        <time>2025-01-17T10:36:25Z</time>
        <extensions>
          <gpxtpx:TrackPointExtension>
            <gpxtpx:hr>126</gpxtpx:hr>
          </gpxtpx:TrackPointExtension>
        </extensions>
      </trkpt>
      <trkpt lat="36.031979257247066" lon="119.40022627948049">
        <ele>59.568415930494666</ele>
        <time>2025-01-17T10:36:26Z</time>
        <extensions>
          <gpxtpx:TrackPointExtension>
            <gpxtpx:hr>126</gpxtpx:hr>
          </gpxtpx:TrackPointExtension>
        </extensions>
      </trkpt>
      <trkpt lat="36.031981038686496" lon="119.4002132101073">
        <ele>59.515530669130385</ele>
        <time>2025-01-17T10:36:27Z</time>
        <extensions>
          <gpxtpx:TrackPointExtension>
            <gpxtpx:hr>126</gpxtpx:hr>
          </gpxtpx:TrackPointExtension>
        </extensions>
      </trkpt>
      <trkpt lat="36.03198259033988" lon="119.40019936405778">
        <ele>59.45723264850676</ele>
        <time>2025-01-17T10:36:28Z</time>
        <extensions>
          <gpxtpx:TrackPointExtension>
            <gpxtpx:hr>126</gpxtpx:hr>
          </gpxtpx:TrackPointExtension>
        </extensions>
      </trkpt>
      <trkpt lat="36.03198418074892" lon="119.40018426360415">
        <ele>59.40980451647192</ele>
        <time>2025-01-17T10:36:29Z</time>
        <extensions>
          <gpxtpx:TrackPointExtension>
            <gpxtpx:hr>124</gpxtpx:hr>
          </gpxtpx:TrackPointExtension>
        </extensions>
      </trkpt>
      <trkpt lat="36.03198608640772" lon="119.4001673752249">
        <ele>59.38882797025144</ele>
        <time>2025-01-17T10:36:30Z</time>
        <extensions>
          <gpxtpx:TrackPointExtension>
            <gpxtpx:hr>124</gpxtpx:hr>
          </gpxtpx:TrackPointExtension>
        </extensions>
      </trkpt>
      <trkpt lat="36.031987765497746" lon="119.40015062433976">
        <ele>59.39303609635681</ele>
        <time>2025-01-17T10:36:31Z</time>
        <extensions>
          <gpxtpx:TrackPointExtension>
            <gpxtpx:hr>124</gpxtpx:hr>
          </gpxtpx:TrackPointExtension>
        </extensions>
      </trkpt>
      <trkpt lat="36.03198811996193" lon="119.40013568073857">
        <ele>59.41822227463126</ele>
        <time>2025-01-17T10:36:32Z</time>
        <extensions>
          <gpxtpx:TrackPointExtension>
            <gpxtpx:hr>124</gpxtpx:hr>
          </gpxtpx:TrackPointExtension>
        </extensions>
      </trkpt>
      <trkpt lat="36.031987056026104" lon="119.40012254887256">
        <ele>59.44789669383317</ele>
        <time>2025-01-17T10:36:33Z</time>
        <extensions>
          <gpxtpx:TrackPointExtension>
            <gpxtpx:hr>124</gpxtpx:hr>
          </gpxtpx:TrackPointExtension>
        </extensions>
      </trkpt>
      <trkpt lat="36.03198505227076" lon="119.40011041225733">
        <ele>59.48872203566134</ele>
        <time>2025-01-17T10:36:34Z</time>
        <extensions>
          <gpxtpx:TrackPointExtension>
            <gpxtpx:hr>124</gpxtpx:hr>
          </gpxtpx:TrackPointExtension>
        </extensions>
      </trkpt>
      <trkpt lat="36.03198253824824" lon="119.40009918852115">
        <ele>59.51678364910185</ele>
        <time>2025-01-17T10:36:35Z</time>
        <extensions>
          <gpxtpx:TrackPointExtension>
            <gpxtpx:hr>124</gpxtpx:hr>
          </gpxtpx:TrackPointExtension>
        </extensions>
      </trkpt>
      <trkpt lat="36.03198020603966" lon="119.40008945648061">
        <ele>59.558831692673266</ele>
        <time>2025-01-17T10:36:36Z</time>
        <extensions>
          <gpxtpx:TrackPointExtension>
            <gpxtpx:hr>120</gpxtpx:hr>
          </gpxtpx:TrackPointExtension>
        </extensions>
      </trkpt>
      <trkpt lat="36.03197873634026" lon="119.40008014152106">
        <ele>59.59382798988372</ele>
        <time>2025-01-17T10:36:37Z</time>
        <extensions>
          <gpxtpx:TrackPointExtension>
            <gpxtpx:hr>120</gpxtpx:hr>
          </gpxtpx:TrackPointExtension>
        </extensions>
      </trkpt>
      <trkpt lat="36.031978586822206" lon="119.40007033844235">
        <ele>59.60957787837833</ele>
        <time>2025-01-17T10:36:38Z</time>
        <extensions>
          <gpxtpx:TrackPointExtension>
            <gpxtpx:hr>120</gpxtpx:hr>
          </gpxtpx:TrackPointExtension>
        </extensions>
      </trkpt>
      <trkpt lat="36.031979692204445" lon="119.4000598353599">
        <ele>59.59164045006037</ele>
        <time>2025-01-17T10:36:39Z</time>
        <extensions>
          <gpxtpx:TrackPointExtension>
            <gpxtpx:hr>120</gpxtpx:hr>
          </gpxtpx:TrackPointExtension>
        </extensions>
      </trkpt>
      <trkpt lat="36.031981658135194" lon="119.40004880052174">
        <ele>59.5653661750257</ele>
        <time>2025-01-17T10:36:40Z</time>
        <extensions>
          <gpxtpx:TrackPointExtension>
            <gpxtpx:hr>120</gpxtpx:hr>
          </gpxtpx:TrackPointExtension>
        </extensions>
      </trkpt>
      <trkpt lat="36.03198469722238" lon="119.40003579603858">
        <ele>59.54555418435484</ele>
        <time>2025-01-17T10:36:41Z</time>
        <extensions>
          <gpxtpx:TrackPointExtension>
            <gpxtpx:hr>120</gpxtpx:hr>
          </gpxtpx:TrackPointExtension>
        </extensions>
      </trkpt>
      <trkpt lat="36.03198854672981" lon="119.40001960240954">
        <ele>59.51049526967108</ele>
        <time>2025-01-17T10:36:42Z</time>
        <extensions>
          <gpxtpx:TrackPointExtension>
            <gpxtpx:hr>120</gpxtpx:hr>
          </gpxtpx:TrackPointExtension>
        </extensions>
      </trkpt>
      <trkpt lat="36.031991899672455" lon="119.40000199812971">
        <ele>59.465087812393904</ele>
        <time>2025-01-17T10:36:43Z</time>
        <extensions>
          <gpxtpx:TrackPointExtension>
            <gpxtpx:hr>120</gpxtpx:hr>
          </gpxtpx:TrackPointExtension>
        </extensions>
      </trkpt>
      <trkpt lat="36.0319939505447" lon="119.39998468123378">
        <ele>59.412978038191795</ele>
        <time>2025-01-17T10:36:44Z</time>
        <extensions>
          <gpxtpx:TrackPointExtension>
            <gpxtpx:hr>119</gpxtpx:hr>
          </gpxtpx:TrackPointExtension>
        </extensions>
      </trkpt>
      <trkpt lat="36.031994297538375" lon="119.39996819407061">
        <ele>59.338388001546264</ele>
        <time>2025-01-17T10:36:45Z</time>
        <extensions>
          <gpxtpx:TrackPointExtension>
            <gpxtpx:hr>119</gpxtpx:hr>
          </gpxtpx:TrackPointExtension>
        </extensions>
      </trkpt>
      <trkpt lat="36.03199354709471" lon="119.39995271322614">
        <ele>59.25520601402968</ele>
        <time>2025-01-17T10:36:46Z</time>
        <extensions>
          <gpxtpx:TrackPointExtension>
            <gpxtpx:hr>119</gpxtpx:hr>
          </gpxtpx:TrackPointExtension>
        </extensions>
      </trkpt>
      <trkpt lat="36.03199343653867" lon="119.39993754536364">
        <ele>59.18090287223458</ele>
        <time>2025-01-17T10:36:47Z</time>
        <extensions>
          <gpxtpx:TrackPointExtension>
            <gpxtpx:hr>119</gpxtpx:hr>
          </gpxtpx:TrackPointExtension>
        </extensions>
      </trkpt>
      <trkpt lat="36.03199494275658" lon="119.39992269280762">
        <ele>59.103452128358185</ele>
        <time>2025-01-17T10:36:48Z</time>
        <extensions>
          <gpxtpx:TrackPointExtension>
            <gpxtpx:hr>119</gpxtpx:hr>
          </gpxtpx:TrackPointExtension>
        </extensions>
      </trkpt>
      <trkpt lat="36.03199683811554" lon="119.39990903260195">
        <ele>59.02969607524574</ele>
        <time>2025-01-17T10:36:49Z</time>
        <extensions>
          <gpxtpx:TrackPointExtension>
            <gpxtpx:hr>119</gpxtpx:hr>
          </gpxtpx:TrackPointExtension>
        </extensions>
      </trkpt>
      <trkpt lat="36.03199773909154" lon="119.39989612444403">
        <ele>58.96645669825375</ele>
        <time>2025-01-17T10:36:50Z</time>
        <extensions>
          <gpxtpx:TrackPointExtension>
            <gpxtpx:hr>116</gpxtpx:hr>
          </gpxtpx:TrackPointExtension>
        </extensions>
      </trkpt>
      <trkpt lat="36.03199772553561" lon="119.39988300645868">
        <ele>58.91340845357627</ele>
        <time>2025-01-17T10:36:51Z</time>
        <extensions>
          <gpxtpx:TrackPointExtension>
            <gpxtpx:hr>116</gpxtpx:hr>
          </gpxtpx:TrackPointExtension>
        </extensions>
      </trkpt>
      <trkpt lat="36.031997074854026" lon="119.39986877407941">
        <ele>58.85673035308719</ele>
        <time>2025-01-17T10:36:52Z</time>
        <extensions>
          <gpxtpx:TrackPointExtension>
            <gpxtpx:hr>116</gpxtpx:hr>
          </gpxtpx:TrackPointExtension>
        </extensions>
      </trkpt>
      <trkpt lat="36.03199621917475" lon="119.39985392982216">
        <ele>58.80307208746672</ele>
        <time>2025-01-17T10:36:53Z</time>
        <extensions>
          <gpxtpx:TrackPointExtension>
            <gpxtpx:hr>116</gpxtpx:hr>
          </gpxtpx:TrackPointExtension>
        </extensions>
      </trkpt>
      <trkpt lat="36.03199579696434" lon="119.39983957625326">
        <ele>58.75543611496687</ele>
        <time>2025-01-17T10:36:54Z</time>
        <extensions>
          <gpxtpx:TrackPointExtension>
            <gpxtpx:hr>116</gpxtpx:hr>
          </gpxtpx:TrackPointExtension>
        </extensions>
      </trkpt>
      <trkpt lat="36.031995806720644" lon="119.39982602128087">
        <ele>58.71943958476186</ele>
        <time>2025-01-17T10:36:55Z</time>
        <extensions>
          <gpxtpx:TrackPointExtension>
            <gpxtpx:hr>116</gpxtpx:hr>
          </gpxtpx:TrackPointExtension>
        </extensions>
      </trkpt>
      <trkpt lat="36.03199590033808" lon="119.39981337556424">
        <ele>58.691190731711686</ele>
        <time>2025-01-17T10:36:56Z</time>
        <extensions>
          <gpxtpx:TrackPointExtension>
            <gpxtpx:hr>116</gpxtpx:hr>
          </gpxtpx:TrackPointExtension>
        </extensions>
      </trkpt>
      <trkpt lat="36.031996022611374" lon="119.3998011362377">
        <ele>58.67986979614943</ele>
        <time>2025-01-17T10:36:57Z</time>
        <extensions>
          <gpxtpx:TrackPointExtension>
            <gpxtpx:hr>116</gpxtpx:hr>
          </gpxtpx:TrackPointExtension>
        </extensions>
      </trkpt>
      <trkpt lat="36.031996271714064" lon="119.39978893620057">
        <ele>58.68683891091496</ele>
        <time>2025-01-17T10:36:58Z</time>
        <extensions>
          <gpxtpx:TrackPointExtension>
            <gpxtpx:hr>116</gpxtpx:hr>
          </gpxtpx:TrackPointExtension>
        </extensions>
      </trkpt>
      <trkpt lat="36.03199661589205" lon="119.3997765426288">
        <ele>58.688928733579814</ele>
        <time>2025-01-17T10:36:59Z</time>
        <extensions>
          <gpxtpx:TrackPointExtension>
            <gpxtpx:hr>116</gpxtpx:hr>
          </gpxtpx:TrackPointExtension>
        </extensions>
      </trkpt>
      <trkpt lat="36.03199756178214" lon="119.39976326558451">
        <ele>58.715655870735645</ele>
        <time>2025-01-17T10:37:00Z</time>
        <extensions>
          <gpxtpx:TrackPointExtension>
            <gpxtpx:hr>116</gpxtpx:hr>
          </gpxtpx:TrackPointExtension>
        </extensions>
      </trkpt>
      <trkpt lat="36.03199939789794" lon="119.39974890255903">
        <ele>58.738819423131645</ele>
        <time>2025-01-17T10:37:01Z</time>
        <extensions>
          <gpxtpx:TrackPointExtension>
            <gpxtpx:hr>116</gpxtpx:hr>
          </gpxtpx:TrackPointExtension>
        </extensions>
      </trkpt>
      <trkpt lat="36.03200188024623" lon="119.39973409782344">
        <ele>58.739623760804534</ele>
        <time>2025-01-17T10:37:02Z</time>
        <extensions>
          <gpxtpx:TrackPointExtension>
            <gpxtpx:hr>116</gpxtpx:hr>
          </gpxtpx:TrackPointExtension>
        </extensions>
      </trkpt>
      <trkpt lat="36.032004517772506" lon="119.39971937725964">
        <ele>58.75789727270603</ele>
        <time>2025-01-17T10:37:03Z</time>
        <extensions>
          <gpxtpx:TrackPointExtension>
            <gpxtpx:hr>113</gpxtpx:hr>
          </gpxtpx:TrackPointExtension>
        </extensions>
      </trkpt>
      <trkpt lat="36.03200675702374" lon="119.39970443175807">
        <ele>58.795885011553764</ele>
        <time>2025-01-17T10:37:04Z</time>
        <extensions>
          <gpxtpx:TrackPointExtension>
            <gpxtpx:hr>113</gpxtpx:hr>
          </gpxtpx:TrackPointExtension>
        </extensions>
      </trkpt>
      <trkpt lat="36.032008111605265" lon="119.39968949234098">
        <ele>58.84316926728934</ele>
        <time>2025-01-17T10:37:05Z</time>
        <extensions>
          <gpxtpx:TrackPointExtension>
            <gpxtpx:hr>113</gpxtpx:hr>
          </gpxtpx:TrackPointExtension>
        </extensions>
      </trkpt>
      <trkpt lat="36.03200873574958" lon="119.39967557402521">
        <ele>58.908633147366345</ele>
        <time>2025-01-17T10:37:06Z</time>
        <extensions>
          <gpxtpx:TrackPointExtension>
            <gpxtpx:hr>113</gpxtpx:hr>
          </gpxtpx:TrackPointExtension>
        </extensions>
      </trkpt>
      <trkpt lat="36.03200912659455" lon="119.3996631919895">
        <ele>58.986638732254505</ele>
        <time>2025-01-17T10:37:07Z</time>
        <extensions>
          <gpxtpx:TrackPointExtension>
            <gpxtpx:hr>113</gpxtpx:hr>
          </gpxtpx:TrackPointExtension>
        </extensions>
      </trkpt>
      <trkpt lat="36.03200965507676" lon="119.39965205768075">
        <ele>59.06606516614556</ele>
        <time>2025-01-17T10:37:08Z</time>
        <extensions>
          <gpxtpx:TrackPointExtension>
            <gpxtpx:hr>113</gpxtpx:hr>
          </gpxtpx:TrackPointExtension>
        </extensions>
      </trkpt>
      <trkpt lat="36.03201024213765" lon="119.39964170538094">
        <ele>59.13233187049627</ele>
        <time>2025-01-17T10:37:09Z</time>
        <extensions>
          <gpxtpx:TrackPointExtension>
            <gpxtpx:hr>113</gpxtpx:hr>
          </gpxtpx:TrackPointExtension>
        </extensions>
      </trkpt>
      <trkpt lat="36.03201062369552" lon="119.39963151766553">
        <ele>59.18560911901295</ele>
        <time>2025-01-17T10:37:10Z</time>
        <extensions>
          <gpxtpx:TrackPointExtension>
            <gpxtpx:hr>114</gpxtpx:hr>
          </gpxtpx:TrackPointExtension>
        </extensions>
      </trkpt>
      <trkpt lat="36.03201092046956" lon="119.39962118063902">
        <ele>59.240932007320225</ele>
        <time>2025-01-17T10:37:11Z</time>
        <extensions>
          <gpxtpx:TrackPointExtension>
            <gpxtpx:hr>114</gpxtpx:hr>
          </gpxtpx:TrackPointExtension>
        </extensions>
      </trkpt>
      <trkpt lat="36.032011415151956" lon="119.39960925068111">
        <ele>59.28393162880093</ele>
        <time>2025-01-17T10:37:12Z</time>
        <extensions>
          <gpxtpx:TrackPointExtension>
            <gpxtpx:hr>114</gpxtpx:hr>
          </gpxtpx:TrackPointExtension>
        </extensions>
      </trkpt>
      <trkpt lat="36.03201211929144" lon="119.39959494711263">
        <ele>59.329316477291286</ele>
        <time>2025-01-17T10:37:13Z</time>
        <extensions>
          <gpxtpx:TrackPointExtension>
            <gpxtpx:hr>114</gpxtpx:hr>
          </gpxtpx:TrackPointExtension>
        </extensions>
      </trkpt>
      <trkpt lat="36.032012719907584" lon="119.39957908644298">
        <ele>59.38126595970243</ele>
        <time>2025-01-17T10:37:14Z</time>
        <extensions>
          <gpxtpx:TrackPointExtension>
            <gpxtpx:hr>114</gpxtpx:hr>
          </gpxtpx:TrackPointExtension>
        </extensions>
      </trkpt>
      <trkpt lat="36.03201327662366" lon="119.39956314116478">
        <ele>59.4351246310398</ele>
        <time>2025-01-17T10:37:15Z</time>
        <extensions>
          <gpxtpx:TrackPointExtension>
            <gpxtpx:hr>114</gpxtpx:hr>
          </gpxtpx:TrackPointExtension>
        </extensions>
      </trkpt>
      <trkpt lat="36.032013962191726" lon="119.39954843967264">
        <ele>59.49990290775895</ele>
        <time>2025-01-17T10:37:16Z</time>
        <extensions>
          <gpxtpx:TrackPointExtension>
            <gpxtpx:hr>113</gpxtpx:hr>
          </gpxtpx:TrackPointExtension>
        </extensions>
      </trkpt>
      <trkpt lat="36.03201478356237" lon="119.39953487898815">
        <ele>59.56230662204325</ele>
        <time>2025-01-17T10:37:17Z</time>
        <extensions>
          <gpxtpx:TrackPointExtension>
            <gpxtpx:hr>113</gpxtpx:hr>
          </gpxtpx:TrackPointExtension>
        </extensions>
      </trkpt>
      <trkpt lat="36.032015852073805" lon="119.39952157497191">
        <ele>59.61343156918883</ele>
        <time>2025-01-17T10:37:18Z</time>
        <extensions>
          <gpxtpx:TrackPointExtension>
            <gpxtpx:hr>113</gpxtpx:hr>
          </gpxtpx:TrackPointExtension>
        </extensions>
      </trkpt>
      <trkpt lat="36.03201714704143" lon="119.3995070034966">
        <ele>59.66153727378696</ele>
        <time>2025-01-17T10:37:19Z</time>
        <extensions>
          <gpxtpx:TrackPointExtension>
            <gpxtpx:hr>113</gpxtpx:hr>
          </gpxtpx:TrackPointExtension>
        </extensions>
      </trkpt>
      <trkpt lat="36.03201823291323" lon="119.3994907040181">
        <ele>59.708185063675046</ele>
        <time>2025-01-17T10:37:20Z</time>
        <extensions>
          <gpxtpx:TrackPointExtension>
            <gpxtpx:hr>113</gpxtpx:hr>
          </gpxtpx:TrackPointExtension>
        </extensions>
      </trkpt>
      <trkpt lat="36.032018833432396" lon="119.39947393832097">
        <ele>59.76444458775222</ele>
        <time>2025-01-17T10:37:21Z</time>
        <extensions>
          <gpxtpx:TrackPointExtension>
            <gpxtpx:hr>113</gpxtpx:hr>
          </gpxtpx:TrackPointExtension>
        </extensions>
      </trkpt>
      <trkpt lat="36.03201910135315" lon="119.39945766028724">
        <ele>59.8248459585011</ele>
        <time>2025-01-17T10:37:22Z</time>
        <extensions>
          <gpxtpx:TrackPointExtension>
            <gpxtpx:hr>113</gpxtpx:hr>
          </gpxtpx:TrackPointExtension>
        </extensions>
      </trkpt>
      <trkpt lat="36.03201907172177" lon="119.39944204206249">
        <ele>59.87704494781792</ele>
        <time>2025-01-17T10:37:23Z</time>
        <extensions>
          <gpxtpx:TrackPointExtension>
            <gpxtpx:hr>113</gpxtpx:hr>
          </gpxtpx:TrackPointExtension>
        </extensions>
      </trkpt>
      <trkpt lat="36.03201897564407" lon="119.39942712815629">
        <ele>59.917722824029624</ele>
        <time>2025-01-17T10:37:24Z</time>
        <extensions>
          <gpxtpx:TrackPointExtension>
            <gpxtpx:hr>113</gpxtpx:hr>
          </gpxtpx:TrackPointExtension>
        </extensions>
      </trkpt>
      <trkpt lat="36.0320192239648" lon="119.39941281940574">
        <ele>59.96299709379673</ele>
        <time>2025-01-17T10:37:25Z</time>
        <extensions>
          <gpxtpx:TrackPointExtension>
            <gpxtpx:hr>113</gpxtpx:hr>
          </gpxtpx:TrackPointExtension>
        </extensions>
      </trkpt>
      <trkpt lat="36.03201989025117" lon="119.39939945247583">
        <ele>59.99600727297366</ele>
        <time>2025-01-17T10:37:26Z</time>
        <extensions>
          <gpxtpx:TrackPointExtension>
            <gpxtpx:hr>113</gpxtpx:hr>
          </gpxtpx:TrackPointExtension>
        </extensions>
      </trkpt>
      <trkpt lat="36.03202090401435" lon="119.39938659959583">
        <ele>60.0201186304912</ele>
        <time>2025-01-17T10:37:27Z</time>
        <extensions>
          <gpxtpx:TrackPointExtension>
            <gpxtpx:hr>113</gpxtpx:hr>
          </gpxtpx:TrackPointExtension>
        </extensions>
      </trkpt>
      <trkpt lat="36.03202199267746" lon="119.3993739178527">
        <ele>60.01928871963173</ele>
        <time>2025-01-17T10:37:28Z</time>
        <extensions>
          <gpxtpx:TrackPointExtension>
            <gpxtpx:hr>113</gpxtpx:hr>
          </gpxtpx:TrackPointExtension>
        </extensions>
      </trkpt>
      <trkpt lat="36.03202306808192" lon="119.39936173657182">
        <ele>60.02897327020764</ele>
        <time>2025-01-17T10:37:29Z</time>
        <extensions>
          <gpxtpx:TrackPointExtension>
            <gpxtpx:hr>113</gpxtpx:hr>
          </gpxtpx:TrackPointExtension>
        </extensions>
      </trkpt>
      <trkpt lat="36.03202427353341" lon="119.39935050269034">
        <ele>60.0336747514084</ele>
        <time>2025-01-17T10:37:30Z</time>
        <extensions>
          <gpxtpx:TrackPointExtension>
            <gpxtpx:hr>113</gpxtpx:hr>
          </gpxtpx:TrackPointExtension>
        </extensions>
      </trkpt>
      <trkpt lat="36.03202525221926" lon="119.39933917573697">
        <ele>60.02545973751694</ele>
        <time>2025-01-17T10:37:31Z</time>
        <extensions>
          <gpxtpx:TrackPointExtension>
            <gpxtpx:hr>113</gpxtpx:hr>
          </gpxtpx:TrackPointExtension>
        </extensions>
      </trkpt>
      <trkpt lat="36.03202573476046" lon="119.39932667716616">
        <ele>60.007742546498775</ele>
        <time>2025-01-17T10:37:32Z</time>
        <extensions>
          <gpxtpx:TrackPointExtension>
            <gpxtpx:hr>113</gpxtpx:hr>
          </gpxtpx:TrackPointExtension>
        </extensions>
      </trkpt>
      <trkpt lat="36.032026057764504" lon="119.39931290862025">
        <ele>59.9980001905933</ele>
        <time>2025-01-17T10:37:33Z</time>
        <extensions>
          <gpxtpx:TrackPointExtension>
            <gpxtpx:hr>113</gpxtpx:hr>
          </gpxtpx:TrackPointExtension>
        </extensions>
      </trkpt>
      <trkpt lat="36.03202652730924" lon="119.39929802826401">
        <ele>59.977720567025244</ele>
        <time>2025-01-17T10:37:34Z</time>
        <extensions>
          <gpxtpx:TrackPointExtension>
            <gpxtpx:hr>113</gpxtpx:hr>
          </gpxtpx:TrackPointExtension>
        </extensions>
      </trkpt>
      <trkpt lat="36.03202743951891" lon="119.39928230666327">
        <ele>59.96508672926575</ele>
        <time>2025-01-17T10:37:35Z</time>
        <extensions>
          <gpxtpx:TrackPointExtension>
            <gpxtpx:hr>113</gpxtpx:hr>
          </gpxtpx:TrackPointExtension>
        </extensions>
      </trkpt>
      <trkpt lat="36.032028751622676" lon="119.39926552299875">
        <ele>59.95115637872368</ele>
        <time>2025-01-17T10:37:36Z</time>
        <extensions>
          <gpxtpx:TrackPointExtension>
            <gpxtpx:hr>113</gpxtpx:hr>
          </gpxtpx:TrackPointExtension>
        </extensions>
      </trkpt>
      <trkpt lat="36.032030168011566" lon="119.39924902818154">
        <ele>59.940041679888964</ele>
        <time>2025-01-17T10:37:37Z</time>
        <extensions>
          <gpxtpx:TrackPointExtension>
            <gpxtpx:hr>113</gpxtpx:hr>
          </gpxtpx:TrackPointExtension>
        </extensions>
      </trkpt>
      <trkpt lat="36.032031747941566" lon="119.39923348042618">
        <ele>59.930447939783335</ele>
        <time>2025-01-17T10:37:38Z</time>
        <extensions>
          <gpxtpx:TrackPointExtension>
            <gpxtpx:hr>113</gpxtpx:hr>
          </gpxtpx:TrackPointExtension>
        </extensions>
      </trkpt>
      <trkpt lat="36.032033830580616" lon="119.3992181691035">
        <ele>59.92891877703369</ele>
        <time>2025-01-17T10:37:39Z</time>
        <extensions>
          <gpxtpx:TrackPointExtension>
            <gpxtpx:hr>113</gpxtpx:hr>
          </gpxtpx:TrackPointExtension>
        </extensions>
      </trkpt>
      <trkpt lat="36.03203600264018" lon="119.39920346472384">
        <ele>59.9274037797004</ele>
        <time>2025-01-17T10:37:40Z</time>
        <extensions>
          <gpxtpx:TrackPointExtension>
            <gpxtpx:hr>111</gpxtpx:hr>
          </gpxtpx:TrackPointExtension>
        </extensions>
      </trkpt>
      <trkpt lat="36.03203752755961" lon="119.39918929726582">
        <ele>59.92483939230442</ele>
        <time>2025-01-17T10:37:41Z</time>
        <extensions>
          <gpxtpx:TrackPointExtension>
            <gpxtpx:hr>111</gpxtpx:hr>
          </gpxtpx:TrackPointExtension>
        </extensions>
      </trkpt>
      <trkpt lat="36.03203843334604" lon="119.39917543007799">
        <ele>59.93030341435224</ele>
        <time>2025-01-17T10:37:42Z</time>
        <extensions>
          <gpxtpx:TrackPointExtension>
            <gpxtpx:hr>111</gpxtpx:hr>
          </gpxtpx:TrackPointExtension>
        </extensions>
      </trkpt>
      <trkpt lat="36.03203906933268" lon="119.39916251335846">
        <ele>59.95456285960972</ele>
        <time>2025-01-17T10:37:43Z</time>
        <extensions>
          <gpxtpx:TrackPointExtension>
            <gpxtpx:hr>111</gpxtpx:hr>
          </gpxtpx:TrackPointExtension>
        </extensions>
      </trkpt>
      <trkpt lat="36.032039483925665" lon="119.39915028180269">
        <ele>59.998882023617625</ele>
        <time>2025-01-17T10:37:44Z</time>
        <extensions>
          <gpxtpx:TrackPointExtension>
            <gpxtpx:hr>111</gpxtpx:hr>
          </gpxtpx:TrackPointExtension>
        </extensions>
      </trkpt>
      <trkpt lat="36.0320398337996" lon="119.39913786847032">
        <ele>60.07290373649448</ele>
        <time>2025-01-17T10:37:45Z</time>
        <extensions>
          <gpxtpx:TrackPointExtension>
            <gpxtpx:hr>111</gpxtpx:hr>
          </gpxtpx:TrackPointExtension>
        </extensions>
      </trkpt>
      <trkpt lat="36.03204028812478" lon="119.39912464118724">
        <ele>60.13882165402174</ele>
        <time>2025-01-17T10:37:46Z</time>
        <extensions>
          <gpxtpx:TrackPointExtension>
            <gpxtpx:hr>111</gpxtpx:hr>
          </gpxtpx:TrackPointExtension>
        </extensions>
      </trkpt>
      <trkpt lat="36.03204088330124" lon="119.39910954515373">
        <ele>60.197425570338964</ele>
        <time>2025-01-17T10:37:47Z</time>
        <extensions>
          <gpxtpx:TrackPointExtension>
            <gpxtpx:hr>112</gpxtpx:hr>
          </gpxtpx:TrackPointExtension>
        </extensions>
      </trkpt>
      <trkpt lat="36.03204180952008" lon="119.39909357529552">
        <ele>60.25546146556735</ele>
        <time>2025-01-17T10:37:48Z</time>
        <extensions>
          <gpxtpx:TrackPointExtension>
            <gpxtpx:hr>112</gpxtpx:hr>
          </gpxtpx:TrackPointExtension>
        </extensions>
      </trkpt>
      <trkpt lat="36.032043558576625" lon="119.3990775502672">
        <ele>60.30750984605402</ele>
        <time>2025-01-17T10:37:49Z</time>
        <extensions>
          <gpxtpx:TrackPointExtension>
            <gpxtpx:hr>112</gpxtpx:hr>
          </gpxtpx:TrackPointExtension>
        </extensions>
      </trkpt>
      <trkpt lat="36.03204545637462" lon="119.39906181107843">
        <ele>60.36951496452093</ele>
        <time>2025-01-17T10:37:50Z</time>
        <extensions>
          <gpxtpx:TrackPointExtension>
            <gpxtpx:hr>112</gpxtpx:hr>
          </gpxtpx:TrackPointExtension>
        </extensions>
      </trkpt>
      <trkpt lat="36.0320466984519" lon="119.39904731751236">
        <ele>60.421580580063164</ele>
        <time>2025-01-17T10:37:51Z</time>
        <extensions>
          <gpxtpx:TrackPointExtension>
            <gpxtpx:hr>112</gpxtpx:hr>
          </gpxtpx:TrackPointExtension>
        </extensions>
      </trkpt>
      <trkpt lat="36.032047751367934" lon="119.39903298319676">
        <ele>60.471562994644046</ele>
        <time>2025-01-17T10:37:52Z</time>
        <extensions>
          <gpxtpx:TrackPointExtension>
            <gpxtpx:hr>112</gpxtpx:hr>
          </gpxtpx:TrackPointExtension>
        </extensions>
      </trkpt>
      <trkpt lat="36.03204882269121" lon="119.39901876890255">
        <ele>60.508558843284845</ele>
        <time>2025-01-17T10:37:53Z</time>
        <extensions>
          <gpxtpx:TrackPointExtension>
            <gpxtpx:hr>112</gpxtpx:hr>
          </gpxtpx:TrackPointExtension>
        </extensions>
      </trkpt>
      <trkpt lat="36.03205000554366" lon="119.39900406512888">
        <ele>60.53868853393942</ele>
        <time>2025-01-17T10:37:54Z</time>
        <extensions>
          <gpxtpx:TrackPointExtension>
            <gpxtpx:hr>112</gpxtpx:hr>
          </gpxtpx:TrackPointExtension>
        </extensions>
      </trkpt>
      <trkpt lat="36.03205127511915" lon="119.39898791463754">
        <ele>60.55489112995565</ele>
        <time>2025-01-17T10:37:55Z</time>
        <extensions>
          <gpxtpx:TrackPointExtension>
            <gpxtpx:hr>112</gpxtpx:hr>
          </gpxtpx:TrackPointExtension>
        </extensions>
      </trkpt>
      <trkpt lat="36.03205283431675" lon="119.39897140351053">
        <ele>60.56962173990905</ele>
        <time>2025-01-17T10:37:56Z</time>
        <extensions>
          <gpxtpx:TrackPointExtension>
            <gpxtpx:hr>112</gpxtpx:hr>
          </gpxtpx:TrackPointExtension>
        </extensions>
      </trkpt>
      <trkpt lat="36.0320548975334" lon="119.3989555708882">
        <ele>60.584254453890026</ele>
        <time>2025-01-17T10:37:57Z</time>
        <extensions>
          <gpxtpx:TrackPointExtension>
            <gpxtpx:hr>112</gpxtpx:hr>
          </gpxtpx:TrackPointExtension>
        </extensions>
      </trkpt>
      <trkpt lat="36.03205711630035" lon="119.39894040800279">
        <ele>60.57578372955322</ele>
        <time>2025-01-17T10:37:58Z</time>
        <extensions>
          <gpxtpx:TrackPointExtension>
            <gpxtpx:hr>111</gpxtpx:hr>
          </gpxtpx:TrackPointExtension>
        </extensions>
      </trkpt>
      <trkpt lat="36.032059027895244" lon="119.39892532809966">
        <ele>60.55469918809831</ele>
        <time>2025-01-17T10:37:59Z</time>
        <extensions>
          <gpxtpx:TrackPointExtension>
            <gpxtpx:hr>111</gpxtpx:hr>
          </gpxtpx:TrackPointExtension>
        </extensions>
      </trkpt>
      <trkpt lat="36.03206087798731" lon="119.3989097430402">
        <ele>60.52414170373231</ele>
        <time>2025-01-17T10:38:00Z</time>
        <extensions>
          <gpxtpx:TrackPointExtension>
            <gpxtpx:hr>111</gpxtpx:hr>
          </gpxtpx:TrackPointExtension>
        </extensions>
      </trkpt>
      <trkpt lat="36.0320627246657" lon="119.39889375913032">
        <ele>60.47197922691703</ele>
        <time>2025-01-17T10:38:01Z</time>
        <extensions>
          <gpxtpx:TrackPointExtension>
            <gpxtpx:hr>111</gpxtpx:hr>
          </gpxtpx:TrackPointExtension>
        </extensions>
      </trkpt>
      <trkpt lat="36.03206449471713" lon="119.39887825192832">
        <ele>60.40897880401462</ele>
        <time>2025-01-17T10:38:02Z</time>
        <extensions>
          <gpxtpx:TrackPointExtension>
            <gpxtpx:hr>111</gpxtpx:hr>
          </gpxtpx:TrackPointExtension>
        </extensions>
      </trkpt>
      <trkpt lat="36.03206614013148" lon="119.39886432127551">
        <ele>60.3369631357491</ele>
        <time>2025-01-17T10:38:03Z</time>
        <extensions>
          <gpxtpx:TrackPointExtension>
            <gpxtpx:hr>111</gpxtpx:hr>
          </gpxtpx:TrackPointExtension>
        </extensions>
      </trkpt>
      <trkpt lat="36.03206741951132" lon="119.39885193089907">
        <ele>60.26759923901409</ele>
        <time>2025-01-17T10:38:04Z</time>
        <extensions>
          <gpxtpx:TrackPointExtension>
            <gpxtpx:hr>111</gpxtpx:hr>
          </gpxtpx:TrackPointExtension>
        </extensions>
      </trkpt>
      <trkpt lat="36.03206804834679" lon="119.39884017690574">
        <ele>60.20875037834048</ele>
        <time>2025-01-17T10:38:05Z</time>
        <extensions>
          <gpxtpx:TrackPointExtension>
            <gpxtpx:hr>111</gpxtpx:hr>
          </gpxtpx:TrackPointExtension>
        </extensions>
      </trkpt>
      <trkpt lat="36.03206758846599" lon="119.3988282306823">
        <ele>60.18067886400968</ele>
        <time>2025-01-17T10:38:06Z</time>
        <extensions>
          <gpxtpx:TrackPointExtension>
            <gpxtpx:hr>111</gpxtpx:hr>
          </gpxtpx:TrackPointExtension>
        </extensions>
      </trkpt>
      <trkpt lat="36.03206647238709" lon="119.3988147882785">
        <ele>60.14836391527206</ele>
        <time>2025-01-17T10:38:07Z</time>
        <extensions>
          <gpxtpx:TrackPointExtension>
            <gpxtpx:hr>111</gpxtpx:hr>
          </gpxtpx:TrackPointExtension>
        </extensions>
      </trkpt>
      <trkpt lat="36.03206544443409" lon="119.39880027212025">
        <ele>60.132421215064824</ele>
        <time>2025-01-17T10:38:08Z</time>
        <extensions>
          <gpxtpx:TrackPointExtension>
            <gpxtpx:hr>110</gpxtpx:hr>
          </gpxtpx:TrackPointExtension>
        </extensions>
      </trkpt>
      <trkpt lat="36.03206484523942" lon="119.39878628518939">
        <ele>60.1247923867777</ele>
        <time>2025-01-17T10:38:09Z</time>
        <extensions>
          <gpxtpx:TrackPointExtension>
            <gpxtpx:hr>110</gpxtpx:hr>
          </gpxtpx:TrackPointExtension>
        </extensions>
      </trkpt>
      <trkpt lat="36.03206475452378" lon="119.39877347297279">
        <ele>60.133161352947354</ele>
        <time>2025-01-17T10:38:10Z</time>
        <extensions>
          <gpxtpx:TrackPointExtension>
            <gpxtpx:hr>110</gpxtpx:hr>
          </gpxtpx:TrackPointExtension>
        </extensions>
      </trkpt>
      <trkpt lat="36.03206507462004" lon="119.39876138902504">
        <ele>60.16786788776517</ele>
        <time>2025-01-17T10:38:11Z</time>
        <extensions>
          <gpxtpx:TrackPointExtension>
            <gpxtpx:hr>110</gpxtpx:hr>
          </gpxtpx:TrackPointExtension>
        </extensions>
      </trkpt>
      <trkpt lat="36.032065815113455" lon="119.39874871659333">
        <ele>60.18906179815531</ele>
        <time>2025-01-17T10:38:12Z</time>
        <extensions>
          <gpxtpx:TrackPointExtension>
            <gpxtpx:hr>110</gpxtpx:hr>
          </gpxtpx:TrackPointExtension>
        </extensions>
      </trkpt>
      <trkpt lat="36.03206708365746" lon="119.39873498645868">
        <ele>60.235942889004946</ele>
        <time>2025-01-17T10:38:13Z</time>
        <extensions>
          <gpxtpx:TrackPointExtension>
            <gpxtpx:hr>110</gpxtpx:hr>
          </gpxtpx:TrackPointExtension>
        </extensions>
      </trkpt>
      <trkpt lat="36.03206895487902" lon="119.39872041455078">
        <ele>60.31597877945751</ele>
        <time>2025-01-17T10:38:14Z</time>
        <extensions>
          <gpxtpx:TrackPointExtension>
            <gpxtpx:hr>110</gpxtpx:hr>
          </gpxtpx:TrackPointExtension>
        </extensions>
      </trkpt>
      <trkpt lat="36.03207154734524" lon="119.39870435220895">
        <ele>60.39629186689854</ele>
        <time>2025-01-17T10:38:15Z</time>
        <extensions>
          <gpxtpx:TrackPointExtension>
            <gpxtpx:hr>110</gpxtpx:hr>
          </gpxtpx:TrackPointExtension>
        </extensions>
      </trkpt>
      <trkpt lat="36.03207453001452" lon="119.39868657111131">
        <ele>60.49468317627907</ele>
        <time>2025-01-17T10:38:16Z</time>
        <extensions>
          <gpxtpx:TrackPointExtension>
            <gpxtpx:hr>110</gpxtpx:hr>
          </gpxtpx:TrackPointExtension>
        </extensions>
      </trkpt>
      <trkpt lat="36.03207703466597" lon="119.39866896144389">
        <ele>60.590883064083755</ele>
        <time>2025-01-17T10:38:17Z</time>
        <extensions>
          <gpxtpx:TrackPointExtension>
            <gpxtpx:hr>110</gpxtpx:hr>
          </gpxtpx:TrackPointExtension>
        </extensions>
      </trkpt>
      <trkpt lat="36.032078642442364" lon="119.39865234583975">
        <ele>60.69112284015864</ele>
        <time>2025-01-17T10:38:18Z</time>
        <extensions>
          <gpxtpx:TrackPointExtension>
            <gpxtpx:hr>110</gpxtpx:hr>
          </gpxtpx:TrackPointExtension>
        </extensions>
      </trkpt>
      <trkpt lat="36.03207867437142" lon="119.39863666420493">
        <ele>60.82850346900523</ele>
        <time>2025-01-17T10:38:19Z</time>
        <extensions>
          <gpxtpx:TrackPointExtension>
            <gpxtpx:hr>110</gpxtpx:hr>
          </gpxtpx:TrackPointExtension>
        </extensions>
      </trkpt>
      <trkpt lat="36.032076451971335" lon="119.39862138619534">
        <ele>60.97800944186747</ele>
        <time>2025-01-17T10:38:20Z</time>
        <extensions>
          <gpxtpx:TrackPointExtension>
            <gpxtpx:hr>110</gpxtpx:hr>
          </gpxtpx:TrackPointExtension>
        </extensions>
      </trkpt>
      <trkpt lat="36.032071905811335" lon="119.39860501357445">
        <ele>61.13207434397191</ele>
        <time>2025-01-17T10:38:21Z</time>
        <extensions>
          <gpxtpx:TrackPointExtension>
            <gpxtpx:hr>110</gpxtpx:hr>
          </gpxtpx:TrackPointExtension>
        </extensions>
      </trkpt>
      <trkpt lat="36.03206509854958" lon="119.39858648975287">
        <ele>61.291139502078295</ele>
        <time>2025-01-17T10:38:22Z</time>
        <extensions>
          <gpxtpx:TrackPointExtension>
            <gpxtpx:hr>110</gpxtpx:hr>
          </gpxtpx:TrackPointExtension>
        </extensions>
      </trkpt>
      <trkpt lat="36.03205655299806" lon="119.39856743728511">
        <ele>61.43581124302</ele>
        <time>2025-01-17T10:38:23Z</time>
        <extensions>
          <gpxtpx:TrackPointExtension>
            <gpxtpx:hr>111</gpxtpx:hr>
          </gpxtpx:TrackPointExtension>
        </extensions>
      </trkpt>
      <trkpt lat="36.0320462786319" lon="119.39855023497614">
        <ele>61.61058790516108</ele>
        <time>2025-01-17T10:38:24Z</time>
        <extensions>
          <gpxtpx:TrackPointExtension>
            <gpxtpx:hr>111</gpxtpx:hr>
          </gpxtpx:TrackPointExtension>
        </extensions>
      </trkpt>
      <trkpt lat="36.032033184664336" lon="119.3985307042083">
        <ele>61.7482638573274</ele>
        <time>2025-01-17T10:38:25Z</time>
        <extensions>
          <gpxtpx:TrackPointExtension>
            <gpxtpx:hr>111</gpxtpx:hr>
          </gpxtpx:TrackPointExtension>
        </extensions>
      </trkpt>
      <trkpt lat="36.03202096526285" lon="119.39850888647493">
        <ele>61.84920546691865</ele>
        <time>2025-01-17T10:38:26Z</time>
        <extensions>
          <gpxtpx:TrackPointExtension>
            <gpxtpx:hr>111</gpxtpx:hr>
          </gpxtpx:TrackPointExtension>
        </extensions>
      </trkpt>
      <trkpt lat="36.032011163828884" lon="119.39848817865655">
        <ele>61.92947489116341</ele>
        <time>2025-01-17T10:38:27Z</time>
        <extensions>
          <gpxtpx:TrackPointExtension>
            <gpxtpx:hr>111</gpxtpx:hr>
          </gpxtpx:TrackPointExtension>
        </extensions>
      </trkpt>
      <trkpt lat="36.031999917415654" lon="119.39846569107156">
        <ele>61.96825968846679</ele>
        <time>2025-01-17T10:38:28Z</time>
        <extensions>
          <gpxtpx:TrackPointExtension>
            <gpxtpx:hr>115</gpxtpx:hr>
          </gpxtpx:TrackPointExtension>
        </extensions>
      </trkpt>
      <trkpt lat="36.031987471023776" lon="119.39844282177945">
        <ele>61.97708449885249</ele>
        <time>2025-01-17T10:38:29Z</time>
        <extensions>
          <gpxtpx:TrackPointExtension>
            <gpxtpx:hr>115</gpxtpx:hr>
          </gpxtpx:TrackPointExtension>
        </extensions>
      </trkpt>
      <trkpt lat="36.03197296795079" lon="119.39841627516384">
        <ele>62.0031714271754</ele>
        <time>2025-01-17T10:38:30Z</time>
        <extensions>
          <gpxtpx:TrackPointExtension>
            <gpxtpx:hr>115</gpxtpx:hr>
          </gpxtpx:TrackPointExtension>
        </extensions>
      </trkpt>
      <trkpt lat="36.031955763302676" lon="119.39838268180651">
        <ele>61.97401810064912</ele>
        <time>2025-01-17T10:38:31Z</time>
        <extensions>
          <gpxtpx:TrackPointExtension>
            <gpxtpx:hr>115</gpxtpx:hr>
          </gpxtpx:TrackPointExtension>
        </extensions>
      </trkpt>
      <trkpt lat="36.03193756500245" lon="119.39834704336778">
        <ele>61.910793346352875</ele>
        <time>2025-01-17T10:38:32Z</time>
        <extensions>
          <gpxtpx:TrackPointExtension>
            <gpxtpx:hr>115</gpxtpx:hr>
          </gpxtpx:TrackPointExtension>
        </extensions>
      </trkpt>
      <trkpt lat="36.03191865744763" lon="119.39831326292669">
        <ele>61.832776182331145</ele>
        <time>2025-01-17T10:38:33Z</time>
        <extensions>
          <gpxtpx:TrackPointExtension>
            <gpxtpx:hr>121</gpxtpx:hr>
          </gpxtpx:TrackPointExtension>
        </extensions>
      </trkpt>
      <trkpt lat="36.03189893826944" lon="119.39828329756625">
        <ele>61.70280330069363</ele>
        <time>2025-01-17T10:38:34Z</time>
        <extensions>
          <gpxtpx:TrackPointExtension>
            <gpxtpx:hr>121</gpxtpx:hr>
          </gpxtpx:TrackPointExtension>
        </extensions>
      </trkpt>
      <trkpt lat="36.03187826136804" lon="119.39825578870268">
        <ele>61.56665330287069</ele>
        <time>2025-01-17T10:38:35Z</time>
        <extensions>
          <gpxtpx:TrackPointExtension>
            <gpxtpx:hr>121</gpxtpx:hr>
          </gpxtpx:TrackPointExtension>
        </extensions>
      </trkpt>
      <trkpt lat="36.03185746171208" lon="119.39823015975364">
        <ele>61.419068741612136</ele>
        <time>2025-01-17T10:38:36Z</time>
        <extensions>
          <gpxtpx:TrackPointExtension>
            <gpxtpx:hr>121</gpxtpx:hr>
          </gpxtpx:TrackPointExtension>
        </extensions>
      </trkpt>
      <trkpt lat="36.031838065385166" lon="119.39820726498623">
        <ele>61.26657047402114</ele>
        <time>2025-01-17T10:38:37Z</time>
        <extensions>
          <gpxtpx:TrackPointExtension>
            <gpxtpx:hr>121</gpxtpx:hr>
          </gpxtpx:TrackPointExtension>
        </extensions>
      </trkpt>
      <trkpt lat="36.03181959053669" lon="119.39818671418206">
        <ele>61.092657442204654</ele>
        <time>2025-01-17T10:38:38Z</time>
        <extensions>
          <gpxtpx:TrackPointExtension>
            <gpxtpx:hr>129</gpxtpx:hr>
          </gpxtpx:TrackPointExtension>
        </extensions>
      </trkpt>
      <trkpt lat="36.03180018817776" lon="119.39816799213409">
        <ele>60.9609886277467</ele>
        <time>2025-01-17T10:38:39Z</time>
        <extensions>
          <gpxtpx:TrackPointExtension>
            <gpxtpx:hr>129</gpxtpx:hr>
          </gpxtpx:TrackPointExtension>
        </extensions>
      </trkpt>
      <trkpt lat="36.03177971725091" lon="119.39815136339064">
        <ele>60.83626997098327</ele>
        <time>2025-01-17T10:38:40Z</time>
        <extensions>
          <gpxtpx:TrackPointExtension>
            <gpxtpx:hr>129</gpxtpx:hr>
          </gpxtpx:TrackPointExtension>
        </extensions>
      </trkpt>
      <trkpt lat="36.03175878214051" lon="119.39813624398974">
        <ele>60.72907969914377</ele>
        <time>2025-01-17T10:38:41Z</time>
        <extensions>
          <gpxtpx:TrackPointExtension>
            <gpxtpx:hr>129</gpxtpx:hr>
          </gpxtpx:TrackPointExtension>
        </extensions>
      </trkpt>
      <trkpt lat="36.03173709093142" lon="119.39812129750838">
        <ele>60.69529472477734</ele>
        <time>2025-01-17T10:38:42Z</time>
        <extensions>
          <gpxtpx:TrackPointExtension>
            <gpxtpx:hr>129</gpxtpx:hr>
          </gpxtpx:TrackPointExtension>
        </extensions>
      </trkpt>
      <trkpt lat="36.03171477418694" lon="119.39810629120143">
        <ele>60.687931487336755</ele>
        <time>2025-01-17T10:38:43Z</time>
        <extensions>
          <gpxtpx:TrackPointExtension>
            <gpxtpx:hr>135</gpxtpx:hr>
          </gpxtpx:TrackPointExtension>
        </extensions>
      </trkpt>
      <trkpt lat="36.03169243864669" lon="119.398092252626">
        <ele>60.69834719132632</ele>
        <time>2025-01-17T10:38:44Z</time>
        <extensions>
          <gpxtpx:TrackPointExtension>
            <gpxtpx:hr>135</gpxtpx:hr>
          </gpxtpx:TrackPointExtension>
        </extensions>
      </trkpt>
      <trkpt lat="36.03166929533921" lon="119.39808043114505">
        <ele>60.73328465782106</ele>
        <time>2025-01-17T10:38:45Z</time>
        <extensions>
          <gpxtpx:TrackPointExtension>
            <gpxtpx:hr>135</gpxtpx:hr>
          </gpxtpx:TrackPointExtension>
        </extensions>
      </trkpt>
      <trkpt lat="36.0316443040366" lon="119.39807090362538">
        <ele>60.74758379533887</ele>
        <time>2025-01-17T10:38:46Z</time>
        <extensions>
          <gpxtpx:TrackPointExtension>
            <gpxtpx:hr>135</gpxtpx:hr>
          </gpxtpx:TrackPointExtension>
        </extensions>
      </trkpt>
      <trkpt lat="36.031617573020355" lon="119.39806301819087">
        <ele>60.79387670569122</ele>
        <time>2025-01-17T10:38:47Z</time>
        <extensions>
          <gpxtpx:TrackPointExtension>
            <gpxtpx:hr>135</gpxtpx:hr>
          </gpxtpx:TrackPointExtension>
        </extensions>
      </trkpt>
      <trkpt lat="36.03158945223752" lon="119.39805622763335">
        <ele>60.81993606314063</ele>
        <time>2025-01-17T10:38:48Z</time>
        <extensions>
          <gpxtpx:TrackPointExtension>
            <gpxtpx:hr>135</gpxtpx:hr>
          </gpxtpx:TrackPointExtension>
        </extensions>
      </trkpt>
      <trkpt lat="36.03156118933912" lon="119.3980500419104">
        <ele>60.85592885594815</ele>
        <time>2025-01-17T10:38:49Z</time>
        <extensions>
          <gpxtpx:TrackPointExtension>
            <gpxtpx:hr>135</gpxtpx:hr>
          </gpxtpx:TrackPointExtension>
        </extensions>
      </trkpt>
      <trkpt lat="36.031534196132526" lon="119.39804470112658">
        <ele>60.96334889624268</ele>
        <time>2025-01-17T10:38:50Z</time>
        <extensions>
          <gpxtpx:TrackPointExtension>
            <gpxtpx:hr>143</gpxtpx:hr>
          </gpxtpx:TrackPointExtension>
        </extensions>
      </trkpt>
      <trkpt lat="36.031507796471324" lon="119.39804099686451">
        <ele>61.043689616024494</ele>
        <time>2025-01-17T10:38:51Z</time>
        <extensions>
          <gpxtpx:TrackPointExtension>
            <gpxtpx:hr>143</gpxtpx:hr>
          </gpxtpx:TrackPointExtension>
        </extensions>
      </trkpt>
      <trkpt lat="36.03148169902308" lon="119.39803904639868">
        <ele>61.11439978517592</ele>
        <time>2025-01-17T10:38:52Z</time>
        <extensions>
          <gpxtpx:TrackPointExtension>
            <gpxtpx:hr>143</gpxtpx:hr>
          </gpxtpx:TrackPointExtension>
        </extensions>
      </trkpt>
      <trkpt lat="36.0314565168161" lon="119.3980366183897">
        <ele>61.190324981696904</ele>
        <time>2025-01-17T10:38:53Z</time>
        <extensions>
          <gpxtpx:TrackPointExtension>
            <gpxtpx:hr>143</gpxtpx:hr>
          </gpxtpx:TrackPointExtension>
        </extensions>
      </trkpt>
      <trkpt lat="36.03143157609707" lon="119.39803218235761">
        <ele>61.22876242548227</ele>
        <time>2025-01-17T10:38:54Z</time>
        <extensions>
          <gpxtpx:TrackPointExtension>
            <gpxtpx:hr>143</gpxtpx:hr>
          </gpxtpx:TrackPointExtension>
        </extensions>
      </trkpt>
      <trkpt lat="36.03140601964755" lon="119.39802631064582">
        <ele>61.289914513006806</ele>
        <time>2025-01-17T10:38:55Z</time>
        <extensions>
          <gpxtpx:TrackPointExtension>
            <gpxtpx:hr>145</gpxtpx:hr>
          </gpxtpx:TrackPointExtension>
        </extensions>
      </trkpt>
      <trkpt lat="36.031379811143545" lon="119.39801927019653">
        <ele>61.316479705274105</ele>
        <time>2025-01-17T10:38:56Z</time>
        <extensions>
          <gpxtpx:TrackPointExtension>
            <gpxtpx:hr>145</gpxtpx:hr>
          </gpxtpx:TrackPointExtension>
        </extensions>
      </trkpt>
      <trkpt lat="36.03135281965406" lon="119.39801155294944">
        <ele>61.309274066239595</ele>
        <time>2025-01-17T10:38:57Z</time>
        <extensions>
          <gpxtpx:TrackPointExtension>
            <gpxtpx:hr>145</gpxtpx:hr>
          </gpxtpx:TrackPointExtension>
        </extensions>
      </trkpt>
      <trkpt lat="36.031324997846895" lon="119.39800350950425">
        <ele>61.29915489628911</ele>
        <time>2025-01-17T10:38:58Z</time>
        <extensions>
          <gpxtpx:TrackPointExtension>
            <gpxtpx:hr>145</gpxtpx:hr>
          </gpxtpx:TrackPointExtension>
        </extensions>
      </trkpt>
      <trkpt lat="36.03129779131563" lon="119.3979949564502">
        <ele>61.24976501148194</ele>
        <time>2025-01-17T10:38:59Z</time>
        <extensions>
          <gpxtpx:TrackPointExtension>
            <gpxtpx:hr>145</gpxtpx:hr>
          </gpxtpx:TrackPointExtension>
        </extensions>
      </trkpt>
      <trkpt lat="36.031271853047606" lon="119.39798588885267">
        <ele>61.17411561217159</ele>
        <time>2025-01-17T10:39:00Z</time>
        <extensions>
          <gpxtpx:TrackPointExtension>
            <gpxtpx:hr>152</gpxtpx:hr>
          </gpxtpx:TrackPointExtension>
        </extensions>
      </trkpt>
      <trkpt lat="36.03124639297503" lon="119.3979767430952">
        <ele>61.075240357778966</ele>
        <time>2025-01-17T10:39:01Z</time>
        <extensions>
          <gpxtpx:TrackPointExtension>
            <gpxtpx:hr>152</gpxtpx:hr>
          </gpxtpx:TrackPointExtension>
        </extensions>
      </trkpt>
      <trkpt lat="36.03122050351652" lon="119.39796839020384">
        <ele>60.95141235180199</ele>
        <time>2025-01-17T10:39:02Z</time>
        <extensions>
          <gpxtpx:TrackPointExtension>
            <gpxtpx:hr>152</gpxtpx:hr>
          </gpxtpx:TrackPointExtension>
        </extensions>
      </trkpt>
      <trkpt lat="36.03119316149153" lon="119.39796088888167">
        <ele>60.79929321818054</ele>
        <time>2025-01-17T10:39:03Z</time>
        <extensions>
          <gpxtpx:TrackPointExtension>
            <gpxtpx:hr>152</gpxtpx:hr>
          </gpxtpx:TrackPointExtension>
        </extensions>
      </trkpt>
      <trkpt lat="36.031163620832494" lon="119.39795346517661">
        <ele>60.63994500879198</ele>
        <time>2025-01-17T10:39:04Z</time>
        <extensions>
          <gpxtpx:TrackPointExtension>
            <gpxtpx:hr>152</gpxtpx:hr>
          </gpxtpx:TrackPointExtension>
        </extensions>
      </trkpt>
      <trkpt lat="36.031133590013276" lon="119.39794608936494">
        <ele>60.50885816384107</ele>
        <time>2025-01-17T10:39:05Z</time>
        <extensions>
          <gpxtpx:TrackPointExtension>
            <gpxtpx:hr>152</gpxtpx:hr>
          </gpxtpx:TrackPointExtension>
        </extensions>
      </trkpt>
      <trkpt lat="36.03110460927631" lon="119.39793892705254">
        <ele>60.33339974749833</ele>
        <time>2025-01-17T10:39:06Z</time>
        <extensions>
          <gpxtpx:TrackPointExtension>
            <gpxtpx:hr>154</gpxtpx:hr>
          </gpxtpx:TrackPointExtension>
        </extensions>
      </trkpt>
      <trkpt lat="36.03107568510773" lon="119.39793177396368">
        <ele>60.14614343177527</ele>
        <time>2025-01-17T10:39:07Z</time>
        <extensions>
          <gpxtpx:TrackPointExtension>
            <gpxtpx:hr>154</gpxtpx:hr>
          </gpxtpx:TrackPointExtension>
        </extensions>
      </trkpt>
      <trkpt lat="36.03104725544938" lon="119.3979240995473">
        <ele>59.97779687773436</ele>
        <time>2025-01-17T10:39:08Z</time>
        <extensions>
          <gpxtpx:TrackPointExtension>
            <gpxtpx:hr>154</gpxtpx:hr>
          </gpxtpx:TrackPointExtension>
        </extensions>
      </trkpt>
      <trkpt lat="36.03102080142782" lon="119.39791669359559">
        <ele>59.914364784024656</ele>
        <time>2025-01-17T10:39:09Z</time>
        <extensions>
          <gpxtpx:TrackPointExtension>
            <gpxtpx:hr>155</gpxtpx:hr>
          </gpxtpx:TrackPointExtension>
        </extensions>
      </trkpt>
      <trkpt lat="36.03099534105942" lon="119.39791124396704">
        <ele>59.904966451227665</ele>
        <time>2025-01-17T10:39:10Z</time>
        <extensions>
          <gpxtpx:TrackPointExtension>
            <gpxtpx:hr>155</gpxtpx:hr>
          </gpxtpx:TrackPointExtension>
        </extensions>
      </trkpt>
      <trkpt lat="36.03096878781346" lon="119.39790900001009">
        <ele>59.856675604358315</ele>
        <time>2025-01-17T10:39:11Z</time>
        <extensions>
          <gpxtpx:TrackPointExtension>
            <gpxtpx:hr>155</gpxtpx:hr>
          </gpxtpx:TrackPointExtension>
        </extensions>
      </trkpt>
      <trkpt lat="36.030940816944145" lon="119.39790929033748">
        <ele>59.885231143794954</ele>
        <time>2025-01-17T10:39:12Z</time>
        <extensions>
          <gpxtpx:TrackPointExtension>
            <gpxtpx:hr>155</gpxtpx:hr>
          </gpxtpx:TrackPointExtension>
        </extensions>
      </trkpt>
      <trkpt lat="36.030913010772586" lon="119.39790870541246">
        <ele>59.91572073288262</ele>
        <time>2025-01-17T10:39:13Z</time>
        <extensions>
          <gpxtpx:TrackPointExtension>
            <gpxtpx:hr>157</gpxtpx:hr>
          </gpxtpx:TrackPointExtension>
        </extensions>
      </trkpt>
      <trkpt lat="36.03088776368763" lon="119.39790531341659">
        <ele>59.977544505149126</ele>
        <time>2025-01-17T10:39:14Z</time>
        <extensions>
          <gpxtpx:TrackPointExtension>
            <gpxtpx:hr>157</gpxtpx:hr>
          </gpxtpx:TrackPointExtension>
        </extensions>
      </trkpt>
      <trkpt lat="36.03086669674634" lon="119.39789994650863">
        <ele>60.11257153004408</ele>
        <time>2025-01-17T10:39:15Z</time>
        <extensions>
          <gpxtpx:TrackPointExtension>
            <gpxtpx:hr>157</gpxtpx:hr>
          </gpxtpx:TrackPointExtension>
        </extensions>
      </trkpt>
      <trkpt lat="36.03084973731443" lon="119.39789433644097">
        <ele>60.26067765150219</ele>
        <time>2025-01-17T10:39:16Z</time>
        <extensions>
          <gpxtpx:TrackPointExtension>
            <gpxtpx:hr>157</gpxtpx:hr>
          </gpxtpx:TrackPointExtension>
        </extensions>
      </trkpt>
      <trkpt lat="36.03083503385177" lon="119.397888866989">
        <ele>60.45646279770881</ele>
        <time>2025-01-17T10:39:17Z</time>
        <extensions>
          <gpxtpx:TrackPointExtension>
            <gpxtpx:hr>157</gpxtpx:hr>
          </gpxtpx:TrackPointExtension>
        </extensions>
      </trkpt>
      <trkpt lat="36.03081974778818" lon="119.39788217551815">
        <ele>60.67090169712901</ele>
        <time>2025-01-17T10:39:18Z</time>
        <extensions>
          <gpxtpx:TrackPointExtension>
            <gpxtpx:hr>157</gpxtpx:hr>
          </gpxtpx:TrackPointExtension>
        </extensions>
      </trkpt>
      <trkpt lat="36.0308019080124" lon="119.39787352128975">
        <ele>60.86292175762355</ele>
        <time>2025-01-17T10:39:19Z</time>
        <extensions>
          <gpxtpx:TrackPointExtension>
            <gpxtpx:hr>157</gpxtpx:hr>
          </gpxtpx:TrackPointExtension>
        </extensions>
      </trkpt>
      <trkpt lat="36.03078157458166" lon="119.39786431985162">
        <ele>61.094798842445016</ele>
        <time>2025-01-17T10:39:20Z</time>
        <extensions>
          <gpxtpx:TrackPointExtension>
            <gpxtpx:hr>158</gpxtpx:hr>
          </gpxtpx:TrackPointExtension>
        </extensions>
      </trkpt>
      <trkpt lat="36.030759111327264" lon="119.39785649308328">
        <ele>61.31500740908086</ele>
        <time>2025-01-17T10:39:21Z</time>
        <extensions>
          <gpxtpx:TrackPointExtension>
            <gpxtpx:hr>158</gpxtpx:hr>
          </gpxtpx:TrackPointExtension>
        </extensions>
      </trkpt>
      <trkpt lat="36.030734460284734" lon="119.39785057612382">
        <ele>61.51412409450859</ele>
        <time>2025-01-17T10:39:22Z</time>
        <extensions>
          <gpxtpx:TrackPointExtension>
            <gpxtpx:hr>158</gpxtpx:hr>
          </gpxtpx:TrackPointExtension>
        </extensions>
      </trkpt>
      <trkpt lat="36.030708398481" lon="119.39784582421339">
        <ele>61.730644062161446</ele>
        <time>2025-01-17T10:39:23Z</time>
        <extensions>
          <gpxtpx:TrackPointExtension>
            <gpxtpx:hr>158</gpxtpx:hr>
          </gpxtpx:TrackPointExtension>
        </extensions>
      </trkpt>
      <trkpt lat="36.03068321066473" lon="119.3978413371835">
        <ele>61.910409489646554</ele>
        <time>2025-01-17T10:39:24Z</time>
        <extensions>
          <gpxtpx:TrackPointExtension>
            <gpxtpx:hr>158</gpxtpx:hr>
          </gpxtpx:TrackPointExtension>
        </extensions>
      </trkpt>
      <trkpt lat="36.030659641990525" lon="119.3978368565107">
        <ele>62.012907633557916</ele>
        <time>2025-01-17T10:39:25Z</time>
        <extensions>
          <gpxtpx:TrackPointExtension>
            <gpxtpx:hr>158</gpxtpx:hr>
          </gpxtpx:TrackPointExtension>
        </extensions>
      </trkpt>
      <trkpt lat="36.03063606493858" lon="119.39783156161585">
        <ele>62.06822576187551</ele>
        <time>2025-01-17T10:39:26Z</time>
        <extensions>
          <gpxtpx:TrackPointExtension>
            <gpxtpx:hr>158</gpxtpx:hr>
          </gpxtpx:TrackPointExtension>
        </extensions>
      </trkpt>
      <trkpt lat="36.03061203680557" lon="119.39782450840698">
        <ele>62.081313198432326</ele>
        <time>2025-01-17T10:39:27Z</time>
        <extensions>
          <gpxtpx:TrackPointExtension>
            <gpxtpx:hr>159</gpxtpx:hr>
          </gpxtpx:TrackPointExtension>
        </extensions>
      </trkpt>
      <trkpt lat="36.03058733088155" lon="119.39781592734644">
        <ele>62.05935959145427</ele>
        <time>2025-01-17T10:39:28Z</time>
        <extensions>
          <gpxtpx:TrackPointExtension>
            <gpxtpx:hr>159</gpxtpx:hr>
          </gpxtpx:TrackPointExtension>
        </extensions>
      </trkpt>
      <trkpt lat="36.03056105405641" lon="119.3978065194564">
        <ele>61.969558242708445</ele>
        <time>2025-01-17T10:39:29Z</time>
        <extensions>
          <gpxtpx:TrackPointExtension>
            <gpxtpx:hr>159</gpxtpx:hr>
          </gpxtpx:TrackPointExtension>
        </extensions>
      </trkpt>
      <trkpt lat="36.03053406193247" lon="119.39779719254865">
        <ele>61.84455348085612</ele>
        <time>2025-01-17T10:39:30Z</time>
        <extensions>
          <gpxtpx:TrackPointExtension>
            <gpxtpx:hr>159</gpxtpx:hr>
          </gpxtpx:TrackPointExtension>
        </extensions>
      </trkpt>
      <trkpt lat="36.030507181606644" lon="119.39778814847548">
        <ele>61.67607079073787</ele>
        <time>2025-01-17T10:39:31Z</time>
        <extensions>
          <gpxtpx:TrackPointExtension>
            <gpxtpx:hr>159</gpxtpx:hr>
          </gpxtpx:TrackPointExtension>
        </extensions>
      </trkpt>
      <trkpt lat="36.03047936779926" lon="119.39777882477672">
        <ele>61.542042140848935</ele>
        <time>2025-01-17T10:39:32Z</time>
        <extensions>
          <gpxtpx:TrackPointExtension>
            <gpxtpx:hr>161</gpxtpx:hr>
          </gpxtpx:TrackPointExtension>
        </extensions>
      </trkpt>
      <trkpt lat="36.03045099068882" lon="119.39776945089893">
        <ele>61.40375979617238</ele>
        <time>2025-01-17T10:39:33Z</time>
        <extensions>
          <gpxtpx:TrackPointExtension>
            <gpxtpx:hr>161</gpxtpx:hr>
          </gpxtpx:TrackPointExtension>
        </extensions>
      </trkpt>
      <trkpt lat="36.03042361888479" lon="119.39776117937987">
        <ele>61.23814194649458</ele>
        <time>2025-01-17T10:39:34Z</time>
        <extensions>
          <gpxtpx:TrackPointExtension>
            <gpxtpx:hr>161</gpxtpx:hr>
          </gpxtpx:TrackPointExtension>
        </extensions>
      </trkpt>
      <trkpt lat="36.030396730545064" lon="119.39775454063923">
        <ele>61.170130549930036</ele>
        <time>2025-01-17T10:39:35Z</time>
        <extensions>
          <gpxtpx:TrackPointExtension>
            <gpxtpx:hr>161</gpxtpx:hr>
          </gpxtpx:TrackPointExtension>
        </extensions>
      </trkpt>
      <trkpt lat="36.03036957923321" lon="119.39774865017385">
        <ele>61.098154263570905</ele>
        <time>2025-01-17T10:39:36Z</time>
        <extensions>
          <gpxtpx:TrackPointExtension>
            <gpxtpx:hr>162</gpxtpx:hr>
          </gpxtpx:TrackPointExtension>
        </extensions>
      </trkpt>
      <trkpt lat="36.030342496059866" lon="119.39774276750497">
        <ele>60.993170984089375</ele>
        <time>2025-01-17T10:39:37Z</time>
        <extensions>
          <gpxtpx:TrackPointExtension>
            <gpxtpx:hr>162</gpxtpx:hr>
          </gpxtpx:TrackPointExtension>
        </extensions>
      </trkpt>
      <trkpt lat="36.030315338735655" lon="119.39773657395459">
        <ele>60.91296405158937</ele>
        <time>2025-01-17T10:39:38Z</time>
        <extensions>
          <gpxtpx:TrackPointExtension>
            <gpxtpx:hr>162</gpxtpx:hr>
          </gpxtpx:TrackPointExtension>
        </extensions>
      </trkpt>
      <trkpt lat="36.03028795110432" lon="119.39772901983656">
        <ele>60.8271319847554</ele>
        <time>2025-01-17T10:39:39Z</time>
        <extensions>
          <gpxtpx:TrackPointExtension>
            <gpxtpx:hr>163</gpxtpx:hr>
          </gpxtpx:TrackPointExtension>
        </extensions>
      </trkpt>
      <trkpt lat="36.03026159235677" lon="119.39772088601961">
        <ele>60.77428168710321</ele>
        <time>2025-01-17T10:39:40Z</time>
        <extensions>
          <gpxtpx:TrackPointExtension>
            <gpxtpx:hr>163</gpxtpx:hr>
          </gpxtpx:TrackPointExtension>
        </extensions>
      </trkpt>
      <trkpt lat="36.03023683144894" lon="119.39771433224084">
        <ele>60.72313077375293</ele>
        <time>2025-01-17T10:39:41Z</time>
        <extensions>
          <gpxtpx:TrackPointExtension>
            <gpxtpx:hr>163</gpxtpx:hr>
          </gpxtpx:TrackPointExtension>
        </extensions>
      </trkpt>
      <trkpt lat="36.03021302932663" lon="119.3977096948384">
        <ele>60.66677357535809</ele>
        <time>2025-01-17T10:39:42Z</time>
        <extensions>
          <gpxtpx:TrackPointExtension>
            <gpxtpx:hr>163</gpxtpx:hr>
          </gpxtpx:TrackPointExtension>
        </extensions>
      </trkpt>
      <trkpt lat="36.030190318267735" lon="119.39770538490205">
        <ele>60.642513641156256</ele>
        <time>2025-01-17T10:39:43Z</time>
        <extensions>
          <gpxtpx:TrackPointExtension>
            <gpxtpx:hr>163</gpxtpx:hr>
          </gpxtpx:TrackPointExtension>
        </extensions>
      </trkpt>
      <trkpt lat="36.030168889927225" lon="119.39769919313781">
        <ele>60.61602277774364</ele>
        <time>2025-01-17T10:39:44Z</time>
        <extensions>
          <gpxtpx:TrackPointExtension>
            <gpxtpx:hr>163</gpxtpx:hr>
          </gpxtpx:TrackPointExtension>
        </extensions>
      </trkpt>
      <trkpt lat="36.030149051722155" lon="119.39769059645923">
        <ele>60.603824130259454</ele>
        <time>2025-01-17T10:39:45Z</time>
        <extensions>
          <gpxtpx:TrackPointExtension>
            <gpxtpx:hr>163</gpxtpx:hr>
          </gpxtpx:TrackPointExtension>
        </extensions>
      </trkpt>
      <trkpt lat="36.03013131837373" lon="119.39767993161199">
        <ele>60.56203156616539</ele>
        <time>2025-01-17T10:39:46Z</time>
        <extensions>
          <gpxtpx:TrackPointExtension>
            <gpxtpx:hr>163</gpxtpx:hr>
          </gpxtpx:TrackPointExtension>
        </extensions>
      </trkpt>
      <trkpt lat="36.03011656466579" lon="119.39766780666136">
        <ele>60.51839512120932</ele>
        <time>2025-01-17T10:39:47Z</time>
        <extensions>
          <gpxtpx:TrackPointExtension>
            <gpxtpx:hr>163</gpxtpx:hr>
          </gpxtpx:TrackPointExtension>
        </extensions>
      </trkpt>
      <trkpt lat="36.03010642317191" lon="119.39765479811773">
        <ele>60.522880459204316</ele>
        <time>2025-01-17T10:39:48Z</time>
        <extensions>
          <gpxtpx:TrackPointExtension>
            <gpxtpx:hr>163</gpxtpx:hr>
          </gpxtpx:TrackPointExtension>
        </extensions>
      </trkpt>
      <trkpt lat="36.03010200206356" lon="119.39763951686044">
        <ele>60.486708011478186</ele>
        <time>2025-01-17T10:39:49Z</time>
        <extensions>
          <gpxtpx:TrackPointExtension>
            <gpxtpx:hr>163</gpxtpx:hr>
          </gpxtpx:TrackPointExtension>
        </extensions>
      </trkpt>
      <trkpt lat="36.030102554821404" lon="119.39762048168035">
        <ele>60.446737283840775</ele>
        <time>2025-01-17T10:39:50Z</time>
        <extensions>
          <gpxtpx:TrackPointExtension>
            <gpxtpx:hr>163</gpxtpx:hr>
          </gpxtpx:TrackPointExtension>
        </extensions>
      </trkpt>
      <trkpt lat="36.03010657831117" lon="119.39759671259134">
        <ele>60.42079361155629</ele>
        <time>2025-01-17T10:39:51Z</time>
        <extensions>
          <gpxtpx:TrackPointExtension>
            <gpxtpx:hr>163</gpxtpx:hr>
          </gpxtpx:TrackPointExtension>
        </extensions>
      </trkpt>
      <trkpt lat="36.03011272679541" lon="119.39756670325195">
        <ele>60.398918302729726</ele>
        <time>2025-01-17T10:39:52Z</time>
        <extensions>
          <gpxtpx:TrackPointExtension>
            <gpxtpx:hr>163</gpxtpx:hr>
          </gpxtpx:TrackPointExtension>
        </extensions>
      </trkpt>
      <trkpt lat="36.03011951263963" lon="119.39753091529211">
        <ele>60.387671873904765</ele>
        <time>2025-01-17T10:39:53Z</time>
        <extensions>
          <gpxtpx:TrackPointExtension>
            <gpxtpx:hr>163</gpxtpx:hr>
          </gpxtpx:TrackPointExtension>
        </extensions>
      </trkpt>
      <trkpt lat="36.030125731234214" lon="119.39749190530434">
        <ele>60.379583762958646</ele>
        <time>2025-01-17T10:39:54Z</time>
        <extensions>
          <gpxtpx:TrackPointExtension>
            <gpxtpx:hr>163</gpxtpx:hr>
          </gpxtpx:TrackPointExtension>
        </extensions>
      </trkpt>
      <trkpt lat="36.03013114616422" lon="119.39745346749574">
        <ele>60.40717456955463</ele>
        <time>2025-01-17T10:39:55Z</time>
        <extensions>
          <gpxtpx:TrackPointExtension>
            <gpxtpx:hr>164</gpxtpx:hr>
          </gpxtpx:TrackPointExtension>
        </extensions>
      </trkpt>
      <trkpt lat="36.03013637037351" lon="119.39741792558529">
        <ele>60.42815008666366</ele>
        <time>2025-01-17T10:39:56Z</time>
        <extensions>
          <gpxtpx:TrackPointExtension>
            <gpxtpx:hr>164</gpxtpx:hr>
          </gpxtpx:TrackPointExtension>
        </extensions>
      </trkpt>
      <trkpt lat="36.03014172372273" lon="119.3973850208431">
        <ele>60.44896921142936</ele>
        <time>2025-01-17T10:39:57Z</time>
        <extensions>
          <gpxtpx:TrackPointExtension>
            <gpxtpx:hr>164</gpxtpx:hr>
          </gpxtpx:TrackPointExtension>
        </extensions>
      </trkpt>
      <trkpt lat="36.03014756790981" lon="119.39735204586223">
        <ele>60.47746716719121</ele>
        <time>2025-01-17T10:39:58Z</time>
        <extensions>
          <gpxtpx:TrackPointExtension>
            <gpxtpx:hr>164</gpxtpx:hr>
          </gpxtpx:TrackPointExtension>
        </extensions>
      </trkpt>
      <trkpt lat="36.03015374484966" lon="119.39731685244573">
        <ele>60.51183082908392</ele>
        <time>2025-01-17T10:39:59Z</time>
        <extensions>
          <gpxtpx:TrackPointExtension>
            <gpxtpx:hr>164</gpxtpx:hr>
          </gpxtpx:TrackPointExtension>
        </extensions>
      </trkpt>
      <trkpt lat="36.03015989838902" lon="119.39727951082507">
        <ele>60.53942569158971</ele>
        <time>2025-01-17T10:40:00Z</time>
        <extensions>
          <gpxtpx:TrackPointExtension>
            <gpxtpx:hr>164</gpxtpx:hr>
          </gpxtpx:TrackPointExtension>
        </extensions>
      </trkpt>
      <trkpt lat="36.03016680504256" lon="119.39724244101053">
        <ele>60.482150703668594</ele>
        <time>2025-01-17T10:40:01Z</time>
        <extensions>
          <gpxtpx:TrackPointExtension>
            <gpxtpx:hr>164</gpxtpx:hr>
          </gpxtpx:TrackPointExtension>
        </extensions>
      </trkpt>
      <trkpt lat="36.03017530350813" lon="119.39720890897924">
        <ele>60.52999648172408</ele>
        <time>2025-01-17T10:40:02Z</time>
        <extensions>
          <gpxtpx:TrackPointExtension>
            <gpxtpx:hr>164</gpxtpx:hr>
          </gpxtpx:TrackPointExtension>
        </extensions>
      </trkpt>
      <trkpt lat="36.03018664968079" lon="119.39718166712501">
        <ele>60.57652659341693</ele>
        <time>2025-01-17T10:40:03Z</time>
        <extensions>
          <gpxtpx:TrackPointExtension>
            <gpxtpx:hr>164</gpxtpx:hr>
          </gpxtpx:TrackPointExtension>
        </extensions>
      </trkpt>
      <trkpt lat="36.03020181089744" lon="119.39716045892793">
        <ele>60.610728370025754</ele>
        <time>2025-01-17T10:40:04Z</time>
        <extensions>
          <gpxtpx:TrackPointExtension>
            <gpxtpx:hr>165</gpxtpx:hr>
          </gpxtpx:TrackPointExtension>
        </extensions>
      </trkpt>
      <trkpt lat="36.0302198444104" lon="119.39714446456725">
        <ele>60.643571335822344</ele>
        <time>2025-01-17T10:40:05Z</time>
        <extensions>
          <gpxtpx:TrackPointExtension>
            <gpxtpx:hr>165</gpxtpx:hr>
          </gpxtpx:TrackPointExtension>
        </extensions>
      </trkpt>
      <trkpt lat="36.03023815076249" lon="119.3971329640194">
        <ele>60.671325193718076</ele>
        <time>2025-01-17T10:40:06Z</time>
        <extensions>
          <gpxtpx:TrackPointExtension>
            <gpxtpx:hr>165</gpxtpx:hr>
          </gpxtpx:TrackPointExtension>
        </extensions>
      </trkpt>
      <trkpt lat="36.0302542019515" lon="119.39712480609164">
        <ele>60.69739867839962</ele>
        <time>2025-01-17T10:40:07Z</time>
        <extensions>
          <gpxtpx:TrackPointExtension>
            <gpxtpx:hr>165</gpxtpx:hr>
          </gpxtpx:TrackPointExtension>
        </extensions>
      </trkpt>
      <trkpt lat="36.030265831659506" lon="119.39711813119459">
        <ele>60.72181200888008</ele>
        <time>2025-01-17T10:40:08Z</time>
        <extensions>
          <gpxtpx:TrackPointExtension>
            <gpxtpx:hr>165</gpxtpx:hr>
          </gpxtpx:TrackPointExtension>
        </extensions>
      </trkpt>
      <trkpt lat="36.030272644893955" lon="119.39711053193041">
        <ele>60.732450472190976</ele>
        <time>2025-01-17T10:40:09Z</time>
        <extensions>
          <gpxtpx:TrackPointExtension>
            <gpxtpx:hr>165</gpxtpx:hr>
          </gpxtpx:TrackPointExtension>
        </extensions>
      </trkpt>
      <trkpt lat="36.030277250475336" lon="119.3970999165701">
        <ele>60.73368510976434</ele>
        <time>2025-01-17T10:40:10Z</time>
        <extensions>
          <gpxtpx:TrackPointExtension>
            <gpxtpx:hr>165</gpxtpx:hr>
          </gpxtpx:TrackPointExtension>
        </extensions>
      </trkpt>
      <trkpt lat="36.030283014834666" lon="119.39708427632421">
        <ele>60.730244647711515</ele>
        <time>2025-01-17T10:40:11Z</time>
        <extensions>
          <gpxtpx:TrackPointExtension>
            <gpxtpx:hr>165</gpxtpx:hr>
          </gpxtpx:TrackPointExtension>
        </extensions>
      </trkpt>
      <trkpt lat="36.03028702467148" lon="119.3970658805769">
        <ele>60.7298530517146</ele>
        <time>2025-01-17T10:40:12Z</time>
        <extensions>
          <gpxtpx:TrackPointExtension>
            <gpxtpx:hr>165</gpxtpx:hr>
          </gpxtpx:TrackPointExtension>
        </extensions>
      </trkpt>
      <trkpt lat="36.030287967047" lon="119.39705042940686">
        <ele>60.734947805292904</ele>
        <time>2025-01-17T10:40:13Z</time>
        <extensions>
          <gpxtpx:TrackPointExtension>
            <gpxtpx:hr>165</gpxtpx:hr>
          </gpxtpx:TrackPointExtension>
        </extensions>
      </trkpt>
      <trkpt lat="36.03028974189958" lon="119.3970389593547">
        <ele>60.73247562721372</ele>
        <time>2025-01-17T10:40:14Z</time>
        <extensions>
          <gpxtpx:TrackPointExtension>
            <gpxtpx:hr>165</gpxtpx:hr>
          </gpxtpx:TrackPointExtension>
        </extensions>
      </trkpt>
      <trkpt lat="36.03029256800421" lon="119.39702916032513">
        <ele>60.73014102317393</ele>
        <time>2025-01-17T10:40:15Z</time>
        <extensions>
          <gpxtpx:TrackPointExtension>
            <gpxtpx:hr>165</gpxtpx:hr>
          </gpxtpx:TrackPointExtension>
        </extensions>
      </trkpt>
      <trkpt lat="36.030295441679776" lon="119.39701986789758">
        <ele>60.72505625896156</ele>
        <time>2025-01-17T10:40:16Z</time>
        <extensions>
          <gpxtpx:TrackPointExtension>
            <gpxtpx:hr>165</gpxtpx:hr>
          </gpxtpx:TrackPointExtension>
        </extensions>
      </trkpt>
      <trkpt lat="36.030297999648894" lon="119.39701190792583">
        <ele>60.658853681758046</ele>
        <time>2025-01-17T10:40:17Z</time>
        <extensions>
          <gpxtpx:TrackPointExtension>
            <gpxtpx:hr>165</gpxtpx:hr>
          </gpxtpx:TrackPointExtension>
        </extensions>
      </trkpt>
      <trkpt lat="36.030300261253636" lon="119.39700546018169">
        <ele>60.598546136170626</ele>
        <time>2025-01-17T10:40:18Z</time>
        <extensions>
          <gpxtpx:TrackPointExtension>
            <gpxtpx:hr>162</gpxtpx:hr>
          </gpxtpx:TrackPointExtension>
        </extensions>
      </trkpt>
      <trkpt lat="36.03030223048198" lon="119.39700119486463">
        <ele>60.53300761245191</ele>
        <time>2025-01-17T10:40:19Z</time>
        <extensions>
          <gpxtpx:TrackPointExtension>
            <gpxtpx:hr>162</gpxtpx:hr>
          </gpxtpx:TrackPointExtension>
        </extensions>
      </trkpt>
      <trkpt lat="36.03030423686226" lon="119.3969981124951">
        <ele>60.50151145644486</ele>
        <time>2025-01-17T10:40:20Z</time>
        <extensions>
          <gpxtpx:TrackPointExtension>
            <gpxtpx:hr>162</gpxtpx:hr>
          </gpxtpx:TrackPointExtension>
        </extensions>
      </trkpt>
      <trkpt lat="36.03030639742011" lon="119.39699613173008">
        <ele>60.42557595856488</ele>
        <time>2025-01-17T10:40:21Z</time>
        <extensions>
          <gpxtpx:TrackPointExtension>
            <gpxtpx:hr>162</gpxtpx:hr>
          </gpxtpx:TrackPointExtension>
        </extensions>
      </trkpt>
      <trkpt lat="36.03030859568596" lon="119.39699359057883">
        <ele>60.368684391491115</ele>
        <time>2025-01-17T10:40:22Z</time>
        <extensions>
          <gpxtpx:TrackPointExtension>
            <gpxtpx:hr>162</gpxtpx:hr>
          </gpxtpx:TrackPointExtension>
        </extensions>
      </trkpt>
      <trkpt lat="36.03031025519811" lon="119.39699163008247">
        <ele>60.30833326373249</ele>
        <time>2025-01-17T10:40:23Z</time>
        <extensions>
          <gpxtpx:TrackPointExtension>
            <gpxtpx:hr>162</gpxtpx:hr>
          </gpxtpx:TrackPointExtension>
        </extensions>
      </trkpt>
      <trkpt lat="36.03031151336158" lon="119.3969902593336">
        <ele>60.24486638046801</ele>
        <time>2025-01-17T10:40:24Z</time>
        <extensions>
          <gpxtpx:TrackPointExtension>
            <gpxtpx:hr>158</gpxtpx:hr>
          </gpxtpx:TrackPointExtension>
        </extensions>
      </trkpt>
      <trkpt lat="36.03031250114041" lon="119.39698903165407">
        <ele>60.17877859994769</ele>
        <time>2025-01-17T10:40:25Z</time>
        <extensions>
          <gpxtpx:TrackPointExtension>
            <gpxtpx:hr>158</gpxtpx:hr>
          </gpxtpx:TrackPointExtension>
        </extensions>
      </trkpt>
      <trkpt lat="36.03031305901221" lon="119.39698741150714">
        <ele>60.11075234878808</ele>
        <time>2025-01-17T10:40:26Z</time>
        <extensions>
          <gpxtpx:TrackPointExtension>
            <gpxtpx:hr>158</gpxtpx:hr>
          </gpxtpx:TrackPointExtension>
        </extensions>
      </trkpt>
      <trkpt lat="36.03031268667957" lon="119.3969831544803">
        <ele>60.04169958457351</ele>
        <time>2025-01-17T10:40:27Z</time>
        <extensions>
          <gpxtpx:TrackPointExtension>
            <gpxtpx:hr>158</gpxtpx:hr>
          </gpxtpx:TrackPointExtension>
        </extensions>
      </trkpt>
      <trkpt lat="36.03031244944559" lon="119.39697629891214">
        <ele>59.97257401701063</ele>
        <time>2025-01-17T10:40:28Z</time>
        <extensions>
          <gpxtpx:TrackPointExtension>
            <gpxtpx:hr>158</gpxtpx:hr>
          </gpxtpx:TrackPointExtension>
        </extensions>
      </trkpt>
      <trkpt lat="36.030312950522166" lon="119.39696865252219">
        <ele>59.90395420882851</ele>
        <time>2025-01-17T10:40:29Z</time>
        <extensions>
          <gpxtpx:TrackPointExtension>
            <gpxtpx:hr>158</gpxtpx:hr>
          </gpxtpx:TrackPointExtension>
        </extensions>
      </trkpt>
      <trkpt lat="36.03031359705251" lon="119.39696071132319">
        <ele>59.835889011621475</ele>
        <time>2025-01-17T10:40:30Z</time>
        <extensions>
          <gpxtpx:TrackPointExtension>
            <gpxtpx:hr>158</gpxtpx:hr>
          </gpxtpx:TrackPointExtension>
        </extensions>
      </trkpt>
      <trkpt lat="36.03031450986632" lon="119.39695281528155">
        <ele>59.76817530952394</ele>
        <time>2025-01-17T10:40:31Z</time>
        <extensions>
          <gpxtpx:TrackPointExtension>
            <gpxtpx:hr>158</gpxtpx:hr>
          </gpxtpx:TrackPointExtension>
        </extensions>
      </trkpt>
    </trkseg>
  </trk>
</gpx>